1,5,1015.9,374.0,171.5,294.3,-1,-1,-1,-1
1,4,1104.3,372.6,129.6,268.0,-1,-1,-1,-1
1,3,983.5,272.7,137.7,359.1,-1,-1,-1,-1
1,2,843.7,277.6,143.1,369.7,-1,-1,-1,-1
1,1,708.1,378.0,125.5,253.1,-1,-1,-1,-1
2,5,1018.6,379.0,163.4,292.3,-1,-1,-1,-1
2,4,1100.9,377.3,135.0,263.9,-1,-1,-1,-1
2,3,984.2,272.5,130.9,353.2,-1,-1,-1,-1
2,2,843.8,278.6,143.1,368.7,-1,-1,-1,-1
2,1,708.1,379.4,125.5,251.8,-1,-1,-1,-1
3,5,1021.3,385.1,160.7,285.5,-1,-1,-1,-1
3,4,1099.6,382.7,135.0,258.5,-1,-1,-1,-1
3,3,980.8,272.5,137.7,351.8,-1,-1,-1,-1
3,2,844.4,281.1,141.8,366.5,-1,-1,-1,-1
3,1,708.8,379.4,126.9,252.5,-1,-1,-1,-1
4,5,1023.3,388.5,159.3,284.2,-1,-1,-1,-1
4,4,1100.9,387.5,132.3,253.8,-1,-1,-1,-1
4,3,977.4,272.9,141.8,352.2,-1,-1,-1,-1
4,2,847.1,282.2,137.7,365.8,-1,-1,-1,-1
4,1,708.8,379.4,131.0,252.5,-1,-1,-1,-1
5,5,1024.7,394.2,156.6,277.4,-1,-1,-1,-1
5,4,1098.2,394.2,136.4,247.0,-1,-1,-1,-1
5,3,967.3,275.6,149.8,349.5,-1,-1,-1,-1
5,2,848.5,285.2,135.0,363.2,-1,-1,-1,-1
5,1,708.8,380.0,131.0,253.8,-1,-1,-1,-1
6,5,1024.7,398.6,155.2,274.7,-1,-1,-1,-1
6,4,1102.3,401.3,132.3,239.6,-1,-1,-1,-1
6,3,957.2,278.6,166.1,345.8,-1,-1,-1,-1
6,2,849.8,287.9,132.3,361.1,-1,-1,-1,-1
6,1,709.4,380.7,130.9,255.2,-1,-1,-1,-1
7,5,1024.7,402.0,153.9,271.3,-1,-1,-1,-1
7,4,1100.2,405.7,135.0,234.9,-1,-1,-1,-1
7,3,964.6,281.3,153.9,342.4,-1,-1,-1,-1
7,2,848.5,289.1,133.7,359.6,-1,-1,-1,-1
7,1,709.4,382.7,129.6,251.8,-1,-1,-1,-1
8,5,1023.3,406.4,155.2,267.3,-1,-1,-1,-1
8,4,1103.0,413.1,132.3,228.8,-1,-1,-1,-1
8,3,968.0,283.0,153.9,341.4,-1,-1,-1,-1
8,2,850.5,285.9,132.3,361.8,-1,-1,-1,-1
8,1,709.4,386.8,125.5,248.4,-1,-1,-1,-1
9,5,1022.0,406.7,156.6,266.6,-1,-1,-1,-1
9,4,1102.3,414.8,132.3,227.5,-1,-1,-1,-1
9,3,965.9,280.0,153.9,343.7,-1,-1,-1,-1
9,2,850.5,283.2,129.6,362.5,-1,-1,-1,-1
9,1,708.8,391.5,125.6,243.0,-1,-1,-1,-1
10,5,1019.3,399.6,159.3,262.6,-1,-1,-1,-1
10,4,1107.0,406.4,125.6,234.9,-1,-1,-1,-1
10,3,959.9,276.2,162.0,348.8,-1,-1,-1,-1
10,2,851.2,274.7,104.0,332.1,-1,-1,-1,-1
10,1,708.8,396.2,125.6,237.6,-1,-1,-1,-1
11,5,1017.9,394.5,159.3,263.9,-1,-1,-1,-1
11,4,1110.4,402.6,120.2,238.3,-1,-1,-1,-1
11,3,952.4,273.2,167.4,344.4,-1,-1,-1,-1
11,2,852.5,273.9,98.5,324.8,-1,-1,-1,-1
11,1,709.4,393.5,125.5,239.6,-1,-1,-1,-1
12,6,848.5,374.6,126.9,273.4,-1,-1,-1,-1
12,5,1017.2,382.7,159.3,276.1,-1,-1,-1,-1
12,4,1107.0,387.1,118.8,253.8,-1,-1,-1,-1
12,3,967.3,269.2,153.9,355.2,-1,-1,-1,-1
12,2,846.5,266.0,122.9,366.5,-1,-1,-1,-1
12,1,708.8,383.4,131.0,247.0,-1,-1,-1,-1
13,6,849.8,377.3,125.6,271.4,-1,-1,-1,-1
13,5,1017.9,376.0,148.5,282.1,-1,-1,-1,-1
13,4,1106.3,379.4,118.8,261.2,-1,-1,-1,-1
13,3,965.9,266.8,157.9,356.9,-1,-1,-1,-1
13,2,845.1,264.1,120.2,346.8,-1,-1,-1,-1
13,1,708.1,377.0,132.3,253.1,-1,-1,-1,-1
14,6,856.6,367.5,116.1,278.8,-1,-1,-1,-1
14,5,1018.6,366.9,126.9,292.3,-1,-1,-1,-1
14,4,1100.9,366.9,124.2,274.1,-1,-1,-1,-1
14,3,971.3,262.9,148.5,360.5,-1,-1,-1,-1
14,2,847.8,262.1,122.8,356.9,-1,-1,-1,-1
14,1,707.4,369.2,133.7,259.9,-1,-1,-1,-1
15,6,861.3,368.6,112.0,278.1,-1,-1,-1,-1
15,5,1017.9,363.8,120.2,295.7,-1,-1,-1,-1
15,4,1114.4,361.8,109.3,278.8,-1,-1,-1,-1
15,3,977.4,263.2,126.9,363.8,-1,-1,-1,-1
15,2,851.9,261.1,116.1,352.5,-1,-1,-1,-1
15,1,708.1,366.9,132.3,263.3,-1,-1,-1,-1
16,6,864.0,365.9,113.4,280.1,-1,-1,-1,-1
16,5,1019.9,359.1,102.6,298.4,-1,-1,-1,-1
16,4,1117.1,354.0,108.0,286.2,-1,-1,-1,-1
16,3,989.6,263.6,106.7,361.1,-1,-1,-1,-1
16,2,860.6,263.8,102.6,355.9,-1,-1,-1,-1
16,1,710.1,361.5,128.2,269.3,-1,-1,-1,-1
17,6,863.3,361.5,120.2,284.8,-1,-1,-1,-1
17,5,1019.9,358.8,102.6,298.4,-1,-1,-1,-1
17,4,1117.1,351.3,109.4,289.6,-1,-1,-1,-1
17,3,990.9,264.3,99.9,360.5,-1,-1,-1,-1
17,2,862.7,264.6,101.2,359.8,-1,-1,-1,-1
17,1,710.1,358.8,125.5,272.0,-1,-1,-1,-1
18,6,860.0,356.4,128.2,290.2,-1,-1,-1,-1
18,5,1004.4,357.1,126.9,299.7,-1,-1,-1,-1
18,4,1107.7,349.0,117.4,293.0,-1,-1,-1,-1
18,3,991.6,266.0,98.5,358.4,-1,-1,-1,-1
18,2,866.7,267.0,98.6,331.4,-1,-1,-1,-1
18,1,700.0,355.1,128.2,275.4,-1,-1,-1,-1
19,6,858.6,357.8,131.0,288.2,-1,-1,-1,-1
19,5,999.0,358.4,136.4,298.4,-1,-1,-1,-1
19,4,1104.3,347.3,121.5,297.7,-1,-1,-1,-1
19,3,991.6,267.1,93.1,355.9,-1,-1,-1,-1
19,2,866.7,267.8,98.6,339.0,-1,-1,-1,-1
19,1,696.6,354.4,131.0,275.4,-1,-1,-1,-1
20,6,855.2,361.8,131.0,284.2,-1,-1,-1,-1
20,5,983.5,364.5,149.9,292.3,-1,-1,-1,-1
20,4,1103.0,351.0,125.5,290.2,-1,-1,-1,-1
20,3,991.6,270.2,87.8,348.1,-1,-1,-1,-1
20,2,866.7,272.2,101.2,342.1,-1,-1,-1,-1
20,1,695.9,355.7,133.6,274.1,-1,-1,-1,-1
21,6,855.2,369.6,129.6,276.8,-1,-1,-1,-1
21,5,982.1,368.2,149.9,288.9,-1,-1,-1,-1
21,4,1100.9,353.0,129.6,290.2,-1,-1,-1,-1
21,3,988.9,271.9,90.5,341.7,-1,-1,-1,-1
21,2,871.4,273.0,98.5,334.1,-1,-1,-1,-1
21,1,695.9,359.1,133.6,270.7,-1,-1,-1,-1
22,6,855.9,385.4,126.9,261.2,-1,-1,-1,-1
22,5,978.8,379.7,140.4,274.7,-1,-1,-1,-1
22,4,1096.9,360.8,137.7,297.0,-1,-1,-1,-1
22,3,986.9,272.2,94.5,352.2,-1,-1,-1,-1
22,2,871.4,276.2,101.2,342.1,-1,-1,-1,-1
22,1,698.0,366.5,135.0,263.2,-1,-1,-1,-1
23,6,855.9,382.4,126.9,264.6,-1,-1,-1,-1
23,5,978.8,383.7,152.5,276.1,-1,-1,-1,-1
23,4,1096.2,366.9,139.0,274.7,-1,-1,-1,-1
23,3,986.9,271.5,93.1,351.5,-1,-1,-1,-1
23,2,874.1,278.1,94.5,334.1,-1,-1,-1,-1
23,1,700.0,371.9,136.3,257.9,-1,-1,-1,-1
24,6,856.6,392.2,124.2,255.1,-1,-1,-1,-1
24,5,982.8,393.9,144.4,270.0,-1,-1,-1,-1
24,4,1107.0,379.7,129.6,259.2,-1,-1,-1,-1
24,3,984.8,270.2,89.1,352.9,-1,-1,-1,-1
24,2,876.8,282.5,93.2,325.4,-1,-1,-1,-1
24,1,701.3,380.7,137.7,248.4,-1,-1,-1,-1
25,6,857.2,396.9,121.5,250.4,-1,-1,-1,-1
25,5,990.9,401.0,133.7,262.6,-1,-1,-1,-1
25,4,1111.1,388.1,125.6,249.1,-1,-1,-1,-1
25,3,982.8,271.5,90.4,352.9,-1,-1,-1,-1
25,2,876.2,283.5,93.2,327.4,-1,-1,-1,-1
25,1,702.7,384.8,136.3,244.4,-1,-1,-1,-1
26,6,855.2,404.3,121.5,243.0,-1,-1,-1,-1
26,5,1001.0,411.4,125.6,252.5,-1,-1,-1,-1
26,4,1111.7,402.3,124.2,233.6,-1,-1,-1,-1
26,3,980.8,276.6,87.8,347.1,-1,-1,-1,-1
26,2,875.5,284.5,95.8,330.1,-1,-1,-1,-1
26,1,707.4,391.8,131.0,237.6,-1,-1,-1,-1
27,6,854.6,405.0,121.5,242.3,-1,-1,-1,-1
27,5,997.0,415.8,132.3,248.4,-1,-1,-1,-1
27,4,1110.4,410.4,125.6,225.5,-1,-1,-1,-1
27,3,978.1,281.0,90.5,344.1,-1,-1,-1,-1
27,2,874.1,284.2,97.2,334.1,-1,-1,-1,-1
27,1,707.4,395.6,129.6,234.2,-1,-1,-1,-1
28,6,850.5,406.0,125.6,241.0,-1,-1,-1,-1
28,5,995.0,417.5,136.4,246.4,-1,-1,-1,-1
28,4,1110.4,423.9,125.6,212.6,-1,-1,-1,-1
28,3,977.4,284.7,93.2,337.7,-1,-1,-1,-1
28,2,875.5,283.3,91.8,314.7,-1,-1,-1,-1
28,1,707.4,402.0,129.6,228.8,-1,-1,-1,-1
29,6,847.8,401.0,128.2,246.4,-1,-1,-1,-1
29,5,1001.0,417.2,131.0,245.0,-1,-1,-1,-1
29,4,1109.0,424.2,125.6,211.9,-1,-1,-1,-1
29,3,976.1,283.0,89.1,342.1,-1,-1,-1,-1
29,2,876.8,282.2,93.2,318.6,-1,-1,-1,-1
29,1,700.0,405.0,137.7,224.8,-1,-1,-1,-1
30,6,841.7,389.1,133.7,257.9,-1,-1,-1,-1
30,5,992.3,407.0,141.7,250.4,-1,-1,-1,-1
30,4,1109.0,415.8,126.9,220.7,-1,-1,-1,-1
30,3,977.4,277.6,86.4,344.8,-1,-1,-1,-1
30,2,877.5,281.5,94.5,329.4,-1,-1,-1,-1
30,1,685.1,402.3,152.6,227.5,-1,-1,-1,-1
31,6,839.7,386.4,135.0,261.2,-1,-1,-1,-1
31,5,997.7,399.6,137.7,256.5,-1,-1,-1,-1
31,4,1096.2,408.7,140.4,235.6,-1,-1,-1,-1
31,3,977.4,275.9,86.4,346.4,-1,-1,-1,-1
31,2,878.2,280.8,95.8,332.8,-1,-1,-1,-1
31,1,668.2,395.6,170.1,234.2,-1,-1,-1,-1
32,6,835.0,366.5,140.4,280.8,-1,-1,-1,-1
32,5,1011.2,385.1,124.2,271.3,-1,-1,-1,-1
32,4,1094.8,396.9,141.8,259.9,-1,-1,-1,-1
32,3,979.4,272.5,86.4,349.8,-1,-1,-1,-1
32,2,878.2,280.0,99.9,338.3,-1,-1,-1,-1
32,1,651.7,381.4,188.7,248.4,-1,-1,-1,-1
33,6,829.6,357.8,145.8,288.9,-1,-1,-1,-1
33,5,1011.2,376.3,120.2,278.8,-1,-1,-1,-1
33,4,1100.2,389.8,136.4,268.0,-1,-1,-1,-1
33,3,978.8,270.2,89.1,351.5,-1,-1,-1,-1
33,2,878.9,281.8,101.2,333.5,-1,-1,-1,-1
33,1,659.5,374.6,183.6,255.2,-1,-1,-1,-1
34,6,820.8,350.0,155.2,297.7,-1,-1,-1,-1
34,5,1001.7,360.5,137.7,296.3,-1,-1,-1,-1
34,4,1098.9,374.6,139.1,270.7,-1,-1,-1,-1
34,3,976.7,266.8,93.1,355.6,-1,-1,-1,-1
34,2,872.8,281.8,109.4,334.1,-1,-1,-1,-1
34,1,688.8,355.1,156.9,276.1,-1,-1,-1,-1
35,6,816.8,337.5,159.3,309.2,-1,-1,-1,-1
35,5,1000.4,353.0,147.1,304.4,-1,-1,-1,-1
35,4,1098.9,366.9,140.4,274.7,-1,-1,-1,-1
35,3,974.7,265.8,101.3,356.6,-1,-1,-1,-1
35,2,872.8,282.2,110.7,335.5,-1,-1,-1,-1
35,1,701.3,346.3,147.2,284.8,-1,-1,-1,-1
36,6,811.4,318.9,156.6,327.4,-1,-1,-1,-1
36,5,1017.2,335.3,132.3,322.8,-1,-1,-1,-1
36,4,1103.6,349.7,135.0,287.5,-1,-1,-1,-1
36,3,976.7,264.9,98.5,361.8,-1,-1,-1,-1
36,2,876.8,281.8,106.7,333.5,-1,-1,-1,-1
36,1,693.9,328.4,151.2,303.1,-1,-1,-1,-1
37,6,810.0,312.5,143.1,334.1,-1,-1,-1,-1
37,5,1019.9,327.0,136.3,331.4,-1,-1,-1,-1
37,4,1100.9,341.9,137.7,293.6,-1,-1,-1,-1
37,3,980.1,265.8,94.5,356.6,-1,-1,-1,-1
37,2,877.5,282.2,106.7,330.8,-1,-1,-1,-1
37,1,688.5,321.3,156.6,308.5,-1,-1,-1,-1
38,6,807.3,297.5,106.6,349.8,-1,-1,-1,-1
38,5,1024.7,305.9,135.0,352.9,-1,-1,-1,-1
38,4,1095.5,321.3,143.1,316.6,-1,-1,-1,-1
38,3,984.2,265.8,118.8,355.9,-1,-1,-1,-1
38,2,871.4,282.8,110.7,327.4,-1,-1,-1,-1
38,1,655.1,309.5,191.4,317.3,-1,-1,-1,-1
39,6,806.0,291.4,114.8,354.5,-1,-1,-1,-1
39,5,1024.7,296.3,137.7,361.8,-1,-1,-1,-1
39,4,1099.6,315.1,140.4,322.8,-1,-1,-1,-1
39,3,981.5,266.8,117.5,355.6,-1,-1,-1,-1
39,2,862.0,283.8,117.5,326.0,-1,-1,-1,-1
39,1,637.2,305.8,209.2,319.3,-1,-1,-1,-1
40,6,798.5,281.8,108.0,364.5,-1,-1,-1,-1
40,5,1037.5,280.3,132.3,379.2,-1,-1,-1,-1
40,4,1093.5,302.2,151.2,339.0,-1,-1,-1,-1
40,3,982.1,267.1,110.7,353.9,-1,-1,-1,-1
40,2,857.2,282.2,118.8,326.7,-1,-1,-1,-1
40,1,617.6,296.3,224.1,331.4,-1,-1,-1,-1
41,6,793.1,281.5,114.8,364.5,-1,-1,-1,-1
41,5,1049.0,271.9,122.8,390.3,-1,-1,-1,-1
41,4,1097.6,291.4,148.5,350.5,-1,-1,-1,-1
41,3,981.5,266.8,112.0,355.6,-1,-1,-1,-1
41,2,856.6,282.8,118.8,327.4,-1,-1,-1,-1
41,1,616.3,294.0,225.5,333.5,-1,-1,-1,-1
42,6,789.8,278.1,102.6,364.5,-1,-1,-1,-1
42,5,1057.1,257.3,120.2,407.5,-1,-1,-1,-1
42,4,1160.3,281.0,89.1,354.9,-1,-1,-1,-1
42,3,982.8,265.8,105.3,356.6,-1,-1,-1,-1
42,2,853.9,280.1,120.2,329.4,-1,-1,-1,-1
42,1,614.6,288.4,219.7,339.4,-1,-1,-1,-1
43,6,781.0,275.6,110.7,367.0,-1,-1,-1,-1
43,5,1057.7,251.4,140.4,413.1,-1,-1,-1,-1
43,4,1132.0,276.4,120.1,359.8,-1,-1,-1,-1
43,3,977.4,264.9,110.7,358.4,-1,-1,-1,-1
43,2,853.2,280.1,120.2,328.7,-1,-1,-1,-1
43,1,615.6,286.0,202.5,341.7,-1,-1,-1,-1
44,6,745.9,275.1,139.1,365.9,-1,-1,-1,-1
44,5,1062.5,246.4,137.7,417.2,-1,-1,-1,-1
44,4,1127.2,270.5,129.6,366.7,-1,-1,-1,-1
44,3,963.9,263.2,128.2,360.5,-1,-1,-1,-1
44,2,849.8,279.5,117.5,326.7,-1,-1,-1,-1
44,1,615.9,281.6,187.3,347.5,-1,-1,-1,-1
45,6,735.8,275.1,148.5,365.2,-1,-1,-1,-1
45,5,1066.5,243.8,139.1,419.7,-1,-1,-1,-1
45,4,1127.9,268.8,132.3,368.4,-1,-1,-1,-1
45,3,960.5,263.2,135.0,359.8,-1,-1,-1,-1
45,2,847.8,279.1,117.5,326.0,-1,-1,-1,-1
45,1,616.3,281.0,179.5,348.1,-1,-1,-1,-1
46,6,730.4,276.4,147.1,365.2,-1,-1,-1,-1
46,5,1072.6,242.5,160.7,423.7,-1,-1,-1,-1
46,4,1159.0,270.7,108.0,360.4,-1,-1,-1,-1
46,3,958.5,263.9,136.3,358.4,-1,-1,-1,-1
46,2,849.2,277.4,114.8,328.7,-1,-1,-1,-1
46,1,617.0,279.3,167.4,349.1,-1,-1,-1,-1
47,6,731.0,275.1,143.1,365.2,-1,-1,-1,-1
47,5,1073.9,243.3,174.2,424.6,-1,-1,-1,-1
47,4,1173.2,270.2,97.2,366.4,-1,-1,-1,-1
47,3,957.2,263.6,137.7,358.4,-1,-1,-1,-1
47,2,849.2,276.8,116.1,328.7,-1,-1,-1,-1
47,1,615.9,278.3,163.0,350.8,-1,-1,-1,-1
48,6,733.1,276.8,137.7,364.5,-1,-1,-1,-1
48,5,1076.0,250.4,172.8,417.8,-1,-1,-1,-1
48,4,1175.9,275.6,99.9,356.9,-1,-1,-1,-1
48,3,960.5,263.9,124.2,359.1,-1,-1,-1,-1
48,2,843.1,277.8,122.9,328.7,-1,-1,-1,-1
48,1,614.2,277.9,149.9,349.1,-1,-1,-1,-1
49,6,733.7,279.1,139.0,361.8,-1,-1,-1,-1
49,5,1076.0,253.8,171.4,413.8,-1,-1,-1,-1
49,4,1177.9,280.0,101.2,352.5,-1,-1,-1,-1
49,3,963.2,263.2,120.1,359.8,-1,-1,-1,-1
49,2,841.7,277.8,126.9,328.7,-1,-1,-1,-1
49,1,613.6,276.6,149.9,349.8,-1,-1,-1,-1
50,6,731.7,281.8,141.8,358.4,-1,-1,-1,-1
50,5,1076.6,255.2,171.5,413.1,-1,-1,-1,-1
50,4,1181.9,281.0,102.6,340.7,-1,-1,-1,-1
50,3,963.9,261.9,117.4,361.1,-1,-1,-1,-1
50,2,836.3,279.1,133.7,328.1,-1,-1,-1,-1
50,1,608.5,274.9,143.4,350.2,-1,-1,-1,-1
51,6,732.4,280.8,141.8,359.8,-1,-1,-1,-1
51,5,1079.3,255.2,168.8,413.1,-1,-1,-1,-1
51,4,1177.2,280.0,110.7,341.7,-1,-1,-1,-1
51,3,963.2,260.9,118.8,362.5,-1,-1,-1,-1
51,2,835.7,279.5,133.7,328.0,-1,-1,-1,-1
51,1,604.8,275.6,139.0,348.8,-1,-1,-1,-1
52,6,732.4,282.2,141.8,358.4,-1,-1,-1,-1
52,5,1079.3,255.2,168.8,413.8,-1,-1,-1,-1
52,4,1182.6,275.2,110.7,349.1,-1,-1,-1,-1
52,3,963.9,263.6,126.9,358.4,-1,-1,-1,-1
52,2,835.0,279.5,136.3,327.4,-1,-1,-1,-1
52,1,600.1,274.9,133.7,350.2,-1,-1,-1,-1
53,6,732.4,283.0,141.8,357.6,-1,-1,-1,-1
53,5,1073.9,255.5,172.8,412.4,-1,-1,-1,-1
53,4,1186.0,273.9,108.0,341.7,-1,-1,-1,-1
53,3,963.9,264.1,132.3,356.9,-1,-1,-1,-1
53,2,833.6,279.8,139.1,327.4,-1,-1,-1,-1
53,1,599.4,275.2,133.7,349.8,-1,-1,-1,-1
54,6,732.4,281.5,143.1,359.8,-1,-1,-1,-1
54,5,1069.2,257.9,190.3,409.1,-1,-1,-1,-1
54,4,1196.1,274.6,102.6,344.4,-1,-1,-1,-1
54,3,962.6,264.8,143.1,356.9,-1,-1,-1,-1
54,2,835.0,279.8,141.8,327.4,-1,-1,-1,-1
54,1,599.7,275.6,132.6,350.2,-1,-1,-1,-1
55,6,732.4,280.8,145.8,359.8,-1,-1,-1,-1
55,5,1078.7,258.4,193.1,407.2,-1,-1,-1,-1
55,4,1196.1,274.2,112.0,348.1,-1,-1,-1,-1
55,3,963.2,263.9,143.1,358.4,-1,-1,-1,-1
55,2,839.7,278.8,137.7,327.4,-1,-1,-1,-1
55,1,599.4,275.6,133.0,350.2,-1,-1,-1,-1
56,6,710.1,279.1,183.6,361.8,-1,-1,-1,-1
56,5,1078.0,262.2,203.9,403.6,-1,-1,-1,-1
56,4,1195.4,273.9,144.4,353.2,-1,-1,-1,-1
56,3,962.6,267.8,141.8,355.9,-1,-1,-1,-1
56,2,842.4,279.5,136.4,328.0,-1,-1,-1,-1
56,1,595.7,273.9,144.8,350.5,-1,-1,-1,-1
57,6,702.7,280.0,194.4,359.3,-1,-1,-1,-1
57,5,1076.0,263.1,206.5,402.5,-1,-1,-1,-1
57,4,1196.1,273.5,155.2,347.5,-1,-1,-1,-1
57,3,961.9,270.2,145.8,354.2,-1,-1,-1,-1
57,2,837.0,279.5,143.1,329.4,-1,-1,-1,-1
57,1,587.2,274.2,156.6,351.5,-1,-1,-1,-1
58,6,698.6,281.3,193.1,357.9,-1,-1,-1,-1
58,5,1076.6,266.6,206.6,400.3,-1,-1,-1,-1
58,4,1186.0,272.9,179.5,350.8,-1,-1,-1,-1
58,3,962.6,271.9,143.1,351.8,-1,-1,-1,-1
58,2,835.7,279.5,151.2,331.4,-1,-1,-1,-1
58,1,563.3,276.9,173.8,347.5,-1,-1,-1,-1
59,6,698.6,281.6,194.4,358.3,-1,-1,-1,-1
59,5,1076.6,267.5,202.5,397.4,-1,-1,-1,-1
59,4,1186.0,272.5,187.6,349.8,-1,-1,-1,-1
59,3,961.9,271.2,141.7,351.8,-1,-1,-1,-1
59,2,834.3,279.8,151.2,326.0,-1,-1,-1,-1
59,1,566.7,278.6,172.5,346.4,-1,-1,-1,-1
60,6,710.1,283.0,185.0,356.9,-1,-1,-1,-1
60,5,1076.0,267.0,205.2,398.9,-1,-1,-1,-1
60,4,1202.2,272.5,176.8,351.2,-1,-1,-1,-1
60,3,957.8,270.5,144.5,352.5,-1,-1,-1,-1
60,2,834.3,279.1,155.2,326.7,-1,-1,-1,-1
60,1,568.4,279.6,161.3,344.1,-1,-1,-1,-1
61,6,722.9,282.3,168.8,357.6,-1,-1,-1,-1
61,5,1061.8,266.3,217.3,398.9,-1,-1,-1,-1
61,4,1216.4,272.9,162.0,350.2,-1,-1,-1,-1
61,3,962.6,270.8,143.1,351.5,-1,-1,-1,-1
61,2,840.4,277.8,143.1,329.4,-1,-1,-1,-1
61,1,568.0,279.6,161.7,344.8,-1,-1,-1,-1
62,6,727.7,282.0,148.5,357.2,-1,-1,-1,-1
62,5,1044.9,267.0,217.3,398.9,-1,-1,-1,-1
62,4,1230.5,275.2,143.1,348.5,-1,-1,-1,-1
62,3,964.6,269.8,139.0,352.5,-1,-1,-1,-1
62,2,848.5,276.8,136.3,332.8,-1,-1,-1,-1
62,1,569.7,276.9,169.4,346.8,-1,-1,-1,-1
63,6,727.0,280.3,151.2,358.9,-1,-1,-1,-1
63,5,1044.2,267.5,216.0,398.1,-1,-1,-1,-1
63,4,1233.2,275.2,140.4,349.1,-1,-1,-1,-1
63,3,969.3,268.8,130.9,354.2,-1,-1,-1,-1
63,2,856.6,275.4,129.6,332.1,-1,-1,-1,-1
63,1,570.4,276.6,183.6,347.1,-1,-1,-1,-1
64,6,723.6,279.8,162.0,360.5,-1,-1,-1,-1
64,5,1076.0,267.0,182.2,398.9,-1,-1,-1,-1
64,4,1231.2,273.5,143.1,350.2,-1,-1,-1,-1
64,3,971.3,268.8,121.5,351.5,-1,-1,-1,-1
64,2,864.7,275.1,125.5,330.8,-1,-1,-1,-1
64,1,571.1,276.2,176.2,346.8,-1,-1,-1,-1
65,6,725.6,279.1,164.7,361.1,-1,-1,-1,-1
65,5,1076.0,266.3,182.2,399.6,-1,-1,-1,-1
65,4,1235.9,274.2,137.7,348.1,-1,-1,-1,-1
65,3,970.7,269.5,121.5,350.8,-1,-1,-1,-1
65,2,870.8,274.4,125.6,332.1,-1,-1,-1,-1
65,1,571.1,274.9,184.9,348.8,-1,-1,-1,-1
66,6,723.6,280.3,175.5,359.6,-1,-1,-1,-1
66,5,1074.6,261.9,185.0,403.7,-1,-1,-1,-1
66,4,1238.0,274.2,135.0,348.8,-1,-1,-1,-1
66,3,968.6,270.5,116.1,349.8,-1,-1,-1,-1
66,2,861.3,274.1,144.5,332.8,-1,-1,-1,-1
66,1,578.8,276.6,169.1,348.5,-1,-1,-1,-1
67,6,724.3,281.6,175.5,358.3,-1,-1,-1,-1
67,5,1077.3,261.6,182.2,403.7,-1,-1,-1,-1
67,4,1237.3,275.9,135.0,345.8,-1,-1,-1,-1
67,3,970.0,271.9,113.4,348.5,-1,-1,-1,-1
67,2,862.7,274.4,148.5,332.8,-1,-1,-1,-1
67,1,590.3,274.9,144.1,347.5,-1,-1,-1,-1
68,6,722.9,287.7,178.2,352.2,-1,-1,-1,-1
68,5,1079.3,260.9,179.5,404.3,-1,-1,-1,-1
68,4,1242.0,281.6,132.3,341.4,-1,-1,-1,-1
68,3,976.1,277.6,105.3,344.8,-1,-1,-1,-1
68,2,850.5,279.5,158.0,330.1,-1,-1,-1,-1
68,1,595.7,276.6,145.5,346.4,-1,-1,-1,-1
69,6,726.3,292.1,175.5,346.4,-1,-1,-1,-1
69,5,1083.4,261.6,175.5,403.7,-1,-1,-1,-1
69,4,1242.7,284.7,132.3,337.0,-1,-1,-1,-1
69,3,974.7,278.6,112.0,343.7,-1,-1,-1,-1
69,2,854.6,281.8,153.9,326.0,-1,-1,-1,-1
69,1,596.7,277.9,145.1,345.1,-1,-1,-1,-1
70,6,725.6,296.0,175.5,342.9,-1,-1,-1,-1
70,5,1092.2,270.0,167.4,395.6,-1,-1,-1,-1
70,4,1244.0,295.7,133.7,326.7,-1,-1,-1,-1
70,3,970.0,282.0,120.1,341.0,-1,-1,-1,-1
70,2,874.1,282.7,131.0,323.5,-1,-1,-1,-1
70,1,597.0,284.0,148.2,339.0,-1,-1,-1,-1
71,6,725.6,294.1,174.2,344.4,-1,-1,-1,-1
71,5,1091.5,272.7,168.8,393.5,-1,-1,-1,-1
71,4,1246.1,295.3,132.3,327.4,-1,-1,-1,-1
71,3,969.3,281.3,121.5,341.7,-1,-1,-1,-1
71,2,876.8,283.0,129.6,325.2,-1,-1,-1,-1
71,1,597.0,289.6,147.5,332.8,-1,-1,-1,-1
72,6,740.5,292.1,159.3,345.8,-1,-1,-1,-1
72,5,1092.2,270.8,168.8,396.7,-1,-1,-1,-1
72,4,1246.1,292.3,132.3,330.8,-1,-1,-1,-1
72,3,963.2,278.3,117.5,344.8,-1,-1,-1,-1
72,2,877.5,283.5,120.2,322.7,-1,-1,-1,-1
72,1,597.4,297.2,145.8,325.2,-1,-1,-1,-1
73,6,748.6,290.8,151.2,346.4,-1,-1,-1,-1
73,5,1091.5,269.2,168.8,397.7,-1,-1,-1,-1
73,4,1244.0,283.7,135.0,339.4,-1,-1,-1,-1
73,3,961.2,275.6,114.8,347.5,-1,-1,-1,-1
73,2,876.8,283.0,118.8,323.2,-1,-1,-1,-1
73,1,596.7,294.0,149.2,328.7,-1,-1,-1,-1
74,6,746.6,284.7,151.2,351.2,-1,-1,-1,-1
74,5,1092.8,260.9,167.4,405.0,-1,-1,-1,-1
74,4,1244.0,274.6,181.6,348.5,-1,-1,-1,-1
74,3,956.5,272.9,145.8,348.1,-1,-1,-1,-1
74,2,864.7,283.5,137.7,328.1,-1,-1,-1,-1
74,1,594.7,285.0,156.6,338.0,-1,-1,-1,-1
75,6,735.8,283.7,155.2,353.5,-1,-1,-1,-1
75,5,1091.5,260.2,174.2,405.0,-1,-1,-1,-1
75,4,1242.7,270.8,197.8,351.5,-1,-1,-1,-1
75,3,955.1,272.5,149.8,348.5,-1,-1,-1,-1
75,2,843.1,282.5,160.7,328.7,-1,-1,-1,-1
75,1,577.1,277.9,174.2,344.4,-1,-1,-1,-1
76,6,707.4,278.3,156.6,354.2,-1,-1,-1,-1
76,5,1090.1,258.0,205.2,396.7,-1,-1,-1,-1
76,4,1242.7,270.5,199.1,352.5,-1,-1,-1,-1
76,3,951.1,270.5,143.1,351.2,-1,-1,-1,-1
76,2,837.7,283.2,168.8,330.1,-1,-1,-1,-1
76,1,551.5,266.1,198.5,356.2,-1,-1,-1,-1
77,6,691.9,275.2,160.7,355.9,-1,-1,-1,-1
77,5,1087.4,256.3,206.6,397.1,-1,-1,-1,-1
77,4,1242.7,270.5,192.4,351.8,-1,-1,-1,-1
77,3,945.7,268.1,156.6,353.5,-1,-1,-1,-1
77,2,835.7,282.2,172.8,333.5,-1,-1,-1,-1
77,1,548.8,253.0,199.8,369.4,-1,-1,-1,-1
78,6,682.4,270.0,172.8,363.2,-1,-1,-1,-1
78,5,1076.6,252.3,224.1,401.8,-1,-1,-1,-1
78,4,1242.7,271.9,176.2,349.8,-1,-1,-1,-1
78,3,942.3,268.5,159.3,357.9,-1,-1,-1,-1
78,2,847.1,281.3,149.9,324.2,-1,-1,-1,-1
78,1,538.7,237.4,200.5,385.6,-1,-1,-1,-1
79,6,695.2,271.4,171.5,360.5,-1,-1,-1,-1
79,5,1070.6,250.9,243.0,402.5,-1,-1,-1,-1
79,4,1241.3,271.2,168.1,350.5,-1,-1,-1,-1
79,3,939.6,271.0,147.1,364.5,-1,-1,-1,-1
79,2,845.1,282.0,163.3,324.8,-1,-1,-1,-1
79,1,526.2,249.8,204.9,372.6,-1,-1,-1,-1
80,6,684.5,277.8,174.2,362.5,-1,-1,-1,-1
80,5,1061.1,252.8,245.7,416.5,-1,-1,-1,-1
80,4,1237.3,275.9,145.1,345.8,-1,-1,-1,-1
80,3,932.9,282.5,125.5,364.5,-1,-1,-1,-1
80,2,846.5,283.8,129.6,320.6,-1,-1,-1,-1
80,1,515.7,284.3,210.6,339.4,-1,-1,-1,-1
81,6,679.1,283.5,174.1,361.8,-1,-1,-1,-1
81,5,1055.0,259.2,240.3,416.5,-1,-1,-1,-1
81,4,1236.6,280.0,135.0,349.8,-1,-1,-1,-1
81,3,934.2,289.2,116.1,361.1,-1,-1,-1,-1
81,2,835.0,287.7,129.6,316.4,-1,-1,-1,-1
81,1,512.3,285.7,207.2,340.0,-1,-1,-1,-1
82,6,693.2,288.4,149.8,358.9,-1,-1,-1,-1
82,5,1053.7,268.3,222.8,409.1,-1,-1,-1,-1
82,4,1235.2,288.4,116.1,352.9,-1,-1,-1,-1
82,3,932.2,289.4,108.0,366.7,-1,-1,-1,-1
82,2,838.4,291.6,118.8,313.9,-1,-1,-1,-1
82,1,534.6,285.7,164.0,340.0,-1,-1,-1,-1
83,6,699.3,287.4,139.0,356.6,-1,-1,-1,-1
83,5,1057.7,268.3,203.9,409.1,-1,-1,-1,-1
83,4,1235.9,289.4,105.3,355.2,-1,-1,-1,-1
83,3,930.2,286.4,108.0,369.7,-1,-1,-1,-1
83,2,840.4,292.6,117.5,313.2,-1,-1,-1,-1
83,1,558.6,282.7,141.4,341.7,-1,-1,-1,-1
84,6,695.2,282.2,140.4,366.5,-1,-1,-1,-1
84,5,1071.9,263.6,155.2,413.1,-1,-1,-1,-1
84,4,1236.6,285.5,97.2,361.1,-1,-1,-1,-1
84,3,921.4,277.6,116.1,377.8,-1,-1,-1,-1
84,2,859.3,290.2,94.5,316.6,-1,-1,-1,-1
84,1,602.8,276.2,93.8,347.5,-1,-1,-1,-1
85,6,700.0,277.6,136.3,371.1,-1,-1,-1,-1
85,5,1078.7,260.6,136.3,416.5,-1,-1,-1,-1
85,4,1238.0,280.3,98.5,367.0,-1,-1,-1,-1
85,3,916.7,272.0,120.2,383.4,-1,-1,-1,-1
85,2,864.0,286.2,87.8,320.6,-1,-1,-1,-1
85,1,612.6,272.2,86.7,351.5,-1,-1,-1,-1
86,6,712.8,269.2,129.6,377.5,-1,-1,-1,-1
86,5,1089.5,251.4,117.4,425.2,-1,-1,-1,-1
86,4,1235.9,272.0,113.4,376.0,-1,-1,-1,-1
86,3,909.2,259.5,124.2,394.9,-1,-1,-1,-1
86,2,859.3,281.3,113.4,324.2,-1,-1,-1,-1
86,1,618.3,269.8,82.3,352.5,-1,-1,-1,-1
87,6,720.2,265.8,121.5,383.6,-1,-1,-1,-1
87,5,1093.5,248.6,114.8,429.8,-1,-1,-1,-1
87,4,1238.0,270.5,118.8,378.2,-1,-1,-1,-1
87,3,906.5,256.5,122.8,400.3,-1,-1,-1,-1
87,2,854.6,278.8,110.7,329.4,-1,-1,-1,-1
87,1,618.0,271.2,80.0,352.5,-1,-1,-1,-1
88,6,729.7,262.6,112.0,388.1,-1,-1,-1,-1
88,5,1105.0,243.2,113.4,433.9,-1,-1,-1,-1
88,4,1247.4,261.6,129.6,388.1,-1,-1,-1,-1
88,3,911.2,250.9,113.4,407.2,-1,-1,-1,-1
88,2,850.5,279.6,104.0,340.7,-1,-1,-1,-1
88,1,620.3,269.5,82.4,355.6,-1,-1,-1,-1
89,6,731.7,267.1,108.0,396.4,-1,-1,-1,-1
89,5,1107.7,242.3,113.4,434.7,-1,-1,-1,-1
89,4,1246.1,260.6,143.1,388.8,-1,-1,-1,-1
89,3,914.0,251.4,112.0,417.2,-1,-1,-1,-1
89,2,847.8,281.6,95.8,342.1,-1,-1,-1,-1
89,1,620.7,270.2,81.3,352.2,-1,-1,-1,-1
90,6,735.8,280.3,110.7,392.7,-1,-1,-1,-1
90,5,1111.1,247.2,117.4,454.8,-1,-1,-1,-1
90,4,1243.4,258.9,163.3,389.5,-1,-1,-1,-1
90,3,915.3,261.6,117.4,420.5,-1,-1,-1,-1
90,2,843.8,290.1,102.6,341.0,-1,-1,-1,-1
90,1,621.7,278.1,87.8,359.1,-1,-1,-1,-1
91,6,738.5,285.2,114.8,395.6,-1,-1,-1,-1
91,5,1113.1,254.6,118.8,452.1,-1,-1,-1,-1
91,4,1240.7,260.9,174.2,388.1,-1,-1,-1,-1
91,3,916.7,269.2,121.5,422.7,-1,-1,-1,-1
91,2,845.1,296.2,109.3,339.0,-1,-1,-1,-1
91,1,621.7,282.5,87.1,358.4,-1,-1,-1,-1
92,6,739.1,285.7,121.5,396.7,-1,-1,-1,-1
92,5,1115.8,262.6,124.2,450.9,-1,-1,-1,-1
92,4,1235.9,272.4,205.9,389.5,-1,-1,-1,-1
92,3,917.3,274.9,120.1,430.5,-1,-1,-1,-1
92,2,837.7,292.8,112.0,349.8,-1,-1,-1,-1
92,1,622.4,293.1,97.2,352.9,-1,-1,-1,-1
93,6,740.5,282.8,106.6,398.9,-1,-1,-1,-1
93,5,1117.8,261.2,126.9,453.6,-1,-1,-1,-1
93,4,1238.0,279.3,213.3,385.6,-1,-1,-1,-1
93,3,911.9,273.2,121.5,432.8,-1,-1,-1,-1
93,2,838.4,289.1,113.4,353.5,-1,-1,-1,-1
93,1,624.0,290.1,100.2,355.2,-1,-1,-1,-1
94,6,733.1,275.9,122.8,407.2,-1,-1,-1,-1
94,5,1119.8,255.3,132.3,460.2,-1,-1,-1,-1
94,4,1252.1,276.9,204.5,392.0,-1,-1,-1,-1
94,3,900.5,267.5,126.9,440.6,-1,-1,-1,-1
94,2,831.6,283.5,122.8,358.4,-1,-1,-1,-1
94,1,613.9,281.8,117.1,363.8,-1,-1,-1,-1
95,6,727.0,272.9,129.6,410.9,-1,-1,-1,-1
95,5,1121.2,251.9,132.3,463.6,-1,-1,-1,-1
95,4,1275.1,275.9,185.6,392.3,-1,-1,-1,-1
95,3,894.4,262.1,131.0,446.0,-1,-1,-1,-1
95,2,830.9,279.8,126.9,363.1,-1,-1,-1,-1
95,1,603.5,276.6,129.6,369.4,-1,-1,-1,-1
96,6,712.1,265.1,145.8,419.3,-1,-1,-1,-1
96,5,1123.2,248.4,136.3,469.1,-1,-1,-1,-1
96,4,1313.6,270.0,167.4,399.6,-1,-1,-1,-1
96,3,889.0,253.6,136.4,454.4,-1,-1,-1,-1
96,2,841.7,270.7,114.8,371.3,-1,-1,-1,-1
96,1,590.3,269.2,140.1,376.8,-1,-1,-1,-1
97,6,704.0,262.1,152.5,422.4,-1,-1,-1,-1
97,5,1123.2,246.0,137.7,472.2,-1,-1,-1,-1
97,4,1322.3,268.1,165.4,401.5,-1,-1,-1,-1
97,3,887.6,248.6,137.7,460.9,-1,-1,-1,-1
97,2,847.1,267.0,109.4,373.3,-1,-1,-1,-1
97,1,585.6,267.5,143.4,378.5,-1,-1,-1,-1
98,6,698.0,258.5,162.0,425.3,-1,-1,-1,-1
98,5,1125.2,240.6,136.3,476.2,-1,-1,-1,-1
98,4,1333.8,262.2,167.4,408.4,-1,-1,-1,-1
98,3,888.3,241.5,141.8,467.9,-1,-1,-1,-1
98,2,853.2,265.1,118.8,376.8,-1,-1,-1,-1
98,1,580.5,262.9,145.1,383.4,-1,-1,-1,-1
99,6,691.9,260.4,175.5,430.1,-1,-1,-1,-1
99,5,1125.9,239.5,133.7,478.1,-1,-1,-1,-1
99,4,1339.2,262.2,164.7,409.1,-1,-1,-1,-1
99,3,891.7,240.6,139.0,469.5,-1,-1,-1,-1
99,2,853.9,267.8,113.4,378.2,-1,-1,-1,-1
99,1,578.5,261.7,146.5,384.9,-1,-1,-1,-1
100,6,688.2,267.5,190.0,442.6,-1,-1,-1,-1
100,5,1125.9,238.8,132.3,501.0,-1,-1,-1,-1
100,4,1346.0,261.2,156.6,409.7,-1,-1,-1,-1
100,3,896.4,247.1,130.9,488.7,-1,-1,-1,-1
100,2,858.6,279.8,105.3,374.0,-1,-1,-1,-1
100,1,575.8,262.7,143.8,385.3,-1,-1,-1,-1
101,6,681.4,273.2,194.7,443.0,-1,-1,-1,-1
101,5,1125.9,243.2,133.7,497.3,-1,-1,-1,-1
101,4,1346.0,262.6,153.9,409.0,-1,-1,-1,-1
101,3,895.1,253.5,129.6,491.7,-1,-1,-1,-1
101,2,857.9,287.6,106.6,375.3,-1,-1,-1,-1
101,1,575.1,266.3,143.1,398.9,-1,-1,-1,-1
102,6,681.8,275.2,198.5,443.0,-1,-1,-1,-1
102,5,1127.9,251.8,132.3,500.2,-1,-1,-1,-1
102,4,1348.0,272.0,145.1,428.0,-1,-1,-1,-1
102,3,887.6,264.3,128.3,498.5,-1,-1,-1,-1
102,2,858.6,294.5,113.4,348.1,-1,-1,-1,-1
102,1,577.5,276.9,136.7,401.5,-1,-1,-1,-1
103,6,691.2,274.1,189.0,444.8,-1,-1,-1,-1
103,5,1128.6,252.5,132.3,502.2,-1,-1,-1,-1
103,4,1349.3,276.8,138.4,428.0,-1,-1,-1,-1
103,3,887.0,264.4,126.9,501.0,-1,-1,-1,-1
103,2,858.6,295.1,116.1,348.8,-1,-1,-1,-1
103,1,578.8,282.8,136.7,395.5,-1,-1,-1,-1
104,6,700.7,271.5,178.2,449.4,-1,-1,-1,-1
104,5,1130.0,249.8,126.9,506.2,-1,-1,-1,-1
104,4,1351.4,281.3,126.9,430.1,-1,-1,-1,-1
104,3,884.9,258.4,129.6,507.8,-1,-1,-1,-1
104,2,860.0,287.0,128.2,354.9,-1,-1,-1,-1
104,1,587.2,281.6,121.5,397.4,-1,-1,-1,-1
105,6,702.0,269.7,160.7,452.6,-1,-1,-1,-1
105,5,1130.6,248.6,129.6,507.4,-1,-1,-1,-1
105,4,1352.0,278.1,120.8,435.4,-1,-1,-1,-1
105,3,878.9,253.5,139.0,513.3,-1,-1,-1,-1
105,1,592.3,277.3,115.1,401.8,-1,-1,-1,-1
106,6,711.5,264.4,145.8,457.1,-1,-1,-1,-1
106,5,1134.7,242.5,135.0,514.2,-1,-1,-1,-1
106,4,1351.4,271.5,124.2,442.6,-1,-1,-1,-1
106,3,868.7,241.1,153.9,524.3,-1,-1,-1,-1
106,1,597.0,269.7,120.5,409.1,-1,-1,-1,-1
107,6,711.5,261.4,145.8,460.9,-1,-1,-1,-1
107,5,1136.0,239.3,136.3,516.7,-1,-1,-1,-1
107,4,1352.0,268.0,123.5,447.5,-1,-1,-1,-1
107,3,868.7,236.1,155.2,529.4,-1,-1,-1,-1
107,1,597.0,266.3,124.5,413.1,-1,-1,-1,-1
108,6,710.1,251.9,145.8,468.3,-1,-1,-1,-1
108,5,1139.4,230.3,136.3,526.3,-1,-1,-1,-1
108,4,1346.0,261.6,126.9,453.9,-1,-1,-1,-1
108,3,866.7,229.3,156.6,535.4,-1,-1,-1,-1
108,1,596.0,258.9,126.2,421.2,-1,-1,-1,-1
109,6,713.5,248.1,143.1,471.5,-1,-1,-1,-1
109,5,1141.4,225.5,137.7,532.6,-1,-1,-1,-1
109,4,1345.3,258.4,127.6,457.1,-1,-1,-1,-1
109,3,866.7,229.7,151.2,554.0,-1,-1,-1,-1
109,1,595.4,256.3,132.3,423.4,-1,-1,-1,-1
110,6,712.1,246.9,147.2,473.3,-1,-1,-1,-1
110,5,1146.8,223.1,140.4,537.0,-1,-1,-1,-1
110,4,1344.6,250.1,129.6,466.8,-1,-1,-1,-1
110,3,866.0,232.5,149.9,578.8,-1,-1,-1,-1
110,1,594.3,249.9,127.2,430.5,-1,-1,-1,-1
111,6,711.5,251.1,148.5,469.8,-1,-1,-1,-1
111,5,1148.9,226.8,145.8,544.1,-1,-1,-1,-1
111,4,1348.0,247.7,127.6,469.1,-1,-1,-1,-1
111,3,867.4,236.4,152.6,588.4,-1,-1,-1,-1
111,1,594.0,247.7,123.5,432.0,-1,-1,-1,-1
112,6,688.8,258.0,180.6,463.6,-1,-1,-1,-1
112,5,1146.2,239.5,175.5,550.3,-1,-1,-1,-1
112,4,1358.8,245.4,123.5,474.2,-1,-1,-1,-1
112,3,863.3,244.2,172.8,591.5,-1,-1,-1,-1
112,2,900.5,260.9,145.8,443.8,-1,-1,-1,-1
112,1,592.3,248.9,118.5,448.4,-1,-1,-1,-1
113,6,691.2,259.7,179.5,462.5,-1,-1,-1,-1
113,5,1140.8,241.0,198.5,551.5,-1,-1,-1,-1
113,4,1358.8,247.6,124.9,489.5,-1,-1,-1,-1
113,3,862.7,246.0,182.2,593.7,-1,-1,-1,-1
113,2,912.6,267.0,139.0,435.0,-1,-1,-1,-1
113,1,591.0,253.1,119.8,444.2,-1,-1,-1,-1
114,6,686.8,262.6,180.6,459.0,-1,-1,-1,-1
114,5,1115.1,236.4,236.3,556.0,-1,-1,-1,-1
114,4,1347.3,256.3,140.4,480.8,-1,-1,-1,-1
114,3,853.2,234.7,197.1,605.6,-1,-1,-1,-1
114,2,912.6,271.5,140.4,433.2,-1,-1,-1,-1
114,1,588.9,266.8,120.5,429.8,-1,-1,-1,-1
115,6,676.4,265.3,187.6,456.3,-1,-1,-1,-1
115,5,1092.2,236.1,263.2,555.7,-1,-1,-1,-1
115,4,1348.0,256.2,142.4,482.3,-1,-1,-1,-1
115,3,847.8,231.7,199.8,606.0,-1,-1,-1,-1
115,2,918.7,279.8,129.6,423.6,-1,-1,-1,-1
115,1,590.6,272.2,122.2,423.7,-1,-1,-1,-1
116,6,652.1,273.5,217.3,448.7,-1,-1,-1,-1
116,5,1046.9,240.1,272.7,552.3,-1,-1,-1,-1
116,4,1357.4,252.6,138.4,485.2,-1,-1,-1,-1
116,3,830.9,224.9,195.8,616.8,-1,-1,-1,-1
116,2,918.7,280.3,126.9,426.4,-1,-1,-1,-1
116,1,587.6,281.6,132.0,415.0,-1,-1,-1,-1
117,6,641.6,276.8,232.5,444.8,-1,-1,-1,-1
117,5,1031.4,242.5,293.0,552.7,-1,-1,-1,-1
117,4,1356.1,252.5,149.2,486.7,-1,-1,-1,-1
117,3,825.5,225.5,209.2,614.2,-1,-1,-1,-1
117,2,918.7,282.3,125.5,423.7,-1,-1,-1,-1
117,1,581.2,290.1,137.0,406.5,-1,-1,-1,-1
118,6,637.2,279.5,224.1,444.2,-1,-1,-1,-1
118,5,1035.5,247.6,299.7,546.9,-1,-1,-1,-1
118,4,1347.3,258.0,186.3,480.4,-1,-1,-1,-1
118,3,847.1,228.2,233.6,611.6,-1,-1,-1,-1
118,1,556.5,298.9,158.3,397.1,-1,-1,-1,-1
119,6,646.0,278.3,203.8,446.0,-1,-1,-1,-1
119,5,1036.8,248.4,301.1,546.1,-1,-1,-1,-1
119,4,1341.9,263.9,210.6,474.5,-1,-1,-1,-1
119,3,871.4,225.6,232.2,615.4,-1,-1,-1,-1
119,1,540.3,299.9,170.4,396.7,-1,-1,-1,-1
120,6,691.2,274.4,167.4,477.6,-1,-1,-1,-1
120,5,1081.3,255.0,282.2,539.5,-1,-1,-1,-1
120,4,1329.1,277.9,234.2,460.5,-1,-1,-1,-1
120,3,874.8,222.4,228.2,640.2,-1,-1,-1,-1
120,1,527.2,291.6,182.3,405.0,-1,-1,-1,-1
121,6,699.3,273.7,160.6,486.3,-1,-1,-1,-1
121,5,1138.7,258.2,226.8,537.0,-1,-1,-1,-1
121,4,1346.0,277.6,199.8,460.9,-1,-1,-1,-1
121,3,878.2,224.4,225.4,639.6,-1,-1,-1,-1
121,1,537.3,282.5,172.8,414.1,-1,-1,-1,-1
122,6,733.1,270.2,124.2,492.6,-1,-1,-1,-1
122,5,1196.1,266.5,170.1,529.4,-1,-1,-1,-1
122,4,1387.8,277.1,159.3,461.4,-1,-1,-1,-1
122,3,884.2,230.3,276.8,635.0,-1,-1,-1,-1
122,1,564.6,258.0,143.4,439.9,-1,-1,-1,-1
123,6,733.1,269.0,124.2,493.8,-1,-1,-1,-1
123,5,1193.4,270.0,172.8,525.2,-1,-1,-1,-1
123,4,1387.8,277.1,162.0,461.4,-1,-1,-1,-1
123,3,875.5,235.1,310.5,628.9,-1,-1,-1,-1
123,1,583.2,233.9,129.6,464.1,-1,-1,-1,-1
124,6,725.0,273.4,139.0,488.7,-1,-1,-1,-1
124,5,1194.1,272.4,245.0,522.8,-1,-1,-1,-1
124,4,1394.6,280.1,153.9,459.0,-1,-1,-1,-1
124,3,895.7,253.3,329.4,610.7,-1,-1,-1,-1
124,1,602.1,205.7,166.7,492.2,-1,-1,-1,-1
125,6,710.8,273.7,160.7,489.0,-1,-1,-1,-1
125,5,1192.7,274.9,309.8,520.3,-1,-1,-1,-1
125,4,1395.9,278.8,164.7,461.7,-1,-1,-1,-1
125,3,895.7,260.9,336.1,603.1,-1,-1,-1,-1
125,1,603.1,237.8,166.4,460.2,-1,-1,-1,-1
126,6,722.2,288.9,212.0,471.8,-1,-1,-1,-1
126,5,1196.8,271.7,357.1,520.8,-1,-1,-1,-1
126,4,1405.4,280.3,248.4,460.9,-1,-1,-1,-1
126,3,903.2,273.7,345.6,588.9,-1,-1,-1,-1
126,1,604.5,237.1,165.0,460.2,-1,-1,-1,-1
127,6,725.6,290.9,199.8,469.8,-1,-1,-1,-1
127,5,1197.5,271.2,361.8,521.9,-1,-1,-1,-1
127,4,1405.4,282.0,278.1,459.8,-1,-1,-1,-1
127,3,903.8,268.8,341.5,596.5,-1,-1,-1,-1
127,1,602.4,258.5,144.1,438.8,-1,-1,-1,-1
128,6,747.9,284.9,183.6,476.6,-1,-1,-1,-1
128,5,1200.2,267.3,347.0,525.1,-1,-1,-1,-1
128,4,1402.7,283.8,307.8,456.0,-1,-1,-1,-1
128,3,910.6,243.2,317.3,621.5,-1,-1,-1,-1
128,1,577.8,282.8,202.5,413.8,-1,-1,-1,-1
129,6,664.9,279.1,261.9,482.3,-1,-1,-1,-1
129,5,1186.7,265.4,328.1,526.3,-1,-1,-1,-1
129,4,1394.6,282.5,310.5,443.8,-1,-1,-1,-1
129,3,876.2,222.2,336.2,642.4,-1,-1,-1,-1
129,2,866.7,228.5,257.9,476.2,-1,-1,-1,-1
129,1,564.3,300.7,218.0,395.9,-1,-1,-1,-1
130,6,684.1,264.4,215.0,497.0,-1,-1,-1,-1
130,5,1153.6,260.7,332.8,531.7,-1,-1,-1,-1
130,4,1354.1,280.6,324.0,440.3,-1,-1,-1,-1
130,3,830.2,197.9,345.6,666.7,-1,-1,-1,-1
130,2,834.3,209.6,256.5,493.8,-1,-1,-1,-1
130,1,538.0,291.4,236.2,397.1,-1,-1,-1,-1
131,6,670.3,258.9,218.7,503.9,-1,-1,-1,-1
131,5,1134.7,255.8,326.0,536.6,-1,-1,-1,-1
131,4,1348.7,280.3,307.8,440.6,-1,-1,-1,-1
131,3,819.5,182.9,342.9,682.4,-1,-1,-1,-1
131,2,837.0,240.3,224.1,461.7,-1,-1,-1,-1
131,1,527.5,281.0,242.7,406.9,-1,-1,-1,-1
132,6,656.1,255.3,243.0,508.1,-1,-1,-1,-1
132,5,1109.0,241.3,326.0,551.1,-1,-1,-1,-1
132,4,1333.8,274.9,272.7,446.7,-1,-1,-1,-1
132,3,816.1,157.6,356.4,706.4,-1,-1,-1,-1
132,1,516.0,257.0,206.2,445.7,-1,-1,-1,-1
133,6,653.4,252.8,245.7,511.3,-1,-1,-1,-1
133,5,1105.0,237.9,332.8,554.5,-1,-1,-1,-1
133,4,1334.5,264.6,243.7,459.0,-1,-1,-1,-1
133,3,815.4,150.9,356.4,714.5,-1,-1,-1,-1
133,1,509.0,243.8,203.2,460.2,-1,-1,-1,-1
134,6,653.7,230.3,234.6,533.8,-1,-1,-1,-1
134,5,1105.0,223.6,286.9,570.2,-1,-1,-1,-1
134,4,1331.1,247.6,226.8,478.1,-1,-1,-1,-1
134,3,810.7,124.5,353.7,739.5,-1,-1,-1,-1
134,1,507.9,198.3,207.6,505.1,-1,-1,-1,-1
135,6,652.4,224.6,227.1,539.5,-1,-1,-1,-1
135,5,1103.6,224.9,266.0,568.2,-1,-1,-1,-1
135,4,1327.1,237.3,229.5,489.0,-1,-1,-1,-1
135,3,808.7,130.9,348.3,733.7,-1,-1,-1,-1
135,1,504.2,191.2,208.6,512.2,-1,-1,-1,-1
136,6,652.4,227.8,221.1,536.3,-1,-1,-1,-1
136,5,1102.3,200.0,266.0,593.2,-1,-1,-1,-1
136,4,1326.4,223.1,235.6,504.6,-1,-1,-1,-1
136,3,808.7,114.8,326.7,749.2,-1,-1,-1,-1
136,1,488.7,231.2,216.0,472.2,-1,-1,-1,-1
137,6,652.7,237.9,216.0,527.5,-1,-1,-1,-1
137,5,1101.6,189.0,267.3,603.5,-1,-1,-1,-1
137,4,1326.4,223.1,238.3,504.6,-1,-1,-1,-1
137,3,811.4,118.5,311.9,749.6,-1,-1,-1,-1
137,1,481.3,277.4,218.7,425.3,-1,-1,-1,-1
138,6,653.4,249.6,209.2,515.9,-1,-1,-1,-1
138,5,1100.2,194.2,268.7,599.6,-1,-1,-1,-1
138,4,1324.4,212.1,240.3,518.2,-1,-1,-1,-1
138,3,813.4,134.3,294.3,733.7,-1,-1,-1,-1
138,1,506.3,279.6,189.0,423.1,-1,-1,-1,-1
139,6,654.1,248.1,207.9,517.4,-1,-1,-1,-1
139,5,1100.2,206.0,268.7,588.4,-1,-1,-1,-1
139,4,1323.0,211.4,240.3,518.2,-1,-1,-1,-1
139,3,814.1,156.9,291.6,709.8,-1,-1,-1,-1
139,1,509.0,278.4,187.0,424.9,-1,-1,-1,-1
140,6,654.8,246.4,206.6,519.1,-1,-1,-1,-1
140,5,1098.2,228.2,270.0,565.7,-1,-1,-1,-1
140,4,1325.0,232.5,236.9,495.1,-1,-1,-1,-1
140,3,810.0,216.7,293.0,647.3,-1,-1,-1,-1
140,1,510.6,278.1,189.3,424.6,-1,-1,-1,-1
141,6,656.1,246.7,205.2,518.7,-1,-1,-1,-1
141,5,1098.9,235.7,270.0,558.1,-1,-1,-1,-1
141,4,1325.0,247.2,232.9,481.1,-1,-1,-1,-1
141,3,812.7,215.7,291.6,649.7,-1,-1,-1,-1
141,1,511.7,276.6,191.0,426.1,-1,-1,-1,-1
142,6,659.1,246.7,204.9,518.7,-1,-1,-1,-1
142,5,1103.6,233.9,264.6,559.9,-1,-1,-1,-1
142,4,1325.0,256.7,224.8,471.0,-1,-1,-1,-1
142,3,810.0,213.8,293.0,650.9,-1,-1,-1,-1
142,1,512.3,274.4,192.4,427.6,-1,-1,-1,-1
143,6,659.8,248.6,210.3,516.2,-1,-1,-1,-1
143,5,1110.4,233.2,257.9,560.6,-1,-1,-1,-1
143,4,1323.0,255.8,224.1,471.8,-1,-1,-1,-1
143,3,814.7,215.0,288.9,650.4,-1,-1,-1,-1
143,1,513.0,273.7,190.4,428.3,-1,-1,-1,-1
144,6,662.9,253.6,237.6,511.8,-1,-1,-1,-1
144,5,1117.8,232.9,251.1,560.2,-1,-1,-1,-1
144,4,1325.7,256.8,221.4,469.5,-1,-1,-1,-1
144,3,812.7,216.7,288.9,648.7,-1,-1,-1,-1
144,1,513.7,272.2,190.4,430.5,-1,-1,-1,-1
145,6,663.5,256.7,253.8,510.1,-1,-1,-1,-1
145,5,1118.5,234.1,251.1,557.7,-1,-1,-1,-1
145,4,1325.0,257.3,222.1,471.0,-1,-1,-1,-1
145,3,814.1,218.4,287.5,647.0,-1,-1,-1,-1
145,1,513.7,271.4,195.1,431.3,-1,-1,-1,-1
146,6,664.5,262.1,286.5,503.4,-1,-1,-1,-1
146,5,1118.5,237.6,252.4,554.9,-1,-1,-1,-1
146,4,1325.0,257.5,223.4,471.5,-1,-1,-1,-1
146,3,815.4,222.2,286.2,643.8,-1,-1,-1,-1
146,1,513.7,272.5,214.7,430.1,-1,-1,-1,-1
147,6,663.9,264.6,255.5,500.2,-1,-1,-1,-1
147,5,1118.5,241.0,253.8,551.5,-1,-1,-1,-1
147,4,1327.1,258.4,221.4,467.9,-1,-1,-1,-1
147,3,819.5,224.3,280.8,642.4,-1,-1,-1,-1
147,1,513.0,272.9,222.8,429.8,-1,-1,-1,-1
148,6,645.6,271.0,280.5,493.1,-1,-1,-1,-1
148,5,1119.8,251.9,255.2,541.2,-1,-1,-1,-1
148,4,1329.1,261.1,220.7,462.5,-1,-1,-1,-1
148,3,819.5,234.6,311.9,630.8,-1,-1,-1,-1
148,2,844.4,239.0,206.5,466.4,-1,-1,-1,-1
148,1,516.0,275.2,227.8,426.1,-1,-1,-1,-1
149,6,616.3,275.1,326.7,489.0,-1,-1,-1,-1
149,5,1120.5,256.8,255.2,537.0,-1,-1,-1,-1
149,4,1329.1,265.4,220.7,457.5,-1,-1,-1,-1
149,3,815.4,236.8,340.2,627.2,-1,-1,-1,-1
149,1,517.0,276.4,224.1,424.2,-1,-1,-1,-1
150,6,584.6,288.6,348.3,474.2,-1,-1,-1,-1
150,5,1118.5,268.6,274.7,525.2,-1,-1,-1,-1
150,4,1328.4,268.3,221.4,449.9,-1,-1,-1,-1
150,3,758.7,242.8,419.9,622.5,-1,-1,-1,-1
150,1,508.3,278.3,209.2,422.4,-1,-1,-1,-1
151,6,584.6,294.0,348.3,468.8,-1,-1,-1,-1
151,5,1103.6,273.2,305.8,519.9,-1,-1,-1,-1
151,4,1329.1,272.2,223.4,446.0,-1,-1,-1,-1
151,3,744.5,252.1,457.7,613.2,-1,-1,-1,-1
151,1,477.2,280.6,246.4,419.3,-1,-1,-1,-1
152,6,594.0,309.2,336.2,453.6,-1,-1,-1,-1
152,5,1065.2,285.2,367.2,508.6,-1,-1,-1,-1
152,4,1325.7,279.5,229.5,441.5,-1,-1,-1,-1
152,3,729.7,275.4,453.6,589.3,-1,-1,-1,-1
152,1,444.2,286.0,294.3,415.3,-1,-1,-1,-1
153,6,603.1,313.2,318.9,450.2,-1,-1,-1,-1
153,5,1054.3,289.2,382.1,504.6,-1,-1,-1,-1
153,4,1319.0,282.2,240.3,438.8,-1,-1,-1,-1
153,3,734.4,286.4,441.5,578.3,-1,-1,-1,-1
153,1,442.1,288.2,307.8,413.1,-1,-1,-1,-1
154,6,619.0,318.8,303.8,446.0,-1,-1,-1,-1
154,5,1051.7,293.8,386.1,501.4,-1,-1,-1,-1
154,4,1315.6,289.9,261.2,435.0,-1,-1,-1,-1
154,3,730.4,295.1,440.1,570.2,-1,-1,-1,-1
154,1,444.5,291.6,302.7,408.4,-1,-1,-1,-1
155,6,624.0,319.6,296.0,444.5,-1,-1,-1,-1
155,5,1053.0,295.3,383.4,499.8,-1,-1,-1,-1
155,4,1293.3,294.3,291.6,428.6,-1,-1,-1,-1
155,3,733.7,300.9,440.1,564.5,-1,-1,-1,-1
155,2,773.6,298.0,346.9,447.2,-1,-1,-1,-1
155,1,446.9,292.4,300.4,407.5,-1,-1,-1,-1
156,6,635.2,312.2,270.0,453.3,-1,-1,-1,-1
156,5,1055.7,295.5,382.0,499.0,-1,-1,-1,-1
156,4,1277.1,296.7,318.6,417.5,-1,-1,-1,-1
156,3,732.4,302.1,440.1,561.9,-1,-1,-1,-1
156,2,808.7,298.7,311.8,450.6,-1,-1,-1,-1
156,1,457.7,292.1,287.5,407.2,-1,-1,-1,-1
157,6,629.1,308.1,267.3,456.0,-1,-1,-1,-1
157,5,1064.5,295.1,378.7,499.3,-1,-1,-1,-1
157,4,1282.5,298.0,321.3,416.1,-1,-1,-1,-1
157,3,733.1,301.7,437.4,562.3,-1,-1,-1,-1
157,2,833.0,293.3,264.6,445.2,-1,-1,-1,-1
157,1,464.1,289.6,275.7,409.7,-1,-1,-1,-1
158,6,644.0,296.5,234.9,468.3,-1,-1,-1,-1
158,5,1044.9,293.6,414.5,500.2,-1,-1,-1,-1
158,4,1285.2,299.0,329.4,417.2,-1,-1,-1,-1
158,3,770.9,289.4,401.0,574.6,-1,-1,-1,-1
158,2,839.0,278.9,218.7,443.3,-1,-1,-1,-1
158,1,471.5,285.9,245.4,413.4,-1,-1,-1,-1
159,6,649.4,289.9,229.5,474.2,-1,-1,-1,-1
159,5,1058.4,291.6,418.5,502.2,-1,-1,-1,-1
159,4,1302.1,297.3,317.9,420.9,-1,-1,-1,-1
159,3,804.6,279.6,341.5,585.1,-1,-1,-1,-1
159,2,845.8,272.9,199.8,448.7,-1,-1,-1,-1
159,1,472.8,284.0,234.6,415.3,-1,-1,-1,-1
160,6,667.9,278.1,196.8,484.0,-1,-1,-1,-1
160,5,1106.3,284.3,331.4,510.1,-1,-1,-1,-1
160,4,1310.9,295.8,310.5,423.1,-1,-1,-1,-1
160,3,817.4,255.3,290.2,610.7,-1,-1,-1,-1
160,2,857.9,318.1,178.2,385.9,-1,-1,-1,-1
160,1,472.5,280.6,237.6,418.7,-1,-1,-1,-1
161,6,675.7,274.9,182.2,487.9,-1,-1,-1,-1
161,5,1125.9,281.6,259.2,514.2,-1,-1,-1,-1
161,4,1313.6,294.3,307.8,424.6,-1,-1,-1,-1
161,3,831.6,248.4,275.4,617.6,-1,-1,-1,-1
161,2,875.5,313.5,159.3,388.5,-1,-1,-1,-1
161,1,468.5,281.3,236.9,419.3,-1,-1,-1,-1
162,6,688.5,270.7,171.5,491.4,-1,-1,-1,-1
162,5,1164.4,280.5,216.0,513.3,-1,-1,-1,-1
162,4,1331.1,295.7,275.4,424.6,-1,-1,-1,-1
162,3,878.9,232.9,229.5,631.1,-1,-1,-1,-1
162,2,909.2,341.2,135.0,360.8,-1,-1,-1,-1
162,1,473.5,283.7,252.1,415.6,-1,-1,-1,-1
163,6,692.6,273.7,166.0,489.0,-1,-1,-1,-1
163,5,1178.6,281.8,201.2,513.3,-1,-1,-1,-1
163,4,1340.6,297.2,224.1,423.1,-1,-1,-1,-1
163,3,884.2,229.0,224.1,635.0,-1,-1,-1,-1
163,1,492.1,287.2,229.5,413.4,-1,-1,-1,-1
164,6,674.7,280.0,183.9,482.8,-1,-1,-1,-1
164,5,1194.8,281.0,185.0,516.2,-1,-1,-1,-1
164,4,1375.7,299.5,180.9,422.0,-1,-1,-1,-1
164,3,878.9,231.4,270.0,627.2,-1,-1,-1,-1
164,1,536.6,291.9,168.1,408.7,-1,-1,-1,-1
165,6,675.0,279.8,185.0,481.6,-1,-1,-1,-1
165,5,1191.4,278.9,187.7,518.2,-1,-1,-1,-1
165,4,1377.0,297.5,178.2,423.4,-1,-1,-1,-1
165,3,885.6,235.1,276.8,626.2,-1,-1,-1,-1
165,1,536.6,290.6,168.1,410.1,-1,-1,-1,-1
166,6,675.3,275.2,210.3,484.8,-1,-1,-1,-1
166,5,1153.6,274.6,228.2,521.9,-1,-1,-1,-1
166,4,1375.7,290.2,180.9,431.3,-1,-1,-1,-1
166,3,868.7,241.3,305.1,618.6,-1,-1,-1,-1
166,1,532.6,280.3,173.5,419.7,-1,-1,-1,-1
167,6,678.7,272.0,227.8,488.7,-1,-1,-1,-1
167,5,1140.8,271.9,251.1,524.0,-1,-1,-1,-1
167,4,1375.0,284.3,184.3,436.6,-1,-1,-1,-1
167,3,866.7,240.1,306.5,621.2,-1,-1,-1,-1
167,1,533.2,274.1,179.6,424.6,-1,-1,-1,-1
168,6,677.4,269.2,262.2,492.2,-1,-1,-1,-1
168,5,1098.2,269.5,359.8,531.7,-1,-1,-1,-1
168,4,1346.6,278.3,243.7,433.2,-1,-1,-1,-1
168,3,883.6,232.5,287.5,630.1,-1,-1,-1,-1
168,1,512.0,263.4,219.7,436.6,-1,-1,-1,-1
169,6,669.6,267.5,272.7,494.6,-1,-1,-1,-1
169,5,1080.7,266.8,392.2,537.8,-1,-1,-1,-1
169,4,1315.6,275.9,289.6,442.3,-1,-1,-1,-1
169,3,872.8,231.4,301.1,628.6,-1,-1,-1,-1
169,1,510.0,259.5,219.7,441.1,-1,-1,-1,-1
170,6,648.3,265.8,294.0,496.3,-1,-1,-1,-1
170,5,1050.3,266.1,440.1,541.2,-1,-1,-1,-1
170,4,1290.6,276.6,332.1,446.3,-1,-1,-1,-1
170,3,837.0,230.5,386.1,629.4,-1,-1,-1,-1
170,1,494.8,259.4,237.6,442.6,-1,-1,-1,-1
171,6,636.5,264.8,320.0,497.3,-1,-1,-1,-1
171,5,1038.2,266.3,450.9,534.3,-1,-1,-1,-1
171,4,1275.1,276.6,346.3,446.3,-1,-1,-1,-1
171,3,822.2,231.5,399.6,625.1,-1,-1,-1,-1
171,1,487.7,261.1,256.2,442.3,-1,-1,-1,-1
172,6,607.5,265.6,364.5,495.8,-1,-1,-1,-1
172,5,1020.6,263.6,483.3,534.3,-1,-1,-1,-1
172,4,1333.8,277.6,291.6,443.3,-1,-1,-1,-1
172,3,789.1,224.6,438.8,627.2,-1,-1,-1,-1
172,1,480.6,266.0,264.6,434.7,-1,-1,-1,-1
173,6,587.9,269.5,369.9,490.6,-1,-1,-1,-1
173,5,996.3,264.1,510.3,533.8,-1,-1,-1,-1
173,4,1361.5,276.6,265.3,440.3,-1,-1,-1,-1
173,3,774.9,224.3,455.0,627.6,-1,-1,-1,-1
173,1,480.3,270.0,271.7,431.3,-1,-1,-1,-1
174,6,590.0,272.9,352.4,490.6,-1,-1,-1,-1
174,5,1185.3,260.7,309.2,535.8,-1,-1,-1,-1
174,4,1283.9,282.3,353.7,437.2,-1,-1,-1,-1
174,3,753.3,226.8,476.6,623.7,-1,-1,-1,-1
174,1,487.7,264.8,258.9,436.6,-1,-1,-1,-1
175,6,591.3,274.2,341.5,490.6,-1,-1,-1,-1
175,5,1186.7,261.1,314.6,533.4,-1,-1,-1,-1
175,4,1284.5,288.6,358.4,432.3,-1,-1,-1,-1
175,3,743.2,226.6,495.4,622.5,-1,-1,-1,-1
175,1,493.4,254.8,253.1,447.2,-1,-1,-1,-1
176,6,586.6,266.0,359.1,495.5,-1,-1,-1,-1
176,5,1026.0,247.9,475.2,545.2,-1,-1,-1,-1
176,4,1292.6,277.9,349.0,440.3,-1,-1,-1,-1
176,3,738.5,228.3,438.8,621.5,-1,-1,-1,-1
176,1,511.0,233.9,217.4,466.8,-1,-1,-1,-1
177,6,594.7,237.8,345.6,529.7,-1,-1,-1,-1
177,5,1050.3,237.4,444.2,552.3,-1,-1,-1,-1
177,4,1287.9,253.6,353.7,463.2,-1,-1,-1,-1
177,3,733.1,232.0,488.7,619.8,-1,-1,-1,-1
177,1,529.2,221.4,189.7,479.3,-1,-1,-1,-1
178,6,608.5,215.2,325.0,542.9,-1,-1,-1,-1
178,5,1057.1,210.1,425.2,583.7,-1,-1,-1,-1
178,4,1298.0,238.8,327.4,478.1,-1,-1,-1,-1
178,3,731.7,230.3,496.8,622.9,-1,-1,-1,-1
178,1,505.6,205.0,209.2,499.0,-1,-1,-1,-1
179,6,606.5,208.4,312.9,548.3,-1,-1,-1,-1
179,5,1078.7,200.0,392.8,596.5,-1,-1,-1,-1
179,4,1282.5,217.9,334.8,501.0,-1,-1,-1,-1
179,3,728.3,230.0,484.7,622.5,-1,-1,-1,-1
179,1,491.7,199.0,217.0,505.1,-1,-1,-1,-1
180,6,618.3,207.2,299.7,554.9,-1,-1,-1,-1
180,5,1052.3,179.7,407.0,621.5,-1,-1,-1,-1
180,4,1265.0,210.3,332.1,509.3,-1,-1,-1,-1
180,3,741.8,204.9,457.7,648.3,-1,-1,-1,-1
180,1,492.8,204.9,218.7,499.8,-1,-1,-1,-1
181,6,622.7,202.5,285.2,556.9,-1,-1,-1,-1
181,5,1055.7,167.7,395.5,631.5,-1,-1,-1,-1
181,4,1268.3,208.7,315.2,510.1,-1,-1,-1,-1
181,3,753.3,190.7,450.9,659.8,-1,-1,-1,-1
181,1,494.8,203.0,216.7,501.0,-1,-1,-1,-1
182,6,644.6,190.9,255.2,571.2,-1,-1,-1,-1
182,5,1075.3,126.7,347.6,670.4,-1,-1,-1,-1
182,4,1290.6,193.4,264.6,527.5,-1,-1,-1,-1
182,3,767.5,150.2,418.5,697.6,-1,-1,-1,-1
182,1,498.2,189.8,214.0,516.2,-1,-1,-1,-1
183,6,663.9,187.0,226.5,572.4,-1,-1,-1,-1
183,5,1092.2,115.8,306.5,678.0,-1,-1,-1,-1
183,4,1312.9,185.5,230.2,531.4,-1,-1,-1,-1
183,3,779.0,117.1,391.5,729.3,-1,-1,-1,-1
183,1,498.5,185.1,213.6,520.3,-1,-1,-1,-1
184,6,698.0,167.9,168.8,592.8,-1,-1,-1,-1
184,5,1123.9,125.0,248.4,666.7,-1,-1,-1,-1
184,4,1358.8,182.9,155.9,536.6,-1,-1,-1,-1
184,3,823.5,117.5,306.5,726.3,-1,-1,-1,-1
184,1,514.4,191.5,197.8,509.8,-1,-1,-1,-1
185,6,704.0,174.7,147.2,584.7,-1,-1,-1,-1
185,5,1150.2,127.7,209.2,664.0,-1,-1,-1,-1
185,4,1375.0,179.6,135.7,542.0,-1,-1,-1,-1
185,3,891.7,101.9,206.5,739.1,-1,-1,-1,-1
185,1,531.2,210.3,182.9,491.7,-1,-1,-1,-1
186,6,704.0,161.0,152.5,599.1,-1,-1,-1,-1
186,5,1184.0,127.7,155.2,665.4,-1,-1,-1,-1
186,4,1375.7,185.0,143.1,534.6,-1,-1,-1,-1
186,3,892.4,101.6,228.1,740.8,-1,-1,-1,-1
186,1,541.7,236.8,171.1,465.2,-1,-1,-1,-1
187,6,703.4,165.0,172.8,593.7,-1,-1,-1,-1
187,5,1181.2,128.1,151.2,666.4,-1,-1,-1,-1
187,4,1375.7,185.0,151.2,534.6,-1,-1,-1,-1
187,3,891.7,89.1,249.8,754.0,-1,-1,-1,-1
187,1,542.0,248.4,172.1,453.6,-1,-1,-1,-1
188,6,704.0,187.1,206.5,570.2,-1,-1,-1,-1
188,5,1179.9,115.8,189.0,678.0,-1,-1,-1,-1
188,4,1375.7,194.2,164.7,526.0,-1,-1,-1,-1
188,3,894.4,110.7,255.2,736.4,-1,-1,-1,-1
188,1,540.3,261.1,191.4,440.3,-1,-1,-1,-1
189,6,702.7,198.5,218.7,560.2,-1,-1,-1,-1
189,5,1179.2,119.8,222.1,678.0,-1,-1,-1,-1
189,4,1375.7,208.9,167.4,510.6,-1,-1,-1,-1
189,3,895.1,117.5,252.4,730.4,-1,-1,-1,-1
189,1,538.3,263.6,197.4,438.4,-1,-1,-1,-1
190,6,708.8,227.3,213.3,533.4,-1,-1,-1,-1
190,5,1177.9,185.0,239.6,625.0,-1,-1,-1,-1
190,4,1374.3,243.7,194.4,477.2,-1,-1,-1,-1
190,3,896.4,176.3,247.1,672.1,-1,-1,-1,-1
190,2,911.9,191.7,213.3,500.2,-1,-1,-1,-1
190,1,535.6,260.9,201.5,443.8,-1,-1,-1,-1
191,6,709.4,233.7,211.9,528.4,-1,-1,-1,-1
191,5,1171.8,204.4,249.8,605.6,-1,-1,-1,-1
191,4,1375.7,247.2,202.5,473.7,-1,-1,-1,-1
191,3,897.8,181.7,244.4,666.7,-1,-1,-1,-1
191,2,928.1,223.6,205.2,473.0,-1,-1,-1,-1
191,1,533.2,262.1,203.9,443.3,-1,-1,-1,-1
192,6,702.7,237.6,217.3,523.1,-1,-1,-1,-1
192,5,1166.4,209.4,252.5,599.9,-1,-1,-1,-1
192,4,1374.3,244.0,202.5,476.9,-1,-1,-1,-1
192,3,891.7,172.1,247.1,675.7,-1,-1,-1,-1
192,2,920.7,221.4,203.9,471.8,-1,-1,-1,-1
192,1,537.3,261.6,203.9,444.5,-1,-1,-1,-1
193,6,698.6,236.8,220.1,524.0,-1,-1,-1,-1
193,5,1163.7,205.9,253.8,603.5,-1,-1,-1,-1
193,4,1373.6,244.5,205.9,475.7,-1,-1,-1,-1
193,3,890.3,156.6,248.4,691.9,-1,-1,-1,-1
193,2,920.0,221.2,202.5,473.3,-1,-1,-1,-1
193,1,541.7,261.6,199.5,444.5,-1,-1,-1,-1
194,6,691.2,242.5,225.5,518.2,-1,-1,-1,-1
194,5,1178.6,212.3,238.9,597.7,-1,-1,-1,-1
194,4,1368.9,247.4,213.3,472.2,-1,-1,-1,-1
194,3,882.9,186.3,256.5,661.5,-1,-1,-1,-1
194,2,923.4,225.1,198.5,468.8,-1,-1,-1,-1
194,1,542.7,261.9,197.8,444.2,-1,-1,-1,-1
195,6,691.2,249.1,225.5,511.0,-1,-1,-1,-1
195,5,1178.6,214.8,238.9,596.5,-1,-1,-1,-1
195,4,1368.9,248.1,213.3,471.5,-1,-1,-1,-1
195,3,881.6,189.7,257.8,657.4,-1,-1,-1,-1
195,2,922.7,231.0,187.6,457.5,-1,-1,-1,-1
195,1,542.4,261.2,200.8,444.8,-1,-1,-1,-1
196,6,692.6,259.9,221.4,500.2,-1,-1,-1,-1
196,5,1181.2,214.7,237.6,595.3,-1,-1,-1,-1
196,4,1362.2,248.2,221.4,470.6,-1,-1,-1,-1
196,3,868.7,203.3,266.0,641.1,-1,-1,-1,-1
196,2,922.1,233.2,164.7,455.6,-1,-1,-1,-1
196,1,542.0,261.4,201.8,440.6,-1,-1,-1,-1
197,6,692.6,261.4,220.0,497.3,-1,-1,-1,-1
197,5,1181.9,215.3,235.6,594.0,-1,-1,-1,-1
197,4,1357.4,247.1,223.4,471.8,-1,-1,-1,-1
197,3,866.0,200.1,263.2,639.6,-1,-1,-1,-1
197,2,897.8,213.1,190.3,509.8,-1,-1,-1,-1
197,1,541.7,261.7,201.5,440.3,-1,-1,-1,-1
198,6,693.9,260.7,218.7,496.6,-1,-1,-1,-1
198,5,1188.0,216.5,230.9,591.5,-1,-1,-1,-1
198,4,1333.1,230.5,230.2,486.3,-1,-1,-1,-1
198,3,854.6,200.5,241.7,638.6,-1,-1,-1,-1
198,2,904.5,229.8,195.8,497.8,-1,-1,-1,-1
198,1,541.4,261.2,201.8,441.5,-1,-1,-1,-1
199,6,693.9,257.2,210.6,500.2,-1,-1,-1,-1
199,5,1192.7,216.2,224.8,591.8,-1,-1,-1,-1
199,4,1315.6,219.9,235.6,494.3,-1,-1,-1,-1
199,3,843.8,202.3,233.6,634.7,-1,-1,-1,-1
199,2,899.1,233.2,205.2,489.0,-1,-1,-1,-1
199,1,540.7,260.9,202.5,441.1,-1,-1,-1,-1
200,6,688.5,250.4,186.3,506.3,-1,-1,-1,-1
200,5,1192.1,217.2,211.9,581.3,-1,-1,-1,-1
200,4,1290.6,234.1,210.6,480.8,-1,-1,-1,-1
200,3,814.7,214.5,212.0,622.5,-1,-1,-1,-1
200,2,916.7,273.5,222.8,419.7,-1,-1,-1,-1
200,1,539.7,259.4,197.4,442.6,-1,-1,-1,-1
201,6,688.5,247.9,172.8,507.4,-1,-1,-1,-1
201,5,1189.4,221.9,205.2,566.5,-1,-1,-1,-1
201,4,1278.5,245.4,187.7,470.1,-1,-1,-1,-1
201,3,785.0,217.0,251.1,618.6,-1,-1,-1,-1
201,2,907.2,234.6,245.7,486.3,-1,-1,-1,-1
201,1,539.3,258.4,201.8,443.0,-1,-1,-1,-1
202,6,685.5,247.6,171.8,507.8,-1,-1,-1,-1
202,5,1179.2,230.0,198.4,553.7,-1,-1,-1,-1
202,4,1282.5,242.8,144.5,475.4,-1,-1,-1,-1
202,3,764.1,213.6,267.3,623.4,-1,-1,-1,-1
202,2,908.6,257.9,245.7,431.3,-1,-1,-1,-1
202,1,537.3,257.2,191.0,444.1,-1,-1,-1,-1
203,6,681.8,251.4,203.9,515.4,-1,-1,-1,-1
203,5,1167.8,233.2,199.8,551.1,-1,-1,-1,-1
203,4,1254.8,242.0,174.8,474.9,-1,-1,-1,-1
203,3,754.0,214.8,263.2,626.2,-1,-1,-1,-1
203,2,911.2,261.7,230.9,426.1,-1,-1,-1,-1
203,1,535.6,256.7,177.9,448.7,-1,-1,-1,-1
204,6,683.8,258.7,163.3,496.6,-1,-1,-1,-1
204,5,1161.0,228.8,180.9,565.7,-1,-1,-1,-1
204,4,1200.8,238.4,227.5,483.1,-1,-1,-1,-1
204,3,709.4,216.7,282.1,625.1,-1,-1,-1,-1
204,2,889.0,269.2,217.4,445.7,-1,-1,-1,-1
204,1,527.9,257.3,159.3,454.8,-1,-1,-1,-1
205,6,683.8,265.6,163.3,476.9,-1,-1,-1,-1
205,5,1160.3,232.5,182.2,562.6,-1,-1,-1,-1
205,4,1171.8,243.0,255.2,476.6,-1,-1,-1,-1
205,3,674.0,227.8,316.9,613.2,-1,-1,-1,-1
205,2,916.7,274.1,170.1,444.1,-1,-1,-1,-1
205,1,522.5,259.2,155.2,456.3,-1,-1,-1,-1
206,6,709.4,273.0,151.2,456.0,-1,-1,-1,-1
206,5,1163.7,231.7,183.6,564.8,-1,-1,-1,-1
206,4,1152.2,235.1,273.4,485.8,-1,-1,-1,-1
206,3,647.0,246.0,341.2,593.7,-1,-1,-1,-1
206,2,925.4,282.5,130.9,441.1,-1,-1,-1,-1
206,1,509.6,265.1,160.0,457.8,-1,-1,-1,-1
207,5,1170.5,230.7,175.5,566.5,-1,-1,-1,-1
207,4,1154.9,237.8,268.0,483.1,-1,-1,-1,-1
207,3,646.3,251.3,341.2,588.4,-1,-1,-1,-1
207,2,927.5,281.1,124.2,450.6,-1,-1,-1,-1
207,1,507.6,267.8,169.4,454.4,-1,-1,-1,-1
208,5,1183.3,231.0,182.2,566.8,-1,-1,-1,-1
208,3,644.3,245.7,332.4,590.6,-1,-1,-1,-1
208,2,931.5,272.0,128.2,461.7,-1,-1,-1,-1
208,1,502.2,272.0,197.8,452.9,-1,-1,-1,-1
209,5,1190.7,231.0,171.4,564.8,-1,-1,-1,-1
209,3,644.0,246.2,307.8,591.5,-1,-1,-1,-1
209,2,933.5,267.3,129.6,467.1,-1,-1,-1,-1
209,1,502.9,268.3,208.6,456.6,-1,-1,-1,-1
210,5,1197.5,222.8,166.0,575.8,-1,-1,-1,-1
210,3,641.9,239.6,232.2,590.6,-1,-1,-1,-1
210,2,934.2,257.5,133.6,476.9,-1,-1,-1,-1
210,1,523.1,259.7,201.2,465.2,-1,-1,-1,-1
211,6,758.7,258.2,141.8,453.3,-1,-1,-1,-1
211,5,1201.5,223.3,162.0,574.6,-1,-1,-1,-1
211,4,1130.6,261.1,139.1,440.3,-1,-1,-1,-1
211,3,639.9,235.2,198.5,595.0,-1,-1,-1,-1
211,2,934.9,254.0,133.6,481.1,-1,-1,-1,-1
211,1,541.0,254.6,171.8,471.0,-1,-1,-1,-1
212,6,772.2,254.3,128.2,462.5,-1,-1,-1,-1
212,5,1203.5,222.9,159.3,570.2,-1,-1,-1,-1
212,4,1096.9,258.0,139.1,437.2,-1,-1,-1,-1
212,3,625.1,226.8,189.0,603.4,-1,-1,-1,-1
212,2,918.7,245.9,157.9,489.9,-1,-1,-1,-1
212,1,561.3,246.4,141.4,474.5,-1,-1,-1,-1
213,6,779.6,256.0,125.6,460.9,-1,-1,-1,-1
213,5,1202.2,221.7,159.3,572.1,-1,-1,-1,-1
213,4,1084.7,256.5,143.1,438.8,-1,-1,-1,-1
213,3,607.5,225.1,194.4,603.8,-1,-1,-1,-1
213,2,914.6,243.7,168.8,495.4,-1,-1,-1,-1
213,1,556.9,243.0,165.4,477.2,-1,-1,-1,-1
214,6,791.8,262.4,141.8,457.1,-1,-1,-1,-1
214,5,1197.5,223.6,159.3,570.2,-1,-1,-1,-1
214,4,1034.8,254.8,170.1,437.7,-1,-1,-1,-1
214,3,573.1,223.9,199.1,600.9,-1,-1,-1,-1
214,2,905.2,243.8,194.4,529.7,-1,-1,-1,-1
215,6,796.5,266.0,144.5,453.6,-1,-1,-1,-1
215,5,1197.5,227.0,156.6,566.8,-1,-1,-1,-1
215,4,1040.2,255.8,156.6,438.1,-1,-1,-1,-1
215,3,554.9,226.8,201.1,598.7,-1,-1,-1,-1
215,2,899.8,249.4,210.6,518.7,-1,-1,-1,-1
216,6,801.9,273.2,147.2,439.6,-1,-1,-1,-1
216,5,1194.8,234.9,159.3,560.3,-1,-1,-1,-1
216,4,990.9,262.2,198.5,434.4,-1,-1,-1,-1
216,3,529.2,236.4,201.2,588.4,-1,-1,-1,-1
216,2,903.2,259.5,222.8,530.2,-1,-1,-1,-1
217,6,804.6,273.2,143.1,436.9,-1,-1,-1,-1
217,5,1192.7,240.3,162.0,556.9,-1,-1,-1,-1
217,4,988.9,262.9,197.1,439.1,-1,-1,-1,-1
217,3,519.4,241.7,206.2,582.5,-1,-1,-1,-1
217,2,911.2,264.6,218.7,536.6,-1,-1,-1,-1
218,6,814.7,271.5,140.4,437.2,-1,-1,-1,-1
218,5,1189.4,243.3,157.9,549.1,-1,-1,-1,-1
218,4,988.2,261.4,187.7,437.2,-1,-1,-1,-1
218,3,513.7,243.5,175.5,573.2,-1,-1,-1,-1
218,2,928.1,260.4,195.8,542.9,-1,-1,-1,-1
218,1,613.9,260.9,223.1,501.9,-1,-1,-1,-1
219,6,821.5,271.4,132.3,424.6,-1,-1,-1,-1
219,5,1188.0,242.8,156.6,548.3,-1,-1,-1,-1
219,4,1000.4,262.1,159.3,443.3,-1,-1,-1,-1
219,3,512.7,244.5,168.8,539.8,-1,-1,-1,-1
219,2,950.4,260.0,163.3,543.2,-1,-1,-1,-1
219,1,612.9,256.3,237.6,507.8,-1,-1,-1,-1
220,6,841.7,264.6,122.8,413.8,-1,-1,-1,-1
220,5,1181.2,242.7,158.0,530.9,-1,-1,-1,-1
220,4,1001.0,255.5,125.6,447.9,-1,-1,-1,-1
220,3,514.0,241.1,143.8,537.8,-1,-1,-1,-1
220,2,965.3,254.6,144.5,552.7,-1,-1,-1,-1
220,1,654.8,244.2,209.2,519.9,-1,-1,-1,-1
221,6,849.2,262.9,122.9,413.8,-1,-1,-1,-1
221,5,1176.5,242.2,160.7,517.9,-1,-1,-1,-1
221,3,514.0,238.4,143.8,541.2,-1,-1,-1,-1
221,2,968.0,251.1,141.8,554.9,-1,-1,-1,-1
221,1,653.4,239.1,212.0,524.3,-1,-1,-1,-1
222,6,863.3,259.5,129.6,409.1,-1,-1,-1,-1
222,5,1173.8,239.3,160.7,511.3,-1,-1,-1,-1
222,3,501.9,234.7,145.8,539.5,-1,-1,-1,-1
222,2,962.6,245.9,149.8,561.4,-1,-1,-1,-1
222,1,662.2,231.0,186.3,531.7,-1,-1,-1,-1
223,6,868.1,257.7,116.1,410.6,-1,-1,-1,-1
223,5,1175.2,237.4,157.9,511.8,-1,-1,-1,-1
223,3,495.5,232.7,148.5,539.5,-1,-1,-1,-1
223,2,949.7,241.8,167.4,564.8,-1,-1,-1,-1
223,1,663.9,227.3,177.2,535.4,-1,-1,-1,-1
224,6,878.2,259.2,118.8,413.1,-1,-1,-1,-1
224,5,1177.2,234.7,152.5,511.8,-1,-1,-1,-1
224,3,492.4,231.7,147.1,539.8,-1,-1,-1,-1
224,2,928.8,236.9,178.2,572.4,-1,-1,-1,-1
224,1,673.7,223.6,168.8,554.0,-1,-1,-1,-1
225,6,884.2,257.2,122.9,438.1,-1,-1,-1,-1
225,5,1177.9,234.2,148.5,513.0,-1,-1,-1,-1
225,3,492.4,232.2,145.8,538.7,-1,-1,-1,-1
225,2,920.7,234.1,183.6,574.6,-1,-1,-1,-1
225,1,680.7,224.4,183.3,562.6,-1,-1,-1,-1
226,6,888.3,267.0,135.0,399.6,-1,-1,-1,-1
226,5,1175.9,235.4,144.4,511.8,-1,-1,-1,-1
226,3,473.9,237.4,164.0,533.4,-1,-1,-1,-1
226,2,922.1,229.2,189.0,579.5,-1,-1,-1,-1
226,1,691.9,231.4,179.6,578.0,-1,-1,-1,-1
227,6,891.0,267.3,143.1,459.0,-1,-1,-1,-1
227,5,1174.5,237.6,141.8,509.0,-1,-1,-1,-1
227,3,469.5,241.8,172.8,529.7,-1,-1,-1,-1
227,2,943.0,231.4,178.2,578.0,-1,-1,-1,-1
227,1,697.3,236.8,171.5,573.2,-1,-1,-1,-1
228,5,1170.5,243.5,140.4,496.3,-1,-1,-1,-1
228,3,468.5,247.4,185.6,524.8,-1,-1,-1,-1
228,2,946.4,229.0,186.3,588.4,-1,-1,-1,-1
228,1,716.2,242.5,152.5,568.2,-1,-1,-1,-1
229,5,1167.1,246.5,141.8,492.6,-1,-1,-1,-1
229,3,469.5,249.8,189.7,523.1,-1,-1,-1,-1
229,2,945.0,228.2,187.6,590.6,-1,-1,-1,-1
229,1,725.6,240.6,145.8,569.4,-1,-1,-1,-1
230,5,1160.3,246.9,141.8,487.5,-1,-1,-1,-1
230,4,887.6,257.3,144.5,473.0,-1,-1,-1,-1
230,3,479.6,250.8,185.6,521.4,-1,-1,-1,-1
230,2,941.6,228.0,197.1,591.5,-1,-1,-1,-1
230,1,719.6,236.6,160.6,572.1,-1,-1,-1,-1
231,5,1157.6,246.0,140.4,481.6,-1,-1,-1,-1
231,4,885.6,255.5,144.5,474.9,-1,-1,-1,-1
231,3,492.1,250.8,173.5,517.4,-1,-1,-1,-1
231,2,938.3,227.5,202.5,594.0,-1,-1,-1,-1
231,1,725.0,234.7,155.2,574.6,-1,-1,-1,-1
232,5,1154.9,245.0,137.7,461.7,-1,-1,-1,-1
232,4,887.6,253.1,135.0,477.2,-1,-1,-1,-1
232,3,533.9,251.9,133.0,499.3,-1,-1,-1,-1
232,2,935.6,224.1,206.6,597.4,-1,-1,-1,-1
232,1,752.0,228.3,151.2,581.7,-1,-1,-1,-1
233,5,1154.9,243.5,136.3,462.5,-1,-1,-1,-1
233,4,886.3,252.1,133.7,476.9,-1,-1,-1,-1
233,3,552.2,252.1,122.8,489.0,-1,-1,-1,-1
233,2,933.5,222.4,210.6,598.4,-1,-1,-1,-1
233,1,754.7,225.6,151.2,583.7,-1,-1,-1,-1
234,5,1157.6,242.5,131.0,465.6,-1,-1,-1,-1
234,4,880.2,249.6,131.0,478.1,-1,-1,-1,-1
234,3,570.4,250.6,128.2,478.4,-1,-1,-1,-1
234,2,929.5,222.1,217.4,594.0,-1,-1,-1,-1
234,1,751.3,216.7,171.5,594.0,-1,-1,-1,-1
235,5,1157.0,242.3,130.9,464.4,-1,-1,-1,-1
235,4,876.8,248.4,139.1,482.0,-1,-1,-1,-1
235,3,576.5,248.6,131.0,481.1,-1,-1,-1,-1
235,2,932.9,222.9,214.6,588.4,-1,-1,-1,-1
235,1,743.9,213.5,191.7,601.3,-1,-1,-1,-1
236,5,1158.3,243.2,128.2,462.9,-1,-1,-1,-1
236,4,860.0,253.6,151.2,478.1,-1,-1,-1,-1
236,3,581.9,246.2,145.8,482.8,-1,-1,-1,-1
236,2,935.6,230.9,216.0,587.3,-1,-1,-1,-1
236,1,737.8,214.3,198.5,603.8,-1,-1,-1,-1
237,5,1157.6,244.0,128.2,462.0,-1,-1,-1,-1
237,4,868.1,253.8,144.5,481.9,-1,-1,-1,-1
237,3,584.6,245.4,160.6,483.6,-1,-1,-1,-1
237,2,939.6,233.9,218.7,586.9,-1,-1,-1,-1
237,1,736.4,218.7,199.8,602.1,-1,-1,-1,-1
238,5,1157.0,244.7,128.2,461.4,-1,-1,-1,-1
238,4,869.4,255.2,149.9,476.6,-1,-1,-1,-1
238,3,587.6,245.5,170.4,482.8,-1,-1,-1,-1
238,2,943.7,240.1,217.3,580.0,-1,-1,-1,-1
238,1,737.1,223.9,201.2,604.3,-1,-1,-1,-1
239,5,1154.9,245.4,129.6,462.0,-1,-1,-1,-1
239,4,864.7,258.0,147.1,481.1,-1,-1,-1,-1
239,3,595.7,245.9,172.5,483.1,-1,-1,-1,-1
239,2,954.5,253.8,199.8,565.7,-1,-1,-1,-1
239,1,737.1,234.9,209.2,595.3,-1,-1,-1,-1
240,5,1157.0,245.9,128.2,460.9,-1,-1,-1,-1
240,4,862.7,257.3,155.2,496.6,-1,-1,-1,-1
240,3,599.7,246.5,168.4,481.1,-1,-1,-1,-1
240,2,955.1,258.4,187.6,561.1,-1,-1,-1,-1
240,1,739.8,242.8,206.5,588.1,-1,-1,-1,-1
241,5,1157.6,245.4,128.2,462.0,-1,-1,-1,-1
241,4,867.4,258.7,166.1,473.7,-1,-1,-1,-1
241,3,611.6,246.9,155.9,475.4,-1,-1,-1,-1
241,2,955.8,264.9,189.0,554.5,-1,-1,-1,-1
241,1,740.5,252.5,203.8,579.2,-1,-1,-1,-1
242,5,1157.6,245.4,128.2,462.0,-1,-1,-1,-1
242,4,867.4,259.0,158.0,478.1,-1,-1,-1,-1
242,3,617.6,247.1,151.2,474.5,-1,-1,-1,-1
242,2,955.8,260.7,197.1,559.4,-1,-1,-1,-1
242,1,731.0,253.1,213.3,579.2,-1,-1,-1,-1
243,5,1156.3,245.9,129.6,460.2,-1,-1,-1,-1
243,4,863.3,263.8,170.1,485.5,-1,-1,-1,-1
243,3,632.8,246.2,140.1,472.7,-1,-1,-1,-1
243,2,957.8,246.5,205.2,571.6,-1,-1,-1,-1
243,1,691.9,241.5,251.1,591.5,-1,-1,-1,-1
244,5,1157.0,245.5,129.6,460.5,-1,-1,-1,-1
244,4,860.0,266.3,172.8,484.3,-1,-1,-1,-1
244,3,637.9,246.2,145.8,472.7,-1,-1,-1,-1
244,2,949.1,238.4,213.3,577.0,-1,-1,-1,-1
244,1,677.4,236.9,264.3,587.3,-1,-1,-1,-1
245,5,1158.3,245.9,128.2,460.9,-1,-1,-1,-1
245,4,860.6,263.4,160.7,485.2,-1,-1,-1,-1
245,3,646.7,245.2,136.3,468.3,-1,-1,-1,-1
245,2,957.2,221.4,217.3,579.2,-1,-1,-1,-1
245,1,674.3,227.8,284.9,597.0,-1,-1,-1,-1
246,5,1157.6,244.9,128.2,460.5,-1,-1,-1,-1
246,4,866.0,261.1,151.2,487.5,-1,-1,-1,-1
246,3,649.4,242.8,133.6,473.3,-1,-1,-1,-1
246,2,981.5,214.8,206.5,585.1,-1,-1,-1,-1
246,1,675.0,227.3,252.5,609.0,-1,-1,-1,-1
247,6,934.2,266.8,106.6,385.3,-1,-1,-1,-1
247,5,1159.7,245.0,128.2,461.7,-1,-1,-1,-1
247,4,876.8,259.9,137.7,509.0,-1,-1,-1,-1
247,2,1049.0,206.0,159.3,591.8,-1,-1,-1,-1
247,1,670.6,234.1,151.5,633.3,-1,-1,-1,-1
248,6,929.5,263.9,110.7,387.4,-1,-1,-1,-1
248,5,1160.3,247.7,128.2,459.0,-1,-1,-1,-1
248,4,864.7,259.7,149.8,533.4,-1,-1,-1,-1
248,2,1047.6,204.5,172.8,589.3,-1,-1,-1,-1
248,1,655.1,237.9,149.5,623.4,-1,-1,-1,-1
249,6,915.3,265.1,122.8,385.6,-1,-1,-1,-1
249,5,1159.0,247.1,129.6,459.0,-1,-1,-1,-1
249,4,829.6,260.9,193.1,551.8,-1,-1,-1,-1
249,2,1042.9,206.7,193.1,591.8,-1,-1,-1,-1
249,1,577.1,239.8,202.5,620.2,-1,-1,-1,-1
250,5,1156.3,246.5,132.3,457.5,-1,-1,-1,-1
250,4,810.0,259.7,259.2,557.7,-1,-1,-1,-1
250,2,1044.9,210.3,203.8,588.9,-1,-1,-1,-1
250,1,541.7,239.5,232.5,604.3,-1,-1,-1,-1
251,5,1159.7,246.2,132.3,457.1,-1,-1,-1,-1
251,4,764.1,259.4,380.7,573.6,-1,-1,-1,-1
251,2,1051.7,213.3,248.4,585.9,-1,-1,-1,-1
251,1,501.2,241.1,267.0,580.3,-1,-1,-1,-1
252,5,1157.0,245.7,137.7,453.6,-1,-1,-1,-1
252,4,742.5,258.7,386.1,574.9,-1,-1,-1,-1
252,2,1051.0,213.3,267.3,585.9,-1,-1,-1,-1
252,1,504.9,239.8,263.2,581.7,-1,-1,-1,-1
253,5,1152.2,243.7,144.4,464.4,-1,-1,-1,-1
253,4,714.2,257.5,449.6,575.4,-1,-1,-1,-1
253,2,1063.1,217.2,276.8,581.3,-1,-1,-1,-1
253,1,527.9,237.4,240.3,583.4,-1,-1,-1,-1
254,5,1149.5,242.8,149.8,467.9,-1,-1,-1,-1
254,4,711.5,257.7,477.9,576.6,-1,-1,-1,-1
254,2,1075.3,221.6,274.1,578.3,-1,-1,-1,-1
254,1,540.0,235.2,228.2,585.6,-1,-1,-1,-1
255,5,1152.2,240.0,145.8,471.5,-1,-1,-1,-1
255,4,687.8,252.3,494.1,588.1,-1,-1,-1,-1
255,3,635.5,246.7,138.0,466.1,-1,-1,-1,-1
255,2,1075.3,232.4,280.8,568.2,-1,-1,-1,-1
255,1,525.5,230.2,221.7,590.6,-1,-1,-1,-1
256,4,725.6,248.9,469.8,592.8,-1,-1,-1,-1
256,3,638.6,250.6,137.7,462.9,-1,-1,-1,-1
256,2,1074.6,234.1,280.8,566.5,-1,-1,-1,-1
256,1,532.2,229.8,198.8,591.0,-1,-1,-1,-1
257,4,758.0,244.2,409.1,599.6,-1,-1,-1,-1
257,3,631.5,248.9,140.7,463.2,-1,-1,-1,-1
257,2,1082.0,237.6,268.7,562.3,-1,-1,-1,-1
257,1,542.4,229.8,192.7,591.0,-1,-1,-1,-1
258,4,787.1,240.1,360.4,604.3,-1,-1,-1,-1
258,3,637.9,250.3,133.7,462.5,-1,-1,-1,-1
258,2,1098.9,240.1,255.2,557.7,-1,-1,-1,-1
258,1,538.7,233.0,192.4,588.4,-1,-1,-1,-1
259,4,853.2,233.2,229.5,613.2,-1,-1,-1,-1
259,3,659.1,251.3,111.7,460.2,-1,-1,-1,-1
259,2,1151.6,241.7,217.3,549.5,-1,-1,-1,-1
259,1,530.2,234.2,175.2,585.9,-1,-1,-1,-1
260,4,891.0,231.4,164.7,622.5,-1,-1,-1,-1
260,3,656.8,251.8,113.4,459.0,-1,-1,-1,-1
260,2,1175.2,241.8,215.3,548.6,-1,-1,-1,-1
260,1,521.8,237.8,181.6,577.0,-1,-1,-1,-1
261,4,909.2,230.9,152.5,625.1,-1,-1,-1,-1
261,3,660.2,252.3,110.7,457.1,-1,-1,-1,-1
261,2,1188.0,236.9,228.2,554.9,-1,-1,-1,-1
261,1,494.4,236.1,200.8,566.5,-1,-1,-1,-1
262,5,1167.8,242.3,162.0,467.1,-1,-1,-1,-1
262,4,906.5,232.2,155.2,623.7,-1,-1,-1,-1
262,3,660.2,251.6,110.7,457.8,-1,-1,-1,-1
262,2,1195.4,234.7,226.1,555.7,-1,-1,-1,-1
262,1,469.1,234.6,208.6,563.3,-1,-1,-1,-1
263,5,1186.7,250.8,132.3,464.7,-1,-1,-1,-1
263,4,904.5,232.5,159.3,623.4,-1,-1,-1,-1
263,3,664.2,251.6,104.0,462.5,-1,-1,-1,-1
263,2,1206.9,230.7,220.1,561.1,-1,-1,-1,-1
263,1,442.5,231.2,204.5,559.9,-1,-1,-1,-1
264,5,1189.4,247.2,122.8,468.3,-1,-1,-1,-1
264,4,903.2,232.2,162.0,623.7,-1,-1,-1,-1
264,3,664.2,250.1,102.6,466.8,-1,-1,-1,-1
264,2,1208.9,228.3,216.7,564.8,-1,-1,-1,-1
264,1,410.1,228.8,220.7,562.3,-1,-1,-1,-1
265,5,1187.3,244.9,128.2,470.6,-1,-1,-1,-1
265,4,898.4,229.7,167.4,626.2,-1,-1,-1,-1
265,3,661.8,248.7,105.6,469.5,-1,-1,-1,-1
265,2,1228.5,228.5,199.8,564.0,-1,-1,-1,-1
265,1,355.7,230.7,263.3,561.1,-1,-1,-1,-1
266,5,1182.6,245.2,135.0,471.0,-1,-1,-1,-1
266,4,891.7,228.0,172.8,627.2,-1,-1,-1,-1
266,3,659.1,246.9,107.7,472.7,-1,-1,-1,-1
266,2,1235.9,231.9,192.4,560.6,-1,-1,-1,-1
266,1,336.8,234.4,278.8,558.1,-1,-1,-1,-1
267,5,1175.9,245.9,130.9,473.7,-1,-1,-1,-1
267,4,876.2,223.1,187.7,632.8,-1,-1,-1,-1
267,3,649.7,243.7,115.8,476.6,-1,-1,-1,-1
267,2,1252.8,245.4,182.2,549.8,-1,-1,-1,-1
267,1,311.5,242.2,299.7,550.3,-1,-1,-1,-1
268,5,1167.1,246.2,139.0,473.3,-1,-1,-1,-1
268,4,868.1,222.8,195.8,632.5,-1,-1,-1,-1
268,3,645.3,244.0,117.4,476.9,-1,-1,-1,-1
268,2,1259.6,255.0,179.6,540.8,-1,-1,-1,-1
268,1,309.0,245.5,296.5,546.9,-1,-1,-1,-1
269,5,1131.3,246.0,179.6,474.9,-1,-1,-1,-1
269,4,852.5,222.4,209.2,632.1,-1,-1,-1,-1
269,3,652.7,243.8,113.4,475.7,-1,-1,-1,-1
269,2,1272.4,265.1,168.1,528.0,-1,-1,-1,-1
269,1,311.9,252.5,273.4,536.6,-1,-1,-1,-1
270,5,1101.6,245.9,203.9,475.7,-1,-1,-1,-1
270,4,846.5,223.8,213.3,630.8,-1,-1,-1,-1
270,3,648.7,243.5,105.3,475.4,-1,-1,-1,-1
270,2,1276.4,264.4,164.0,524.0,-1,-1,-1,-1
270,1,322.0,251.6,248.4,531.4,-1,-1,-1,-1
271,5,1052.3,247.9,248.4,473.7,-1,-1,-1,-1
271,4,841.7,223.4,216.0,631.1,-1,-1,-1,-1
271,3,611.9,246.0,141.4,474.9,-1,-1,-1,-1
271,2,1288.6,263.2,154.6,506.2,-1,-1,-1,-1
271,1,344.2,247.7,174.2,521.1,-1,-1,-1,-1
272,5,1054.3,248.7,249.8,474.9,-1,-1,-1,-1
272,4,843.8,224.4,213.3,631.5,-1,-1,-1,-1
272,3,597.4,247.4,166.1,472.2,-1,-1,-1,-1
272,2,1296.7,262.1,147.8,492.6,-1,-1,-1,-1
272,1,355.1,245.9,157.3,522.3,-1,-1,-1,-1
273,5,1097.6,246.4,210.6,474.5,-1,-1,-1,-1
273,4,849.2,226.6,209.2,628.6,-1,-1,-1,-1
273,3,591.3,249.1,228.1,469.8,-1,-1,-1,-1
273,2,1308.8,259.9,139.7,474.5,-1,-1,-1,-1
273,1,372.6,242.5,133.0,524.3,-1,-1,-1,-1
274,5,1140.1,234.6,166.0,486.3,-1,-1,-1,-1
274,4,855.9,222.1,203.8,632.5,-1,-1,-1,-1
274,3,596.7,249.4,221.4,470.1,-1,-1,-1,-1
274,2,1313.6,258.4,135.0,475.4,-1,-1,-1,-1
274,1,379.7,240.8,122.2,526.0,-1,-1,-1,-1
275,5,1154.9,212.3,145.8,508.6,-1,-1,-1,-1
275,4,872.8,198.8,191.7,655.8,-1,-1,-1,-1
275,3,615.3,249.4,181.2,470.1,-1,-1,-1,-1
275,2,1318.3,253.3,131.6,478.4,-1,-1,-1,-1
275,1,375.3,243.5,123.5,521.9,-1,-1,-1,-1
276,5,1159.7,227.6,139.1,494.6,-1,-1,-1,-1
276,4,884.2,192.7,180.9,661.8,-1,-1,-1,-1
276,3,634.5,246.5,164.7,473.7,-1,-1,-1,-1
276,2,1316.2,250.4,140.4,479.3,-1,-1,-1,-1
276,1,373.3,246.9,125.5,517.9,-1,-1,-1,-1
277,5,1161.0,244.0,125.6,479.6,-1,-1,-1,-1
277,4,906.5,196.4,157.9,658.8,-1,-1,-1,-1
277,3,651.4,209.1,139.1,511.8,-1,-1,-1,-1
277,2,1317.6,248.9,151.2,475.4,-1,-1,-1,-1
277,1,371.9,257.0,133.0,501.0,-1,-1,-1,-1
278,5,1161.7,254.1,121.5,469.5,-1,-1,-1,-1
278,4,914.6,209.8,148.5,644.8,-1,-1,-1,-1
278,3,653.7,232.5,140.1,488.4,-1,-1,-1,-1
278,2,1316.9,249.2,151.9,473.7,-1,-1,-1,-1
278,1,371.9,262.7,135.7,494.6,-1,-1,-1,-1
279,5,1160.3,260.0,124.2,463.6,-1,-1,-1,-1
279,4,911.2,245.2,152.6,609.4,-1,-1,-1,-1
279,3,655.4,258.4,141.8,463.2,-1,-1,-1,-1
279,2,1325.7,252.8,148.5,469.5,-1,-1,-1,-1
279,1,380.0,268.6,133.6,486.7,-1,-1,-1,-1
280,5,1160.3,260.7,126.9,462.9,-1,-1,-1,-1
280,4,905.9,254.1,159.3,599.1,-1,-1,-1,-1
280,3,656.1,260.7,141.8,460.9,-1,-1,-1,-1
280,2,1331.1,256.7,135.0,465.6,-1,-1,-1,-1
280,1,382.4,269.2,133.7,482.8,-1,-1,-1,-1
281,5,1162.4,263.8,135.0,459.8,-1,-1,-1,-1
281,4,903.2,262.2,166.1,591.0,-1,-1,-1,-1
281,3,653.4,263.1,135.0,457.8,-1,-1,-1,-1
281,2,1344.6,262.1,126.9,460.2,-1,-1,-1,-1
281,1,381.7,266.3,141.8,466.8,-1,-1,-1,-1
282,5,1161.0,260.4,141.8,463.2,-1,-1,-1,-1
282,4,904.5,262.2,164.7,591.0,-1,-1,-1,-1
282,3,650.4,256.5,139.4,464.4,-1,-1,-1,-1
282,2,1341.9,263.1,132.3,457.8,-1,-1,-1,-1
282,1,387.1,264.3,140.4,456.6,-1,-1,-1,-1
283,5,1160.3,253.5,152.5,470.1,-1,-1,-1,-1
283,4,908.6,253.5,164.7,598.4,-1,-1,-1,-1
283,3,643.3,251.1,133.7,469.8,-1,-1,-1,-1
283,2,1340.6,263.8,143.1,449.0,-1,-1,-1,-1
283,1,407.4,259.7,128.2,443.0,-1,-1,-1,-1
284,5,1159.7,247.9,155.2,475.7,-1,-1,-1,-1
284,4,900.5,251.6,174.1,600.9,-1,-1,-1,-1
284,3,641.9,245.5,130.9,475.4,-1,-1,-1,-1
284,2,1342.6,263.6,145.1,443.8,-1,-1,-1,-1
284,1,419.2,257.0,118.1,446.3,-1,-1,-1,-1
285,5,1161.0,236.9,151.2,486.7,-1,-1,-1,-1
285,4,891.0,244.4,183.6,608.2,-1,-1,-1,-1
285,3,643.3,227.0,124.2,494.6,-1,-1,-1,-1
285,2,1341.9,264.1,151.2,430.5,-1,-1,-1,-1
285,1,442.5,253.0,116.8,449.0,-1,-1,-1,-1
286,5,1161.7,227.6,145.8,496.6,-1,-1,-1,-1
286,4,891.7,238.6,180.9,614.6,-1,-1,-1,-1
286,3,644.0,223.6,121.5,497.3,-1,-1,-1,-1
286,2,1333.8,264.6,162.0,425.3,-1,-1,-1,-1
286,1,442.5,253.3,132.3,446.7,-1,-1,-1,-1
287,5,1162.4,219.2,129.6,505.1,-1,-1,-1,-1
287,4,900.5,241.0,163.4,614.3,-1,-1,-1,-1
287,3,653.7,227.0,114.4,494.6,-1,-1,-1,-1
287,2,1319.0,265.4,191.7,422.4,-1,-1,-1,-1
287,1,437.4,254.8,174.8,441.8,-1,-1,-1,-1
288,5,1159.7,223.8,126.9,499.8,-1,-1,-1,-1
288,4,901.8,247.7,163.3,608.2,-1,-1,-1,-1
288,3,660.5,231.7,109.0,489.9,-1,-1,-1,-1
288,2,1309.5,263.8,210.6,423.4,-1,-1,-1,-1
288,1,435.7,257.9,185.6,438.8,-1,-1,-1,-1
289,5,1153.6,229.8,128.2,495.1,-1,-1,-1,-1
289,4,896.4,248.1,175.5,606.5,-1,-1,-1,-1
289,3,662.2,241.1,113.4,480.4,-1,-1,-1,-1
289,2,1289.2,261.4,259.2,423.1,-1,-1,-1,-1
289,1,424.9,267.3,202.5,428.6,-1,-1,-1,-1
290,5,1154.2,231.9,132.3,493.1,-1,-1,-1,-1
290,4,893.7,244.5,178.2,610.7,-1,-1,-1,-1
290,3,661.5,244.0,116.1,476.9,-1,-1,-1,-1
290,2,1288.6,259.5,273.4,413.8,-1,-1,-1,-1
290,1,401.0,271.9,239.6,423.4,-1,-1,-1,-1
291,5,1127.9,237.4,170.1,485.5,-1,-1,-1,-1
291,4,876.8,233.2,189.0,613.2,-1,-1,-1,-1
291,3,613.2,247.6,167.7,472.7,-1,-1,-1,-1
291,2,1306.8,257.0,294.3,414.6,-1,-1,-1,-1
291,1,421.2,278.6,207.9,410.6,-1,-1,-1,-1
292,5,1109.0,220.6,190.3,503.0,-1,-1,-1,-1
292,4,841.7,220.6,221.4,622.5,-1,-1,-1,-1
292,3,639.6,237.9,144.1,484.3,-1,-1,-1,-1
292,2,1310.2,257.0,290.9,414.6,-1,-1,-1,-1
292,1,452.2,277.8,268.7,403.7,-1,-1,-1,-1
293,5,1081.3,239.8,229.5,487.9,-1,-1,-1,-1
293,4,781.7,176.5,286.2,679.4,-1,-1,-1,-1
293,3,641.9,252.6,145.8,468.3,-1,-1,-1,-1
293,2,1281.2,255.7,307.8,415.3,-1,-1,-1,-1
293,1,444.2,273.7,239.6,400.3,-1,-1,-1,-1
294,5,1073.2,242.3,228.2,486.7,-1,-1,-1,-1
294,4,762.1,187.1,305.1,672.1,-1,-1,-1,-1
294,3,631.1,256.0,158.0,462.9,-1,-1,-1,-1
294,2,1274.4,255.7,283.5,414.6,-1,-1,-1,-1
294,1,443.8,271.4,183.6,404.3,-1,-1,-1,-1
295,5,1064.5,246.9,205.2,480.8,-1,-1,-1,-1
295,4,751.3,254.8,305.1,606.5,-1,-1,-1,-1
295,3,592.0,246.5,239.0,478.4,-1,-1,-1,-1
295,2,1273.1,258.9,259.2,413.1,-1,-1,-1,-1
295,1,444.5,270.5,185.6,406.5,-1,-1,-1,-1
296,5,1063.1,247.9,201.2,481.1,-1,-1,-1,-1
296,4,757.4,257.3,318.6,604.6,-1,-1,-1,-1
296,3,579.2,258.5,251.1,467.1,-1,-1,-1,-1
296,2,1272.4,259.5,261.2,412.4,-1,-1,-1,-1
296,1,444.5,271.7,184.3,405.0,-1,-1,-1,-1
297,5,1059.8,247.6,199.8,480.8,-1,-1,-1,-1
297,4,757.4,256.7,301.0,604.6,-1,-1,-1,-1
297,3,568.4,264.9,236.9,464.1,-1,-1,-1,-1
297,2,1271.0,260.0,250.4,411.6,-1,-1,-1,-1
297,1,443.8,275.6,183.6,401.5,-1,-1,-1,-1
298,7,939.6,276.6,193.0,378.8,-1,-1,-1,-1
298,5,1059.1,247.2,199.8,481.1,-1,-1,-1,-1
298,4,756.7,254.8,299.7,607.8,-1,-1,-1,-1
298,3,569.7,266.5,224.8,462.5,-1,-1,-1,-1
298,2,1271.0,260.0,247.7,411.6,-1,-1,-1,-1
298,1,444.2,277.4,183.6,399.6,-1,-1,-1,-1
299,7,946.4,275.2,162.0,378.2,-1,-1,-1,-1
299,5,1059.1,246.9,205.2,480.8,-1,-1,-1,-1
299,4,756.0,248.6,276.8,615.4,-1,-1,-1,-1
299,3,573.1,270.2,221.4,458.2,-1,-1,-1,-1
299,2,1267.7,260.0,245.7,411.6,-1,-1,-1,-1
299,1,443.5,276.8,184.3,399.6,-1,-1,-1,-1
300,7,952.4,274.1,143.1,380.7,-1,-1,-1,-1
300,5,1059.8,246.4,209.2,481.9,-1,-1,-1,-1
300,4,756.0,243.5,276.8,619.8,-1,-1,-1,-1
300,3,571.7,270.5,221.4,457.8,-1,-1,-1,-1
300,2,1267.7,260.4,243.0,411.2,-1,-1,-1,-1
300,1,443.1,276.1,185.0,400.3,-1,-1,-1,-1
301,7,953.1,272.7,140.4,381.4,-1,-1,-1,-1
301,5,1058.4,244.0,218.7,483.6,-1,-1,-1,-1
301,4,754.7,235.4,282.2,627.2,-1,-1,-1,-1
301,3,571.1,269.7,220.0,459.3,-1,-1,-1,-1
301,2,1269.0,261.1,232.2,410.6,-1,-1,-1,-1
301,1,442.5,273.4,186.3,403.7,-1,-1,-1,-1
302,7,952.4,271.7,141.8,382.7,-1,-1,-1,-1
302,5,1057.1,243.5,221.4,484.8,-1,-1,-1,-1
302,4,754.0,234.1,282.1,628.6,-1,-1,-1,-1
302,3,570.4,268.8,220.1,460.2,-1,-1,-1,-1
302,2,1268.3,260.7,226.1,411.6,-1,-1,-1,-1
302,1,442.1,272.7,185.6,404.3,-1,-1,-1,-1
303,7,947.7,270.0,151.2,388.1,-1,-1,-1,-1
303,5,1054.3,243.3,229.5,484.3,-1,-1,-1,-1
303,4,753.3,228.0,283.5,634.7,-1,-1,-1,-1
303,3,571.4,267.0,218.4,462.0,-1,-1,-1,-1
303,2,1268.3,261.1,219.4,410.6,-1,-1,-1,-1
303,1,441.5,270.5,187.0,406.5,-1,-1,-1,-1
304,7,942.3,269.3,157.9,387.5,-1,-1,-1,-1
304,5,1053.0,243.3,234.9,484.3,-1,-1,-1,-1
304,4,754.0,224.8,280.8,638.6,-1,-1,-1,-1
304,3,571.7,265.4,219.4,463.6,-1,-1,-1,-1
304,2,1267.7,260.7,220.1,410.9,-1,-1,-1,-1
304,1,442.1,269.0,185.0,408.4,-1,-1,-1,-1
305,7,936.2,269.3,166.0,388.1,-1,-1,-1,-1
305,5,1052.3,243.3,238.9,484.3,-1,-1,-1,-1
305,4,756.0,221.6,276.8,641.1,-1,-1,-1,-1
305,3,571.7,264.3,222.1,464.7,-1,-1,-1,-1
305,2,1267.0,260.4,223.4,411.2,-1,-1,-1,-1
305,1,441.5,268.3,185.6,409.1,-1,-1,-1,-1
306,7,934.2,270.0,168.8,387.5,-1,-1,-1,-1
306,5,1051.7,243.3,243.0,484.3,-1,-1,-1,-1
306,4,756.7,221.6,275.4,641.1,-1,-1,-1,-1
306,3,571.7,263.4,224.8,465.6,-1,-1,-1,-1
306,2,1267.0,260.0,226.1,411.6,-1,-1,-1,-1
306,1,441.8,267.3,185.6,409.7,-1,-1,-1,-1
307,7,935.6,270.7,168.8,387.4,-1,-1,-1,-1
307,5,1051.7,243.5,247.1,484.8,-1,-1,-1,-1
307,4,756.7,222.8,279.4,639.9,-1,-1,-1,-1
307,3,571.1,261.1,232.2,467.9,-1,-1,-1,-1
307,2,1266.3,258.5,232.2,413.1,-1,-1,-1,-1
307,1,442.5,267.0,185.0,409.7,-1,-1,-1,-1
308,7,936.9,269.3,167.4,393.5,-1,-1,-1,-1
308,5,1051.7,243.5,249.8,484.8,-1,-1,-1,-1
308,4,756.7,223.1,279.4,639.6,-1,-1,-1,-1
308,3,570.7,258.4,233.2,470.6,-1,-1,-1,-1
308,2,1265.6,259.5,236.9,412.4,-1,-1,-1,-1
308,1,443.5,267.0,185.0,409.7,-1,-1,-1,-1
309,7,947.7,270.2,151.2,386.6,-1,-1,-1,-1
309,5,1054.3,244.9,248.4,482.8,-1,-1,-1,-1
309,4,756.0,223.4,279.5,639.9,-1,-1,-1,-1
309,3,571.4,256.3,221.7,472.7,-1,-1,-1,-1
309,2,1266.3,260.7,243.0,410.9,-1,-1,-1,-1
309,1,443.8,268.8,185.6,407.5,-1,-1,-1,-1
310,7,945.0,270.2,148.5,385.3,-1,-1,-1,-1
310,5,1055.0,245.2,244.3,483.1,-1,-1,-1,-1
310,4,755.3,224.8,286.2,638.6,-1,-1,-1,-1
310,3,570.4,255.3,213.3,473.7,-1,-1,-1,-1
310,2,1266.3,261.9,248.4,409.7,-1,-1,-1,-1
310,1,444.2,270.2,186.3,406.2,-1,-1,-1,-1
311,7,945.0,273.7,148.5,382.1,-1,-1,-1,-1
311,5,1057.1,246.7,225.4,482.3,-1,-1,-1,-1
311,4,754.7,230.3,284.8,633.7,-1,-1,-1,-1
311,3,571.7,254.1,206.5,474.9,-1,-1,-1,-1
311,2,1271.0,261.9,249.1,409.7,-1,-1,-1,-1
311,1,445.5,273.0,182.2,404.3,-1,-1,-1,-1
312,7,948.4,276.2,147.1,379.2,-1,-1,-1,-1
312,5,1057.7,247.1,213.3,481.9,-1,-1,-1,-1
312,4,753.3,231.9,290.2,632.1,-1,-1,-1,-1
312,3,572.4,254.1,212.6,474.9,-1,-1,-1,-1
312,2,1274.4,261.1,243.0,410.6,-1,-1,-1,-1
312,1,443.8,274.6,180.9,402.5,-1,-1,-1,-1
313,7,950.4,281.5,128.2,374.0,-1,-1,-1,-1
313,5,1058.4,249.8,194.4,479.2,-1,-1,-1,-1
313,4,753.3,234.9,283.5,629.8,-1,-1,-1,-1
313,3,573.8,254.1,224.1,474.9,-1,-1,-1,-1
313,2,1303.4,259.2,203.2,413.1,-1,-1,-1,-1
313,1,443.5,280.0,176.2,397.1,-1,-1,-1,-1
314,7,946.4,284.2,132.3,371.3,-1,-1,-1,-1
314,5,1058.4,250.9,197.1,478.1,-1,-1,-1,-1
314,4,754.7,235.7,278.1,628.9,-1,-1,-1,-1
314,3,572.7,256.0,227.8,473.0,-1,-1,-1,-1
314,2,1320.3,258.2,175.5,413.8,-1,-1,-1,-1
314,1,443.5,282.2,176.9,395.5,-1,-1,-1,-1
315,7,948.4,286.7,140.4,367.4,-1,-1,-1,-1
315,5,1060.4,255.3,207.9,473.7,-1,-1,-1,-1
315,4,753.3,236.4,279.4,627.6,-1,-1,-1,-1
315,3,575.8,260.9,243.0,466.8,-1,-1,-1,-1
315,2,1350.7,256.3,133.0,415.3,-1,-1,-1,-1
315,1,443.8,282.8,178.9,394.2,-1,-1,-1,-1
316,7,952.4,286.4,148.5,368.4,-1,-1,-1,-1
316,5,1064.5,258.5,214.7,469.8,-1,-1,-1,-1
316,4,754.7,237.1,278.1,627.6,-1,-1,-1,-1
316,3,578.5,263.9,229.5,464.4,-1,-1,-1,-1
316,2,1345.3,254.5,142.4,417.1,-1,-1,-1,-1
316,1,444.8,282.8,179.5,394.2,-1,-1,-1,-1
317,7,958.5,284.0,170.1,370.7,-1,-1,-1,-1
317,5,1096.2,253.3,199.8,471.0,-1,-1,-1,-1
317,4,754.0,238.3,274.0,625.1,-1,-1,-1,-1
317,3,601.4,269.7,214.6,456.6,-1,-1,-1,-1
317,2,1333.1,253.1,181.6,417.2,-1,-1,-1,-1
317,1,472.5,282.3,153.2,391.3,-1,-1,-1,-1
318,7,959.9,282.7,175.5,371.4,-1,-1,-1,-1
318,5,1098.2,250.3,214.7,472.7,-1,-1,-1,-1
318,4,754.7,238.6,275.4,625.4,-1,-1,-1,-1
318,3,598.4,270.0,227.8,452.9,-1,-1,-1,-1
318,2,1325.0,257.2,205.9,413.1,-1,-1,-1,-1
318,1,496.8,282.0,137.7,390.3,-1,-1,-1,-1
319,7,969.3,280.5,155.2,374.6,-1,-1,-1,-1
319,5,1088.1,242.2,239.0,480.1,-1,-1,-1,-1
319,4,759.4,237.9,283.5,623.4,-1,-1,-1,-1
319,3,607.5,267.5,207.9,452.1,-1,-1,-1,-1
319,2,1316.9,267.5,222.1,402.8,-1,-1,-1,-1
319,1,473.9,278.1,176.9,394.9,-1,-1,-1,-1
320,7,976.1,282.2,163.3,372.6,-1,-1,-1,-1
320,5,1091.5,234.2,233.6,486.7,-1,-1,-1,-1
320,4,781.7,239.0,353.7,617.6,-1,-1,-1,-1
320,3,616.3,268.0,187.7,450.9,-1,-1,-1,-1
320,2,1322.3,271.4,214.0,398.9,-1,-1,-1,-1
320,1,473.5,277.8,178.9,395.5,-1,-1,-1,-1
321,7,983.5,244.5,147.1,411.6,-1,-1,-1,-1
321,5,1110.4,199.3,191.7,522.3,-1,-1,-1,-1
321,4,799.2,243.7,266.0,606.8,-1,-1,-1,-1
321,3,636.2,231.4,151.5,487.5,-1,-1,-1,-1
321,2,1337.2,231.4,188.3,439.6,-1,-1,-1,-1
321,1,474.9,275.6,160.0,397.4,-1,-1,-1,-1
322,7,979.4,244.0,151.2,413.1,-1,-1,-1,-1
322,5,1123.9,191.4,168.8,530.9,-1,-1,-1,-1
322,4,796.5,246.7,252.5,598.4,-1,-1,-1,-1
322,3,643.6,195.1,144.1,525.2,-1,-1,-1,-1
322,2,1344.6,215.7,175.5,455.6,-1,-1,-1,-1
322,1,452.9,249.2,182.9,423.7,-1,-1,-1,-1
323,7,968.0,264.6,167.4,393.5,-1,-1,-1,-1
323,5,1132.7,165.4,158.0,556.9,-1,-1,-1,-1
323,4,789.8,250.4,340.2,590.6,-1,-1,-1,-1
323,3,663.2,198.6,125.2,522.3,-1,-1,-1,-1
323,2,1339.9,231.7,178.9,439.9,-1,-1,-1,-1
323,1,485.7,225.1,151.2,447.5,-1,-1,-1,-1
324,7,986.9,284.5,149.9,373.3,-1,-1,-1,-1
324,5,1130.6,165.9,160.7,555.7,-1,-1,-1,-1
324,4,806.0,222.2,318.6,622.9,-1,-1,-1,-1
324,3,671.0,215.2,118.8,505.1,-1,-1,-1,-1
324,2,1334.5,244.0,185.6,428.0,-1,-1,-1,-1
324,1,503.6,223.8,133.0,450.2,-1,-1,-1,-1
325,7,956.5,286.2,175.5,374.0,-1,-1,-1,-1
325,5,1127.9,175.8,143.1,546.4,-1,-1,-1,-1
325,4,828.2,181.6,272.7,658.8,-1,-1,-1,-1
325,3,662.9,212.5,129.6,507.8,-1,-1,-1,-1
325,2,1321.7,264.4,191.7,405.8,-1,-1,-1,-1
325,1,529.9,214.5,99.9,459.8,-1,-1,-1,-1
326,7,977.4,288.9,148.5,365.2,-1,-1,-1,-1
326,5,1119.8,186.8,151.2,533.4,-1,-1,-1,-1
326,4,839.7,163.4,241.6,681.1,-1,-1,-1,-1
326,3,651.0,209.8,148.8,509.8,-1,-1,-1,-1
326,2,1318.3,275.4,191.0,388.8,-1,-1,-1,-1
326,1,534.6,211.8,95.2,462.5,-1,-1,-1,-1
327,7,975.4,288.6,139.0,361.1,-1,-1,-1,-1
327,5,1109.7,220.6,206.5,497.0,-1,-1,-1,-1
327,4,862.7,154.6,183.6,687.8,-1,-1,-1,-1
327,3,631.1,214.5,167.4,505.1,-1,-1,-1,-1
327,2,1325.7,269.0,189.0,394.9,-1,-1,-1,-1
327,1,534.9,217.2,93.2,457.1,-1,-1,-1,-1
328,7,990.2,286.9,133.6,361.1,-1,-1,-1,-1
328,5,1106.3,243.0,232.2,474.5,-1,-1,-1,-1
328,4,860.6,162.3,187.7,681.4,-1,-1,-1,-1
328,3,621.3,235.1,169.1,483.1,-1,-1,-1,-1
328,2,1326.4,266.5,200.5,397.7,-1,-1,-1,-1
328,1,528.2,238.6,99.9,434.7,-1,-1,-1,-1
329,7,992.9,286.0,153.9,359.3,-1,-1,-1,-1
329,5,1109.0,263.8,251.1,465.2,-1,-1,-1,-1
329,4,854.6,218.7,198.4,625.0,-1,-1,-1,-1
329,3,613.2,261.9,198.8,453.6,-1,-1,-1,-1
329,2,1351.4,261.4,191.7,402.1,-1,-1,-1,-1
329,1,508.6,271.7,137.7,399.6,-1,-1,-1,-1
330,7,997.0,260.0,158.0,386.6,-1,-1,-1,-1
330,5,1120.5,264.8,243.0,465.6,-1,-1,-1,-1
330,4,853.9,258.9,206.6,586.2,-1,-1,-1,-1
330,3,613.9,255.2,219.7,461.7,-1,-1,-1,-1
330,2,1355.4,260.7,191.7,406.2,-1,-1,-1,-1
330,1,514.0,270.5,151.2,401.1,-1,-1,-1,-1
331,7,1001.0,277.6,170.1,371.8,-1,-1,-1,-1
331,5,1138.1,263.2,228.2,466.4,-1,-1,-1,-1
331,4,861.3,276.4,232.2,568.7,-1,-1,-1,-1
331,3,639.9,245.9,217.3,475.7,-1,-1,-1,-1
331,2,1352.7,261.2,199.8,405.0,-1,-1,-1,-1
331,1,528.5,269.8,169.4,405.8,-1,-1,-1,-1
332,7,1000.4,277.9,174.1,370.7,-1,-1,-1,-1
332,5,1139.4,263.4,224.1,465.6,-1,-1,-1,-1
332,4,872.8,277.1,168.8,569.4,-1,-1,-1,-1
332,3,657.1,244.0,208.2,476.9,-1,-1,-1,-1
332,2,1366.2,263.1,186.3,402.5,-1,-1,-1,-1
332,1,532.9,271.9,169.8,402.5,-1,-1,-1,-1
333,7,997.0,278.9,178.2,371.1,-1,-1,-1,-1
333,5,1126.6,263.8,205.2,459.8,-1,-1,-1,-1
333,4,863.3,276.8,179.5,569.0,-1,-1,-1,-1
333,3,685.1,245.5,180.9,475.4,-1,-1,-1,-1
333,2,1368.2,264.8,184.3,401.5,-1,-1,-1,-1
333,1,522.5,276.4,183.6,395.6,-1,-1,-1,-1
334,7,995.6,278.3,179.5,371.8,-1,-1,-1,-1
334,5,1126.6,264.8,180.9,454.8,-1,-1,-1,-1
334,4,866.0,277.6,178.2,568.2,-1,-1,-1,-1
334,3,683.8,246.4,182.2,474.5,-1,-1,-1,-1
334,2,1355.4,266.0,194.4,399.6,-1,-1,-1,-1
334,1,520.4,274.6,186.3,397.7,-1,-1,-1,-1
335,7,1000.4,278.9,162.0,371.8,-1,-1,-1,-1
335,5,1146.8,265.3,121.5,456.3,-1,-1,-1,-1
335,4,880.9,276.2,164.7,570.2,-1,-1,-1,-1
335,3,684.1,248.6,177.9,473.7,-1,-1,-1,-1
335,2,1325.7,268.1,207.9,396.7,-1,-1,-1,-1
335,1,491.1,271.7,211.6,398.9,-1,-1,-1,-1
336,7,1004.4,278.1,149.8,371.3,-1,-1,-1,-1
336,5,1144.8,265.6,122.8,456.6,-1,-1,-1,-1
336,4,885.6,275.9,166.0,571.2,-1,-1,-1,-1
336,3,682.1,249.9,171.8,471.0,-1,-1,-1,-1
336,2,1304.8,269.3,220.7,395.5,-1,-1,-1,-1
336,1,478.2,270.7,223.8,399.6,-1,-1,-1,-1
337,7,1001.7,276.4,124.2,372.6,-1,-1,-1,-1
337,5,1117.8,266.3,149.8,456.0,-1,-1,-1,-1
337,4,886.3,276.9,175.5,570.2,-1,-1,-1,-1
337,3,676.4,252.1,156.6,464.7,-1,-1,-1,-1
337,2,1283.2,269.8,247.7,396.4,-1,-1,-1,-1
337,1,462.4,270.3,226.1,400.3,-1,-1,-1,-1
338,7,999.7,277.4,124.2,373.3,-1,-1,-1,-1
338,5,1110.4,264.4,156.6,457.8,-1,-1,-1,-1
338,4,888.3,278.9,160.7,566.8,-1,-1,-1,-1
338,3,673.0,252.5,148.5,461.7,-1,-1,-1,-1
338,2,1283.9,269.8,240.3,397.1,-1,-1,-1,-1
338,1,466.4,271.4,221.4,398.9,-1,-1,-1,-1
339,7,995.0,277.9,117.5,376.8,-1,-1,-1,-1
339,5,1084.1,248.6,184.9,473.7,-1,-1,-1,-1
339,4,892.4,280.0,149.9,566.5,-1,-1,-1,-1
339,3,654.8,253.8,148.5,459.0,-1,-1,-1,-1
339,2,1307.5,268.8,188.3,398.1,-1,-1,-1,-1
339,1,483.3,271.9,191.7,401.1,-1,-1,-1,-1
340,7,986.9,279.8,114.7,374.0,-1,-1,-1,-1
340,5,1076.0,235.1,193.0,487.9,-1,-1,-1,-1
340,4,897.1,282.3,144.5,564.8,-1,-1,-1,-1
340,3,655.4,254.3,149.8,457.8,-1,-1,-1,-1
340,2,1321.7,269.2,167.4,397.1,-1,-1,-1,-1
340,1,481.6,272.9,189.7,402.1,-1,-1,-1,-1
341,7,974.0,279.5,128.2,372.6,-1,-1,-1,-1
341,5,1067.2,227.5,211.9,495.5,-1,-1,-1,-1
341,4,888.3,287.9,155.2,559.9,-1,-1,-1,-1
341,3,655.8,255.2,152.2,456.3,-1,-1,-1,-1
341,2,1326.4,267.3,161.3,399.6,-1,-1,-1,-1
341,1,463.1,277.8,199.8,395.5,-1,-1,-1,-1
342,7,977.4,280.6,124.2,370.1,-1,-1,-1,-1
342,5,1050.3,228.8,226.8,493.4,-1,-1,-1,-1
342,4,885.6,288.1,171.5,559.1,-1,-1,-1,-1
342,3,659.1,254.6,146.8,457.5,-1,-1,-1,-1
342,2,1304.1,264.8,180.9,402.8,-1,-1,-1,-1
342,1,474.5,281.1,203.8,393.5,-1,-1,-1,-1
343,7,970.0,282.7,126.9,369.4,-1,-1,-1,-1
343,5,1026.7,253.1,241.7,469.8,-1,-1,-1,-1
343,4,884.9,284.9,180.9,562.3,-1,-1,-1,-1
343,3,648.7,254.8,147.1,455.3,-1,-1,-1,-1
343,2,1288.6,261.1,193.7,405.8,-1,-1,-1,-1
343,1,494.1,282.0,195.8,391.0,-1,-1,-1,-1
344,7,952.4,274.6,149.8,377.5,-1,-1,-1,-1
344,5,1021.3,254.6,247.1,468.3,-1,-1,-1,-1
344,4,885.6,281.1,190.4,565.3,-1,-1,-1,-1
344,3,628.4,254.0,162.0,457.5,-1,-1,-1,-1
344,2,1285.2,258.9,197.1,408.4,-1,-1,-1,-1
344,1,495.1,281.3,167.4,392.3,-1,-1,-1,-1
345,7,934.2,273.2,158.0,378.8,-1,-1,-1,-1
345,5,1013.9,255.0,253.8,467.9,-1,-1,-1,-1
345,4,886.3,291.3,198.4,555.2,-1,-1,-1,-1
345,3,619.0,253.3,171.5,460.9,-1,-1,-1,-1
345,2,1283.9,258.2,199.8,409.1,-1,-1,-1,-1
345,1,493.8,281.0,166.0,392.7,-1,-1,-1,-1
346,7,945.0,278.4,148.5,372.6,-1,-1,-1,-1
346,5,1015.2,255.0,253.8,467.9,-1,-1,-1,-1
346,4,887.0,286.7,201.1,559.1,-1,-1,-1,-1
346,3,617.3,253.1,173.8,461.7,-1,-1,-1,-1
346,2,1283.9,258.5,199.8,408.4,-1,-1,-1,-1
346,1,494.1,279.5,162.7,394.2,-1,-1,-1,-1
347,7,907.9,276.9,182.2,377.2,-1,-1,-1,-1
347,5,1024.7,252.8,241.7,469.5,-1,-1,-1,-1
347,4,891.0,286.4,197.1,559.4,-1,-1,-1,-1
347,3,619.7,253.1,168.8,461.7,-1,-1,-1,-1
347,2,1273.1,256.8,203.8,409.7,-1,-1,-1,-1
347,1,494.4,259.5,164.0,413.8,-1,-1,-1,-1
348,7,911.9,274.1,178.2,380.7,-1,-1,-1,-1
348,5,1032.1,251.9,234.9,471.0,-1,-1,-1,-1
348,4,891.0,278.9,195.8,566.8,-1,-1,-1,-1
348,3,619.7,253.5,167.4,462.0,-1,-1,-1,-1
348,2,1271.0,256.3,201.8,410.6,-1,-1,-1,-1
348,1,495.1,249.1,165.4,424.6,-1,-1,-1,-1
349,7,943.0,271.9,149.9,384.2,-1,-1,-1,-1
349,5,1057.1,236.1,209.2,487.5,-1,-1,-1,-1
349,4,887.6,266.3,190.3,578.8,-1,-1,-1,-1
349,3,619.7,254.0,164.7,460.9,-1,-1,-1,-1
349,2,1283.9,255.3,176.8,411.6,-1,-1,-1,-1
349,1,496.1,227.3,164.7,446.3,-1,-1,-1,-1
350,7,945.0,272.7,144.5,383.4,-1,-1,-1,-1
350,5,1063.8,234.2,199.8,488.7,-1,-1,-1,-1
350,4,887.6,258.5,186.3,587.3,-1,-1,-1,-1
350,3,619.0,253.5,164.7,462.0,-1,-1,-1,-1
350,2,1283.9,256.0,174.1,410.9,-1,-1,-1,-1
350,1,496.1,219.7,164.0,455.6,-1,-1,-1,-1
351,7,952.4,269.8,128.2,384.2,-1,-1,-1,-1
351,5,1071.9,246.0,189.0,476.2,-1,-1,-1,-1
351,4,888.3,241.8,162.0,604.6,-1,-1,-1,-1
351,3,618.3,229.7,164.7,485.8,-1,-1,-1,-1
351,2,1283.9,257.9,174.1,409.1,-1,-1,-1,-1
351,1,495.5,218.5,163.4,457.1,-1,-1,-1,-1
352,7,952.4,271.0,126.9,387.5,-1,-1,-1,-1
352,5,1057.1,255.2,202.5,466.4,-1,-1,-1,-1
352,4,888.3,235.2,164.7,611.2,-1,-1,-1,-1
352,3,618.0,224.4,163.7,491.1,-1,-1,-1,-1
352,2,1283.9,259.7,174.1,407.2,-1,-1,-1,-1
352,1,494.1,225.3,164.0,448.4,-1,-1,-1,-1
353,7,950.4,270.7,128.2,382.7,-1,-1,-1,-1
353,5,1041.5,258.4,214.7,463.2,-1,-1,-1,-1
353,4,893.0,222.8,175.5,625.1,-1,-1,-1,-1
353,3,593.7,245.4,188.0,470.1,-1,-1,-1,-1
353,2,1283.9,262.9,207.9,404.3,-1,-1,-1,-1
353,1,477.6,245.9,177.5,427.1,-1,-1,-1,-1
354,7,947.0,274.6,141.8,376.8,-1,-1,-1,-1
354,5,1055.0,258.4,201.2,463.2,-1,-1,-1,-1
354,4,899.1,218.2,189.0,628.9,-1,-1,-1,-1
354,3,587.2,256.2,194.4,459.3,-1,-1,-1,-1
354,2,1283.9,265.1,213.3,401.8,-1,-1,-1,-1
354,1,463.7,265.8,189.0,406.5,-1,-1,-1,-1
355,7,958.5,281.8,141.7,371.2,-1,-1,-1,-1
355,5,1073.2,260.6,183.6,461.7,-1,-1,-1,-1
355,4,906.5,213.5,126.9,636.4,-1,-1,-1,-1
355,3,599.4,258.0,182.2,457.5,-1,-1,-1,-1
355,2,1286.6,262.9,218.7,404.3,-1,-1,-1,-1
355,1,455.6,271.9,194.4,401.8,-1,-1,-1,-1
356,7,956.5,281.5,147.1,371.3,-1,-1,-1,-1
356,5,1073.9,261.7,183.6,459.8,-1,-1,-1,-1
356,4,903.2,214.5,130.9,633.3,-1,-1,-1,-1
356,3,614.2,257.0,168.8,457.8,-1,-1,-1,-1
356,2,1294.7,262.2,213.3,405.0,-1,-1,-1,-1
356,1,465.1,271.0,185.6,403.7,-1,-1,-1,-1
357,7,951.1,281.0,148.5,369.1,-1,-1,-1,-1
357,5,1071.9,263.9,213.3,459.0,-1,-1,-1,-1
357,4,868.7,217.5,162.0,627.6,-1,-1,-1,-1
357,3,606.8,258.0,180.9,458.2,-1,-1,-1,-1
357,2,1322.3,261.1,178.9,406.5,-1,-1,-1,-1
357,1,495.8,269.3,159.3,405.0,-1,-1,-1,-1
358,7,954.5,279.8,139.0,371.3,-1,-1,-1,-1
358,5,1076.0,267.3,245.7,456.3,-1,-1,-1,-1
358,4,842.4,219.9,197.1,621.2,-1,-1,-1,-1
358,3,602.1,257.3,186.3,458.2,-1,-1,-1,-1
358,2,1339.2,259.7,178.2,407.2,-1,-1,-1,-1
358,1,485.7,268.1,168.1,406.2,-1,-1,-1,-1
359,7,975.4,277.1,126.9,371.3,-1,-1,-1,-1
359,5,1096.2,276.4,260.5,447.2,-1,-1,-1,-1
359,4,783.0,227.6,318.6,615.4,-1,-1,-1,-1
359,3,622.7,256.7,170.4,458.2,-1,-1,-1,-1
359,2,1356.1,259.0,172.1,407.2,-1,-1,-1,-1
359,1,463.4,267.8,189.0,405.8,-1,-1,-1,-1
360,7,978.8,279.6,145.8,371.8,-1,-1,-1,-1
360,5,1109.7,279.6,253.8,443.3,-1,-1,-1,-1
360,4,767.5,231.4,357.8,616.4,-1,-1,-1,-1
360,3,633.2,256.5,176.8,456.3,-1,-1,-1,-1
360,2,1360.8,245.4,137.7,420.5,-1,-1,-1,-1
360,1,481.6,269.0,195.8,404.3,-1,-1,-1,-1
361,7,976.7,285.9,183.6,365.2,-1,-1,-1,-1
361,5,1134.0,280.3,229.5,442.6,-1,-1,-1,-1
361,4,760.1,237.9,382.1,612.6,-1,-1,-1,-1
361,3,660.5,256.2,163.0,453.9,-1,-1,-1,-1
361,2,1362.2,242.0,116.1,424.6,-1,-1,-1,-1
361,1,540.0,268.1,159.3,406.2,-1,-1,-1,-1
362,7,982.1,286.7,141.7,366.7,-1,-1,-1,-1
362,5,1142.8,271.7,213.3,450.6,-1,-1,-1,-1
362,4,755.3,242.0,371.3,611.2,-1,-1,-1,-1
362,3,667.9,257.2,154.9,452.9,-1,-1,-1,-1
362,2,1363.5,243.8,116.1,422.4,-1,-1,-1,-1
362,1,537.3,266.8,168.1,406.9,-1,-1,-1,-1
363,7,984.8,273.7,121.5,380.0,-1,-1,-1,-1
363,5,1142.8,239.5,195.8,482.8,-1,-1,-1,-1
363,4,745.9,249.9,371.2,601.3,-1,-1,-1,-1
363,3,666.9,263.8,149.8,446.3,-1,-1,-1,-1
363,2,1364.9,246.7,113.4,420.5,-1,-1,-1,-1
363,1,538.0,266.3,172.1,409.1,-1,-1,-1,-1
364,7,982.8,270.7,128.2,381.4,-1,-1,-1,-1
364,5,1147.5,240.6,179.6,481.6,-1,-1,-1,-1
364,4,747.2,242.2,357.7,609.0,-1,-1,-1,-1
364,3,665.2,267.8,143.4,442.3,-1,-1,-1,-1
364,2,1366.2,247.6,110.7,419.3,-1,-1,-1,-1
364,1,534.9,268.6,176.5,404.3,-1,-1,-1,-1
365,7,991.6,287.6,135.0,364.5,-1,-1,-1,-1
365,5,1152.9,240.5,164.7,483.1,-1,-1,-1,-1
365,4,756.0,222.6,318.6,628.6,-1,-1,-1,-1
365,3,665.6,275.4,137.7,434.7,-1,-1,-1,-1
365,2,1363.5,253.1,113.4,413.8,-1,-1,-1,-1
365,1,534.3,272.9,168.4,402.1,-1,-1,-1,-1
366,7,981.5,281.6,153.9,369.1,-1,-1,-1,-1
366,5,1163.0,235.9,163.3,486.3,-1,-1,-1,-1
366,4,761.4,219.0,302.4,630.1,-1,-1,-1,-1
366,3,664.5,278.1,140.1,432.0,-1,-1,-1,-1
366,2,1359.5,253.3,116.1,415.0,-1,-1,-1,-1
366,1,535.6,271.2,158.3,401.8,-1,-1,-1,-1
367,7,976.1,275.4,178.2,376.0,-1,-1,-1,-1
367,5,1188.0,225.3,163.4,499.0,-1,-1,-1,-1
367,4,785.7,217.2,263.3,622.5,-1,-1,-1,-1
367,3,658.5,276.9,152.2,433.2,-1,-1,-1,-1
367,2,1339.2,262.4,135.0,405.8,-1,-1,-1,-1
367,1,540.0,272.9,138.4,401.5,-1,-1,-1,-1
368,7,976.1,271.5,183.6,379.2,-1,-1,-1,-1
368,5,1199.5,226.8,179.5,498.2,-1,-1,-1,-1
368,4,807.3,219.2,240.3,621.2,-1,-1,-1,-1
368,3,656.1,274.4,158.0,435.7,-1,-1,-1,-1
368,2,1327.7,271.9,147.8,396.4,-1,-1,-1,-1
368,1,540.3,274.1,131.6,399.6,-1,-1,-1,-1
369,7,986.2,230.3,164.7,430.5,-1,-1,-1,-1
369,5,1194.8,253.8,226.8,469.8,-1,-1,-1,-1
369,4,856.6,252.6,240.3,585.1,-1,-1,-1,-1
369,3,666.9,269.3,145.8,441.5,-1,-1,-1,-1
369,2,1301.4,275.9,180.9,392.3,-1,-1,-1,-1
369,1,541.4,282.0,123.5,391.0,-1,-1,-1,-1
370,7,980.1,258.4,151.2,406.5,-1,-1,-1,-1
370,5,1191.4,254.5,281.5,467.1,-1,-1,-1,-1
370,4,882.2,241.0,166.0,598.7,-1,-1,-1,-1
370,3,671.6,266.5,152.6,445.7,-1,-1,-1,-1
370,2,1295.3,275.2,191.0,391.7,-1,-1,-1,-1
370,1,541.0,284.2,122.9,389.5,-1,-1,-1,-1
371,7,1014.5,273.2,95.8,402.5,-1,-1,-1,-1
371,5,1190.0,260.6,292.3,459.0,-1,-1,-1,-1
371,4,907.2,261.1,144.5,578.0,-1,-1,-1,-1
371,3,675.0,259.2,166.1,474.5,-1,-1,-1,-1
371,2,1282.5,270.2,205.2,396.7,-1,-1,-1,-1
371,1,541.0,284.0,118.8,397.1,-1,-1,-1,-1
372,7,1023.3,275.6,93.2,406.2,-1,-1,-1,-1
372,5,1191.4,268.1,293.6,452.1,-1,-1,-1,-1
372,4,906.5,267.0,135.0,572.7,-1,-1,-1,-1
372,3,670.3,258.5,168.8,486.7,-1,-1,-1,-1
372,2,1275.8,270.2,205.2,391.3,-1,-1,-1,-1
372,1,540.7,283.3,123.5,402.5,-1,-1,-1,-1
373,7,1015.9,280.5,112.0,403.7,-1,-1,-1,-1
373,5,1195.4,277.6,292.3,442.6,-1,-1,-1,-1
373,4,901.1,268.6,141.8,569.0,-1,-1,-1,-1
373,3,640.6,258.2,180.9,500.5,-1,-1,-1,-1
373,2,1262.9,270.3,214.0,388.8,-1,-1,-1,-1
373,1,540.7,276.2,121.5,422.4,-1,-1,-1,-1
374,7,1007.1,281.8,124.2,404.3,-1,-1,-1,-1
374,5,1198.1,278.3,289.6,443.3,-1,-1,-1,-1
374,4,899.1,269.8,140.4,569.9,-1,-1,-1,-1
374,3,639.6,259.5,172.5,500.5,-1,-1,-1,-1
374,2,1275.1,268.3,185.6,394.2,-1,-1,-1,-1
374,1,540.0,271.2,132.3,432.8,-1,-1,-1,-1
375,7,998.3,278.8,137.7,408.4,-1,-1,-1,-1
375,5,1240.0,268.8,249.1,449.4,-1,-1,-1,-1
375,4,890.3,263.1,147.1,580.0,-1,-1,-1,-1
375,3,642.9,259.9,146.8,500.2,-1,-1,-1,-1
375,2,1266.3,269.2,166.1,378.2,-1,-1,-1,-1
375,1,510.6,267.6,162.7,443.8,-1,-1,-1,-1
376,7,999.7,276.9,139.1,410.9,-1,-1,-1,-1
376,5,1273.1,267.6,217.3,450.6,-1,-1,-1,-1
376,4,891.0,260.0,143.1,577.0,-1,-1,-1,-1
376,3,647.0,259.4,134.0,501.4,-1,-1,-1,-1
376,2,1267.0,268.1,180.2,384.6,-1,-1,-1,-1
376,1,501.5,264.9,168.8,450.6,-1,-1,-1,-1
377,7,1007.8,271.0,137.7,417.2,-1,-1,-1,-1
377,5,1321.7,275.9,164.7,439.6,-1,-1,-1,-1
377,4,883.6,250.6,145.8,568.2,-1,-1,-1,-1
377,3,650.7,255.2,135.0,506.3,-1,-1,-1,-1
377,2,1265.6,267.0,154.6,382.7,-1,-1,-1,-1
377,1,491.7,254.6,182.9,460.9,-1,-1,-1,-1
378,7,1013.2,268.5,133.7,418.7,-1,-1,-1,-1
378,5,1327.1,275.2,172.8,442.3,-1,-1,-1,-1
378,4,873.5,246.5,153.9,550.6,-1,-1,-1,-1
378,3,650.4,250.9,135.3,509.8,-1,-1,-1,-1
378,2,1248.8,266.1,164.7,385.9,-1,-1,-1,-1
378,1,486.7,251.8,187.6,464.4,-1,-1,-1,-1
379,7,1026.0,263.9,124.2,424.6,-1,-1,-1,-1
379,5,1349.3,274.6,181.6,443.0,-1,-1,-1,-1
379,4,852.5,240.1,166.0,540.8,-1,-1,-1,-1
379,3,649.0,245.4,133.3,514.7,-1,-1,-1,-1
379,2,1202.9,264.4,194.4,384.2,-1,-1,-1,-1
379,1,494.1,255.7,145.8,459.8,-1,-1,-1,-1
380,7,1032.8,260.6,120.2,428.6,-1,-1,-1,-1
380,5,1362.2,273.7,178.2,444.5,-1,-1,-1,-1
380,4,846.5,239.3,174.2,542.4,-1,-1,-1,-1
380,3,647.7,241.5,130.6,519.9,-1,-1,-1,-1
380,2,1196.1,263.8,209.2,384.9,-1,-1,-1,-1
380,1,499.8,261.6,139.0,453.9,-1,-1,-1,-1
381,7,1041.5,256.8,120.2,445.2,-1,-1,-1,-1
381,5,1369.6,269.8,177.5,448.4,-1,-1,-1,-1
381,4,841.1,244.2,187.7,535.4,-1,-1,-1,-1
381,3,645.6,236.6,132.0,524.8,-1,-1,-1,-1
381,2,1196.1,261.6,207.9,388.1,-1,-1,-1,-1
381,1,506.6,262.1,136.3,463.6,-1,-1,-1,-1
382,7,1042.9,257.2,120.2,441.4,-1,-1,-1,-1
382,5,1370.9,270.0,170.8,447.5,-1,-1,-1,-1
382,4,841.1,246.2,194.4,533.4,-1,-1,-1,-1
382,3,640.9,236.1,134.7,524.0,-1,-1,-1,-1
382,2,1206.9,261.2,194.4,389.5,-1,-1,-1,-1
382,1,506.9,261.7,140.4,482.8,-1,-1,-1,-1
383,7,1041.5,262.7,125.6,448.7,-1,-1,-1,-1
383,5,1375.7,270.3,153.9,447.9,-1,-1,-1,-1
383,4,836.3,258.4,216.0,521.9,-1,-1,-1,-1
383,3,624.4,236.4,144.5,547.3,-1,-1,-1,-1
383,2,1224.5,264.9,183.6,388.1,-1,-1,-1,-1
383,1,499.8,263.4,151.9,487.9,-1,-1,-1,-1
384,7,1038.2,266.6,131.0,456.3,-1,-1,-1,-1
384,5,1378.4,270.0,153.9,447.5,-1,-1,-1,-1
384,4,832.3,263.4,228.2,516.2,-1,-1,-1,-1
384,3,624.0,237.1,144.1,554.0,-1,-1,-1,-1
384,2,1236.6,267.1,175.5,385.6,-1,-1,-1,-1
384,1,500.9,265.1,148.5,494.3,-1,-1,-1,-1
385,7,1033.4,270.5,141.8,457.1,-1,-1,-1,-1
385,5,1389.2,268.6,156.6,450.9,-1,-1,-1,-1
385,4,821.5,273.4,240.3,495.5,-1,-1,-1,-1
385,3,613.6,241.1,146.5,556.0,-1,-1,-1,-1
385,2,1258.9,269.5,147.8,384.6,-1,-1,-1,-1
385,1,495.1,269.7,149.2,499.8,-1,-1,-1,-1
386,7,1040.8,271.7,139.1,456.0,-1,-1,-1,-1
386,5,1393.2,267.6,162.0,450.6,-1,-1,-1,-1
386,4,826.9,273.7,256.5,491.7,-1,-1,-1,-1
386,3,616.3,244.5,139.0,552.7,-1,-1,-1,-1
386,2,1269.7,271.4,131.6,382.1,-1,-1,-1,-1
386,1,492.8,270.2,133.6,503.4,-1,-1,-1,-1
387,7,1046.9,273.0,139.1,456.0,-1,-1,-1,-1
387,5,1401.3,267.3,162.0,441.4,-1,-1,-1,-1
387,4,852.5,272.2,172.8,478.4,-1,-1,-1,-1
387,3,617.6,245.5,128.2,552.3,-1,-1,-1,-1
387,2,1263.6,273.0,117.4,380.7,-1,-1,-1,-1
387,1,490.1,268.1,119.5,508.1,-1,-1,-1,-1
388,7,1053.0,272.4,135.0,456.6,-1,-1,-1,-1
388,5,1408.1,266.1,153.9,433.2,-1,-1,-1,-1
388,4,857.2,271.0,151.2,464.7,-1,-1,-1,-1
388,3,602.1,245.4,143.1,551.1,-1,-1,-1,-1
388,2,1260.9,273.0,120.2,381.4,-1,-1,-1,-1
388,1,498.2,265.1,106.0,511.8,-1,-1,-1,-1
389,7,1033.4,267.1,153.9,460.5,-1,-1,-1,-1
389,5,1420.2,263.1,137.7,407.2,-1,-1,-1,-1
389,4,847.1,266.0,160.7,459.0,-1,-1,-1,-1
389,3,597.0,240.5,144.8,556.0,-1,-1,-1,-1
389,2,1252.8,272.4,129.6,382.1,-1,-1,-1,-1
389,1,467.1,263.4,131.0,514.2,-1,-1,-1,-1
390,7,1028.7,262.4,156.6,465.2,-1,-1,-1,-1
390,5,1417.5,260.2,129.6,409.7,-1,-1,-1,-1
390,4,835.0,264.8,174.2,460.2,-1,-1,-1,-1
390,3,548.1,236.9,191.7,556.9,-1,-1,-1,-1
390,2,1242.0,269.5,139.1,385.3,-1,-1,-1,-1
390,1,451.2,262.2,147.8,515.4,-1,-1,-1,-1
391,7,1011.8,254.6,195.8,473.7,-1,-1,-1,-1
391,5,1398.6,257.3,159.3,411.6,-1,-1,-1,-1
391,4,821.5,257.0,187.7,482.8,-1,-1,-1,-1
391,3,525.2,234.2,243.0,562.3,-1,-1,-1,-1
391,2,1202.2,265.1,176.8,391.7,-1,-1,-1,-1
391,1,428.3,255.0,173.5,521.9,-1,-1,-1,-1
392,7,1006.4,253.0,229.5,475.4,-1,-1,-1,-1
392,5,1390.5,257.0,186.3,411.2,-1,-1,-1,-1
392,4,818.8,257.0,187.7,485.5,-1,-1,-1,-1
392,3,504.2,234.1,290.3,564.5,-1,-1,-1,-1
392,2,1202.2,263.6,176.8,394.9,-1,-1,-1,-1
392,1,416.1,248.2,198.5,533.4,-1,-1,-1,-1
393,7,1004.4,253.1,280.8,476.6,-1,-1,-1,-1
393,5,1381.1,257.5,234.9,416.5,-1,-1,-1,-1
393,4,776.9,259.7,228.1,482.8,-1,-1,-1,-1
393,3,482.6,234.6,351.0,561.9,-1,-1,-1,-1
393,2,1161.7,264.3,220.1,394.2,-1,-1,-1,-1
393,1,327.7,241.3,276.8,545.7,-1,-1,-1,-1
394,7,1004.4,253.1,282.2,476.6,-1,-1,-1,-1
394,5,1370.9,257.3,255.8,415.6,-1,-1,-1,-1
394,4,764.8,261.1,237.6,480.8,-1,-1,-1,-1
394,3,478.9,234.4,360.8,564.8,-1,-1,-1,-1
394,2,1192.1,265.4,186.3,392.7,-1,-1,-1,-1
394,1,308.8,239.8,293.0,548.6,-1,-1,-1,-1
395,7,1002.4,253.1,274.0,476.6,-1,-1,-1,-1
395,5,1365.5,257.7,245.0,414.6,-1,-1,-1,-1
395,4,760.7,270.2,241.7,471.0,-1,-1,-1,-1
395,3,475.2,235.9,353.0,563.3,-1,-1,-1,-1
395,2,1190.7,269.0,193.0,389.5,-1,-1,-1,-1
395,1,340.5,243.2,252.5,547.3,-1,-1,-1,-1
396,7,1002.4,253.6,270.0,475.4,-1,-1,-1,-1
396,5,1361.5,258.2,242.3,413.8,-1,-1,-1,-1
396,4,760.7,272.4,241.7,468.8,-1,-1,-1,-1
396,3,473.9,236.3,349.6,563.6,-1,-1,-1,-1
396,2,1195.4,270.3,178.2,387.5,-1,-1,-1,-1
396,1,332.8,246.2,249.1,542.9,-1,-1,-1,-1
397,7,1003.1,254.6,233.6,473.7,-1,-1,-1,-1
397,5,1358.8,256.0,231.5,415.6,-1,-1,-1,-1
397,4,766.8,273.7,221.4,467.4,-1,-1,-1,-1
397,3,474.2,233.9,326.4,565.3,-1,-1,-1,-1
397,2,1183.3,269.7,185.0,388.1,-1,-1,-1,-1
397,1,318.4,245.4,244.5,541.7,-1,-1,-1,-1
398,7,1007.8,253.5,228.2,474.2,-1,-1,-1,-1
398,5,1356.8,254.5,224.1,416.5,-1,-1,-1,-1
398,4,770.9,274.4,217.3,466.8,-1,-1,-1,-1
398,3,474.2,233.6,313.5,565.7,-1,-1,-1,-1
398,2,1206.9,268.6,156.6,389.5,-1,-1,-1,-1
398,1,310.2,243.2,245.7,545.2,-1,-1,-1,-1
399,7,1028.7,253.1,183.6,474.5,-1,-1,-1,-1
399,5,1355.4,252.6,189.0,419.0,-1,-1,-1,-1
399,4,804.6,270.7,183.6,469.8,-1,-1,-1,-1
399,3,476.6,233.0,265.3,564.8,-1,-1,-1,-1
399,2,1199.5,263.6,140.4,394.2,-1,-1,-1,-1
399,1,314.4,238.4,235.7,561.4,-1,-1,-1,-1
400,7,1029.4,252.1,160.7,476.9,-1,-1,-1,-1
400,5,1364.2,251.8,155.9,420.5,-1,-1,-1,-1
400,4,815.4,268.3,172.8,471.5,-1,-1,-1,-1
400,3,477.6,232.0,237.9,566.5,-1,-1,-1,-1
400,2,1194.8,262.2,135.0,395.6,-1,-1,-1,-1
400,1,330.1,237.9,220.0,557.2,-1,-1,-1,-1
401,7,1022.0,252.5,160.7,476.5,-1,-1,-1,-1
401,5,1370.2,253.1,153.9,421.2,-1,-1,-1,-1
401,4,814.7,265.4,174.2,475.7,-1,-1,-1,-1
401,3,479.9,233.0,224.8,566.8,-1,-1,-1,-1
401,2,1194.8,261.1,158.0,396.4,-1,-1,-1,-1
401,1,371.2,239.1,178.2,547.3,-1,-1,-1,-1
402,7,1022.0,254.5,163.4,474.5,-1,-1,-1,-1
402,5,1362.2,254.3,162.0,419.3,-1,-1,-1,-1
402,4,815.4,262.6,174.2,477.2,-1,-1,-1,-1
402,3,482.0,234.2,222.8,565.6,-1,-1,-1,-1
402,2,1196.1,261.6,159.3,395.6,-1,-1,-1,-1
402,1,389.5,237.6,156.6,549.5,-1,-1,-1,-1
403,7,1020.6,262.7,168.8,465.6,-1,-1,-1,-1
403,5,1352.0,258.5,173.5,416.5,-1,-1,-1,-1
403,4,815.4,263.2,179.5,477.2,-1,-1,-1,-1
403,3,481.3,239.0,222.1,560.2,-1,-1,-1,-1
403,2,1192.1,262.2,152.6,395.6,-1,-1,-1,-1
403,1,382.1,237.4,167.4,557.7,-1,-1,-1,-1
404,7,1018.6,265.1,168.8,463.2,-1,-1,-1,-1
404,5,1351.4,261.9,183.6,413.1,-1,-1,-1,-1
404,4,815.4,267.1,180.9,472.7,-1,-1,-1,-1
404,3,481.3,241.7,222.1,556.9,-1,-1,-1,-1
404,2,1186.0,263.2,152.5,394.9,-1,-1,-1,-1
404,1,379.7,239.1,171.5,558.1,-1,-1,-1,-1
405,7,1018.6,268.8,163.4,460.2,-1,-1,-1,-1
405,5,1350.7,268.5,192.4,405.8,-1,-1,-1,-1
405,4,815.4,271.4,180.9,469.1,-1,-1,-1,-1
405,3,481.3,245.9,246.4,552.7,-1,-1,-1,-1
405,2,1186.7,267.1,141.8,391.0,-1,-1,-1,-1
405,1,382.4,243.8,168.1,556.0,-1,-1,-1,-1
406,7,1017.9,268.5,155.2,460.5,-1,-1,-1,-1
406,5,1352.0,269.0,189.7,405.0,-1,-1,-1,-1
406,4,817.4,276.9,180.9,463.6,-1,-1,-1,-1
406,3,480.9,246.2,270.3,552.3,-1,-1,-1,-1
406,2,1186.0,268.3,144.4,389.5,-1,-1,-1,-1
406,1,385.4,244.9,164.0,553.7,-1,-1,-1,-1
407,7,1021.3,266.5,152.6,462.5,-1,-1,-1,-1
407,5,1350.0,265.6,186.3,408.4,-1,-1,-1,-1
407,4,817.4,276.9,186.3,463.6,-1,-1,-1,-1
407,3,480.6,251.3,281.5,547.3,-1,-1,-1,-1
407,2,1170.5,271.0,160.7,387.5,-1,-1,-1,-1
407,1,374.6,245.4,174.2,549.8,-1,-1,-1,-1
408,7,1023.3,265.8,148.5,462.5,-1,-1,-1,-1
408,5,1350.0,261.7,178.2,411.2,-1,-1,-1,-1
408,4,817.4,272.9,189.0,468.3,-1,-1,-1,-1
408,3,481.3,254.3,254.5,544.9,-1,-1,-1,-1
408,2,1169.8,272.9,162.0,385.9,-1,-1,-1,-1
408,1,366.5,242.3,182.2,554.9,-1,-1,-1,-1
409,7,1026.7,270.0,135.0,459.0,-1,-1,-1,-1
409,5,1350.0,259.9,170.1,413.1,-1,-1,-1,-1
409,4,816.8,268.6,195.8,469.8,-1,-1,-1,-1
409,3,482.6,269.3,212.6,532.6,-1,-1,-1,-1
409,2,1184.0,276.4,147.2,382.1,-1,-1,-1,-1
409,1,370.9,237.6,171.4,551.5,-1,-1,-1,-1
410,7,1023.3,276.4,141.8,453.9,-1,-1,-1,-1
410,5,1348.7,261.2,170.1,412.4,-1,-1,-1,-1
410,4,814.7,267.5,198.5,465.6,-1,-1,-1,-1
410,3,484.0,276.9,219.4,526.3,-1,-1,-1,-1
410,2,1200.8,278.4,133.7,380.7,-1,-1,-1,-1
410,1,374.0,236.1,167.4,548.3,-1,-1,-1,-1
411,7,1007.1,299.4,170.1,431.0,-1,-1,-1,-1
411,5,1344.6,276.4,175.5,399.6,-1,-1,-1,-1
411,4,803.9,266.8,203.8,454.8,-1,-1,-1,-1
411,3,492.1,299.7,203.2,502.2,-1,-1,-1,-1
411,2,1202.9,282.7,130.9,376.8,-1,-1,-1,-1
411,1,371.2,235.1,173.5,548.6,-1,-1,-1,-1
412,7,1006.4,316.1,176.8,415.0,-1,-1,-1,-1
412,5,1339.2,288.2,186.3,388.1,-1,-1,-1,-1
412,4,799.2,266.1,206.6,454.8,-1,-1,-1,-1
412,3,498.5,311.3,193.4,489.9,-1,-1,-1,-1
412,2,1201.5,284.9,132.3,374.6,-1,-1,-1,-1
412,1,371.2,233.2,173.5,549.8,-1,-1,-1,-1
413,7,1005.1,352.4,179.5,378.7,-1,-1,-1,-1
413,5,1333.1,317.8,195.1,359.3,-1,-1,-1,-1
413,4,806.0,259.7,195.8,462.5,-1,-1,-1,-1
413,3,506.6,326.5,196.1,475.4,-1,-1,-1,-1
413,2,1189.4,290.1,151.2,368.0,-1,-1,-1,-1
413,1,365.2,232.2,192.4,549.5,-1,-1,-1,-1
414,7,1005.8,370.6,178.2,360.5,-1,-1,-1,-1
414,5,1333.8,328.6,202.5,348.5,-1,-1,-1,-1
414,4,809.3,256.7,193.1,465.6,-1,-1,-1,-1
414,3,508.3,294.5,191.7,508.1,-1,-1,-1,-1
414,2,1184.0,293.0,159.3,366.5,-1,-1,-1,-1
414,1,370.2,233.2,195.1,549.8,-1,-1,-1,-1
415,7,1009.8,402.6,172.8,329.1,-1,-1,-1,-1
415,5,1339.9,352.0,199.1,324.0,-1,-1,-1,-1
415,4,810.7,255.5,190.3,466.8,-1,-1,-1,-1
415,3,504.2,271.0,191.7,530.9,-1,-1,-1,-1
415,2,1186.7,300.2,158.0,358.6,-1,-1,-1,-1
415,1,376.7,241.1,202.5,541.2,-1,-1,-1,-1
416,7,1012.5,414.1,162.0,317.6,-1,-1,-1,-1
416,5,1341.9,367.2,194.4,309.2,-1,-1,-1,-1
416,4,810.7,259.0,190.3,463.2,-1,-1,-1,-1
416,3,503.6,281.3,192.4,519.9,-1,-1,-1,-1
416,2,1192.7,304.9,162.0,353.9,-1,-1,-1,-1
416,1,374.0,252.5,216.0,530.5,-1,-1,-1,-1
417,7,1017.9,421.2,156.6,309.8,-1,-1,-1,-1
417,5,1343.2,404.0,180.9,279.4,-1,-1,-1,-1
417,4,812.0,281.5,201.2,441.5,-1,-1,-1,-1
417,3,508.3,296.5,187.7,505.4,-1,-1,-1,-1
417,2,1200.8,313.0,164.7,346.4,-1,-1,-1,-1
417,1,378.7,267.0,191.7,514.7,-1,-1,-1,-1
418,7,1013.9,417.5,160.6,312.9,-1,-1,-1,-1
418,5,1343.2,411.8,175.5,276.1,-1,-1,-1,-1
418,4,812.0,284.9,205.2,438.1,-1,-1,-1,-1
418,3,512.3,301.4,183.6,500.5,-1,-1,-1,-1
418,2,1198.8,317.6,157.9,340.9,-1,-1,-1,-1
418,1,383.1,273.5,185.6,508.1,-1,-1,-1,-1
419,7,1009.8,400.6,155.2,330.4,-1,-1,-1,-1
419,5,1344.6,420.2,172.8,268.0,-1,-1,-1,-1
419,4,810.7,299.5,203.8,422.7,-1,-1,-1,-1
419,3,512.7,313.7,183.9,487.5,-1,-1,-1,-1
419,2,1197.5,327.0,157.9,331.4,-1,-1,-1,-1
419,1,387.1,282.3,180.2,499.3,-1,-1,-1,-1
420,7,1006.4,390.5,155.2,341.2,-1,-1,-1,-1
420,5,1342.6,419.9,173.5,268.6,-1,-1,-1,-1
420,4,810.0,307.3,205.2,415.6,-1,-1,-1,-1
420,3,512.3,316.7,184.3,485.2,-1,-1,-1,-1
420,2,1196.8,329.7,164.7,328.7,-1,-1,-1,-1
420,1,388.5,289.6,193.7,491.4,-1,-1,-1,-1
421,7,1001.0,368.9,158.0,364.2,-1,-1,-1,-1
421,5,1340.6,412.4,175.5,268.0,-1,-1,-1,-1
421,4,810.0,322.7,206.6,399.6,-1,-1,-1,-1
421,3,509.0,323.5,189.7,478.4,-1,-1,-1,-1
421,2,1196.8,342.1,172.8,316.1,-1,-1,-1,-1
421,1,391.2,306.3,198.5,472.7,-1,-1,-1,-1
422,7,1001.7,358.4,155.3,373.9,-1,-1,-1,-1
422,5,1340.6,407.0,175.5,270.7,-1,-1,-1,-1
422,4,809.3,323.7,206.6,398.6,-1,-1,-1,-1
422,3,507.9,328.2,190.7,473.7,-1,-1,-1,-1
422,2,1196.8,348.0,172.8,309.8,-1,-1,-1,-1
422,1,391.2,313.9,199.1,464.4,-1,-1,-1,-1
423,7,1003.1,335.6,151.2,397.4,-1,-1,-1,-1
423,5,1342.6,391.2,174.8,286.2,-1,-1,-1,-1
423,4,808.7,331.9,202.5,391.0,-1,-1,-1,-1
423,3,503.6,328.1,200.5,474.5,-1,-1,-1,-1
423,2,1197.5,357.8,162.0,299.7,-1,-1,-1,-1
423,1,392.9,328.4,194.4,445.2,-1,-1,-1,-1
424,7,1005.1,325.9,149.9,406.5,-1,-1,-1,-1
424,5,1341.9,382.1,172.8,295.6,-1,-1,-1,-1
424,4,808.0,342.9,203.8,380.7,-1,-1,-1,-1
424,3,499.8,326.7,209.6,476.5,-1,-1,-1,-1
424,2,1198.8,361.5,160.7,296.3,-1,-1,-1,-1
424,1,391.5,334.5,195.1,437.7,-1,-1,-1,-1
425,7,1000.4,307.5,153.9,425.6,-1,-1,-1,-1
425,5,1345.3,361.1,172.1,315.9,-1,-1,-1,-1
425,4,807.3,353.7,199.8,369.9,-1,-1,-1,-1
425,3,493.4,327.5,218.7,475.7,-1,-1,-1,-1
425,2,1201.5,369.9,155.2,288.9,-1,-1,-1,-1
425,1,391.5,345.9,195.1,427.6,-1,-1,-1,-1
426,7,995.6,299.9,159.3,430.5,-1,-1,-1,-1
426,5,1348.0,349.0,169.4,328.1,-1,-1,-1,-1
426,4,808.0,351.7,198.5,372.6,-1,-1,-1,-1
426,3,490.4,327.5,223.1,475.7,-1,-1,-1,-1
426,2,1203.5,372.3,149.8,287.5,-1,-1,-1,-1
426,1,391.5,352.4,188.3,421.9,-1,-1,-1,-1
427,7,981.5,290.2,172.8,444.2,-1,-1,-1,-1
427,5,1348.0,328.6,168.1,347.8,-1,-1,-1,-1
427,4,807.3,371.9,198.5,351.0,-1,-1,-1,-1
427,3,487.0,316.2,222.4,487.0,-1,-1,-1,-1
427,2,1208.9,379.7,139.1,282.2,-1,-1,-1,-1
427,1,391.5,363.8,194.4,409.7,-1,-1,-1,-1
428,7,981.5,286.7,172.8,451.7,-1,-1,-1,-1
428,5,1348.7,319.8,167.4,356.6,-1,-1,-1,-1
428,4,806.0,374.0,199.8,348.3,-1,-1,-1,-1
428,3,486.0,308.3,222.1,494.3,-1,-1,-1,-1
428,2,1210.3,381.4,135.0,280.8,-1,-1,-1,-1
428,1,391.8,370.2,193.7,403.3,-1,-1,-1,-1
429,7,971.3,279.5,180.9,479.2,-1,-1,-1,-1
429,5,1356.8,302.4,159.3,374.0,-1,-1,-1,-1
429,4,806.6,391.8,191.7,326.4,-1,-1,-1,-1
429,3,482.6,292.1,220.1,507.1,-1,-1,-1,-1
429,2,1211.6,385.4,140.4,278.1,-1,-1,-1,-1
429,1,391.8,385.8,198.5,389.1,-1,-1,-1,-1
430,7,963.2,275.6,187.6,490.6,-1,-1,-1,-1
430,5,1355.4,295.0,159.3,382.1,-1,-1,-1,-1
430,4,807.3,396.9,179.5,322.0,-1,-1,-1,-1
430,3,480.3,284.0,219.7,517.9,-1,-1,-1,-1
430,2,1210.3,387.5,148.5,275.4,-1,-1,-1,-1
430,1,392.5,391.5,196.4,384.8,-1,-1,-1,-1
431,7,943.7,267.6,207.9,511.3,-1,-1,-1,-1
431,5,1346.0,280.6,164.7,397.7,-1,-1,-1,-1
431,4,807.3,405.3,198.5,316.2,-1,-1,-1,-1
431,3,472.2,268.0,226.5,530.6,-1,-1,-1,-1
431,2,1208.2,390.5,166.1,273.4,-1,-1,-1,-1
431,1,392.2,405.0,197.1,373.3,-1,-1,-1,-1
432,7,940.3,264.1,212.0,514.2,-1,-1,-1,-1
432,5,1345.3,274.4,164.0,416.8,-1,-1,-1,-1
432,4,808.0,411.8,199.8,311.2,-1,-1,-1,-1
432,3,466.4,260.7,231.5,539.8,-1,-1,-1,-1
432,2,1207.6,392.2,172.8,272.0,-1,-1,-1,-1
432,1,392.2,409.1,205.9,370.6,-1,-1,-1,-1
433,7,941.6,259.9,191.7,515.0,-1,-1,-1,-1
433,5,1346.6,263.4,160.0,411.6,-1,-1,-1,-1
433,4,806.0,417.8,201.2,305.1,-1,-1,-1,-1
433,3,463.1,251.9,234.2,556.0,-1,-1,-1,-1
433,2,1207.6,392.9,171.4,311.9,-1,-1,-1,-1
433,1,392.2,422.6,211.3,351.0,-1,-1,-1,-1
434,7,936.2,257.5,190.4,518.7,-1,-1,-1,-1
434,5,1330.4,259.0,187.0,415.3,-1,-1,-1,-1
434,4,808.0,420.2,202.5,302.1,-1,-1,-1,-1
434,3,459.0,247.6,237.6,561.1,-1,-1,-1,-1
434,2,1209.6,394.2,175.5,288.9,-1,-1,-1,-1
434,1,392.9,414.5,212.6,357.8,-1,-1,-1,-1
435,7,928.8,256.3,187.7,521.9,-1,-1,-1,-1
435,5,1326.4,256.3,236.9,426.8,-1,-1,-1,-1
435,4,826.9,420.2,186.3,296.7,-1,-1,-1,-1
435,3,460.4,243.5,236.9,571.2,-1,-1,-1,-1
435,2,1217.7,395.6,178.2,307.8,-1,-1,-1,-1
435,1,395.9,418.5,216.7,349.0,-1,-1,-1,-1
436,7,932.9,257.0,172.8,521.9,-1,-1,-1,-1
436,5,1335.2,254.5,240.3,428.6,-1,-1,-1,-1
436,4,853.2,420.9,170.1,288.6,-1,-1,-1,-1
436,3,462.7,240.5,236.6,578.3,-1,-1,-1,-1
436,2,1223.8,396.6,173.5,310.2,-1,-1,-1,-1
436,1,408.4,419.2,199.8,341.6,-1,-1,-1,-1
437,7,924.1,259.2,149.9,523.1,-1,-1,-1,-1
437,5,1329.8,251.8,243.0,455.6,-1,-1,-1,-1
437,3,457.0,236.4,238.3,581.7,-1,-1,-1,-1
437,2,1239.3,397.6,156.6,268.0,-1,-1,-1,-1
438,7,923.4,260.2,144.4,522.8,-1,-1,-1,-1
438,5,1320.3,250.6,234.9,457.5,-1,-1,-1,-1
438,3,445.2,236.9,246.0,582.5,-1,-1,-1,-1
438,2,1247.4,396.9,149.8,270.7,-1,-1,-1,-1
439,7,928.8,260.0,132.3,522.3,-1,-1,-1,-1
439,5,1317.6,249.1,178.2,459.0,-1,-1,-1,-1
439,3,422.6,233.4,244.4,584.7,-1,-1,-1,-1
440,7,922.1,260.2,135.0,514.7,-1,-1,-1,-1
440,5,1317.6,249.9,140.4,457.5,-1,-1,-1,-1
440,3,416.1,230.5,226.8,587.6,-1,-1,-1,-1
441,7,926.8,259.2,144.4,519.1,-1,-1,-1,-1
441,5,1312.2,249.6,137.7,457.1,-1,-1,-1,-1
441,3,405.7,226.3,243.0,593.2,-1,-1,-1,-1
442,7,925.4,257.9,156.6,521.1,-1,-1,-1,-1
442,5,1308.8,251.3,150.5,457.5,-1,-1,-1,-1
442,4,879.5,472.8,167.4,285.2,-1,-1,-1,-1
442,3,402.6,225.3,249.1,592.8,-1,-1,-1,-1
443,7,920.0,257.2,179.6,525.1,-1,-1,-1,-1
443,5,1301.4,251.3,175.5,457.5,-1,-1,-1,-1
443,4,898.4,476.6,140.4,257.2,-1,-1,-1,-1
443,3,396.6,226.6,313.5,592.8,-1,-1,-1,-1
444,7,914.0,257.0,194.4,526.0,-1,-1,-1,-1
444,5,1294.7,250.9,189.0,457.1,-1,-1,-1,-1
444,4,898.4,459.7,151.2,287.6,-1,-1,-1,-1
444,3,394.9,226.0,349.7,591.5,-1,-1,-1,-1
444,1,476.2,416.5,153.9,347.6,-1,-1,-1,-1
445,7,899.1,256.2,276.8,522.8,-1,-1,-1,-1
445,5,1280.5,252.3,255.8,454.4,-1,-1,-1,-1
445,4,891.7,444.2,143.1,295.0,-1,-1,-1,-1
445,3,394.2,229.0,358.4,588.4,-1,-1,-1,-1
445,1,487.7,415.1,144.4,347.0,-1,-1,-1,-1
446,7,892.4,257.3,310.5,524.3,-1,-1,-1,-1
446,5,1271.7,253.1,299.7,453.6,-1,-1,-1,-1
446,4,889.0,447.9,147.1,286.5,-1,-1,-1,-1
446,3,388.5,229.2,360.8,590.3,-1,-1,-1,-1
446,1,491.7,416.5,142.4,346.3,-1,-1,-1,-1
447,7,877.5,255.8,310.5,523.1,-1,-1,-1,-1
447,5,1255.5,254.1,326.7,450.6,-1,-1,-1,-1
447,4,881.6,443.5,163.3,292.3,-1,-1,-1,-1
447,3,365.9,231.5,384.8,587.3,-1,-1,-1,-1
447,2,1189.4,415.5,267.3,248.4,-1,-1,-1,-1
447,1,412.1,413.1,236.2,348.3,-1,-1,-1,-1
448,7,857.9,255.5,329.4,524.8,-1,-1,-1,-1
448,5,1254.8,254.5,323.3,450.9,-1,-1,-1,-1
448,4,870.8,442.8,291.6,301.1,-1,-1,-1,-1
448,3,332.3,231.4,419.0,588.1,-1,-1,-1,-1
448,2,1189.4,412.8,288.9,252.5,-1,-1,-1,-1
448,1,412.8,411.1,243.0,353.0,-1,-1,-1,-1
449,7,797.9,251.9,380.7,531.7,-1,-1,-1,-1
449,5,1235.2,254.8,342.9,449.9,-1,-1,-1,-1
449,3,261.7,232.2,492.2,598.7,-1,-1,-1,-1
449,2,1186.7,417.8,337.5,257.9,-1,-1,-1,-1
449,1,388.1,415.8,278.1,353.0,-1,-1,-1,-1
450,7,766.8,255.8,414.4,523.1,-1,-1,-1,-1
450,5,1204.2,254.3,372.6,449.0,-1,-1,-1,-1
450,3,257.0,234.2,497.0,598.7,-1,-1,-1,-1
450,2,1186.7,421.2,345.6,268.7,-1,-1,-1,-1
450,1,388.1,417.2,280.8,355.0,-1,-1,-1,-1
451,7,770.9,255.3,410.4,522.3,-1,-1,-1,-1
451,5,1170.5,253.1,406.3,450.9,-1,-1,-1,-1
451,3,268.8,236.3,483.1,598.7,-1,-1,-1,-1
451,2,1181.2,412.4,357.8,278.8,-1,-1,-1,-1
451,1,359.8,433.7,371.2,343.2,-1,-1,-1,-1
452,7,768.2,255.3,421.2,524.3,-1,-1,-1,-1
452,5,1169.1,252.8,407.7,450.6,-1,-1,-1,-1
452,4,807.3,445.2,364.5,327.0,-1,-1,-1,-1
452,3,261.7,236.8,490.2,599.6,-1,-1,-1,-1
452,2,1181.9,409.1,358.4,281.5,-1,-1,-1,-1
452,1,341.4,417.8,397.7,357.1,-1,-1,-1,-1
453,7,736.4,255.2,465.8,523.1,-1,-1,-1,-1
453,5,1169.8,252.3,411.1,451.7,-1,-1,-1,-1
453,4,799.2,432.0,379.4,347.0,-1,-1,-1,-1
453,3,257.3,239.0,501.4,597.4,-1,-1,-1,-1
453,2,1159.7,413.4,390.2,280.5,-1,-1,-1,-1
453,1,346.3,402.3,392.2,372.6,-1,-1,-1,-1
454,7,772.9,256.2,406.4,521.4,-1,-1,-1,-1
454,5,1168.4,251.8,416.5,452.9,-1,-1,-1,-1
454,4,793.1,423.9,384.8,355.0,-1,-1,-1,-1
454,3,268.3,238.6,470.1,598.4,-1,-1,-1,-1
454,2,1161.0,412.4,371.2,255.1,-1,-1,-1,-1
454,1,359.1,409.1,383.4,364.5,-1,-1,-1,-1
455,7,772.9,256.5,411.8,521.1,-1,-1,-1,-1
455,5,1162.4,252.5,422.5,452.9,-1,-1,-1,-1
455,4,797.9,415.8,383.4,362.5,-1,-1,-1,-1
455,3,288.6,240.0,435.0,595.7,-1,-1,-1,-1
455,2,1169.1,388.1,341.5,284.2,-1,-1,-1,-1
455,1,343.4,423.9,384.2,348.3,-1,-1,-1,-1
456,7,769.5,254.6,428.0,522.3,-1,-1,-1,-1
456,5,1184.0,252.1,388.8,453.9,-1,-1,-1,-1
456,4,799.9,410.1,384.8,364.8,-1,-1,-1,-1
456,3,287.2,240.3,435.0,595.4,-1,-1,-1,-1
456,2,1201.5,376.7,297.0,301.0,-1,-1,-1,-1
456,1,349.0,416.5,374.0,355.7,-1,-1,-1,-1
457,7,791.8,253.5,390.2,522.8,-1,-1,-1,-1
457,5,1181.2,252.8,388.8,453.3,-1,-1,-1,-1
457,4,810.7,387.5,388.8,386.8,-1,-1,-1,-1
457,3,283.8,241.3,441.1,594.3,-1,-1,-1,-1
457,1,341.4,393.5,385.6,380.7,-1,-1,-1,-1
458,7,824.2,254.8,325.3,521.4,-1,-1,-1,-1
458,5,1178.6,252.5,392.8,453.6,-1,-1,-1,-1
458,4,833.0,376.3,356.4,394.5,-1,-1,-1,-1
458,3,280.6,241.0,445.7,595.4,-1,-1,-1,-1
458,1,339.5,375.0,388.1,399.9,-1,-1,-1,-1
459,7,841.7,254.1,233.5,524.8,-1,-1,-1,-1
459,5,1180.6,253.5,405.7,452.6,-1,-1,-1,-1
459,4,827.6,365.5,365.8,366.2,-1,-1,-1,-1
459,3,264.9,241.0,427.6,597.4,-1,-1,-1,-1
459,1,359.4,369.9,333.1,398.9,-1,-1,-1,-1
460,7,828.9,251.9,247.1,526.3,-1,-1,-1,-1
460,5,1195.4,254.1,397.6,453.3,-1,-1,-1,-1
460,4,828.9,363.2,368.6,368.5,-1,-1,-1,-1
460,3,260.9,241.8,438.4,596.5,-1,-1,-1,-1
460,1,393.2,354.4,276.8,415.1,-1,-1,-1,-1
461,7,833.6,255.5,255.2,524.8,-1,-1,-1,-1
461,5,1235.9,255.2,343.6,450.9,-1,-1,-1,-1
461,4,842.4,339.4,322.7,390.3,-1,-1,-1,-1
461,3,310.8,242.3,328.7,597.4,-1,-1,-1,-1
461,1,453.9,333.5,175.5,438.1,-1,-1,-1,-1
462,7,855.9,255.5,237.6,524.8,-1,-1,-1,-1
462,5,1258.2,254.6,310.5,452.1,-1,-1,-1,-1
462,4,858.6,339.7,283.5,391.3,-1,-1,-1,-1
462,3,335.0,243.3,299.5,597.7,-1,-1,-1,-1
462,2,1260.2,332.3,200.5,336.0,-1,-1,-1,-1
462,1,458.3,313.0,167.4,459.8,-1,-1,-1,-1
463,7,859.3,255.8,245.7,523.1,-1,-1,-1,-1
463,5,1292.6,253.1,238.3,452.9,-1,-1,-1,-1
463,3,362.5,245.4,261.9,595.7,-1,-1,-1,-1
463,2,1275.8,297.0,139.1,382.1,-1,-1,-1,-1
463,1,450.9,289.4,174.2,484.8,-1,-1,-1,-1
464,7,862.0,255.5,243.0,523.5,-1,-1,-1,-1
464,5,1286.6,251.6,218.7,457.1,-1,-1,-1,-1
464,3,374.0,246.7,232.9,594.3,-1,-1,-1,-1
464,1,455.3,271.2,161.3,501.0,-1,-1,-1,-1
465,7,878.9,256.5,205.2,523.1,-1,-1,-1,-1
465,5,1310.9,250.9,162.0,460.5,-1,-1,-1,-1
465,3,386.4,247.1,229.5,594.0,-1,-1,-1,-1
465,1,462.4,269.5,158.0,503.4,-1,-1,-1,-1
466,7,880.9,256.3,189.0,521.9,-1,-1,-1,-1
466,5,1317.6,250.4,151.2,464.4,-1,-1,-1,-1
466,3,401.0,247.4,215.3,593.7,-1,-1,-1,-1
466,1,461.7,264.3,155.9,509.3,-1,-1,-1,-1
467,7,905.9,257.0,162.0,521.9,-1,-1,-1,-1
467,5,1319.0,251.1,140.4,464.4,-1,-1,-1,-1
467,3,422.6,245.5,187.6,596.2,-1,-1,-1,-1
467,2,1296.0,277.1,97.2,409.1,-1,-1,-1,-1
468,7,917.3,256.8,141.8,523.5,-1,-1,-1,-1
468,5,1318.3,250.9,142.4,465.2,-1,-1,-1,-1
468,3,421.5,245.4,181.6,594.3,-1,-1,-1,-1
468,2,1296.0,274.4,95.9,409.0,-1,-1,-1,-1
469,7,920.7,256.8,132.3,523.5,-1,-1,-1,-1
469,5,1318.3,250.9,145.1,465.2,-1,-1,-1,-1
469,3,419.5,244.7,172.8,597.7,-1,-1,-1,-1
469,2,1296.0,272.5,98.6,396.4,-1,-1,-1,-1
470,7,921.4,256.8,132.3,523.5,-1,-1,-1,-1
470,5,1319.0,250.9,143.1,465.2,-1,-1,-1,-1
470,3,418.8,244.7,168.1,597.7,-1,-1,-1,-1
470,2,1296.0,272.0,99.9,394.2,-1,-1,-1,-1
471,7,922.1,256.8,133.7,523.5,-1,-1,-1,-1
471,5,1325.0,251.4,137.0,464.1,-1,-1,-1,-1
471,3,417.2,244.4,164.7,597.4,-1,-1,-1,-1
471,2,1293.3,271.0,103.9,398.2,-1,-1,-1,-1
472,7,921.4,256.8,135.0,523.5,-1,-1,-1,-1
472,5,1323.0,251.8,137.7,464.4,-1,-1,-1,-1
472,3,416.1,244.7,164.0,597.7,-1,-1,-1,-1
472,2,1293.3,271.0,105.3,398.2,-1,-1,-1,-1
473,7,920.7,260.9,137.7,519.4,-1,-1,-1,-1
473,5,1327.7,253.3,131.6,462.9,-1,-1,-1,-1
473,3,411.1,245.2,165.4,596.5,-1,-1,-1,-1
473,2,1295.3,270.7,101.9,398.3,-1,-1,-1,-1
474,7,922.1,263.9,136.3,515.0,-1,-1,-1,-1
474,5,1330.4,254.0,128.9,462.9,-1,-1,-1,-1
474,3,408.4,245.7,166.7,595.4,-1,-1,-1,-1
474,2,1295.3,273.2,95.2,411.2,-1,-1,-1,-1
475,7,918.7,272.2,140.4,507.4,-1,-1,-1,-1
475,5,1317.6,254.0,135.0,462.9,-1,-1,-1,-1
475,3,405.0,244.7,172.8,595.0,-1,-1,-1,-1
475,2,1295.3,266.6,96.5,403.0,-1,-1,-1,-1
476,7,914.6,276.2,144.5,503.4,-1,-1,-1,-1
476,5,1322.3,253.3,128.9,462.9,-1,-1,-1,-1
476,3,405.3,243.0,174.2,597.4,-1,-1,-1,-1
476,2,1296.0,264.4,99.9,409.9,-1,-1,-1,-1
477,7,902.5,278.1,158.0,500.2,-1,-1,-1,-1
477,5,1329.8,252.5,124.2,461.7,-1,-1,-1,-1
477,3,405.0,240.8,178.9,599.6,-1,-1,-1,-1
477,2,1295.3,262.9,106.0,407.7,-1,-1,-1,-1
478,7,899.1,275.9,162.0,501.0,-1,-1,-1,-1
478,5,1323.7,247.9,133.0,465.6,-1,-1,-1,-1
478,3,408.4,240.5,176.9,599.9,-1,-1,-1,-1
478,2,1295.3,255.2,116.8,423.9,-1,-1,-1,-1
479,7,888.3,265.1,176.8,511.8,-1,-1,-1,-1
479,5,1297.4,204.5,160.6,511.0,-1,-1,-1,-1
479,3,417.2,229.2,168.8,611.9,-1,-1,-1,-1
480,7,887.0,259.7,180.9,515.9,-1,-1,-1,-1
480,5,1312.9,198.8,146.5,515.4,-1,-1,-1,-1
480,3,420.9,222.1,165.4,619.0,-1,-1,-1,-1
481,7,882.9,247.9,187.7,529.7,-1,-1,-1,-1
481,5,1306.8,202.5,149.8,513.0,-1,-1,-1,-1
481,3,422.2,217.4,166.0,623.7,-1,-1,-1,-1
482,7,885.6,245.7,186.3,530.5,-1,-1,-1,-1
482,5,1295.3,209.6,161.3,505.9,-1,-1,-1,-1
482,3,420.9,227.8,170.8,613.2,-1,-1,-1,-1
483,7,896.4,245.0,180.9,530.6,-1,-1,-1,-1
483,5,1311.5,235.9,143.8,479.6,-1,-1,-1,-1
483,3,417.2,243.0,180.2,597.4,-1,-1,-1,-1
484,7,898.4,244.7,182.2,530.2,-1,-1,-1,-1
484,5,1302.1,253.6,154.6,462.5,-1,-1,-1,-1
484,3,414.1,243.8,186.3,596.5,-1,-1,-1,-1
485,7,899.8,243.7,183.6,532.6,-1,-1,-1,-1
485,5,1325.7,260.4,137.7,457.8,-1,-1,-1,-1
485,3,410.1,243.5,195.8,596.2,-1,-1,-1,-1
486,7,901.1,244.9,180.9,531.4,-1,-1,-1,-1
486,5,1320.3,260.9,145.8,458.7,-1,-1,-1,-1
486,3,409.7,243.3,195.1,597.7,-1,-1,-1,-1
487,7,903.2,276.9,170.1,496.6,-1,-1,-1,-1
487,5,1315.6,255.3,143.8,465.6,-1,-1,-1,-1
487,3,413.8,240.8,181.6,600.9,-1,-1,-1,-1
487,2,1283.2,258.5,151.9,428.6,-1,-1,-1,-1
488,7,905.2,279.6,162.0,494.6,-1,-1,-1,-1
488,5,1311.5,237.3,143.8,483.6,-1,-1,-1,-1
488,3,420.2,240.3,172.8,602.1,-1,-1,-1,-1
489,7,908.6,246.7,151.2,526.8,-1,-1,-1,-1
489,5,1319.6,198.3,128.9,524.0,-1,-1,-1,-1
489,3,427.3,203.0,160.7,640.7,-1,-1,-1,-1
490,7,909.9,246.4,145.8,527.2,-1,-1,-1,-1
490,5,1319.6,187.7,123.5,534.6,-1,-1,-1,-1
490,3,429.0,188.8,157.3,654.9,-1,-1,-1,-1
491,7,911.2,215.8,144.5,557.7,-1,-1,-1,-1
491,5,1318.3,182.4,120.8,539.8,-1,-1,-1,-1
491,3,425.9,170.8,155.9,673.0,-1,-1,-1,-1
492,7,915.3,203.9,140.4,569.0,-1,-1,-1,-1
492,5,1315.6,184.4,124.9,537.8,-1,-1,-1,-1
492,3,422.6,169.1,157.3,674.7,-1,-1,-1,-1
493,7,917.3,191.7,139.0,582.5,-1,-1,-1,-1
493,5,1306.1,196.3,138.4,526.0,-1,-1,-1,-1
493,3,415.1,170.4,161.3,673.3,-1,-1,-1,-1
494,7,919.4,192.9,136.4,581.3,-1,-1,-1,-1
494,5,1298.0,205.4,145.1,516.2,-1,-1,-1,-1
494,3,410.7,172.0,166.1,671.8,-1,-1,-1,-1
495,7,918.7,201.7,132.3,573.2,-1,-1,-1,-1
495,5,1287.9,223.1,155.2,497.8,-1,-1,-1,-1
495,3,402.6,178.4,175.5,665.4,-1,-1,-1,-1
496,7,913.3,210.9,135.0,564.0,-1,-1,-1,-1
496,5,1282.5,229.2,158.0,491.7,-1,-1,-1,-1
496,3,400.6,181.2,177.5,662.5,-1,-1,-1,-1
497,7,906.5,224.1,137.7,549.5,-1,-1,-1,-1
497,5,1273.1,224.9,160.7,494.6,-1,-1,-1,-1
497,3,394.2,186.6,184.3,655.8,-1,-1,-1,-1
498,7,904.5,227.5,139.1,546.1,-1,-1,-1,-1
498,5,1271.0,205.4,160.0,514.2,-1,-1,-1,-1
498,3,394.2,187.1,184.3,655.3,-1,-1,-1,-1
499,7,901.8,245.5,145.8,528.0,-1,-1,-1,-1
499,5,1271.0,182.6,155.9,537.0,-1,-1,-1,-1
499,3,397.2,179.6,179.6,661.5,-1,-1,-1,-1
500,7,899.8,224.6,149.8,550.3,-1,-1,-1,-1
500,5,1263.6,175.7,164.7,543.2,-1,-1,-1,-1
500,3,396.9,160.0,178.9,681.1,-1,-1,-1,-1
501,7,897.8,211.6,153.9,563.3,-1,-1,-1,-1
501,5,1259.6,173.8,167.4,544.4,-1,-1,-1,-1
501,3,400.3,136.7,174.8,705.7,-1,-1,-1,-1
502,7,897.1,196.6,155.3,578.3,-1,-1,-1,-1
502,5,1259.6,176.7,168.8,540.8,-1,-1,-1,-1
502,3,400.6,132.3,178.9,708.1,-1,-1,-1,-1
503,7,895.7,174.0,155.2,599.6,-1,-1,-1,-1
503,5,1258.9,194.4,177.5,523.1,-1,-1,-1,-1
503,3,398.9,133.3,189.7,705.0,-1,-1,-1,-1
504,7,894.4,170.4,156.6,603.1,-1,-1,-1,-1
504,5,1256.9,202.7,184.9,516.2,-1,-1,-1,-1
504,3,396.6,144.1,201.2,692.9,-1,-1,-1,-1
505,7,889.7,174.8,168.8,598.7,-1,-1,-1,-1
505,5,1255.5,227.3,195.8,492.2,-1,-1,-1,-1
505,3,391.8,172.0,228.2,665.0,-1,-1,-1,-1
506,7,884.9,180.7,186.3,591.5,-1,-1,-1,-1
506,5,1252.8,236.6,205.2,484.3,-1,-1,-1,-1
506,3,387.5,186.1,232.2,650.9,-1,-1,-1,-1
507,7,878.9,212.6,213.3,562.3,-1,-1,-1,-1
507,5,1250.1,256.2,220.0,466.1,-1,-1,-1,-1
507,3,384.1,211.3,200.5,623.7,-1,-1,-1,-1
508,7,872.1,236.3,228.1,538.7,-1,-1,-1,-1
508,5,1248.1,261.4,224.8,463.6,-1,-1,-1,-1
508,3,373.3,222.8,257.8,614.2,-1,-1,-1,-1
509,1,448.9,237.3,189.0,522.8,-1,-1,-1,-1
509,7,864.0,257.0,241.7,515.9,-1,-1,-1,-1
509,5,1244.7,263.2,232.2,461.7,-1,-1,-1,-1
509,3,359.8,234.7,279.5,600.9,-1,-1,-1,-1
510,1,442.8,241.0,193.1,521.1,-1,-1,-1,-1
510,7,861.3,254.0,240.3,520.3,-1,-1,-1,-1
510,5,1246.7,262.9,230.2,462.0,-1,-1,-1,-1
510,3,355.7,237.6,280.1,597.4,-1,-1,-1,-1
511,1,453.9,261.9,172.1,502.2,-1,-1,-1,-1
511,7,860.6,249.2,225.5,524.3,-1,-1,-1,-1
511,5,1248.8,261.2,229.5,461.7,-1,-1,-1,-1
511,3,354.4,239.6,255.2,595.4,-1,-1,-1,-1
512,1,459.0,257.2,163.4,511.0,-1,-1,-1,-1
512,7,864.7,238.3,222.8,532.6,-1,-1,-1,-1
512,5,1252.8,253.1,224.1,469.8,-1,-1,-1,-1
512,3,356.4,237.1,237.6,596.5,-1,-1,-1,-1
513,1,460.0,247.7,160.7,523.1,-1,-1,-1,-1
513,7,885.6,203.9,220.0,549.5,-1,-1,-1,-1
513,5,1269.0,225.1,179.6,495.8,-1,-1,-1,-1
513,3,369.9,209.2,193.0,611.6,-1,-1,-1,-1
514,1,457.0,230.2,162.7,542.0,-1,-1,-1,-1
514,7,899.1,196.1,213.3,557.2,-1,-1,-1,-1
514,5,1278.5,210.1,180.9,510.1,-1,-1,-1,-1
514,3,382.1,196.1,176.2,619.3,-1,-1,-1,-1
515,1,457.3,174.5,172.1,599.1,-1,-1,-1,-1
515,7,878.9,194.7,212.0,559.9,-1,-1,-1,-1
515,5,1296.0,192.5,141.8,522.3,-1,-1,-1,-1
515,3,400.6,183.4,153.2,622.5,-1,-1,-1,-1
516,1,438.4,173.8,201.1,602.4,-1,-1,-1,-1
516,7,863.3,211.1,202.5,542.9,-1,-1,-1,-1
516,5,1297.4,191.4,140.4,518.7,-1,-1,-1,-1
516,3,407.4,178.4,144.4,627.6,-1,-1,-1,-1
517,7,837.0,237.9,210.6,515.4,-1,-1,-1,-1
517,5,1271.7,202.2,182.2,502.5,-1,-1,-1,-1
517,3,405.3,193.1,230.2,614.3,-1,-1,-1,-1
517,2,1311.5,206.7,222.1,475.7,-1,-1,-1,-1
518,7,829.6,246.2,221.4,507.1,-1,-1,-1,-1
518,5,1260.2,212.0,191.0,493.4,-1,-1,-1,-1
518,3,395.6,209.2,211.3,597.4,-1,-1,-1,-1
518,2,1310.2,215.8,227.5,467.9,-1,-1,-1,-1
519,7,816.8,251.1,217.3,502.2,-1,-1,-1,-1
519,5,1243.4,244.5,180.9,462.9,-1,-1,-1,-1
519,3,369.2,236.6,220.7,569.4,-1,-1,-1,-1
519,2,1312.2,244.5,243.0,442.6,-1,-1,-1,-1
520,1,476.6,241.5,215.3,537.5,-1,-1,-1,-1
520,7,812.7,256.3,213.3,496.3,-1,-1,-1,-1
520,5,1240.0,251.4,189.7,456.0,-1,-1,-1,-1
520,3,348.6,240.3,239.6,562.3,-1,-1,-1,-1
520,2,1314.2,258.9,245.0,425.3,-1,-1,-1,-1
521,9,903.2,261.6,175.5,452.6,-1,-1,-1,-1
521,1,468.8,253.3,226.5,524.3,-1,-1,-1,-1
521,7,806.0,267.5,217.4,485.8,-1,-1,-1,-1
521,5,1235.2,257.0,202.5,449.0,-1,-1,-1,-1
521,3,336.5,249.1,230.2,554.9,-1,-1,-1,-1
521,2,1313.6,277.8,251.1,405.0,-1,-1,-1,-1
522,9,903.8,261.9,175.5,452.9,-1,-1,-1,-1
522,1,467.4,263.2,233.2,515.0,-1,-1,-1,-1
522,7,806.0,273.4,216.0,479.2,-1,-1,-1,-1
522,5,1233.2,259.7,212.6,446.3,-1,-1,-1,-1
522,3,328.4,255.7,228.2,546.9,-1,-1,-1,-1
522,2,1312.2,276.9,251.1,407.5,-1,-1,-1,-1
523,9,905.9,266.5,172.8,448.4,-1,-1,-1,-1
523,1,466.4,276.6,250.4,501.0,-1,-1,-1,-1
523,7,803.9,283.2,217.3,468.8,-1,-1,-1,-1
523,5,1233.2,266.5,205.9,439.6,-1,-1,-1,-1
523,3,323.0,269.0,224.8,534.3,-1,-1,-1,-1
523,2,1312.2,276.6,251.1,406.5,-1,-1,-1,-1
524,9,904.5,269.7,175.5,444.5,-1,-1,-1,-1
524,1,464.1,278.4,260.9,500.5,-1,-1,-1,-1
524,7,803.9,282.8,217.3,469.1,-1,-1,-1,-1
524,5,1233.9,268.6,202.5,438.1,-1,-1,-1,-1
524,3,321.3,273.9,225.4,529.4,-1,-1,-1,-1
524,2,1323.0,275.9,240.3,406.5,-1,-1,-1,-1
525,9,904.5,271.0,176.8,444.5,-1,-1,-1,-1
525,1,465.1,276.6,290.9,507.1,-1,-1,-1,-1
525,7,804.6,278.8,217.3,471.8,-1,-1,-1,-1
525,5,1235.2,263.2,207.9,444.8,-1,-1,-1,-1
525,3,319.6,272.4,227.5,530.9,-1,-1,-1,-1
525,2,1370.2,271.2,194.4,411.2,-1,-1,-1,-1
526,9,903.8,272.2,178.2,443.3,-1,-1,-1,-1
526,1,463.4,271.2,300.7,515.9,-1,-1,-1,-1
526,7,804.6,275.2,218.7,473.3,-1,-1,-1,-1
526,5,1236.6,257.5,202.5,451.2,-1,-1,-1,-1
526,3,319.3,266.8,227.5,535.8,-1,-1,-1,-1
526,2,1389.2,266.6,175.5,416.5,-1,-1,-1,-1
527,9,897.8,266.1,186.3,448.7,-1,-1,-1,-1
527,1,461.0,256.8,308.5,532.9,-1,-1,-1,-1
527,7,803.9,266.8,209.2,480.4,-1,-1,-1,-1
527,5,1234.6,247.9,219.4,460.2,-1,-1,-1,-1
527,3,318.3,247.4,226.8,557.2,-1,-1,-1,-1
527,2,1401.3,262.2,164.7,420.5,-1,-1,-1,-1
528,9,884.9,264.8,198.4,446.7,-1,-1,-1,-1
528,1,448.2,252.3,323.3,537.5,-1,-1,-1,-1
528,7,803.9,261.4,190.3,485.2,-1,-1,-1,-1
528,5,1231.9,246.4,211.3,461.7,-1,-1,-1,-1
528,3,315.1,239.8,224.3,564.8,-1,-1,-1,-1
528,2,1402.7,261.1,164.7,422.7,-1,-1,-1,-1
529,9,908.6,265.8,179.5,445.7,-1,-1,-1,-1
529,1,482.3,246.0,291.9,543.7,-1,-1,-1,-1
529,7,801.9,256.2,202.5,491.7,-1,-1,-1,-1
529,5,1225.1,234.7,205.9,472.7,-1,-1,-1,-1
529,3,303.9,231.7,209.1,573.6,-1,-1,-1,-1
529,2,1409.4,266.3,178.2,416.5,-1,-1,-1,-1
530,9,909.2,265.8,182.2,445.7,-1,-1,-1,-1
530,1,490.4,251.1,283.2,538.6,-1,-1,-1,-1
530,7,801.2,254.5,198.5,493.4,-1,-1,-1,-1
530,5,1216.4,218.5,210.6,489.5,-1,-1,-1,-1
530,3,298.4,228.5,200.5,576.1,-1,-1,-1,-1
530,2,1410.8,267.5,189.0,415.6,-1,-1,-1,-1
531,9,899.8,265.8,194.4,446.3,-1,-1,-1,-1
531,1,509.0,254.0,263.9,535.8,-1,-1,-1,-1
531,7,801.2,254.5,189.0,493.4,-1,-1,-1,-1
531,5,1194.8,196.8,217.4,510.6,-1,-1,-1,-1
531,3,291.6,222.1,176.9,579.2,-1,-1,-1,-1
531,2,1408.1,267.8,232.2,415.3,-1,-1,-1,-1
532,9,915.3,264.6,182.2,447.5,-1,-1,-1,-1
532,1,517.0,252.6,256.5,535.8,-1,-1,-1,-1
532,7,801.9,254.1,190.4,493.8,-1,-1,-1,-1
532,5,1180.6,200.0,222.1,507.4,-1,-1,-1,-1
532,3,289.6,220.9,191.7,580.3,-1,-1,-1,-1
532,2,1404.0,268.5,248.4,414.6,-1,-1,-1,-1
533,9,951.8,262.9,152.5,447.2,-1,-1,-1,-1
533,1,531.6,257.3,242.7,531.7,-1,-1,-1,-1
533,7,801.2,253.8,182.2,493.4,-1,-1,-1,-1
533,5,1172.5,230.2,207.9,477.2,-1,-1,-1,-1
533,3,272.7,223.1,248.4,576.1,-1,-1,-1,-1
533,2,1397.2,267.6,264.6,416.5,-1,-1,-1,-1
534,9,968.0,263.8,141.8,445.7,-1,-1,-1,-1
534,1,539.0,261.6,235.9,526.8,-1,-1,-1,-1
534,7,802.6,253.0,174.2,494.3,-1,-1,-1,-1
534,5,1177.2,239.8,195.8,468.3,-1,-1,-1,-1
534,3,286.7,225.3,231.0,574.6,-1,-1,-1,-1
534,2,1394.6,268.0,261.9,416.5,-1,-1,-1,-1
535,9,990.9,263.4,129.6,446.7,-1,-1,-1,-1
535,1,547.8,260.7,229.8,529.7,-1,-1,-1,-1
535,7,803.9,253.0,160.6,494.3,-1,-1,-1,-1
535,5,1190.0,239.0,160.7,469.1,-1,-1,-1,-1
535,3,283.2,249.1,212.6,551.5,-1,-1,-1,-1
535,2,1387.8,269.5,240.3,415.0,-1,-1,-1,-1
536,9,999.0,263.8,124.2,445.7,-1,-1,-1,-1
536,1,552.2,261.1,228.2,528.0,-1,-1,-1,-1
536,7,801.2,253.1,160.7,493.4,-1,-1,-1,-1
536,5,1184.6,239.5,155.2,470.6,-1,-1,-1,-1
536,3,272.0,250.8,203.9,549.8,-1,-1,-1,-1
536,2,1362.8,272.5,238.3,411.2,-1,-1,-1,-1
537,9,998.3,267.3,128.3,441.4,-1,-1,-1,-1
537,1,559.9,259.2,225.8,530.5,-1,-1,-1,-1
537,7,802.6,255.2,160.7,491.4,-1,-1,-1,-1
537,5,1187.3,241.7,145.8,502.2,-1,-1,-1,-1
537,3,258.9,256.2,185.6,544.4,-1,-1,-1,-1
537,2,1331.8,279.5,238.3,403.7,-1,-1,-1,-1
538,9,995.6,269.3,132.3,438.8,-1,-1,-1,-1
538,1,565.0,258.0,223.4,531.7,-1,-1,-1,-1
538,7,802.6,257.0,167.4,490.2,-1,-1,-1,-1
538,5,1196.1,245.2,135.0,497.3,-1,-1,-1,-1
538,3,258.0,258.9,191.5,541.7,-1,-1,-1,-1
538,2,1331.1,281.3,240.3,401.1,-1,-1,-1,-1
539,9,991.6,272.5,132.3,433.5,-1,-1,-1,-1
539,1,574.8,255.3,219.0,533.8,-1,-1,-1,-1
539,7,805.3,262.1,176.9,485.8,-1,-1,-1,-1
539,5,1202.2,251.4,128.2,497.8,-1,-1,-1,-1
539,3,259.5,265.1,196.4,535.4,-1,-1,-1,-1
539,2,1328.4,283.8,240.3,398.9,-1,-1,-1,-1
540,9,991.6,271.7,124.2,431.7,-1,-1,-1,-1
540,1,581.5,253.8,215.0,534.6,-1,-1,-1,-1
540,7,806.0,265.6,180.9,482.3,-1,-1,-1,-1
540,5,1199.5,253.6,130.9,496.3,-1,-1,-1,-1
540,3,263.9,267.1,195.8,533.4,-1,-1,-1,-1
540,2,1327.7,283.2,239.6,398.9,-1,-1,-1,-1
541,9,992.9,270.5,135.0,419.3,-1,-1,-1,-1
541,1,600.1,250.8,198.5,536.3,-1,-1,-1,-1
541,7,814.7,265.8,179.5,480.1,-1,-1,-1,-1
541,5,1194.1,250.8,133.7,499.8,-1,-1,-1,-1
541,3,283.5,269.2,172.8,531.4,-1,-1,-1,-1
541,2,1317.6,276.4,216.0,400.3,-1,-1,-1,-1
542,9,995.0,266.0,140.4,416.5,-1,-1,-1,-1
542,1,610.5,248.4,190.0,538.7,-1,-1,-1,-1
542,7,826.9,263.6,170.1,469.5,-1,-1,-1,-1
542,5,1190.0,248.4,136.3,502.2,-1,-1,-1,-1
542,3,294.3,269.7,154.6,530.9,-1,-1,-1,-1
542,2,1319.6,270.8,188.3,401.5,-1,-1,-1,-1
543,9,1005.1,266.0,139.0,413.8,-1,-1,-1,-1
543,1,635.5,246.5,165.0,541.2,-1,-1,-1,-1
543,7,860.0,259.0,145.8,472.7,-1,-1,-1,-1
543,5,1181.2,238.8,147.2,511.8,-1,-1,-1,-1
543,3,302.1,268.5,140.4,526.0,-1,-1,-1,-1
543,2,1318.3,261.9,131.6,409.1,-1,-1,-1,-1
544,9,1012.5,262.6,131.0,416.5,-1,-1,-1,-1
544,1,644.6,245.4,156.6,541.7,-1,-1,-1,-1
544,7,876.8,256.3,133.7,475.4,-1,-1,-1,-1
544,5,1178.6,233.9,156.6,516.7,-1,-1,-1,-1
544,3,301.7,268.3,141.1,518.7,-1,-1,-1,-1
544,2,1296.7,260.2,115.4,413.1,-1,-1,-1,-1
545,9,1030.7,258.7,122.9,422.4,-1,-1,-1,-1
545,1,664.9,242.8,137.7,544.9,-1,-1,-1,-1
545,7,887.6,252.8,137.7,477.6,-1,-1,-1,-1
545,5,1175.2,223.3,162.0,526.0,-1,-1,-1,-1
545,3,305.8,268.0,141.8,509.0,-1,-1,-1,-1
545,2,1279.8,254.1,113.4,416.5,-1,-1,-1,-1
546,9,1030.1,258.7,133.7,423.1,-1,-1,-1,-1
546,1,675.7,241.8,129.6,547.3,-1,-1,-1,-1
546,7,888.3,250.3,141.8,480.8,-1,-1,-1,-1
546,5,1171.8,219.9,164.7,539.5,-1,-1,-1,-1
546,3,311.7,268.8,141.2,507.4,-1,-1,-1,-1
546,2,1254.2,251.4,137.7,421.2,-1,-1,-1,-1
547,9,1024.7,266.0,168.8,413.1,-1,-1,-1,-1
547,1,677.7,239.6,131.0,560.2,-1,-1,-1,-1
547,7,887.6,250.4,183.6,481.9,-1,-1,-1,-1
547,5,1166.4,221.2,163.3,564.5,-1,-1,-1,-1
547,3,324.2,268.6,143.9,509.0,-1,-1,-1,-1
547,2,1202.9,253.8,193.0,417.2,-1,-1,-1,-1
548,9,1024.7,268.1,178.2,415.6,-1,-1,-1,-1
548,1,678.7,239.0,131.3,569.0,-1,-1,-1,-1
548,7,887.6,252.3,199.8,480.1,-1,-1,-1,-1
548,5,1164.4,224.8,163.4,549.5,-1,-1,-1,-1
548,3,331.9,269.5,140.9,508.1,-1,-1,-1,-1
548,2,1176.5,257.0,214.0,418.7,-1,-1,-1,-1
549,9,1013.9,277.8,197.1,420.2,-1,-1,-1,-1
549,1,675.7,239.8,137.7,581.7,-1,-1,-1,-1
549,7,887.0,259.2,209.3,474.5,-1,-1,-1,-1
549,5,1159.7,233.4,167.4,564.5,-1,-1,-1,-1
549,3,343.6,269.2,143.1,507.8,-1,-1,-1,-1
549,2,1161.0,270.3,230.9,405.0,-1,-1,-1,-1
550,9,1014.5,280.0,195.8,422.0,-1,-1,-1,-1
550,1,672.0,241.1,142.1,581.7,-1,-1,-1,-1
550,7,888.3,263.8,209.2,472.7,-1,-1,-1,-1
550,5,1158.3,235.4,164.7,573.2,-1,-1,-1,-1
550,3,339.2,270.5,154.6,507.1,-1,-1,-1,-1
550,2,1158.3,268.0,229.5,405.0,-1,-1,-1,-1
551,9,1012.5,278.3,213.3,426.4,-1,-1,-1,-1
551,1,669.6,242.8,144.5,580.0,-1,-1,-1,-1
551,7,893.7,263.8,205.2,473.3,-1,-1,-1,-1
551,5,1159.0,238.3,157.9,572.4,-1,-1,-1,-1
551,3,335.1,270.3,168.1,505.9,-1,-1,-1,-1
552,9,1025.3,280.5,224.1,425.6,-1,-1,-1,-1
552,1,667.6,241.3,145.8,582.2,-1,-1,-1,-1
552,7,899.8,263.2,199.8,474.5,-1,-1,-1,-1
552,5,1152.9,235.6,164.7,575.8,-1,-1,-1,-1
552,3,336.5,271.4,168.1,506.3,-1,-1,-1,-1
553,9,1064.5,276.2,195.8,422.4,-1,-1,-1,-1
553,1,663.9,237.4,144.8,584.7,-1,-1,-1,-1
553,7,923.4,262.2,175.5,476.2,-1,-1,-1,-1
553,5,1147.5,232.0,168.8,578.0,-1,-1,-1,-1
553,3,350.7,270.8,154.6,505.4,-1,-1,-1,-1
554,9,1086.8,286.7,171.5,414.6,-1,-1,-1,-1
554,1,664.2,234.9,143.1,587.3,-1,-1,-1,-1
554,7,932.9,261.6,167.4,476.9,-1,-1,-1,-1
554,5,1148.9,228.3,167.4,581.7,-1,-1,-1,-1
554,3,360.5,269.3,145.8,506.2,-1,-1,-1,-1
555,1,667.6,230.0,137.7,591.5,-1,-1,-1,-1
555,7,958.5,259.4,144.5,480.4,-1,-1,-1,-1
555,5,1141.4,223.3,174.2,588.1,-1,-1,-1,-1
555,3,375.0,266.5,134.3,507.1,-1,-1,-1,-1
556,1,670.6,227.8,132.0,594.3,-1,-1,-1,-1
556,7,963.2,257.9,144.5,482.0,-1,-1,-1,-1
556,5,1142.1,219.9,174.1,591.5,-1,-1,-1,-1
556,3,383.4,264.8,126.9,508.1,-1,-1,-1,-1
557,1,675.3,223.4,133.3,597.4,-1,-1,-1,-1
557,7,968.6,255.3,145.8,485.2,-1,-1,-1,-1
557,5,1145.5,210.9,172.8,618.0,-1,-1,-1,-1
557,3,390.8,262.4,123.5,505.1,-1,-1,-1,-1
557,2,1094.8,253.3,105.3,423.7,-1,-1,-1,-1
558,1,678.0,221.4,142.1,598.7,-1,-1,-1,-1
558,7,971.3,254.5,147.2,486.7,-1,-1,-1,-1
558,5,1147.5,206.0,176.9,628.9,-1,-1,-1,-1
558,3,388.1,260.6,128.2,502.2,-1,-1,-1,-1
558,2,1011.8,256.8,167.4,412.4,-1,-1,-1,-1
559,1,679.1,219.2,162.0,600.9,-1,-1,-1,-1
559,7,972.0,255.8,152.5,484.0,-1,-1,-1,-1
559,5,1159.7,208.2,160.7,636.9,-1,-1,-1,-1
559,3,396.9,258.4,128.2,503.0,-1,-1,-1,-1
559,2,984.8,261.9,171.5,398.9,-1,-1,-1,-1
560,1,682.4,217.7,167.4,601.8,-1,-1,-1,-1
560,7,970.7,258.7,151.2,481.1,-1,-1,-1,-1
560,5,1162.4,211.1,157.9,634.7,-1,-1,-1,-1
560,3,402.3,258.5,127.6,502.2,-1,-1,-1,-1
560,2,976.7,266.0,174.1,393.5,-1,-1,-1,-1
561,9,1175.2,261.4,297.7,446.7,-1,-1,-1,-1
561,1,690.5,215.8,176.8,604.3,-1,-1,-1,-1
561,7,975.4,261.9,144.5,477.2,-1,-1,-1,-1
561,5,1163.0,212.5,163.3,634.7,-1,-1,-1,-1
561,3,408.0,259.4,124.2,499.3,-1,-1,-1,-1
561,2,978.8,272.0,167.4,388.1,-1,-1,-1,-1
562,9,1175.9,270.7,309.1,444.1,-1,-1,-1,-1
562,1,693.9,216.2,182.2,604.6,-1,-1,-1,-1
562,7,976.1,263.2,147.2,476.6,-1,-1,-1,-1
562,5,1161.7,213.8,164.7,633.3,-1,-1,-1,-1
562,3,409.7,259.2,124.2,495.5,-1,-1,-1,-1
563,9,1180.6,274.9,323.3,439.9,-1,-1,-1,-1
563,1,696.6,215.8,194.4,599.6,-1,-1,-1,-1
563,7,975.4,260.6,140.4,476.6,-1,-1,-1,-1
563,5,1157.0,214.7,170.1,632.5,-1,-1,-1,-1
563,3,411.8,258.5,141.8,488.7,-1,-1,-1,-1
564,9,1194.1,276.4,316.6,437.7,-1,-1,-1,-1
564,1,696.6,218.7,201.1,595.4,-1,-1,-1,-1
564,7,973.4,260.4,139.0,472.7,-1,-1,-1,-1
564,5,1154.9,214.5,203.8,633.3,-1,-1,-1,-1
564,3,411.8,257.9,155.2,488.7,-1,-1,-1,-1
565,9,1241.3,267.0,270.7,447.2,-1,-1,-1,-1
565,1,698.0,219.7,206.5,594.3,-1,-1,-1,-1
565,7,962.6,259.7,140.4,457.8,-1,-1,-1,-1
565,5,1154.9,213.5,175.5,635.0,-1,-1,-1,-1
565,3,413.1,257.3,168.1,489.9,-1,-1,-1,-1
566,9,1256.9,263.2,256.5,450.2,-1,-1,-1,-1
566,1,695.9,221.6,213.3,591.8,-1,-1,-1,-1
566,7,963.2,258.4,136.4,457.1,-1,-1,-1,-1
566,5,1155.6,212.0,170.1,637.2,-1,-1,-1,-1
566,3,415.8,256.7,166.1,490.6,-1,-1,-1,-1
567,9,1304.8,259.4,208.6,454.8,-1,-1,-1,-1
567,1,683.8,224.8,225.5,587.3,-1,-1,-1,-1
567,7,951.8,253.1,136.3,461.7,-1,-1,-1,-1
567,5,1154.9,210.6,164.7,637.2,-1,-1,-1,-1
567,3,431.7,257.2,149.9,488.7,-1,-1,-1,-1
568,9,1327.7,257.9,187.0,456.3,-1,-1,-1,-1
568,1,682.8,225.1,227.1,587.6,-1,-1,-1,-1
568,7,951.1,249.6,132.3,465.2,-1,-1,-1,-1
568,5,1152.2,209.2,163.3,638.6,-1,-1,-1,-1
568,3,442.1,258.0,141.1,487.9,-1,-1,-1,-1
569,9,1356.1,253.0,160.0,460.5,-1,-1,-1,-1
569,1,703.4,225.5,207.9,585.9,-1,-1,-1,-1
569,7,943.7,245.2,136.3,478.4,-1,-1,-1,-1
569,5,1140.8,205.7,163.4,642.1,-1,-1,-1,-1
569,3,451.9,258.2,137.7,488.4,-1,-1,-1,-1
570,9,1364.2,251.8,151.9,461.7,-1,-1,-1,-1
570,1,713.5,224.8,197.1,587.3,-1,-1,-1,-1
570,7,936.9,246.5,151.2,483.1,-1,-1,-1,-1
570,5,1137.4,206.4,163.4,640.7,-1,-1,-1,-1
570,3,449.6,259.2,149.2,486.7,-1,-1,-1,-1
571,9,1371.6,251.9,145.8,460.9,-1,-1,-1,-1
571,1,716.9,223.6,194.4,588.4,-1,-1,-1,-1
571,7,926.1,249.1,168.7,479.2,-1,-1,-1,-1
571,5,1134.0,206.4,164.7,644.8,-1,-1,-1,-1
571,3,446.9,259.9,158.0,486.7,-1,-1,-1,-1
572,9,1363.5,252.6,153.9,460.9,-1,-1,-1,-1
572,1,727.0,229.0,185.0,583.7,-1,-1,-1,-1
572,7,905.9,257.3,187.6,471.0,-1,-1,-1,-1
572,5,1134.7,209.1,164.7,644.8,-1,-1,-1,-1
572,3,443.5,264.3,174.8,482.3,-1,-1,-1,-1
573,9,1360.1,252.6,158.6,460.9,-1,-1,-1,-1
573,1,723.6,235.1,189.0,577.0,-1,-1,-1,-1
573,7,893.7,262.9,201.1,464.7,-1,-1,-1,-1
573,5,1135.4,210.8,174.1,643.8,-1,-1,-1,-1
573,3,443.5,266.5,180.2,480.1,-1,-1,-1,-1
574,9,1363.5,251.1,156.6,461.7,-1,-1,-1,-1
574,1,716.9,241.5,199.8,569.9,-1,-1,-1,-1
574,7,857.9,266.8,256.5,460.9,-1,-1,-1,-1
574,5,1144.1,211.1,191.7,643.4,-1,-1,-1,-1
574,3,450.2,271.4,180.2,474.5,-1,-1,-1,-1
575,9,1368.9,249.9,153.9,463.6,-1,-1,-1,-1
575,1,712.8,244.5,222.8,566.8,-1,-1,-1,-1
575,7,845.8,269.8,286.2,457.8,-1,-1,-1,-1
575,5,1152.9,213.5,217.3,641.1,-1,-1,-1,-1
575,3,437.7,270.7,189.0,474.5,-1,-1,-1,-1
576,9,1412.1,254.8,148.5,459.3,-1,-1,-1,-1
576,1,711.5,248.9,225.5,559.1,-1,-1,-1,-1
576,7,875.5,269.0,248.4,458.7,-1,-1,-1,-1
576,5,1164.4,217.5,182.2,636.4,-1,-1,-1,-1
576,3,421.9,264.9,190.4,476.2,-1,-1,-1,-1
577,9,1413.5,255.3,148.5,458.2,-1,-1,-1,-1
577,1,706.7,248.4,221.4,560.3,-1,-1,-1,-1
577,7,903.2,266.8,183.6,460.9,-1,-1,-1,-1
577,5,1165.1,219.2,167.4,636.0,-1,-1,-1,-1
577,3,413.8,259.5,191.0,478.9,-1,-1,-1,-1
578,9,1421.6,257.2,148.5,456.3,-1,-1,-1,-1
578,1,684.1,244.4,177.2,563.6,-1,-1,-1,-1
578,7,897.8,257.3,172.8,471.0,-1,-1,-1,-1
578,5,1161.7,216.7,176.8,639.9,-1,-1,-1,-1
578,3,401.0,250.9,188.3,484.8,-1,-1,-1,-1
579,9,1425.6,257.2,148.5,456.3,-1,-1,-1,-1
579,1,675.0,239.1,185.0,568.2,-1,-1,-1,-1
579,7,899.1,254.1,170.1,474.9,-1,-1,-1,-1
579,5,1160.3,215.7,175.5,640.2,-1,-1,-1,-1
579,3,389.1,246.4,196.4,488.7,-1,-1,-1,-1
580,9,1429.7,251.6,148.5,462.5,-1,-1,-1,-1
580,1,635.2,222.4,213.3,587.6,-1,-1,-1,-1
580,7,911.2,246.0,137.7,504.6,-1,-1,-1,-1
580,5,1156.3,209.1,197.1,666.4,-1,-1,-1,-1
580,3,383.4,243.8,202.5,487.9,-1,-1,-1,-1
581,9,1431.0,248.2,148.5,465.2,-1,-1,-1,-1
581,1,627.8,215.5,210.6,604.6,-1,-1,-1,-1
581,7,916.7,246.4,117.4,506.2,-1,-1,-1,-1
581,5,1154.9,206.9,203.8,689.5,-1,-1,-1,-1
581,3,396.6,246.2,191.0,485.5,-1,-1,-1,-1
582,9,1431.0,246.4,172.8,466.4,-1,-1,-1,-1
582,1,621.3,209.6,213.0,623.4,-1,-1,-1,-1
582,7,919.4,251.3,110.7,501.4,-1,-1,-1,-1
582,5,1154.2,210.9,195.8,686.8,-1,-1,-1,-1
582,3,401.6,253.6,185.6,480.1,-1,-1,-1,-1
583,9,1428.3,249.6,175.5,463.2,-1,-1,-1,-1
583,1,604.5,200.1,231.9,632.8,-1,-1,-1,-1
583,7,918.0,252.8,112.1,500.5,-1,-1,-1,-1
583,5,1151.6,214.3,199.8,683.4,-1,-1,-1,-1
583,3,404.7,256.5,182.9,477.2,-1,-1,-1,-1
584,9,1428.3,257.2,175.5,456.3,-1,-1,-1,-1
584,1,590.3,210.1,249.4,622.9,-1,-1,-1,-1
584,7,916.7,253.6,110.7,499.0,-1,-1,-1,-1
584,5,1150.9,216.3,201.2,682.8,-1,-1,-1,-1
584,3,408.0,259.7,178.9,473.3,-1,-1,-1,-1
585,9,1428.3,257.2,175.5,456.3,-1,-1,-1,-1
585,1,588.6,205.7,249.8,627.2,-1,-1,-1,-1
585,7,916.7,253.3,110.7,499.3,-1,-1,-1,-1
585,5,1150.2,215.7,201.2,682.1,-1,-1,-1,-1
585,3,409.4,259.7,177.5,473.3,-1,-1,-1,-1
586,9,1429.7,257.2,172.8,456.3,-1,-1,-1,-1
586,1,578.8,209.4,256.2,621.5,-1,-1,-1,-1
586,7,916.0,253.3,118.8,499.3,-1,-1,-1,-1
586,5,1150.9,216.3,195.8,677.4,-1,-1,-1,-1
586,3,414.5,257.2,173.5,476.6,-1,-1,-1,-1
587,9,1429.7,257.5,164.7,455.3,-1,-1,-1,-1
587,1,585.2,227.5,249.8,603.5,-1,-1,-1,-1
587,7,916.7,253.0,117.4,499.0,-1,-1,-1,-1
587,5,1151.6,217.2,189.0,669.1,-1,-1,-1,-1
587,3,418.5,256.2,168.8,476.9,-1,-1,-1,-1
588,9,1431.0,257.2,151.2,455.6,-1,-1,-1,-1
588,1,576.5,258.9,257.9,563.3,-1,-1,-1,-1
588,7,918.0,254.8,112.1,491.7,-1,-1,-1,-1
588,5,1150.2,220.1,167.4,650.0,-1,-1,-1,-1
588,3,431.0,254.8,155.3,482.3,-1,-1,-1,-1
589,9,1428.3,257.3,145.8,454.8,-1,-1,-1,-1
589,1,594.7,259.4,238.9,561.4,-1,-1,-1,-1
589,7,919.4,255.5,109.4,484.3,-1,-1,-1,-1
589,5,1149.5,221.6,162.0,641.1,-1,-1,-1,-1
589,3,432.0,254.6,153.9,485.2,-1,-1,-1,-1
590,9,1427.0,255.0,143.1,457.8,-1,-1,-1,-1
590,1,603.8,257.7,233.9,559.1,-1,-1,-1,-1
590,7,921.4,261.6,108.0,468.8,-1,-1,-1,-1
590,5,1146.2,228.0,186.3,628.6,-1,-1,-1,-1
590,3,434.0,259.2,152.5,482.0,-1,-1,-1,-1
591,9,1425.6,255.0,137.7,457.1,-1,-1,-1,-1
591,1,619.3,257.2,221.7,560.3,-1,-1,-1,-1
591,7,920.7,265.8,106.6,463.2,-1,-1,-1,-1
591,5,1145.5,232.0,198.4,625.9,-1,-1,-1,-1
591,3,436.4,262.7,150.5,481.1,-1,-1,-1,-1
592,9,1417.5,258.4,135.0,454.4,-1,-1,-1,-1
592,1,648.0,251.3,202.5,571.6,-1,-1,-1,-1
592,7,918.7,274.2,109.3,454.8,-1,-1,-1,-1
592,5,1146.2,241.0,206.6,617.6,-1,-1,-1,-1
592,3,440.4,272.9,145.8,471.0,-1,-1,-1,-1
593,9,1410.8,260.2,143.1,452.6,-1,-1,-1,-1
593,1,638.9,247.9,217.7,583.7,-1,-1,-1,-1
593,7,917.3,278.1,112.0,450.9,-1,-1,-1,-1
593,5,1148.2,244.7,205.2,613.9,-1,-1,-1,-1
593,3,443.8,276.2,142.4,468.3,-1,-1,-1,-1
594,9,1418.9,262.6,148.5,450.2,-1,-1,-1,-1
594,1,632.5,238.1,228.1,592.8,-1,-1,-1,-1
594,7,916.7,285.4,116.1,443.0,-1,-1,-1,-1
594,5,1150.2,253.6,198.4,604.3,-1,-1,-1,-1
594,3,439.1,284.7,147.8,460.5,-1,-1,-1,-1
595,9,1417.5,270.8,153.9,442.6,-1,-1,-1,-1
595,1,631.8,232.9,228.1,598.7,-1,-1,-1,-1
595,7,915.3,288.4,120.2,439.9,-1,-1,-1,-1
595,5,1152.2,256.5,193.0,602.1,-1,-1,-1,-1
595,3,437.1,287.7,150.5,457.5,-1,-1,-1,-1
596,9,1414.8,279.3,153.9,433.5,-1,-1,-1,-1
596,1,630.8,229.2,224.4,602.4,-1,-1,-1,-1
596,7,914.6,293.6,125.6,434.7,-1,-1,-1,-1
596,5,1157.6,261.4,180.9,596.5,-1,-1,-1,-1
596,3,431.3,291.1,160.0,454.8,-1,-1,-1,-1
597,9,1409.4,286.7,162.0,426.8,-1,-1,-1,-1
597,1,630.5,228.2,218.7,603.5,-1,-1,-1,-1
597,7,913.3,295.1,128.2,433.2,-1,-1,-1,-1
597,5,1162.4,262.2,172.8,595.0,-1,-1,-1,-1
597,3,430.0,292.3,164.0,453.6,-1,-1,-1,-1
598,9,1393.2,303.4,175.5,409.4,-1,-1,-1,-1
598,1,632.1,234.4,206.2,596.5,-1,-1,-1,-1
598,7,913.3,297.5,130.9,430.1,-1,-1,-1,-1
598,5,1169.1,263.8,160.6,592.8,-1,-1,-1,-1
598,3,430.0,293.8,168.8,452.1,-1,-1,-1,-1
599,9,1395.9,302.6,167.4,410.9,-1,-1,-1,-1
599,1,634.2,243.7,199.5,587.3,-1,-1,-1,-1
599,7,914.0,298.5,131.0,429.8,-1,-1,-1,-1
599,5,1166.4,264.1,162.0,591.8,-1,-1,-1,-1
599,3,429.6,293.8,170.8,452.1,-1,-1,-1,-1
600,9,1401.3,302.6,156.6,410.9,-1,-1,-1,-1
600,1,644.0,264.8,185.0,564.8,-1,-1,-1,-1
600,7,915.3,299.4,125.5,428.3,-1,-1,-1,-1
600,5,1162.4,258.4,178.2,596.2,-1,-1,-1,-1
600,3,429.0,295.3,170.1,449.9,-1,-1,-1,-1
601,9,1402.7,302.2,153.9,410.6,-1,-1,-1,-1
601,1,649.0,262.1,185.3,566.8,-1,-1,-1,-1
601,7,914.6,299.7,122.8,428.6,-1,-1,-1,-1
601,5,1156.3,255.8,194.4,598.7,-1,-1,-1,-1
601,3,427.3,296.8,172.1,448.4,-1,-1,-1,-1
602,9,1406.7,300.0,148.5,412.8,-1,-1,-1,-1
602,1,658.5,253.8,183.9,572.4,-1,-1,-1,-1
602,7,915.3,300.0,118.8,429.0,-1,-1,-1,-1
602,5,1151.6,251.1,209.2,602.1,-1,-1,-1,-1
602,3,427.3,282.3,169.4,462.9,-1,-1,-1,-1
603,9,1412.1,297.5,145.8,415.3,-1,-1,-1,-1
603,1,654.1,248.2,195.8,576.6,-1,-1,-1,-1
603,7,916.7,299.2,122.8,429.8,-1,-1,-1,-1
603,5,1150.2,244.5,207.9,609.4,-1,-1,-1,-1
603,3,426.6,261.6,162.0,483.6,-1,-1,-1,-1
604,9,1416.2,289.4,143.1,423.4,-1,-1,-1,-1
604,1,635.5,238.3,226.5,587.3,-1,-1,-1,-1
604,7,907.9,295.8,158.0,433.9,-1,-1,-1,-1
604,5,1149.5,231.7,186.3,621.5,-1,-1,-1,-1
604,3,428.6,284.3,148.5,460.9,-1,-1,-1,-1
605,9,1416.2,285.4,145.8,426.8,-1,-1,-1,-1
605,1,626.4,235.1,236.2,593.2,-1,-1,-1,-1
605,7,887.0,294.0,187.6,435.0,-1,-1,-1,-1
605,5,1150.2,223.4,184.9,629.8,-1,-1,-1,-1
605,3,422.6,282.8,166.1,461.7,-1,-1,-1,-1
606,9,1416.2,269.2,151.2,443.0,-1,-1,-1,-1
606,1,651.4,228.5,202.5,601.8,-1,-1,-1,-1
606,7,862.7,288.1,199.8,440.3,-1,-1,-1,-1
606,5,1154.9,208.7,187.7,645.1,-1,-1,-1,-1
606,3,409.1,264.8,191.0,480.4,-1,-1,-1,-1
607,9,1414.8,258.2,162.0,453.3,-1,-1,-1,-1
607,1,654.1,226.8,199.8,603.4,-1,-1,-1,-1
607,7,874.1,285.0,198.5,443.3,-1,-1,-1,-1
607,5,1159.7,208.1,185.0,645.1,-1,-1,-1,-1
607,3,405.3,245.2,199.1,499.3,-1,-1,-1,-1
608,9,1413.5,232.7,180.9,473.3,-1,-1,-1,-1
608,1,666.2,224.3,187.6,606.0,-1,-1,-1,-1
608,7,866.0,276.4,214.7,451.2,-1,-1,-1,-1
608,5,1161.0,215.7,182.2,640.2,-1,-1,-1,-1
608,3,402.3,207.2,184.9,538.6,-1,-1,-1,-1
609,9,1412.1,214.0,186.3,491.4,-1,-1,-1,-1
609,1,663.5,222.8,187.7,608.2,-1,-1,-1,-1
609,7,869.4,271.7,207.9,456.0,-1,-1,-1,-1
609,5,1163.0,205.4,174.2,643.8,-1,-1,-1,-1
609,3,403.7,193.9,187.7,552.7,-1,-1,-1,-1
610,9,1413.5,185.8,197.1,520.3,-1,-1,-1,-1
610,1,645.3,186.8,191.7,644.8,-1,-1,-1,-1
610,7,889.7,227.8,170.1,499.8,-1,-1,-1,-1
610,5,1165.7,173.1,166.0,690.9,-1,-1,-1,-1
610,3,383.7,166.9,177.5,580.3,-1,-1,-1,-1
611,9,1413.5,168.6,202.5,537.5,-1,-1,-1,-1
611,1,639.6,166.6,193.4,665.0,-1,-1,-1,-1
611,7,905.2,189.0,141.8,538.7,-1,-1,-1,-1
611,5,1165.7,133.0,163.3,747.9,-1,-1,-1,-1
611,3,375.6,145.6,183.6,600.9,-1,-1,-1,-1
612,9,1418.9,155.6,197.1,549.1,-1,-1,-1,-1
612,1,594.0,119.1,209.2,712.5,-1,-1,-1,-1
612,7,916.7,151.4,112.1,577.0,-1,-1,-1,-1
612,5,1166.4,78.3,162.0,801.2,-1,-1,-1,-1
612,3,375.3,149.3,183.6,596.5,-1,-1,-1,-1
613,9,1424.2,154.1,191.7,550.6,-1,-1,-1,-1
613,1,590.6,107.0,210.6,724.6,-1,-1,-1,-1
613,7,917.3,150.7,110.7,578.3,-1,-1,-1,-1
613,5,1167.1,81.0,156.6,797.9,-1,-1,-1,-1
613,3,374.6,155.9,185.0,589.3,-1,-1,-1,-1
614,9,1431.0,154.1,183.6,550.6,-1,-1,-1,-1
614,1,590.0,102.9,212.0,730.0,-1,-1,-1,-1
614,7,918.0,154.1,110.7,573.6,-1,-1,-1,-1
614,5,1173.2,65.8,148.5,815.7,-1,-1,-1,-1
614,3,375.0,151.0,185.6,592.8,-1,-1,-1,-1
615,9,1428.3,154.9,186.3,549.8,-1,-1,-1,-1
615,1,590.3,104.0,213.0,729.0,-1,-1,-1,-1
615,7,921.4,156.8,106.7,571.6,-1,-1,-1,-1
615,5,1173.8,64.5,149.8,817.1,-1,-1,-1,-1
615,3,376.0,150.2,184.3,593.7,-1,-1,-1,-1
616,9,1428.3,152.9,186.3,551.8,-1,-1,-1,-1
616,1,590.3,100.2,213.0,732.7,-1,-1,-1,-1
616,7,920.0,162.0,108.0,565.7,-1,-1,-1,-1
616,5,1175.2,64.1,149.8,816.8,-1,-1,-1,-1
616,3,378.0,149.9,182.2,594.0,-1,-1,-1,-1
617,9,1428.3,152.6,186.3,551.5,-1,-1,-1,-1
617,1,589.6,102.3,213.0,730.7,-1,-1,-1,-1
617,7,922.1,166.2,106.7,561.4,-1,-1,-1,-1
617,5,1175.2,64.8,147.2,815.4,-1,-1,-1,-1
617,3,380.4,152.0,180.2,591.8,-1,-1,-1,-1
618,9,1429.7,154.1,186.3,550.6,-1,-1,-1,-1
618,1,588.9,101.9,213.0,730.4,-1,-1,-1,-1
618,7,927.5,172.6,101.3,555.7,-1,-1,-1,-1
618,5,1178.6,70.2,135.0,813.4,-1,-1,-1,-1
618,3,383.1,150.4,177.5,592.8,-1,-1,-1,-1
619,9,1431.0,156.8,183.6,548.6,-1,-1,-1,-1
619,1,588.9,99.9,213.0,733.7,-1,-1,-1,-1
619,7,926.8,179.2,103.9,549.8,-1,-1,-1,-1
619,5,1179.2,70.2,136.3,815.4,-1,-1,-1,-1
619,3,384.4,152.0,174.1,591.8,-1,-1,-1,-1
620,9,1445.9,159.5,167.4,547.3,-1,-1,-1,-1
620,1,589.3,100.6,212.0,732.4,-1,-1,-1,-1
620,7,920.0,199.0,120.2,529.4,-1,-1,-1,-1
620,5,1177.9,86.4,143.1,789.8,-1,-1,-1,-1
620,3,390.8,167.9,174.2,574.6,-1,-1,-1,-1
621,9,1454.0,169.9,156.6,537.5,-1,-1,-1,-1
621,1,589.6,101.6,211.6,730.0,-1,-1,-1,-1
621,7,918.7,213.0,125.5,514.7,-1,-1,-1,-1
621,5,1177.9,95.9,145.8,782.3,-1,-1,-1,-1
621,3,396.6,172.0,172.1,569.9,-1,-1,-1,-1
622,9,1443.2,185.6,148.5,525.2,-1,-1,-1,-1
622,1,598.7,106.0,202.5,725.0,-1,-1,-1,-1
622,7,915.3,224.6,132.3,503.0,-1,-1,-1,-1
622,5,1174.5,138.4,156.6,732.4,-1,-1,-1,-1
622,3,412.4,194.7,156.6,546.4,-1,-1,-1,-1
623,9,1437.8,198.1,148.5,513.3,-1,-1,-1,-1
623,1,615.9,105.6,184.6,726.0,-1,-1,-1,-1
623,7,914.6,231.9,133.7,495.8,-1,-1,-1,-1
623,5,1168.4,166.1,167.4,702.7,-1,-1,-1,-1
623,3,416.8,207.6,150.5,532.2,-1,-1,-1,-1
624,9,1441.8,215.8,137.7,496.3,-1,-1,-1,-1
624,1,633.8,116.1,156.6,719.6,-1,-1,-1,-1
624,7,916.0,243.5,132.3,482.8,-1,-1,-1,-1
624,5,1161.7,197.9,174.2,666.7,-1,-1,-1,-1
624,3,424.6,234.2,131.0,506.3,-1,-1,-1,-1
625,9,1449.9,221.2,126.9,490.2,-1,-1,-1,-1
625,1,628.1,121.5,157.6,714.8,-1,-1,-1,-1
625,7,915.3,251.3,132.3,475.7,-1,-1,-1,-1
625,5,1157.6,198.3,178.2,665.0,-1,-1,-1,-1
625,3,423.9,247.1,136.3,493.4,-1,-1,-1,-1
626,9,1455.3,232.0,121.5,480.1,-1,-1,-1,-1
626,1,621.7,133.3,156.6,705.0,-1,-1,-1,-1
626,7,915.3,257.5,130.9,468.8,-1,-1,-1,-1
626,5,1161.7,198.1,190.3,663.2,-1,-1,-1,-1
626,3,407.7,249.2,168.1,492.6,-1,-1,-1,-1
627,9,1452.6,237.1,129.6,473.7,-1,-1,-1,-1
627,1,621.7,139.1,155.2,700.0,-1,-1,-1,-1
627,7,913.3,257.9,133.7,469.1,-1,-1,-1,-1
627,5,1163.0,200.5,186.3,657.5,-1,-1,-1,-1
627,3,397.6,251.3,182.2,489.9,-1,-1,-1,-1
628,9,1449.9,246.9,135.0,462.5,-1,-1,-1,-1
628,1,625.4,151.5,183.3,688.2,-1,-1,-1,-1
628,7,899.1,257.2,149.9,469.8,-1,-1,-1,-1
628,5,1165.7,202.5,172.8,661.5,-1,-1,-1,-1
628,3,384.1,250.9,193.7,487.5,-1,-1,-1,-1
629,9,1449.9,246.5,140.4,463.6,-1,-1,-1,-1
629,1,632.8,160.3,185.3,680.7,-1,-1,-1,-1
629,7,892.4,257.2,159.3,469.8,-1,-1,-1,-1
629,5,1173.8,202.8,164.7,662.5,-1,-1,-1,-1
629,3,378.7,251.6,193.7,487.5,-1,-1,-1,-1
630,9,1449.9,247.1,162.0,461.7,-1,-1,-1,-1
630,1,623.0,183.9,203.8,657.1,-1,-1,-1,-1
630,7,881.6,255.3,176.8,471.0,-1,-1,-1,-1
630,5,1188.0,212.8,158.0,653.9,-1,-1,-1,-1
630,3,372.3,253.6,181.6,485.5,-1,-1,-1,-1
631,9,1452.6,247.2,164.7,462.9,-1,-1,-1,-1
631,1,619.7,191.2,210.6,651.2,-1,-1,-1,-1
631,7,876.2,255.3,187.7,471.0,-1,-1,-1,-1
631,5,1194.1,214.1,162.0,652.6,-1,-1,-1,-1
631,3,372.3,255.3,178.2,485.2,-1,-1,-1,-1
632,9,1452.6,253.1,167.4,456.3,-1,-1,-1,-1
632,1,612.9,212.3,218.7,631.5,-1,-1,-1,-1
632,7,887.6,256.5,186.3,469.1,-1,-1,-1,-1
632,5,1186.7,217.7,175.5,650.4,-1,-1,-1,-1
632,3,378.0,261.4,174.2,478.4,-1,-1,-1,-1
633,9,1452.6,257.7,151.2,451.7,-1,-1,-1,-1
633,1,612.9,219.4,218.7,623.7,-1,-1,-1,-1
633,7,866.0,257.3,211.9,468.3,-1,-1,-1,-1
633,5,1176.5,218.4,186.3,648.3,-1,-1,-1,-1
633,3,382.7,265.3,170.1,474.5,-1,-1,-1,-1
634,9,1454.0,266.8,151.2,442.6,-1,-1,-1,-1
634,1,620.3,236.1,210.6,609.0,-1,-1,-1,-1
634,7,865.4,261.4,213.3,463.6,-1,-1,-1,-1
634,5,1165.7,225.6,205.2,641.1,-1,-1,-1,-1
634,3,388.5,273.7,165.4,467.4,-1,-1,-1,-1
635,9,1452.6,267.1,153.9,442.3,-1,-1,-1,-1
635,1,626.4,240.5,205.2,606.0,-1,-1,-1,-1
635,7,864.0,264.1,214.7,460.9,-1,-1,-1,-1
635,5,1173.2,229.7,195.8,636.4,-1,-1,-1,-1
635,3,389.5,274.1,166.7,467.1,-1,-1,-1,-1
636,9,1456.7,257.3,151.2,452.1,-1,-1,-1,-1
636,1,633.2,246.4,198.5,602.1,-1,-1,-1,-1
636,7,842.4,264.3,240.3,462.0,-1,-1,-1,-1
636,5,1166.4,231.4,199.8,634.7,-1,-1,-1,-1
636,3,388.8,267.5,175.5,473.7,-1,-1,-1,-1
637,9,1464.8,254.5,145.8,456.3,-1,-1,-1,-1
637,1,632.1,236.4,199.5,610.7,-1,-1,-1,-1
637,7,847.1,263.1,247.1,462.5,-1,-1,-1,-1
637,5,1148.9,223.9,220.0,642.1,-1,-1,-1,-1
637,3,380.4,263.6,184.9,477.6,-1,-1,-1,-1
638,9,1464.8,243.7,175.5,471.8,-1,-1,-1,-1
638,1,637.5,217.4,250.1,629.8,-1,-1,-1,-1
638,7,847.1,257.2,248.4,469.1,-1,-1,-1,-1
638,5,1105.0,215.7,274.1,647.0,-1,-1,-1,-1
638,3,348.6,260.2,217.4,482.3,-1,-1,-1,-1
639,9,1466.1,242.0,194.4,474.9,-1,-1,-1,-1
639,1,626.7,213.1,254.8,633.3,-1,-1,-1,-1
639,7,822.2,259.2,284.8,467.1,-1,-1,-1,-1
639,5,1107.7,207.7,286.9,654.9,-1,-1,-1,-1
639,3,339.9,258.4,228.8,482.8,-1,-1,-1,-1
640,9,1466.1,234.4,205.2,481.1,-1,-1,-1,-1
640,1,599.1,181.1,275.1,665.4,-1,-1,-1,-1
640,7,789.8,272.0,368.6,455.6,-1,-1,-1,-1
640,5,1129.3,158.3,288.2,707.1,-1,-1,-1,-1
640,3,337.2,248.4,232.2,493.4,-1,-1,-1,-1
641,9,1466.1,239.3,213.3,476.2,-1,-1,-1,-1
641,1,598.7,167.4,274.0,677.0,-1,-1,-1,-1
641,7,793.1,279.3,347.0,448.4,-1,-1,-1,-1
641,5,1131.3,192.9,306.4,671.8,-1,-1,-1,-1
641,3,337.2,252.8,232.2,488.4,-1,-1,-1,-1
642,9,1467.5,283.3,218.7,432.8,-1,-1,-1,-1
642,1,529.2,265.6,337.5,579.5,-1,-1,-1,-1
642,7,794.5,274.7,342.9,452.9,-1,-1,-1,-1
642,5,1127.2,249.8,344.2,614.2,-1,-1,-1,-1
642,3,335.8,256.0,232.2,485.8,-1,-1,-1,-1
643,9,1467.5,295.0,216.0,421.2,-1,-1,-1,-1
643,1,575.8,280.1,291.6,565.7,-1,-1,-1,-1
643,7,799.9,279.1,340.2,447.2,-1,-1,-1,-1
643,5,1119.2,230.7,329.4,633.3,-1,-1,-1,-1
643,3,332.1,259.5,233.6,481.6,-1,-1,-1,-1
644,9,1464.8,291.3,202.5,424.2,-1,-1,-1,-1
644,1,610.2,273.7,247.0,572.7,-1,-1,-1,-1
644,7,806.0,289.6,342.9,438.1,-1,-1,-1,-1
644,5,1107.7,258.4,300.4,605.6,-1,-1,-1,-1
644,3,324.7,279.3,236.9,462.5,-1,-1,-1,-1
645,9,1464.8,286.4,191.7,429.8,-1,-1,-1,-1
645,1,641.6,269.7,210.3,575.4,-1,-1,-1,-1
645,7,818.1,285.0,320.0,442.6,-1,-1,-1,-1
645,5,1111.7,252.3,281.5,610.4,-1,-1,-1,-1
645,3,321.0,277.4,239.0,464.4,-1,-1,-1,-1
646,9,1463.4,276.4,162.0,437.7,-1,-1,-1,-1
646,1,638.6,256.5,207.9,590.6,-1,-1,-1,-1
646,7,817.4,277.3,287.5,448.4,-1,-1,-1,-1
646,5,1097.6,237.1,275.4,626.2,-1,-1,-1,-1
646,3,308.1,271.7,270.0,469.5,-1,-1,-1,-1
647,9,1463.4,269.7,159.3,444.5,-1,-1,-1,-1
647,1,637.5,249.4,219.7,597.0,-1,-1,-1,-1
647,7,818.1,271.7,248.4,456.0,-1,-1,-1,-1
647,5,1085.4,239.3,280.8,623.4,-1,-1,-1,-1
647,3,305.6,268.5,283.7,472.7,-1,-1,-1,-1
648,9,1437.8,256.3,180.9,457.1,-1,-1,-1,-1
648,1,633.8,235.2,229.5,611.2,-1,-1,-1,-1
648,7,834.3,259.5,205.2,466.8,-1,-1,-1,-1
648,5,1079.3,214.8,294.3,642.4,-1,-1,-1,-1
648,3,298.7,262.7,294.3,478.4,-1,-1,-1,-1
649,9,1451.2,253.0,164.7,460.5,-1,-1,-1,-1
649,1,633.8,227.5,205.2,619.0,-1,-1,-1,-1
649,7,845.8,256.5,191.7,469.8,-1,-1,-1,-1
649,5,1051.7,208.7,340.2,643.8,-1,-1,-1,-1
649,3,305.4,259.2,251.1,482.0,-1,-1,-1,-1
650,9,1464.8,247.7,151.2,464.4,-1,-1,-1,-1
650,1,635.9,216.0,203.8,625.1,-1,-1,-1,-1
650,7,865.4,253.6,170.1,472.7,-1,-1,-1,-1
650,5,1076.0,193.7,321.3,657.5,-1,-1,-1,-1
650,3,310.7,252.8,231.4,487.0,-1,-1,-1,-1
651,9,1463.4,248.9,151.2,463.2,-1,-1,-1,-1
651,1,640.6,212.5,195.8,625.9,-1,-1,-1,-1
651,7,891.7,252.8,144.4,474.9,-1,-1,-1,-1
651,5,1128.6,192.7,263.2,656.4,-1,-1,-1,-1
651,3,311.7,248.9,224.9,490.2,-1,-1,-1,-1
652,9,1440.5,247.4,172.8,461.4,-1,-1,-1,-1
652,1,649.0,204.9,182.6,618.6,-1,-1,-1,-1
652,7,918.0,249.8,121.5,476.6,-1,-1,-1,-1
652,5,1184.0,193.4,187.7,646.3,-1,-1,-1,-1
652,3,323.7,244.4,209.9,495.5,-1,-1,-1,-1
653,9,1432.4,247.2,180.9,460.2,-1,-1,-1,-1
653,1,647.3,205.0,183.6,609.0,-1,-1,-1,-1
653,7,920.7,250.3,118.8,475.4,-1,-1,-1,-1
653,5,1181.2,201.0,178.2,634.7,-1,-1,-1,-1
653,3,334.1,243.5,199.8,496.3,-1,-1,-1,-1
654,9,1458.0,251.4,153.9,464.1,-1,-1,-1,-1
654,1,647.3,205.7,180.9,605.6,-1,-1,-1,-1
654,7,920.7,254.1,120.1,472.2,-1,-1,-1,-1
654,5,1180.6,208.1,172.8,627.6,-1,-1,-1,-1
654,3,362.8,244.4,172.1,495.5,-1,-1,-1,-1
655,9,1463.4,254.5,148.5,467.1,-1,-1,-1,-1
655,1,664.9,207.6,163.4,603.8,-1,-1,-1,-1
655,7,920.7,256.8,118.8,469.5,-1,-1,-1,-1
655,5,1181.2,214.1,174.2,621.5,-1,-1,-1,-1
655,3,411.4,244.0,124.2,495.8,-1,-1,-1,-1
656,9,1460.7,259.2,162.0,467.1,-1,-1,-1,-1
656,1,675.7,219.7,170.1,588.9,-1,-1,-1,-1
656,7,918.7,257.2,114.8,469.8,-1,-1,-1,-1
656,5,1184.0,220.2,183.6,615.4,-1,-1,-1,-1
656,3,416.1,245.9,132.3,494.6,-1,-1,-1,-1
657,9,1462.1,257.3,164.7,471.0,-1,-1,-1,-1
657,1,670.6,223.9,182.6,584.7,-1,-1,-1,-1
657,7,916.7,257.2,112.1,469.8,-1,-1,-1,-1
657,5,1183.3,221.7,190.3,613.9,-1,-1,-1,-1
657,3,413.4,246.4,142.4,493.4,-1,-1,-1,-1
658,9,1449.9,251.4,170.1,476.2,-1,-1,-1,-1
658,1,670.6,222.1,186.0,587.2,-1,-1,-1,-1
658,7,918.7,257.5,106.7,470.1,-1,-1,-1,-1
658,5,1187.3,221.4,187.7,614.3,-1,-1,-1,-1
658,3,412.4,246.7,151.2,493.1,-1,-1,-1,-1
659,9,1436.4,245.5,180.9,482.8,-1,-1,-1,-1
659,1,672.3,217.9,182.2,591.5,-1,-1,-1,-1
659,7,920.7,258.5,105.3,469.1,-1,-1,-1,-1
659,5,1191.4,221.4,183.6,614.3,-1,-1,-1,-1
659,3,413.1,247.6,149.9,492.2,-1,-1,-1,-1
660,9,1414.8,242.8,207.9,484.8,-1,-1,-1,-1
660,1,678.7,217.7,162.3,593.7,-1,-1,-1,-1
660,7,909.9,261.4,120.2,465.6,-1,-1,-1,-1
660,5,1158.3,222.2,221.4,620.2,-1,-1,-1,-1
660,3,404.7,249.2,152.6,490.6,-1,-1,-1,-1
661,9,1405.4,240.3,216.0,488.7,-1,-1,-1,-1
661,1,679.4,219.9,172.5,588.1,-1,-1,-1,-1
661,7,899.8,260.7,144.4,465.6,-1,-1,-1,-1
661,5,1137.4,222.4,249.1,630.8,-1,-1,-1,-1
661,3,397.9,249.6,163.4,490.2,-1,-1,-1,-1
662,9,1409.4,239.5,202.5,489.5,-1,-1,-1,-1
662,1,668.2,224.9,194.4,593.2,-1,-1,-1,-1
662,7,895.7,259.9,180.9,467.1,-1,-1,-1,-1
662,5,1117.1,221.4,276.1,656.1,-1,-1,-1,-1
662,3,384.1,247.4,178.2,493.8,-1,-1,-1,-1
663,9,1417.5,239.8,189.0,489.9,-1,-1,-1,-1
663,1,663.2,225.8,198.8,595.0,-1,-1,-1,-1
663,7,900.5,258.5,185.0,469.8,-1,-1,-1,-1
663,5,1120.5,221.7,264.6,649.0,-1,-1,-1,-1
663,3,377.7,247.6,174.8,501.0,-1,-1,-1,-1
664,9,1432.4,237.1,162.0,516.2,-1,-1,-1,-1
664,1,660.8,226.1,175.5,612.9,-1,-1,-1,-1
664,7,904.5,259.4,168.8,489.9,-1,-1,-1,-1
664,5,1150.2,219.2,221.4,666.4,-1,-1,-1,-1
664,3,362.8,246.4,171.5,517.1,-1,-1,-1,-1
665,9,1431.0,236.8,162.0,531.4,-1,-1,-1,-1
665,1,659.1,227.3,176.5,621.2,-1,-1,-1,-1
665,7,903.8,260.6,156.6,491.4,-1,-1,-1,-1
665,5,1172.5,218.5,202.5,667.7,-1,-1,-1,-1
665,3,357.8,246.7,178.2,517.4,-1,-1,-1,-1
666,9,1439.1,236.8,170.1,529.4,-1,-1,-1,-1
666,1,652.7,232.7,175.5,622.5,-1,-1,-1,-1
666,7,880.2,261.1,194.4,489.5,-1,-1,-1,-1
666,5,1184.0,216.3,216.0,673.3,-1,-1,-1,-1
666,3,353.7,246.4,184.3,517.1,-1,-1,-1,-1
667,9,1447.2,235.6,180.9,530.5,-1,-1,-1,-1
667,1,649.0,232.5,165.7,624.7,-1,-1,-1,-1
667,7,862.7,261.9,214.7,488.7,-1,-1,-1,-1
667,5,1182.6,217.4,237.6,673.0,-1,-1,-1,-1
667,3,357.8,245.7,181.6,519.1,-1,-1,-1,-1
668,9,1456.7,236.3,205.2,530.6,-1,-1,-1,-1
668,1,627.1,233.6,149.9,625.1,-1,-1,-1,-1
668,7,850.5,260.4,213.3,492.2,-1,-1,-1,-1
668,5,1184.0,217.7,243.0,673.3,-1,-1,-1,-1
668,3,357.4,242.5,184.3,524.3,-1,-1,-1,-1
669,9,1458.0,236.3,194.4,530.6,-1,-1,-1,-1
669,1,595.7,233.9,175.8,623.4,-1,-1,-1,-1
669,7,854.6,258.9,224.1,493.1,-1,-1,-1,-1
669,5,1179.9,216.3,243.0,676.0,-1,-1,-1,-1
669,3,348.3,241.1,184.9,529.7,-1,-1,-1,-1
670,9,1445.9,235.1,186.3,533.8,-1,-1,-1,-1
670,1,550.8,228.7,233.6,628.6,-1,-1,-1,-1
670,7,836.3,257.5,267.3,498.5,-1,-1,-1,-1
670,5,1173.2,213.3,274.1,678.4,-1,-1,-1,-1
670,3,339.4,241.0,163.5,530.6,-1,-1,-1,-1
671,9,1444.5,234.4,172.8,535.8,-1,-1,-1,-1
671,1,551.1,226.5,241.3,632.1,-1,-1,-1,-1
671,7,845.8,257.5,255.2,498.5,-1,-1,-1,-1
671,5,1163.0,212.3,272.0,681.4,-1,-1,-1,-1
671,3,342.2,240.0,161.3,532.2,-1,-1,-1,-1
672,9,1464.8,236.4,145.8,531.7,-1,-1,-1,-1
672,1,553.2,220.2,227.1,635.0,-1,-1,-1,-1
672,7,901.1,254.5,158.0,502.2,-1,-1,-1,-1
672,5,1157.6,210.6,234.2,679.7,-1,-1,-1,-1
672,3,359.1,236.6,179.6,537.0,-1,-1,-1,-1
673,9,1460.7,235.4,153.9,533.4,-1,-1,-1,-1
673,1,551.8,217.9,222.4,634.7,-1,-1,-1,-1
673,7,909.9,253.8,130.9,502.2,-1,-1,-1,-1
673,5,1157.0,208.2,214.7,682.8,-1,-1,-1,-1
673,3,360.1,235.6,203.2,536.6,-1,-1,-1,-1
674,9,1414.8,235.2,207.9,534.3,-1,-1,-1,-1
674,1,564.3,213.0,247.7,637.5,-1,-1,-1,-1
674,7,880.2,253.6,158.0,501.0,-1,-1,-1,-1
674,5,1080.0,204.2,283.5,692.2,-1,-1,-1,-1
674,3,369.2,238.6,214.6,534.9,-1,-1,-1,-1
675,9,1412.1,235.6,248.4,542.0,-1,-1,-1,-1
675,1,575.1,210.6,244.3,639.9,-1,-1,-1,-1
675,7,897.8,254.6,140.4,499.3,-1,-1,-1,-1
675,5,1070.6,202.5,291.6,695.9,-1,-1,-1,-1
675,3,381.0,238.4,205.2,535.8,-1,-1,-1,-1
676,9,1416.2,238.8,240.3,542.9,-1,-1,-1,-1
676,1,577.8,212.1,236.2,642.4,-1,-1,-1,-1
676,7,904.5,257.3,145.8,499.3,-1,-1,-1,-1
676,5,1070.6,201.5,317.2,697.6,-1,-1,-1,-1
676,3,378.7,237.9,206.6,537.0,-1,-1,-1,-1
677,9,1412.1,240.0,221.4,541.7,-1,-1,-1,-1
677,1,574.8,212.5,241.3,642.1,-1,-1,-1,-1
677,7,899.1,258.2,158.0,497.8,-1,-1,-1,-1
677,5,1070.6,198.1,297.0,701.0,-1,-1,-1,-1
677,3,371.2,236.1,215.3,537.5,-1,-1,-1,-1
678,9,1409.4,237.9,213.3,543.7,-1,-1,-1,-1
678,1,552.2,214.8,258.5,642.4,-1,-1,-1,-1
678,7,887.0,257.9,178.2,498.1,-1,-1,-1,-1
678,5,1074.6,197.1,307.8,701.3,-1,-1,-1,-1
678,3,347.3,235.4,227.5,537.5,-1,-1,-1,-1
679,9,1416.2,238.3,207.9,544.1,-1,-1,-1,-1
679,1,528.9,214.1,266.3,642.4,-1,-1,-1,-1
679,7,872.1,256.8,191.7,500.5,-1,-1,-1,-1
679,5,1086.1,196.4,307.1,700.0,-1,-1,-1,-1
679,3,342.6,235.9,228.2,536.3,-1,-1,-1,-1
680,9,1429.7,238.8,199.8,540.8,-1,-1,-1,-1
680,1,520.1,212.1,298.0,643.8,-1,-1,-1,-1
680,7,891.7,258.7,155.2,497.3,-1,-1,-1,-1
680,5,1097.6,196.8,315.9,698.3,-1,-1,-1,-1
680,3,339.9,238.3,231.5,534.6,-1,-1,-1,-1
681,9,1398.6,239.8,237.6,539.8,-1,-1,-1,-1
681,1,521.1,215.0,299.0,639.6,-1,-1,-1,-1
681,7,889.0,259.0,162.0,497.0,-1,-1,-1,-1
681,5,1100.9,196.8,317.9,696.9,-1,-1,-1,-1
681,3,337.8,238.6,232.9,534.9,-1,-1,-1,-1
682,9,1409.4,240.8,226.8,537.5,-1,-1,-1,-1
682,1,532.9,224.8,273.0,629.8,-1,-1,-1,-1
682,7,887.6,259.4,162.0,496.6,-1,-1,-1,-1
682,5,1105.7,200.1,322.7,693.6,-1,-1,-1,-1
682,3,326.9,238.6,242.8,534.9,-1,-1,-1,-1
683,9,1417.5,240.3,221.4,538.7,-1,-1,-1,-1
683,1,526.5,228.7,282.2,625.9,-1,-1,-1,-1
683,7,887.6,258.4,155.2,497.0,-1,-1,-1,-1
683,5,1107.0,199.5,328.1,694.2,-1,-1,-1,-1
683,3,320.6,237.4,251.8,535.4,-1,-1,-1,-1
684,9,1404.0,239.6,251.1,538.7,-1,-1,-1,-1
684,1,527.2,223.4,290.9,631.1,-1,-1,-1,-1
684,7,871.4,257.2,187.7,498.1,-1,-1,-1,-1
684,5,1096.2,201.5,344.2,692.2,-1,-1,-1,-1
684,3,313.0,237.1,258.0,535.8,-1,-1,-1,-1
685,9,1394.6,240.3,264.6,538.7,-1,-1,-1,-1
685,1,528.5,220.2,290.9,635.0,-1,-1,-1,-1
685,7,861.3,257.2,206.5,498.1,-1,-1,-1,-1
685,5,1090.1,201.8,347.6,691.9,-1,-1,-1,-1
685,3,309.2,231.7,269.3,541.2,-1,-1,-1,-1
686,9,1385.1,240.3,294.3,538.7,-1,-1,-1,-1
686,1,543.0,219.2,260.9,636.0,-1,-1,-1,-1
686,7,849.8,259.5,228.1,495.1,-1,-1,-1,-1
686,5,1082.7,204.9,338.8,687.5,-1,-1,-1,-1
686,3,316.2,235.9,259.9,536.3,-1,-1,-1,-1
687,9,1401.3,240.5,283.5,537.8,-1,-1,-1,-1
687,1,548.1,223.8,247.0,632.1,-1,-1,-1,-1
687,7,849.2,261.9,228.2,493.4,-1,-1,-1,-1
687,5,1082.0,206.6,331.4,686.5,-1,-1,-1,-1
687,3,324.3,243.8,255.8,528.4,-1,-1,-1,-1
688,9,1428.3,240.1,237.6,537.5,-1,-1,-1,-1
688,1,547.4,230.2,248.4,625.1,-1,-1,-1,-1
688,7,853.2,267.5,213.3,487.9,-1,-1,-1,-1
688,5,1087.4,210.9,291.6,680.1,-1,-1,-1,-1
688,3,336.5,249.6,260.6,521.9,-1,-1,-1,-1
689,9,1420.2,241.0,229.5,536.6,-1,-1,-1,-1
689,1,542.7,231.5,253.1,623.7,-1,-1,-1,-1
689,7,854.6,269.7,207.9,486.3,-1,-1,-1,-1
689,5,1094.8,213.0,266.0,676.7,-1,-1,-1,-1
689,3,344.6,244.7,251.1,527.5,-1,-1,-1,-1
690,9,1400.0,245.4,226.8,532.2,-1,-1,-1,-1
690,1,539.7,231.0,255.5,622.9,-1,-1,-1,-1
690,7,862.7,268.3,195.8,486.3,-1,-1,-1,-1
690,5,1095.5,186.0,224.1,703.7,-1,-1,-1,-1
690,3,354.7,219.9,239.6,552.3,-1,-1,-1,-1
691,9,1393.2,246.2,234.9,531.4,-1,-1,-1,-1
691,1,541.4,231.7,253.8,621.5,-1,-1,-1,-1
691,7,865.4,261.4,191.7,494.6,-1,-1,-1,-1
691,5,1094.8,185.6,225.5,705.4,-1,-1,-1,-1
691,3,361.5,197.1,232.9,575.8,-1,-1,-1,-1
692,9,1387.8,253.3,243.0,524.3,-1,-1,-1,-1
692,1,553.2,229.2,240.6,624.0,-1,-1,-1,-1
692,7,872.1,248.2,182.2,507.1,-1,-1,-1,-1
692,5,1098.2,184.3,241.7,706.7,-1,-1,-1,-1
692,3,373.6,182.6,219.4,591.0,-1,-1,-1,-1
693,9,1385.1,253.5,248.4,522.8,-1,-1,-1,-1
693,1,562.3,203.5,230.8,649.7,-1,-1,-1,-1
693,7,874.8,233.0,176.8,522.3,-1,-1,-1,-1
693,5,1098.2,179.9,247.1,712.5,-1,-1,-1,-1
693,3,381.4,195.2,216.7,578.3,-1,-1,-1,-1
694,9,1383.8,233.6,253.8,542.0,-1,-1,-1,-1
694,1,575.4,170.8,215.7,683.8,-1,-1,-1,-1
694,7,878.2,213.6,166.0,542.4,-1,-1,-1,-1
694,5,1093.5,167.7,253.8,724.6,-1,-1,-1,-1
694,3,382.7,212.8,216.0,561.4,-1,-1,-1,-1
695,9,1383.8,226.1,256.5,549.5,-1,-1,-1,-1
695,1,563.0,179.2,246.4,676.7,-1,-1,-1,-1
695,7,879.5,242.3,162.0,513.0,-1,-1,-1,-1
695,5,1088.1,170.8,256.5,722.3,-1,-1,-1,-1
695,3,382.7,216.5,210.6,557.7,-1,-1,-1,-1
696,9,1383.8,234.1,256.5,540.8,-1,-1,-1,-1
696,1,554.5,216.3,269.0,639.6,-1,-1,-1,-1
696,7,879.5,259.9,153.9,493.4,-1,-1,-1,-1
696,5,1077.3,179.9,259.2,713.8,-1,-1,-1,-1
696,3,384.1,228.8,209.9,546.1,-1,-1,-1,-1
697,9,1383.8,245.9,256.5,529.7,-1,-1,-1,-1
697,1,557.2,225.8,267.6,630.1,-1,-1,-1,-1
697,7,876.2,260.7,152.6,494.6,-1,-1,-1,-1
697,5,1071.2,185.0,259.2,709.4,-1,-1,-1,-1
697,3,385.8,233.7,209.2,541.2,-1,-1,-1,-1
698,9,1383.8,251.1,256.5,525.1,-1,-1,-1,-1
698,1,566.0,244.7,258.9,611.2,-1,-1,-1,-1
698,7,866.7,263.1,168.8,492.2,-1,-1,-1,-1
698,5,1053.7,192.7,270.0,701.0,-1,-1,-1,-1
698,3,387.1,242.5,208.6,531.7,-1,-1,-1,-1
699,9,1382.4,252.6,259.2,524.3,-1,-1,-1,-1
699,1,566.0,231.5,258.9,625.1,-1,-1,-1,-1
699,7,864.0,263.4,175.5,492.6,-1,-1,-1,-1
699,5,1044.9,205.9,275.4,687.8,-1,-1,-1,-1
699,3,391.5,242.7,204.5,530.9,-1,-1,-1,-1
700,9,1383.8,265.4,256.5,510.1,-1,-1,-1,-1
700,1,569.0,267.0,255.2,588.9,-1,-1,-1,-1
700,7,852.5,267.0,162.0,489.0,-1,-1,-1,-1
700,5,1031.4,237.8,272.7,651.2,-1,-1,-1,-1
700,3,384.8,262.4,214.7,509.8,-1,-1,-1,-1
701,9,1383.8,267.8,259.2,507.8,-1,-1,-1,-1
701,1,569.0,269.7,255.2,586.2,-1,-1,-1,-1
701,7,841.1,268.6,166.0,486.7,-1,-1,-1,-1
701,5,1030.1,238.8,264.6,650.9,-1,-1,-1,-1
701,3,388.1,261.2,214.0,511.0,-1,-1,-1,-1
702,9,1382.4,262.6,261.9,513.0,-1,-1,-1,-1
702,1,569.4,265.1,254.1,588.1,-1,-1,-1,-1
702,7,826.9,269.7,158.0,486.3,-1,-1,-1,-1
702,5,1042.2,240.3,230.8,650.0,-1,-1,-1,-1
702,3,381.7,257.9,209.9,515.0,-1,-1,-1,-1
703,11,913.3,291.6,182.2,395.6,-1,-1,-1,-1
703,9,1383.8,257.9,261.9,519.1,-1,-1,-1,-1
703,1,570.0,257.7,254.1,596.2,-1,-1,-1,-1
703,7,828.9,270.2,152.5,485.8,-1,-1,-1,-1
703,5,1046.2,239.3,213.3,650.4,-1,-1,-1,-1
703,3,356.4,257.0,232.2,515.9,-1,-1,-1,-1
704,11,895.1,285.0,211.9,411.6,-1,-1,-1,-1
704,9,1382.4,254.3,261.9,524.0,-1,-1,-1,-1
704,1,580.5,243.5,244.4,610.4,-1,-1,-1,-1
704,7,840.4,267.6,137.7,488.4,-1,-1,-1,-1
704,5,1042.2,235.4,178.2,654.9,-1,-1,-1,-1
704,3,334.5,253.8,247.0,519.1,-1,-1,-1,-1
705,11,882.2,282.2,226.8,420.5,-1,-1,-1,-1
705,9,1383.8,255.0,256.5,521.9,-1,-1,-1,-1
705,1,581.9,240.6,243.0,613.9,-1,-1,-1,-1
705,7,839.0,266.5,133.7,490.2,-1,-1,-1,-1
705,5,988.2,231.2,218.7,658.5,-1,-1,-1,-1
705,3,328.7,251.3,246.4,522.3,-1,-1,-1,-1
706,11,948.4,281.5,166.0,416.5,-1,-1,-1,-1
706,9,1385.1,256.2,243.0,521.4,-1,-1,-1,-1
706,1,517.7,254.8,303.8,598.4,-1,-1,-1,-1
706,7,839.7,265.8,129.6,490.2,-1,-1,-1,-1
706,5,995.6,229.8,193.0,655.8,-1,-1,-1,-1
706,3,308.1,247.7,246.4,532.6,-1,-1,-1,-1
707,11,965.9,277.3,149.8,418.7,-1,-1,-1,-1
707,9,1385.1,257.3,243.0,520.3,-1,-1,-1,-1
707,1,491.7,251.8,329.1,603.5,-1,-1,-1,-1
707,7,835.0,266.1,129.6,487.9,-1,-1,-1,-1
707,5,1016.6,225.5,171.4,650.0,-1,-1,-1,-1
707,3,298.4,245.2,247.7,545.2,-1,-1,-1,-1
708,11,981.5,274.2,160.7,429.8,-1,-1,-1,-1
708,9,1400.0,258.7,226.8,518.2,-1,-1,-1,-1
708,1,465.1,251.8,342.9,589.3,-1,-1,-1,-1
708,7,822.2,265.8,144.5,480.8,-1,-1,-1,-1
708,5,1040.2,233.2,144.4,606.5,-1,-1,-1,-1
708,3,297.0,245.2,232.2,554.0,-1,-1,-1,-1
709,9,1417.5,256.8,210.6,519.4,-1,-1,-1,-1
709,1,474.5,249.1,321.3,587.2,-1,-1,-1,-1
709,7,815.4,265.1,190.4,475.4,-1,-1,-1,-1
709,5,1022.0,235.7,164.7,573.6,-1,-1,-1,-1
709,3,303.6,246.5,218.2,550.6,-1,-1,-1,-1
710,9,1454.0,254.6,280.8,507.4,-1,-1,-1,-1
710,1,482.0,245.9,295.0,570.2,-1,-1,-1,-1
710,7,797.2,263.9,248.4,479.3,-1,-1,-1,-1
710,5,1011.8,238.1,240.3,571.2,-1,-1,-1,-1
710,3,325.7,246.4,182.9,551.5,-1,-1,-1,-1
711,9,1476.9,254.1,299.7,508.6,-1,-1,-1,-1
711,1,497.8,244.0,275.1,563.3,-1,-1,-1,-1
711,7,783.7,263.8,253.8,480.1,-1,-1,-1,-1
711,5,1015.2,239.1,264.6,570.2,-1,-1,-1,-1
711,3,341.9,244.9,158.0,552.3,-1,-1,-1,-1
712,9,1478.2,251.8,345.6,511.0,-1,-1,-1,-1
712,1,572.1,240.6,185.3,565.3,-1,-1,-1,-1
712,7,783.0,262.7,243.0,481.1,-1,-1,-1,-1
712,5,994.3,238.8,297.0,569.9,-1,-1,-1,-1
712,3,358.1,240.6,137.7,557.2,-1,-1,-1,-1
713,9,1478.2,250.8,348.3,510.6,-1,-1,-1,-1
713,1,585.9,239.6,164.0,565.7,-1,-1,-1,-1
713,7,787.7,261.6,244.4,482.3,-1,-1,-1,-1
713,5,987.5,236.9,302.4,572.4,-1,-1,-1,-1
713,3,350.3,238.6,142.4,566.0,-1,-1,-1,-1
714,11,1073.9,265.6,267.3,467.4,-1,-1,-1,-1
714,9,1483.7,244.0,321.3,517.4,-1,-1,-1,-1
714,1,568.7,238.6,147.5,561.9,-1,-1,-1,-1
714,7,789.1,255.8,217.4,486.7,-1,-1,-1,-1
714,5,980.8,236.9,272.7,565.7,-1,-1,-1,-1
714,3,344.1,235.6,154.4,572.4,-1,-1,-1,-1
715,11,1092.2,264.6,233.6,469.1,-1,-1,-1,-1
715,9,1490.4,242.2,294.3,519.9,-1,-1,-1,-1
715,1,552.8,238.1,182.2,559.1,-1,-1,-1,-1
715,7,790.4,253.3,210.6,489.9,-1,-1,-1,-1
715,5,981.5,236.6,280.8,559.9,-1,-1,-1,-1
715,3,342.6,235.2,160.0,572.1,-1,-1,-1,-1
716,11,1115.1,262.9,214.7,471.5,-1,-1,-1,-1
716,9,1505.2,238.6,229.5,514.7,-1,-1,-1,-1
716,1,516.4,236.4,256.5,558.1,-1,-1,-1,-1
716,7,791.8,254.1,186.3,491.1,-1,-1,-1,-1
716,5,984.2,241.0,251.1,532.6,-1,-1,-1,-1
716,3,337.8,233.7,187.0,573.6,-1,-1,-1,-1
717,11,1113.8,262.9,233.6,474.2,-1,-1,-1,-1
717,9,1508.0,237.1,202.5,522.3,-1,-1,-1,-1
717,1,506.9,236.1,274.1,559.1,-1,-1,-1,-1
717,7,793.1,255.0,166.1,490.2,-1,-1,-1,-1
717,5,986.9,243.0,237.6,521.1,-1,-1,-1,-1
717,3,337.8,232.4,193.7,574.9,-1,-1,-1,-1
718,11,1123.9,261.7,236.2,480.1,-1,-1,-1,-1
718,9,1508.0,236.1,159.3,521.9,-1,-1,-1,-1
718,1,529.2,236.4,252.5,559.4,-1,-1,-1,-1
718,7,793.8,256.5,132.3,488.7,-1,-1,-1,-1
718,5,990.2,242.8,232.2,521.9,-1,-1,-1,-1
718,3,338.0,232.7,181.1,573.2,-1,-1,-1,-1
719,11,1140.1,261.7,221.4,480.1,-1,-1,-1,-1
719,9,1508.0,235.7,148.5,522.3,-1,-1,-1,-1
719,1,549.5,237.1,225.5,558.1,-1,-1,-1,-1
719,7,794.5,256.8,125.5,488.4,-1,-1,-1,-1
719,5,990.9,243.5,226.8,521.9,-1,-1,-1,-1
719,3,339.5,232.5,162.0,576.1,-1,-1,-1,-1
720,11,1142.8,261.4,222.8,480.4,-1,-1,-1,-1
720,9,1512.0,235.7,145.8,522.3,-1,-1,-1,-1
720,1,550.1,238.3,186.3,556.9,-1,-1,-1,-1
720,7,792.5,259.5,137.7,487.0,-1,-1,-1,-1
720,5,995.6,242.5,191.7,522.3,-1,-1,-1,-1
720,3,330.4,236.1,158.0,571.2,-1,-1,-1,-1
721,11,1143.5,258.4,224.1,484.8,-1,-1,-1,-1
721,9,1512.0,236.6,145.8,520.8,-1,-1,-1,-1
721,1,549.1,239.3,157.6,557.2,-1,-1,-1,-1
721,7,789.8,261.1,140.4,485.5,-1,-1,-1,-1
721,5,997.0,241.7,163.4,523.1,-1,-1,-1,-1
721,3,327.7,237.1,155.9,568.2,-1,-1,-1,-1
722,11,1136.7,254.8,283.5,489.0,-1,-1,-1,-1
722,9,1520.1,238.1,143.1,519.9,-1,-1,-1,-1
722,1,547.1,237.8,155.6,558.1,-1,-1,-1,-1
722,7,781.7,263.1,141.8,482.8,-1,-1,-1,-1
722,5,995.6,241.7,152.5,509.0,-1,-1,-1,-1
722,3,326.7,237.8,151.9,561.4,-1,-1,-1,-1
723,11,1132.7,251.8,309.2,491.4,-1,-1,-1,-1
723,9,1522.8,239.0,140.4,519.1,-1,-1,-1,-1
723,1,548.1,236.1,155.2,559.1,-1,-1,-1,-1
723,7,773.6,262.6,156.6,484.0,-1,-1,-1,-1
723,5,993.6,241.5,156.6,507.8,-1,-1,-1,-1
723,3,326.7,237.1,153.2,561.4,-1,-1,-1,-1
724,11,1132.0,248.9,326.0,494.3,-1,-1,-1,-1
724,9,1517.4,241.1,156.6,516.2,-1,-1,-1,-1
724,1,548.4,234.9,160.3,560.3,-1,-1,-1,-1
724,7,754.0,258.5,193.0,486.7,-1,-1,-1,-1
724,5,975.4,241.8,193.0,507.4,-1,-1,-1,-1
724,3,316.6,235.6,180.2,562.3,-1,-1,-1,-1
725,11,1132.7,247.7,325.3,495.5,-1,-1,-1,-1
725,9,1509.3,240.6,167.4,516.7,-1,-1,-1,-1
725,1,544.0,233.6,172.8,562.3,-1,-1,-1,-1
725,7,741.2,255.3,225.5,490.6,-1,-1,-1,-1
725,5,963.2,242.0,228.1,505.9,-1,-1,-1,-1
725,3,298.7,234.1,207.9,564.5,-1,-1,-1,-1
726,11,1150.9,246.4,308.5,506.2,-1,-1,-1,-1
726,9,1483.7,238.6,251.1,517.4,-1,-1,-1,-1
726,1,534.3,235.4,225.8,559.1,-1,-1,-1,-1
726,7,729.7,253.3,274.0,501.4,-1,-1,-1,-1
726,5,963.2,243.8,280.8,508.1,-1,-1,-1,-1
726,3,270.2,233.4,278.6,564.5,-1,-1,-1,-1
727,11,1151.6,245.7,306.4,506.2,-1,-1,-1,-1
727,9,1470.2,239.6,286.2,517.1,-1,-1,-1,-1
727,1,526.8,235.7,264.3,558.1,-1,-1,-1,-1
727,7,721.6,252.8,282.2,501.9,-1,-1,-1,-1
727,5,966.6,244.2,270.0,507.8,-1,-1,-1,-1
727,3,260.9,233.7,288.2,564.8,-1,-1,-1,-1
728,11,1155.6,244.2,272.7,507.1,-1,-1,-1,-1
728,9,1449.9,236.9,324.0,530.6,-1,-1,-1,-1
728,1,512.7,238.3,284.5,554.8,-1,-1,-1,-1
728,7,714.2,254.0,282.2,499.3,-1,-1,-1,-1
728,5,965.3,245.0,267.3,506.3,-1,-1,-1,-1
728,3,250.4,233.7,283.5,564.8,-1,-1,-1,-1
729,11,1160.3,244.2,241.0,507.1,-1,-1,-1,-1
729,9,1440.5,237.1,340.2,529.7,-1,-1,-1,-1
729,1,505.2,239.0,294.0,554.9,-1,-1,-1,-1
729,7,714.2,254.0,268.7,499.3,-1,-1,-1,-1
729,5,962.6,244.2,244.3,507.1,-1,-1,-1,-1
729,3,251.8,232.9,251.1,565.7,-1,-1,-1,-1
730,11,1179.2,242.8,197.1,507.8,-1,-1,-1,-1
730,9,1435.1,236.3,315.9,530.6,-1,-1,-1,-1
730,1,511.3,237.9,247.4,557.2,-1,-1,-1,-1
730,7,731.0,254.6,205.2,496.6,-1,-1,-1,-1
730,5,958.5,241.1,191.7,510.1,-1,-1,-1,-1
730,3,266.0,231.0,218.7,566.8,-1,-1,-1,-1
731,11,1184.0,242.2,193.0,507.8,-1,-1,-1,-1
731,9,1433.7,235.4,294.3,531.4,-1,-1,-1,-1
731,1,511.3,236.1,242.7,559.1,-1,-1,-1,-1
731,7,734.4,255.5,190.3,495.1,-1,-1,-1,-1
731,5,958.5,239.5,167.4,511.8,-1,-1,-1,-1
731,3,268.3,230.3,219.4,568.2,-1,-1,-1,-1
732,11,1185.3,240.3,197.1,508.9,-1,-1,-1,-1
732,9,1436.4,233.2,253.8,534.9,-1,-1,-1,-1
732,1,512.3,234.2,236.9,560.3,-1,-1,-1,-1
732,7,737.1,255.8,187.6,493.4,-1,-1,-1,-1
732,5,963.9,236.6,155.2,515.4,-1,-1,-1,-1
732,3,273.9,229.3,206.7,567.8,-1,-1,-1,-1
733,11,1185.3,240.8,191.7,507.8,-1,-1,-1,-1
733,9,1447.2,233.4,251.1,533.4,-1,-1,-1,-1
733,1,513.0,233.4,235.6,561.1,-1,-1,-1,-1
733,7,737.1,255.0,187.6,494.3,-1,-1,-1,-1
733,5,965.9,235.7,167.4,516.2,-1,-1,-1,-1
733,3,271.5,231.0,209.8,566.8,-1,-1,-1,-1
734,11,1186.7,240.5,209.2,508.1,-1,-1,-1,-1
734,9,1460.7,233.9,243.0,530.2,-1,-1,-1,-1
734,1,523.5,235.7,225.1,559.4,-1,-1,-1,-1
734,7,737.8,253.3,197.1,496.6,-1,-1,-1,-1
734,5,969.3,233.9,182.2,516.7,-1,-1,-1,-1
734,3,273.5,230.5,207.1,566.0,-1,-1,-1,-1
735,11,1186.0,241.1,220.7,507.4,-1,-1,-1,-1
735,9,1459.4,234.1,229.5,529.4,-1,-1,-1,-1
735,1,527.2,235.4,222.1,559.1,-1,-1,-1,-1
735,7,735.8,253.6,209.3,496.3,-1,-1,-1,-1
735,5,966.6,230.0,187.6,519.9,-1,-1,-1,-1
735,3,271.7,232.2,224.8,563.6,-1,-1,-1,-1
736,11,1145.5,244.5,268.0,503.4,-1,-1,-1,-1
736,9,1460.7,235.7,218.7,526.3,-1,-1,-1,-1
736,1,538.0,235.7,211.3,558.1,-1,-1,-1,-1
736,7,707.4,256.0,236.2,499.3,-1,-1,-1,-1
736,5,931.5,237.8,224.1,512.2,-1,-1,-1,-1
736,3,242.2,237.1,268.1,558.1,-1,-1,-1,-1
737,11,1130.0,245.2,283.5,503.4,-1,-1,-1,-1
737,9,1460.7,238.1,234.9,524.0,-1,-1,-1,-1
737,1,525.2,237.3,224.8,556.5,-1,-1,-1,-1
737,7,690.2,260.4,249.4,496.3,-1,-1,-1,-1
737,5,913.3,246.5,252.5,503.4,-1,-1,-1,-1
737,3,219.7,238.4,291.6,558.1,-1,-1,-1,-1
738,11,1148.2,246.2,266.6,503.0,-1,-1,-1,-1
738,9,1447.2,249.1,261.9,513.0,-1,-1,-1,-1
738,1,482.6,249.2,270.0,545.2,-1,-1,-1,-1
738,7,698.0,265.3,241.7,491.4,-1,-1,-1,-1
738,5,897.8,251.4,280.8,497.8,-1,-1,-1,-1
738,3,211.4,243.2,303.6,554.0,-1,-1,-1,-1
739,11,1157.6,247.1,257.2,502.2,-1,-1,-1,-1
739,9,1431.0,255.7,280.8,507.1,-1,-1,-1,-1
739,1,475.2,255.8,277.4,538.7,-1,-1,-1,-1
739,7,717.5,266.5,221.4,490.2,-1,-1,-1,-1
739,5,907.9,251.9,270.0,497.3,-1,-1,-1,-1
739,3,217.4,245.9,292.3,550.6,-1,-1,-1,-1
740,11,1192.1,249.2,222.8,499.3,-1,-1,-1,-1
740,9,1424.2,264.4,283.5,497.0,-1,-1,-1,-1
740,1,487.4,262.6,266.0,532.6,-1,-1,-1,-1
740,7,736.4,265.8,201.1,490.2,-1,-1,-1,-1
740,5,918.7,252.6,237.6,497.3,-1,-1,-1,-1
740,3,232.5,247.2,272.7,547.3,-1,-1,-1,-1
741,11,1207.6,249.4,207.2,499.8,-1,-1,-1,-1
741,9,1421.6,264.4,280.8,497.0,-1,-1,-1,-1
741,1,494.4,261.7,258.9,533.4,-1,-1,-1,-1
741,7,735.1,265.4,202.5,490.6,-1,-1,-1,-1
741,5,923.4,253.3,230.8,496.6,-1,-1,-1,-1
741,3,245.9,246.9,257.7,546.9,-1,-1,-1,-1
742,11,1221.1,255.2,193.7,493.4,-1,-1,-1,-1
742,9,1416.2,260.9,280.8,500.5,-1,-1,-1,-1
742,1,482.6,255.7,271.4,539.5,-1,-1,-1,-1
742,7,735.8,266.5,203.9,489.5,-1,-1,-1,-1
742,5,908.6,254.8,245.7,495.8,-1,-1,-1,-1
742,3,273.0,247.7,231.5,546.1,-1,-1,-1,-1
743,11,1220.4,258.0,194.4,490.6,-1,-1,-1,-1
743,9,1417.5,256.7,278.1,505.4,-1,-1,-1,-1
743,1,479.3,253.3,275.4,543.2,-1,-1,-1,-1
743,7,740.5,266.8,198.5,490.6,-1,-1,-1,-1
743,5,912.6,256.0,241.6,494.6,-1,-1,-1,-1
743,3,276.1,247.2,227.5,547.3,-1,-1,-1,-1
744,11,1208.2,262.4,205.2,485.5,-1,-1,-1,-1
744,9,1455.3,237.8,234.9,520.3,-1,-1,-1,-1
744,1,481.3,249.2,273.4,547.3,-1,-1,-1,-1
744,7,747.9,236.6,191.7,520.8,-1,-1,-1,-1
744,5,966.6,236.9,187.6,513.0,-1,-1,-1,-1
744,3,291.4,242.3,208.7,551.5,-1,-1,-1,-1
745,11,1186.0,260.7,226.1,487.9,-1,-1,-1,-1
745,9,1479.6,207.1,207.9,553.7,-1,-1,-1,-1
745,1,473.9,244.2,280.8,552.3,-1,-1,-1,-1
745,7,779.6,205.0,159.3,553.7,-1,-1,-1,-1
745,5,969.3,228.0,184.9,521.9,-1,-1,-1,-1
745,3,229.5,199.1,268.0,595.4,-1,-1,-1,-1
746,11,1173.2,196.3,209.2,553.7,-1,-1,-1,-1
746,9,1483.7,168.8,197.1,594.0,-1,-1,-1,-1
746,1,528.5,227.5,227.5,556.9,-1,-1,-1,-1
746,7,764.1,177.0,171.5,578.3,-1,-1,-1,-1
746,5,964.6,212.5,193.0,537.5,-1,-1,-1,-1
746,3,240.5,155.1,261.7,634.7,-1,-1,-1,-1
747,11,1165.7,186.3,199.8,562.3,-1,-1,-1,-1
747,9,1479.6,173.5,226.8,589.3,-1,-1,-1,-1
747,1,559.6,221.6,194.4,558.1,-1,-1,-1,-1
747,7,756.7,186.1,189.0,559.1,-1,-1,-1,-1
747,5,957.2,224.4,222.8,524.8,-1,-1,-1,-1
747,3,281.1,137.9,222.1,645.1,-1,-1,-1,-1
748,11,1156.3,197.1,273.4,551.5,-1,-1,-1,-1
748,9,1464.8,208.7,307.8,556.0,-1,-1,-1,-1
748,1,542.7,177.4,212.0,596.2,-1,-1,-1,-1
748,7,752.0,213.8,205.2,528.0,-1,-1,-1,-1
748,5,944.3,238.3,228.2,511.0,-1,-1,-1,-1
748,3,330.8,145.0,205.9,628.6,-1,-1,-1,-1
749,11,1150.2,208.7,310.5,539.8,-1,-1,-1,-1
749,9,1459.4,226.8,307.8,536.6,-1,-1,-1,-1
749,1,533.2,174.0,228.8,600.9,-1,-1,-1,-1
749,7,752.6,226.1,193.1,515.0,-1,-1,-1,-1
749,5,941.6,245.9,203.9,503.4,-1,-1,-1,-1
749,3,327.0,170.4,226.1,601.8,-1,-1,-1,-1
750,11,1139.4,234.7,320.0,511.8,-1,-1,-1,-1
750,9,1452.6,233.2,253.8,530.9,-1,-1,-1,-1
750,1,520.8,186.0,228.5,587.6,-1,-1,-1,-1
750,7,756.7,239.0,172.8,502.2,-1,-1,-1,-1
750,5,935.6,246.4,186.3,502.2,-1,-1,-1,-1
750,3,325.7,206.6,247.7,565.7,-1,-1,-1,-1
751,11,1137.4,240.1,299.0,507.1,-1,-1,-1,-1
751,9,1451.2,231.9,216.0,532.2,-1,-1,-1,-1
751,1,519.8,202.3,212.6,569.9,-1,-1,-1,-1
751,7,760.1,236.8,168.8,505.1,-1,-1,-1,-1
751,5,935.6,243.5,172.8,505.1,-1,-1,-1,-1
751,3,327.5,216.8,253.6,556.0,-1,-1,-1,-1
752,11,1138.7,234.9,234.9,513.0,-1,-1,-1,-1
752,9,1451.2,230.7,183.6,533.4,-1,-1,-1,-1
752,1,523.1,209.6,199.1,564.0,-1,-1,-1,-1
752,7,772.2,227.6,152.5,514.2,-1,-1,-1,-1
752,5,935.6,218.7,152.5,530.5,-1,-1,-1,-1
752,3,331.1,214.3,223.4,556.5,-1,-1,-1,-1
753,11,1139.4,227.6,205.2,520.3,-1,-1,-1,-1
753,9,1452.6,231.0,186.3,533.8,-1,-1,-1,-1
753,1,525.8,236.1,193.7,537.5,-1,-1,-1,-1
753,7,762.1,219.2,158.0,521.9,-1,-1,-1,-1
753,5,936.9,209.8,144.4,539.5,-1,-1,-1,-1
753,3,326.4,200.3,193.7,571.2,-1,-1,-1,-1
754,11,1139.4,195.2,178.2,554.0,-1,-1,-1,-1
754,9,1456.7,205.7,183.6,559.1,-1,-1,-1,-1
754,1,520.4,194.9,191.7,578.0,-1,-1,-1,-1
754,7,740.5,210.1,163.3,531.7,-1,-1,-1,-1
754,5,936.9,207.2,139.1,542.0,-1,-1,-1,-1
754,3,321.1,190.5,164.2,581.7,-1,-1,-1,-1
755,11,1139.4,187.0,178.2,562.3,-1,-1,-1,-1
755,9,1462.1,191.2,178.2,573.6,-1,-1,-1,-1
755,1,505.9,182.6,203.5,589.6,-1,-1,-1,-1
755,7,737.8,207.9,156.6,534.6,-1,-1,-1,-1
755,5,937.6,218.7,139.0,530.5,-1,-1,-1,-1
755,3,313.2,199.1,164.7,572.4,-1,-1,-1,-1
756,11,1140.8,187.3,176.9,561.9,-1,-1,-1,-1
756,9,1464.8,167.4,167.4,597.4,-1,-1,-1,-1
756,1,503.9,163.2,194.1,609.0,-1,-1,-1,-1
756,7,712.8,200.3,159.3,540.8,-1,-1,-1,-1
756,5,939.6,249.4,143.1,499.8,-1,-1,-1,-1
756,3,293.0,218.5,178.2,553.7,-1,-1,-1,-1
757,11,1140.8,195.2,175.5,554.0,-1,-1,-1,-1
757,9,1460.7,157.8,162.0,605.6,-1,-1,-1,-1
757,1,505.6,156.1,187.7,615.4,-1,-1,-1,-1
757,7,706.1,194.7,166.0,546.4,-1,-1,-1,-1
757,5,940.3,249.4,151.2,499.8,-1,-1,-1,-1
757,3,291.8,235.6,177.4,536.6,-1,-1,-1,-1
758,11,1139.4,236.8,166.1,511.8,-1,-1,-1,-1
758,9,1451.2,162.2,156.6,601.3,-1,-1,-1,-1
758,1,507.9,160.3,164.0,607.8,-1,-1,-1,-1
758,7,706.7,188.5,166.0,552.7,-1,-1,-1,-1
758,5,941.0,248.2,159.3,503.0,-1,-1,-1,-1
758,3,295.7,238.8,168.8,531.4,-1,-1,-1,-1
759,11,1138.7,242.8,164.7,505.1,-1,-1,-1,-1
759,9,1447.2,172.6,145.8,591.5,-1,-1,-1,-1
759,1,504.6,172.1,160.0,594.0,-1,-1,-1,-1
759,7,705.4,188.7,171.5,555.2,-1,-1,-1,-1
759,5,942.3,246.2,159.3,505.1,-1,-1,-1,-1
759,3,298.0,237.4,177.5,528.0,-1,-1,-1,-1
760,11,1133.3,247.6,174.2,497.0,-1,-1,-1,-1
760,9,1441.8,213.5,170.1,550.6,-1,-1,-1,-1
760,1,501.2,202.0,166.7,561.4,-1,-1,-1,-1
760,7,706.7,206.0,178.2,543.2,-1,-1,-1,-1
760,5,943.7,244.7,172.8,504.6,-1,-1,-1,-1
760,3,304.1,238.4,195.8,522.3,-1,-1,-1,-1
761,11,1129.3,251.3,179.6,489.9,-1,-1,-1,-1
761,9,1433.7,235.4,197.1,528.0,-1,-1,-1,-1
761,1,500.2,228.3,173.5,535.8,-1,-1,-1,-1
761,7,705.4,230.9,182.2,519.1,-1,-1,-1,-1
761,5,943.0,244.0,171.5,498.5,-1,-1,-1,-1
761,3,308.8,239.8,193.7,520.3,-1,-1,-1,-1
762,11,1123.9,256.7,210.6,485.8,-1,-1,-1,-1
762,9,1427.0,240.6,224.1,523.5,-1,-1,-1,-1
762,1,506.3,233.2,187.6,530.9,-1,-1,-1,-1
762,7,704.7,252.8,205.2,500.5,-1,-1,-1,-1
762,5,942.3,241.1,155.2,512.2,-1,-1,-1,-1
762,3,315.6,244.4,187.0,515.0,-1,-1,-1,-1
763,11,1123.9,256.7,216.0,490.6,-1,-1,-1,-1
763,9,1427.0,243.7,221.4,521.1,-1,-1,-1,-1
763,1,511.0,233.0,189.0,531.7,-1,-1,-1,-1
763,7,704.7,255.0,207.9,499.0,-1,-1,-1,-1
763,5,941.6,240.8,140.4,511.8,-1,-1,-1,-1
763,3,316.6,246.0,185.6,512.7,-1,-1,-1,-1
764,11,1132.0,258.5,197.1,488.7,-1,-1,-1,-1
764,9,1425.6,249.6,197.1,511.8,-1,-1,-1,-1
764,1,513.3,238.6,199.5,521.4,-1,-1,-1,-1
764,7,704.7,258.2,205.2,497.8,-1,-1,-1,-1
764,5,930.8,237.8,166.0,514.2,-1,-1,-1,-1
764,3,309.5,245.7,188.3,513.0,-1,-1,-1,-1
765,11,1141.4,259.7,199.8,485.5,-1,-1,-1,-1
765,9,1424.2,256.3,183.6,505.1,-1,-1,-1,-1
765,1,506.9,243.7,209.3,517.1,-1,-1,-1,-1
765,7,704.7,259.0,190.4,497.0,-1,-1,-1,-1
765,5,932.9,237.3,170.1,514.7,-1,-1,-1,-1
765,3,297.8,245.7,199.0,513.0,-1,-1,-1,-1
766,11,1134.0,260.4,212.0,484.8,-1,-1,-1,-1
766,9,1425.6,259.9,162.0,502.2,-1,-1,-1,-1
766,1,494.1,246.5,203.9,514.2,-1,-1,-1,-1
766,7,704.7,261.1,202.5,494.3,-1,-1,-1,-1
766,5,943.0,236.3,179.5,517.1,-1,-1,-1,-1
766,3,264.9,246.4,228.8,513.0,-1,-1,-1,-1
767,11,1123.9,259.7,226.8,485.5,-1,-1,-1,-1
767,9,1425.6,265.4,159.3,497.3,-1,-1,-1,-1
767,1,488.4,246.9,203.5,513.8,-1,-1,-1,-1
767,7,705.4,262.9,212.0,493.1,-1,-1,-1,-1
767,5,943.7,237.8,185.0,516.2,-1,-1,-1,-1
767,3,246.0,248.4,247.1,511.0,-1,-1,-1,-1
768,11,1148.2,257.0,216.0,489.5,-1,-1,-1,-1
768,9,1424.2,257.0,197.1,505.1,-1,-1,-1,-1
768,1,484.7,246.4,206.5,515.0,-1,-1,-1,-1
768,7,706.1,270.8,201.1,485.8,-1,-1,-1,-1
768,5,942.3,243.5,190.3,509.8,-1,-1,-1,-1
768,3,232.9,255.5,259.9,504.6,-1,-1,-1,-1
769,11,1151.6,256.7,211.9,489.9,-1,-1,-1,-1
769,9,1424.2,248.6,197.1,512.2,-1,-1,-1,-1
769,1,484.7,248.9,207.9,511.8,-1,-1,-1,-1
769,7,706.1,273.5,191.7,483.1,-1,-1,-1,-1
769,5,941.0,245.5,191.7,507.8,-1,-1,-1,-1
769,3,242.0,256.5,251.8,504.2,-1,-1,-1,-1
770,11,1150.2,258.2,213.3,488.4,-1,-1,-1,-1
770,9,1427.0,233.0,259.2,528.4,-1,-1,-1,-1
770,1,471.8,242.3,218.7,519.1,-1,-1,-1,-1
770,7,704.7,277.3,187.7,480.8,-1,-1,-1,-1
770,5,940.3,257.3,207.9,497.3,-1,-1,-1,-1
770,3,271.0,256.3,222.1,505.1,-1,-1,-1,-1
771,11,1150.2,257.5,213.3,489.0,-1,-1,-1,-1
771,9,1425.6,232.4,232.2,529.7,-1,-1,-1,-1
771,1,456.3,242.3,234.2,519.1,-1,-1,-1,-1
771,7,703.4,279.1,190.3,479.6,-1,-1,-1,-1
771,5,941.0,264.1,221.4,489.9,-1,-1,-1,-1
771,3,286.5,257.2,207.9,504.2,-1,-1,-1,-1
772,11,1149.5,257.5,213.3,489.0,-1,-1,-1,-1
772,9,1425.6,231.2,226.8,530.2,-1,-1,-1,-1
772,1,423.2,257.9,269.3,502.2,-1,-1,-1,-1
772,7,681.8,281.8,212.0,476.9,-1,-1,-1,-1
772,5,939.6,271.5,241.6,483.1,-1,-1,-1,-1
772,3,280.8,256.7,213.3,505.4,-1,-1,-1,-1
773,11,1149.5,257.5,214.7,489.0,-1,-1,-1,-1
773,9,1424.2,235.1,229.5,526.3,-1,-1,-1,-1
773,1,423.2,260.7,270.0,499.3,-1,-1,-1,-1
773,7,666.6,282.5,227.1,476.2,-1,-1,-1,-1
773,5,940.3,271.0,251.1,483.6,-1,-1,-1,-1
773,3,286.9,258.7,207.9,503.4,-1,-1,-1,-1
774,11,1149.5,260.2,213.3,486.3,-1,-1,-1,-1
774,9,1422.9,268.5,210.6,492.2,-1,-1,-1,-1
774,1,436.1,266.3,259.9,493.8,-1,-1,-1,-1
774,7,658.1,284.0,239.0,475.4,-1,-1,-1,-1
774,5,939.6,275.4,272.7,479.3,-1,-1,-1,-1
774,3,281.5,263.2,213.3,498.2,-1,-1,-1,-1
775,11,1149.5,261.1,216.0,485.5,-1,-1,-1,-1
775,9,1421.6,277.4,221.4,484.0,-1,-1,-1,-1
775,1,449.6,266.0,249.8,495.5,-1,-1,-1,-1
775,7,644.3,284.0,258.9,475.4,-1,-1,-1,-1
775,5,939.6,280.1,284.9,474.5,-1,-1,-1,-1
775,3,281.1,267.6,212.6,493.8,-1,-1,-1,-1
776,11,1148.9,263.4,244.3,483.1,-1,-1,-1,-1
776,9,1422.9,281.8,224.1,479.6,-1,-1,-1,-1
776,1,438.4,262.6,270.3,498.2,-1,-1,-1,-1
776,7,612.9,282.8,303.8,474.5,-1,-1,-1,-1
776,5,939.6,288.2,295.6,466.4,-1,-1,-1,-1
776,3,289.9,278.1,204.5,482.0,-1,-1,-1,-1
777,11,1148.9,266.6,259.2,479.2,-1,-1,-1,-1
777,9,1425.6,282.2,218.7,479.2,-1,-1,-1,-1
777,1,449.9,256.8,258.9,504.6,-1,-1,-1,-1
777,7,599.4,281.8,318.6,474.2,-1,-1,-1,-1
777,5,938.3,290.2,288.9,464.4,-1,-1,-1,-1
777,3,291.8,281.8,202.3,479.6,-1,-1,-1,-1
778,11,1147.5,270.5,282.2,475.4,-1,-1,-1,-1
778,9,1427.0,284.2,216.0,476.6,-1,-1,-1,-1
778,1,439.4,266.6,268.6,493.4,-1,-1,-1,-1
778,7,586.2,281.0,333.8,475.7,-1,-1,-1,-1
778,5,938.3,292.4,293.0,462.9,-1,-1,-1,-1
778,3,298.4,285.7,198.5,475.7,-1,-1,-1,-1
779,11,1147.5,272.9,293.0,473.0,-1,-1,-1,-1
779,9,1427.0,287.4,213.3,473.3,-1,-1,-1,-1
779,1,439.1,281.0,269.0,478.4,-1,-1,-1,-1
779,7,590.6,279.8,328.1,476.2,-1,-1,-1,-1
779,5,938.3,290.9,302.4,464.4,-1,-1,-1,-1
779,3,299.7,285.7,198.5,475.7,-1,-1,-1,-1
780,11,1147.5,275.6,321.3,471.0,-1,-1,-1,-1
780,9,1425.6,287.2,251.1,474.2,-1,-1,-1,-1
780,1,450.6,282.5,256.8,476.2,-1,-1,-1,-1
780,7,587.6,276.9,329.7,480.4,-1,-1,-1,-1
780,5,939.6,283.0,299.7,473.0,-1,-1,-1,-1
780,3,304.4,279.5,192.4,477.2,-1,-1,-1,-1
781,11,1146.8,277.1,322.0,469.5,-1,-1,-1,-1
781,9,1425.6,286.4,253.8,475.7,-1,-1,-1,-1
781,1,437.4,282.8,270.0,476.5,-1,-1,-1,-1
781,7,594.0,275.1,320.0,482.3,-1,-1,-1,-1
781,5,941.6,280.1,299.7,474.5,-1,-1,-1,-1
781,3,302.1,276.1,193.7,477.2,-1,-1,-1,-1
782,11,1150.9,278.4,295.0,469.5,-1,-1,-1,-1
782,9,1424.2,281.6,226.8,480.4,-1,-1,-1,-1
782,1,457.0,278.6,248.4,480.8,-1,-1,-1,-1
782,7,644.6,272.4,264.6,483.6,-1,-1,-1,-1
782,5,945.7,277.6,283.5,480.4,-1,-1,-1,-1
782,3,304.4,268.5,191.7,485.5,-1,-1,-1,-1
783,11,1153.6,278.3,262.6,471.0,-1,-1,-1,-1
783,9,1422.9,279.5,213.3,482.0,-1,-1,-1,-1
783,1,498.2,275.4,204.5,484.0,-1,-1,-1,-1
783,7,683.4,271.5,231.9,485.2,-1,-1,-1,-1
783,5,941.6,276.1,275.4,484.0,-1,-1,-1,-1
783,3,316.7,265.6,194.9,489.0,-1,-1,-1,-1
784,11,1160.3,278.1,205.2,476.6,-1,-1,-1,-1
784,9,1422.9,266.0,191.7,495.5,-1,-1,-1,-1
784,1,499.8,265.1,203.5,494.3,-1,-1,-1,-1
784,7,699.3,273.7,224.1,482.3,-1,-1,-1,-1
784,5,936.9,271.2,239.0,496.3,-1,-1,-1,-1
784,3,333.3,261.4,169.9,489.9,-1,-1,-1,-1
785,11,1163.0,277.9,203.8,480.8,-1,-1,-1,-1
785,9,1422.9,257.0,189.0,503.0,-1,-1,-1,-1
785,1,502.9,260.7,203.2,499.3,-1,-1,-1,-1
785,7,699.3,274.1,225.4,481.9,-1,-1,-1,-1
785,5,932.2,273.5,232.2,499.3,-1,-1,-1,-1
785,3,335.8,259.9,168.1,488.7,-1,-1,-1,-1
786,11,1140.8,270.8,225.5,489.9,-1,-1,-1,-1
786,9,1422.9,241.5,186.3,519.9,-1,-1,-1,-1
786,1,508.3,258.4,195.8,501.0,-1,-1,-1,-1
786,7,701.3,271.4,222.8,479.3,-1,-1,-1,-1
786,5,924.8,268.3,217.4,521.4,-1,-1,-1,-1
786,3,343.1,257.2,165.5,491.4,-1,-1,-1,-1
787,11,1115.8,266.3,251.1,491.1,-1,-1,-1,-1
787,9,1427.0,232.4,183.6,529.7,-1,-1,-1,-1
787,1,512.3,257.3,193.7,501.4,-1,-1,-1,-1
787,7,700.7,268.5,230.9,480.1,-1,-1,-1,-1
787,5,919.4,264.1,217.4,529.7,-1,-1,-1,-1
787,3,348.3,254.8,172.8,493.1,-1,-1,-1,-1
788,11,1080.7,250.3,287.6,513.8,-1,-1,-1,-1
788,9,1432.4,229.8,178.2,534.3,-1,-1,-1,-1
788,1,503.2,251.9,219.0,501.4,-1,-1,-1,-1
788,7,723.6,260.7,221.4,478.4,-1,-1,-1,-1
788,5,868.1,255.0,267.3,540.8,-1,-1,-1,-1
788,3,360.5,252.5,193.0,495.5,-1,-1,-1,-1
789,11,1063.1,244.9,305.1,519.9,-1,-1,-1,-1
789,9,1428.3,230.2,183.6,534.6,-1,-1,-1,-1
789,1,498.8,249.8,249.8,504.2,-1,-1,-1,-1
789,7,740.5,254.3,205.2,480.1,-1,-1,-1,-1
789,5,849.2,250.9,284.8,546.9,-1,-1,-1,-1
789,3,358.8,251.8,209.2,495.5,-1,-1,-1,-1
790,11,1049.6,240.3,287.6,530.6,-1,-1,-1,-1
790,9,1410.8,235.1,191.7,529.7,-1,-1,-1,-1
790,1,516.0,247.4,252.8,501.9,-1,-1,-1,-1
790,7,789.8,249.8,167.4,481.9,-1,-1,-1,-1
790,5,860.6,248.6,247.1,548.6,-1,-1,-1,-1
790,3,357.1,251.6,215.3,496.3,-1,-1,-1,-1
791,11,1044.9,240.1,275.4,531.4,-1,-1,-1,-1
791,9,1406.7,235.7,189.0,528.4,-1,-1,-1,-1
791,1,540.3,246.0,230.5,504.6,-1,-1,-1,-1
791,5,828.9,250.1,259.2,546.4,-1,-1,-1,-1
791,3,366.9,250.6,211.3,497.3,-1,-1,-1,-1
792,11,1033.4,239.8,248.4,535.8,-1,-1,-1,-1
792,9,1394.6,239.5,189.0,524.0,-1,-1,-1,-1
792,1,569.7,243.2,216.0,507.4,-1,-1,-1,-1
792,5,814.1,250.9,201.1,546.9,-1,-1,-1,-1
792,3,390.8,248.9,203.2,497.0,-1,-1,-1,-1
793,11,1028.0,240.0,232.2,536.3,-1,-1,-1,-1
793,9,1389.2,239.5,189.0,524.0,-1,-1,-1,-1
793,1,591.6,242.2,201.5,507.8,-1,-1,-1,-1
793,5,799.2,251.6,171.5,544.9,-1,-1,-1,-1
793,3,403.3,248.6,197.1,497.3,-1,-1,-1,-1
794,11,1014.5,239.1,226.8,541.2,-1,-1,-1,-1
794,9,1377.7,237.6,207.2,527.2,-1,-1,-1,-1
794,1,632.8,242.0,170.4,505.9,-1,-1,-1,-1
794,5,767.5,250.9,189.0,559.1,-1,-1,-1,-1
794,3,422.2,249.4,179.5,491.7,-1,-1,-1,-1
795,11,1003.7,239.3,234.9,546.4,-1,-1,-1,-1
795,9,1376.3,235.7,209.9,529.7,-1,-1,-1,-1
795,1,651.0,243.2,179.9,505.4,-1,-1,-1,-1
795,7,864.7,254.8,183.6,468.8,-1,-1,-1,-1
795,5,736.4,248.9,213.3,561.1,-1,-1,-1,-1
795,3,420.2,248.9,187.7,490.2,-1,-1,-1,-1
796,11,1009.1,239.0,214.6,544.0,-1,-1,-1,-1
796,9,1366.9,235.1,203.2,531.7,-1,-1,-1,-1
796,1,669.6,246.7,178.2,502.5,-1,-1,-1,-1
796,7,870.8,257.0,191.7,457.8,-1,-1,-1,-1
796,5,680.7,248.4,250.8,569.0,-1,-1,-1,-1
796,3,424.6,248.2,184.3,490.2,-1,-1,-1,-1
797,11,985.5,239.6,229.5,554.9,-1,-1,-1,-1
797,9,1361.5,234.9,197.8,530.6,-1,-1,-1,-1
797,7,874.8,259.9,195.8,467.1,-1,-1,-1,-1
797,5,679.4,250.6,219.0,566.8,-1,-1,-1,-1
797,3,431.7,251.3,179.6,487.9,-1,-1,-1,-1
798,11,949.1,242.3,238.9,560.2,-1,-1,-1,-1
798,9,1350.0,242.7,191.7,530.9,-1,-1,-1,-1
798,7,920.7,267.5,158.0,457.5,-1,-1,-1,-1
798,5,653.4,256.2,178.2,560.6,-1,-1,-1,-1
798,3,460.4,254.8,172.8,471.5,-1,-1,-1,-1
799,11,935.6,249.2,237.6,556.0,-1,-1,-1,-1
799,9,1333.8,245.2,205.2,537.8,-1,-1,-1,-1
799,5,618.3,259.2,207.9,556.9,-1,-1,-1,-1
799,3,471.2,256.0,180.9,471.0,-1,-1,-1,-1
800,11,930.2,255.3,206.6,554.0,-1,-1,-1,-1
800,9,1300.7,256.7,228.8,539.8,-1,-1,-1,-1
800,1,765.5,270.3,178.2,469.5,-1,-1,-1,-1
800,5,565.3,261.1,233.9,553.7,-1,-1,-1,-1
800,3,492.1,261.1,173.5,467.9,-1,-1,-1,-1
801,11,918.7,257.5,187.7,551.1,-1,-1,-1,-1
801,9,1291.3,259.4,234.2,539.8,-1,-1,-1,-1
801,1,765.5,274.6,218.7,465.2,-1,-1,-1,-1
801,5,527.2,261.1,243.0,553.7,-1,-1,-1,-1
801,3,505.9,265.6,163.4,467.4,-1,-1,-1,-1
802,11,888.3,253.8,205.2,554.9,-1,-1,-1,-1
802,9,1285.2,263.8,224.1,540.8,-1,-1,-1,-1
802,1,764.1,284.2,229.5,456.3,-1,-1,-1,-1
802,7,986.2,280.8,205.2,450.2,-1,-1,-1,-1
802,5,468.5,266.8,283.5,548.6,-1,-1,-1,-1
803,11,870.1,247.9,212.0,561.4,-1,-1,-1,-1
803,9,1285.2,267.8,205.2,537.5,-1,-1,-1,-1
803,1,767.5,288.6,233.5,451.2,-1,-1,-1,-1
803,7,1000.4,278.8,194.4,450.2,-1,-1,-1,-1
803,5,463.4,267.8,285.9,548.3,-1,-1,-1,-1
804,11,830.2,228.5,244.3,578.8,-1,-1,-1,-1
804,9,1269.0,270.8,203.9,535.8,-1,-1,-1,-1
804,1,784.4,287.0,251.1,442.6,-1,-1,-1,-1
804,7,1050.3,265.8,164.7,463.2,-1,-1,-1,-1
804,5,459.0,270.0,266.6,544.1,-1,-1,-1,-1
805,11,827.6,225.6,247.0,568.2,-1,-1,-1,-1
805,9,1263.6,269.7,205.2,536.3,-1,-1,-1,-1
805,7,1058.4,257.3,168.8,471.0,-1,-1,-1,-1
805,5,459.0,262.2,250.4,549.1,-1,-1,-1,-1
805,3,558.9,266.0,162.7,461.7,-1,-1,-1,-1
806,11,827.6,226.8,234.9,579.2,-1,-1,-1,-1
806,9,1231.9,259.0,228.8,546.9,-1,-1,-1,-1
806,7,1058.4,245.2,194.4,481.1,-1,-1,-1,-1
806,5,458.0,246.5,223.4,552.7,-1,-1,-1,-1
806,3,588.9,264.8,136.7,462.9,-1,-1,-1,-1
807,11,822.2,220.6,237.6,584.7,-1,-1,-1,-1
807,9,1217.7,247.6,248.4,559.1,-1,-1,-1,-1
807,7,1061.8,242.5,229.5,483.1,-1,-1,-1,-1
807,5,459.0,242.7,218.0,549.8,-1,-1,-1,-1
807,3,594.7,243.2,143.8,483.1,-1,-1,-1,-1
808,11,807.3,189.5,241.7,619.8,-1,-1,-1,-1
808,9,1216.4,230.7,252.4,576.6,-1,-1,-1,-1
808,7,1082.7,240.5,217.3,485.8,-1,-1,-1,-1
808,5,457.0,234.1,228.1,548.3,-1,-1,-1,-1
808,3,593.7,240.0,167.7,486.3,-1,-1,-1,-1
809,11,802.6,172.5,232.2,638.9,-1,-1,-1,-1
809,9,1215.7,226.0,251.8,580.0,-1,-1,-1,-1
809,7,1098.9,243.7,182.2,481.9,-1,-1,-1,-1
809,5,456.6,232.5,234.2,549.1,-1,-1,-1,-1
809,3,597.0,239.1,173.8,487.9,-1,-1,-1,-1
810,11,781.7,145.0,243.0,665.0,-1,-1,-1,-1
810,9,1213.7,224.6,249.8,581.3,-1,-1,-1,-1
810,1,917.3,164.5,180.9,581.3,-1,-1,-1,-1
810,7,1134.0,248.2,198.5,478.1,-1,-1,-1,-1
810,5,455.3,233.4,240.0,548.3,-1,-1,-1,-1
810,3,625.1,239.1,160.6,487.9,-1,-1,-1,-1
811,11,768.8,145.0,255.2,665.0,-1,-1,-1,-1
811,9,1182.6,224.8,276.8,579.2,-1,-1,-1,-1
811,1,918.7,140.9,189.0,610.4,-1,-1,-1,-1
811,7,1135.4,249.6,201.1,475.4,-1,-1,-1,-1
811,5,449.9,235.9,236.9,544.4,-1,-1,-1,-1
811,3,635.5,240.0,156.9,486.3,-1,-1,-1,-1
812,11,764.1,227.5,295.6,582.5,-1,-1,-1,-1
812,9,1202.9,227.0,256.5,577.0,-1,-1,-1,-1
812,1,931.5,137.2,186.3,609.4,-1,-1,-1,-1
812,7,1144.8,254.6,206.6,473.7,-1,-1,-1,-1
812,5,433.4,243.0,221.4,534.6,-1,-1,-1,-1
812,3,640.6,241.8,158.0,485.2,-1,-1,-1,-1
813,11,749.9,229.5,301.0,579.2,-1,-1,-1,-1
813,9,1190.7,226.6,270.0,576.6,-1,-1,-1,-1
813,1,936.9,160.3,195.8,586.2,-1,-1,-1,-1
813,5,435.4,244.7,199.8,538.3,-1,-1,-1,-1
813,3,642.3,241.8,158.3,485.2,-1,-1,-1,-1
814,11,739.8,233.7,267.3,571.6,-1,-1,-1,-1
814,9,1184.6,227.6,235.6,574.9,-1,-1,-1,-1
814,1,955.8,252.3,216.0,494.3,-1,-1,-1,-1
814,5,431.3,251.4,197.8,532.9,-1,-1,-1,-1
814,3,637.9,244.7,168.8,481.6,-1,-1,-1,-1
815,11,746.6,233.7,232.2,571.6,-1,-1,-1,-1
815,9,1208.2,234.9,217.4,565.7,-1,-1,-1,-1
815,1,968.6,255.7,205.2,492.2,-1,-1,-1,-1
815,5,429.0,257.0,210.6,529.4,-1,-1,-1,-1
815,3,631.8,243.7,191.7,481.9,-1,-1,-1,-1
816,11,755.3,236.6,243.0,569.4,-1,-1,-1,-1
816,9,1216.4,238.8,193.0,564.5,-1,-1,-1,-1
816,1,972.0,272.5,213.3,470.6,-1,-1,-1,-1
816,5,435.0,273.2,214.0,511.8,-1,-1,-1,-1
816,3,615.6,245.2,226.8,481.1,-1,-1,-1,-1
817,11,770.9,241.0,236.2,563.6,-1,-1,-1,-1
817,9,1214.3,248.2,201.8,555.7,-1,-1,-1,-1
817,1,972.7,277.4,213.3,467.1,-1,-1,-1,-1
817,5,435.7,280.1,213.3,506.2,-1,-1,-1,-1
817,3,612.6,247.7,232.5,479.3,-1,-1,-1,-1
818,11,771.5,246.5,240.3,558.1,-1,-1,-1,-1
818,9,1190.7,259.4,232.2,543.2,-1,-1,-1,-1
818,1,984.2,278.8,201.2,464.4,-1,-1,-1,-1
818,7,1290.6,260.2,199.8,476.9,-1,-1,-1,-1
818,5,438.1,280.0,211.3,507.1,-1,-1,-1,-1
818,3,626.1,256.8,221.7,469.5,-1,-1,-1,-1
819,11,769.5,257.2,241.7,546.1,-1,-1,-1,-1
819,9,1176.5,264.8,247.7,537.8,-1,-1,-1,-1
819,1,992.3,274.7,193.0,469.8,-1,-1,-1,-1
819,7,1336.5,261.6,172.8,474.2,-1,-1,-1,-1
819,5,437.4,273.9,212.0,511.8,-1,-1,-1,-1
819,3,629.4,264.3,219.7,462.0,-1,-1,-1,-1
820,11,770.9,266.6,244.3,536.6,-1,-1,-1,-1
820,9,1174.5,269.2,247.1,533.4,-1,-1,-1,-1
820,1,980.1,257.5,213.3,486.3,-1,-1,-1,-1
820,7,1346.6,258.0,236.9,478.4,-1,-1,-1,-1
820,5,434.0,264.4,215.3,521.9,-1,-1,-1,-1
820,3,645.3,275.1,211.9,451.2,-1,-1,-1,-1
821,11,770.2,272.4,290.2,530.9,-1,-1,-1,-1
821,9,1177.2,275.7,261.9,527.5,-1,-1,-1,-1
821,1,997.7,248.1,197.1,495.8,-1,-1,-1,-1
821,7,1349.3,258.5,243.7,477.2,-1,-1,-1,-1
821,5,421.5,262.4,247.1,524.0,-1,-1,-1,-1
821,3,647.3,278.3,206.5,448.7,-1,-1,-1,-1
822,11,770.9,289.9,357.8,513.3,-1,-1,-1,-1
822,9,1178.6,285.7,351.0,518.2,-1,-1,-1,-1
822,1,1007.8,226.1,218.7,517.1,-1,-1,-1,-1
822,7,1363.5,269.8,237.6,463.2,-1,-1,-1,-1
822,5,402.6,236.1,318.3,550.3,-1,-1,-1,-1
822,3,624.4,286.4,230.9,440.6,-1,-1,-1,-1
823,11,774.9,292.3,367.2,511.0,-1,-1,-1,-1
823,9,1173.8,290.4,401.6,512.2,-1,-1,-1,-1
823,1,1005.8,199.1,252.5,544.1,-1,-1,-1,-1
823,7,1366.2,269.8,237.6,463.2,-1,-1,-1,-1
823,5,402.3,232.2,322.0,554.9,-1,-1,-1,-1
823,3,614.2,288.2,241.7,438.8,-1,-1,-1,-1
824,11,772.2,290.2,359.1,513.0,-1,-1,-1,-1
824,9,1185.3,292.3,392.8,511.0,-1,-1,-1,-1
824,1,1005.1,206.0,232.2,537.8,-1,-1,-1,-1
824,7,1386.5,276.2,267.3,457.5,-1,-1,-1,-1
824,5,384.1,275.1,340.9,510.6,-1,-1,-1,-1
824,3,619.7,284.3,236.2,442.6,-1,-1,-1,-1
825,11,774.9,287.7,329.4,516.2,-1,-1,-1,-1
825,9,1189.4,290.8,378.0,511.8,-1,-1,-1,-1
825,1,1005.1,226.3,232.2,518.2,-1,-1,-1,-1
825,7,1393.2,275.9,264.6,457.1,-1,-1,-1,-1
825,5,385.1,279.1,327.7,506.6,-1,-1,-1,-1
825,3,611.9,279.1,245.4,447.2,-1,-1,-1,-1
826,11,766.1,274.4,288.9,530.2,-1,-1,-1,-1
826,9,1211.6,282.5,320.6,520.8,-1,-1,-1,-1
826,1,997.0,248.7,271.4,495.1,-1,-1,-1,-1
826,7,1413.5,271.7,248.4,458.7,-1,-1,-1,-1
826,5,388.1,275.4,300.4,509.0,-1,-1,-1,-1
826,3,620.0,267.3,234.6,459.0,-1,-1,-1,-1
827,11,766.8,266.3,268.7,538.3,-1,-1,-1,-1
827,9,1225.8,277.3,301.1,528.0,-1,-1,-1,-1
827,1,1005.8,268.0,212.0,476.6,-1,-1,-1,-1
827,7,1420.2,269.0,240.3,461.4,-1,-1,-1,-1
827,5,393.2,274.6,273.4,509.8,-1,-1,-1,-1
827,3,647.0,261.4,205.5,463.6,-1,-1,-1,-1
828,11,760.1,248.4,241.6,556.9,-1,-1,-1,-1
828,9,1246.7,259.9,215.3,549.5,-1,-1,-1,-1
828,1,1012.5,253.3,220.0,490.6,-1,-1,-1,-1
828,7,1406.7,263.9,251.1,467.1,-1,-1,-1,-1
828,5,400.3,270.3,239.6,511.3,-1,-1,-1,-1
828,3,650.0,253.1,194.4,469.1,-1,-1,-1,-1
829,11,773.6,242.2,209.2,561.1,-1,-1,-1,-1
829,9,1240.0,250.1,226.1,559.9,-1,-1,-1,-1
829,1,1004.4,246.2,199.8,497.0,-1,-1,-1,-1
829,7,1414.8,259.5,224.1,472.2,-1,-1,-1,-1
829,5,400.3,265.1,239.6,509.8,-1,-1,-1,-1
829,3,644.0,252.5,182.2,469.8,-1,-1,-1,-1
830,11,753.3,237.4,207.9,564.5,-1,-1,-1,-1
830,9,1225.1,235.1,208.6,574.9,-1,-1,-1,-1
830,1,974.7,236.8,218.7,507.1,-1,-1,-1,-1
830,7,1402.7,252.5,180.9,479.2,-1,-1,-1,-1
830,5,396.2,260.6,191.7,511.0,-1,-1,-1,-1
830,3,641.2,255.0,179.6,467.9,-1,-1,-1,-1
831,11,752.6,237.8,207.9,564.8,-1,-1,-1,-1
831,9,1215.7,233.2,203.2,575.4,-1,-1,-1,-1
831,1,956.5,235.6,218.7,509.0,-1,-1,-1,-1
831,7,1368.9,251.3,210.6,480.4,-1,-1,-1,-1
831,5,395.6,259.5,180.2,511.3,-1,-1,-1,-1
831,3,640.6,255.5,202.5,466.8,-1,-1,-1,-1
832,11,753.3,240.3,214.6,562.3,-1,-1,-1,-1
832,9,1201.5,233.2,222.8,575.4,-1,-1,-1,-1
832,1,955.8,237.8,203.8,508.1,-1,-1,-1,-1
832,7,1379.0,251.1,181.6,482.0,-1,-1,-1,-1
832,5,395.2,259.7,179.5,509.8,-1,-1,-1,-1
832,3,645.0,253.5,170.4,470.1,-1,-1,-1,-1
833,11,756.0,238.8,220.1,564.5,-1,-1,-1,-1
833,9,1200.2,233.9,237.6,576.1,-1,-1,-1,-1
833,1,956.5,238.8,207.9,507.1,-1,-1,-1,-1
833,7,1382.4,252.3,178.2,480.1,-1,-1,-1,-1
833,5,391.5,259.4,180.9,510.1,-1,-1,-1,-1
833,3,648.7,251.1,190.3,471.8,-1,-1,-1,-1
834,11,772.9,234.1,230.9,567.8,-1,-1,-1,-1
834,9,1198.1,233.9,259.9,576.1,-1,-1,-1,-1
834,1,966.6,240.1,213.3,505.1,-1,-1,-1,-1
834,7,1391.9,253.3,183.6,480.4,-1,-1,-1,-1
834,5,385.8,257.2,185.0,513.0,-1,-1,-1,-1
834,3,665.6,251.9,187.6,471.0,-1,-1,-1,-1
835,11,781.0,232.7,233.5,569.9,-1,-1,-1,-1
835,9,1202.9,231.4,260.5,578.0,-1,-1,-1,-1
835,1,967.3,240.1,217.3,505.1,-1,-1,-1,-1
835,7,1389.2,252.5,194.4,482.0,-1,-1,-1,-1
835,5,386.8,255.7,202.5,515.9,-1,-1,-1,-1
835,3,676.7,254.8,177.9,467.4,-1,-1,-1,-1
836,11,801.2,230.3,237.6,574.9,-1,-1,-1,-1
836,9,1232.6,229.7,226.8,580.3,-1,-1,-1,-1
836,1,989.6,239.5,198.4,505.1,-1,-1,-1,-1
836,7,1378.4,251.6,216.0,482.8,-1,-1,-1,-1
836,5,393.5,252.6,212.0,520.3,-1,-1,-1,-1
836,3,695.2,260.0,164.7,462.9,-1,-1,-1,-1
837,11,809.3,231.7,232.2,573.6,-1,-1,-1,-1
837,9,1238.6,231.7,222.1,578.3,-1,-1,-1,-1
837,1,988.9,240.5,212.0,501.4,-1,-1,-1,-1
837,7,1390.5,250.6,210.6,483.1,-1,-1,-1,-1
837,5,397.2,251.8,215.3,521.1,-1,-1,-1,-1
837,3,697.3,260.0,164.7,463.6,-1,-1,-1,-1
838,11,816.8,234.1,225.5,569.9,-1,-1,-1,-1
838,9,1238.6,236.8,222.1,573.2,-1,-1,-1,-1
838,1,990.2,246.5,216.0,492.6,-1,-1,-1,-1
838,7,1409.4,248.7,205.2,481.6,-1,-1,-1,-1
838,5,407.0,250.6,215.3,522.3,-1,-1,-1,-1
838,3,698.6,258.0,166.1,465.6,-1,-1,-1,-1
839,11,818.1,233.0,224.1,571.6,-1,-1,-1,-1
839,9,1238.0,235.1,224.1,574.9,-1,-1,-1,-1
839,1,990.9,250.6,217.3,489.9,-1,-1,-1,-1
839,7,1416.2,248.2,194.4,482.8,-1,-1,-1,-1
839,5,413.4,248.6,209.2,524.3,-1,-1,-1,-1
839,3,698.6,256.5,167.4,466.4,-1,-1,-1,-1
840,11,819.5,229.7,221.4,574.9,-1,-1,-1,-1
840,9,1238.0,233.9,244.3,576.1,-1,-1,-1,-1
840,1,990.2,253.0,218.7,485.5,-1,-1,-1,-1
840,7,1417.5,249.9,183.6,481.1,-1,-1,-1,-1
840,5,423.6,246.5,199.1,526.3,-1,-1,-1,-1
840,3,690.9,256.2,175.8,466.1,-1,-1,-1,-1
841,11,818.8,228.7,222.8,576.6,-1,-1,-1,-1
841,9,1238.0,234.4,240.3,574.9,-1,-1,-1,-1
841,1,990.9,250.9,218.7,487.5,-1,-1,-1,-1
841,7,1414.8,250.9,186.3,480.1,-1,-1,-1,-1
841,5,424.2,246.5,197.8,526.3,-1,-1,-1,-1
841,3,683.8,255.5,182.2,466.8,-1,-1,-1,-1
842,11,816.8,227.3,224.1,578.0,-1,-1,-1,-1
842,9,1238.0,235.6,222.8,572.4,-1,-1,-1,-1
842,1,988.2,249.6,218.7,489.5,-1,-1,-1,-1
842,7,1414.8,252.3,194.4,478.1,-1,-1,-1,-1
842,5,423.9,249.1,198.5,523.1,-1,-1,-1,-1
842,3,666.2,254.3,198.5,467.9,-1,-1,-1,-1
843,11,811.4,227.3,228.1,578.0,-1,-1,-1,-1
843,9,1238.6,234.7,222.1,573.2,-1,-1,-1,-1
843,1,987.5,250.6,217.3,489.9,-1,-1,-1,-1
843,7,1414.8,252.3,199.8,478.1,-1,-1,-1,-1
843,5,423.6,249.1,198.5,523.1,-1,-1,-1,-1
843,3,660.2,254.3,201.2,467.9,-1,-1,-1,-1
844,11,785.7,230.3,251.1,573.6,-1,-1,-1,-1
844,9,1238.0,236.8,222.8,571.2,-1,-1,-1,-1
844,1,986.9,253.0,206.5,489.5,-1,-1,-1,-1
844,7,1413.5,249.9,191.7,481.1,-1,-1,-1,-1
844,5,408.4,249.4,212.6,522.8,-1,-1,-1,-1
844,3,653.7,255.0,203.5,467.9,-1,-1,-1,-1
845,11,774.9,231.9,253.8,572.7,-1,-1,-1,-1
845,9,1238.0,237.9,224.1,569.4,-1,-1,-1,-1
845,1,991.6,253.3,199.8,490.6,-1,-1,-1,-1
845,7,1414.8,249.1,189.0,482.0,-1,-1,-1,-1
845,5,401.6,249.8,217.4,523.1,-1,-1,-1,-1
845,3,654.8,256.8,199.8,466.8,-1,-1,-1,-1
846,11,767.5,234.4,229.5,570.2,-1,-1,-1,-1
846,9,1238.6,239.1,226.1,568.2,-1,-1,-1,-1
846,1,992.3,252.1,198.5,491.7,-1,-1,-1,-1
846,7,1414.8,247.7,189.0,484.0,-1,-1,-1,-1
846,5,390.8,251.6,222.8,521.9,-1,-1,-1,-1
846,3,670.3,263.6,172.8,458.7,-1,-1,-1,-1
847,11,771.5,236.4,210.6,568.2,-1,-1,-1,-1
847,9,1238.0,242.2,226.8,564.5,-1,-1,-1,-1
847,1,992.3,250.9,198.5,492.2,-1,-1,-1,-1
847,7,1414.8,250.3,189.0,480.8,-1,-1,-1,-1
847,5,390.2,254.6,222.1,520.3,-1,-1,-1,-1
847,3,679.7,265.8,164.7,457.1,-1,-1,-1,-1
848,11,785.7,242.0,183.6,564.0,-1,-1,-1,-1
848,9,1238.0,250.9,226.8,555.7,-1,-1,-1,-1
848,1,980.1,252.3,210.6,489.5,-1,-1,-1,-1
848,7,1412.1,255.7,189.0,475.4,-1,-1,-1,-1
848,5,398.9,264.6,214.6,509.0,-1,-1,-1,-1
848,3,690.2,269.5,150.9,454.8,-1,-1,-1,-1
849,11,787.1,242.3,179.5,563.6,-1,-1,-1,-1
849,9,1238.6,257.2,227.5,551.5,-1,-1,-1,-1
849,1,984.2,255.5,205.2,487.0,-1,-1,-1,-1
849,7,1416.2,257.7,186.3,473.3,-1,-1,-1,-1
849,5,405.0,264.9,206.6,508.6,-1,-1,-1,-1
849,3,688.5,270.7,149.9,453.6,-1,-1,-1,-1
850,11,801.2,241.7,193.0,565.7,-1,-1,-1,-1
850,9,1240.0,266.0,226.1,544.0,-1,-1,-1,-1
850,1,990.2,253.3,195.8,489.9,-1,-1,-1,-1
850,7,1417.5,258.2,183.6,472.2,-1,-1,-1,-1
850,5,412.8,262.7,189.0,512.2,-1,-1,-1,-1
850,3,685.1,270.7,158.0,453.6,-1,-1,-1,-1
851,11,797.9,244.0,220.0,561.9,-1,-1,-1,-1
851,9,1246.1,270.8,221.4,539.8,-1,-1,-1,-1
851,1,1001.7,251.3,182.3,492.6,-1,-1,-1,-1
851,7,1424.2,258.4,175.5,470.6,-1,-1,-1,-1
851,5,416.5,264.4,183.6,509.8,-1,-1,-1,-1
851,3,683.4,270.5,156.3,454.4,-1,-1,-1,-1
852,11,799.9,254.3,233.6,552.3,-1,-1,-1,-1
852,9,1250.1,277.9,218.7,533.4,-1,-1,-1,-1
852,1,1008.5,241.8,198.5,505.4,-1,-1,-1,-1
852,7,1435.1,263.8,180.9,462.5,-1,-1,-1,-1
852,5,409.4,266.8,213.3,508.1,-1,-1,-1,-1
852,3,685.1,276.9,159.3,449.4,-1,-1,-1,-1
853,11,803.2,260.6,228.2,546.1,-1,-1,-1,-1
853,9,1247.4,282.3,240.3,531.7,-1,-1,-1,-1
853,1,1003.1,242.0,221.4,504.6,-1,-1,-1,-1
853,7,1439.1,269.2,186.3,457.8,-1,-1,-1,-1
853,5,411.4,269.3,225.5,506.2,-1,-1,-1,-1
853,3,686.5,280.3,160.6,446.0,-1,-1,-1,-1
854,11,809.3,266.1,214.7,539.8,-1,-1,-1,-1
854,9,1243.4,291.8,265.9,520.3,-1,-1,-1,-1
854,1,1001.7,253.5,234.9,491.7,-1,-1,-1,-1
854,7,1433.7,277.8,189.0,444.5,-1,-1,-1,-1
854,5,413.8,273.9,228.8,503.0,-1,-1,-1,-1
854,3,688.5,281.8,164.7,444.5,-1,-1,-1,-1
855,11,811.4,262.4,207.9,542.9,-1,-1,-1,-1
855,9,1242.0,290.2,291.6,521.1,-1,-1,-1,-1
855,1,1002.4,261.1,236.2,482.8,-1,-1,-1,-1
855,7,1428.3,278.8,189.0,444.8,-1,-1,-1,-1
855,5,414.5,274.1,226.1,502.2,-1,-1,-1,-1
855,3,690.2,279.1,162.3,447.2,-1,-1,-1,-1
856,11,825.5,247.6,178.2,557.7,-1,-1,-1,-1
856,9,1238.0,278.6,263.2,526.0,-1,-1,-1,-1
856,1,1022.6,258.7,222.7,483.1,-1,-1,-1,-1
856,7,1412.1,277.3,197.1,445.7,-1,-1,-1,-1
856,5,415.8,269.8,220.1,505.1,-1,-1,-1,-1
856,3,687.5,269.2,159.0,457.1,-1,-1,-1,-1
857,11,830.2,239.0,166.1,565.7,-1,-1,-1,-1
857,9,1242.0,270.8,266.0,531.7,-1,-1,-1,-1
857,1,1031.4,253.0,216.0,490.2,-1,-1,-1,-1
857,7,1406.7,274.6,194.4,449.0,-1,-1,-1,-1
857,5,413.8,267.6,220.0,505.9,-1,-1,-1,-1
857,3,683.4,265.1,157.6,462.5,-1,-1,-1,-1
858,11,828.2,224.9,160.7,574.9,-1,-1,-1,-1
858,9,1296.0,256.7,218.7,543.2,-1,-1,-1,-1
858,1,1043.6,245.5,205.2,503.0,-1,-1,-1,-1
858,7,1386.5,270.0,207.9,453.6,-1,-1,-1,-1
858,5,418.5,264.9,197.8,505.9,-1,-1,-1,-1
858,3,677.7,257.3,159.3,471.0,-1,-1,-1,-1
859,11,827.6,221.4,156.6,575.8,-1,-1,-1,-1
859,9,1335.2,251.3,183.6,548.6,-1,-1,-1,-1
859,1,1059.1,244.2,189.0,507.8,-1,-1,-1,-1
859,7,1379.0,265.6,216.7,459.3,-1,-1,-1,-1
859,5,425.9,264.4,187.6,501.0,-1,-1,-1,-1
859,3,677.0,254.6,159.3,473.7,-1,-1,-1,-1
860,11,830.9,219.9,145.8,553.7,-1,-1,-1,-1
860,9,1364.9,242.0,167.4,557.2,-1,-1,-1,-1
860,1,1067.2,242.8,176.8,507.8,-1,-1,-1,-1
860,7,1373.0,250.1,224.1,478.9,-1,-1,-1,-1
860,5,403.0,261.2,207.9,504.2,-1,-1,-1,-1
860,3,676.0,250.8,152.2,476.9,-1,-1,-1,-1
861,11,827.6,220.6,148.5,552.3,-1,-1,-1,-1
861,9,1377.0,241.1,159.3,558.1,-1,-1,-1,-1
861,1,1066.5,243.5,175.5,507.1,-1,-1,-1,-1
861,5,390.8,259.7,220.7,505.1,-1,-1,-1,-1
861,3,677.7,249.4,148.5,479.6,-1,-1,-1,-1
862,11,825.5,225.5,153.9,546.1,-1,-1,-1,-1
862,9,1379.7,241.3,170.1,556.5,-1,-1,-1,-1
862,1,1064.5,242.5,171.5,526.3,-1,-1,-1,-1
862,5,389.8,256.2,221.4,506.6,-1,-1,-1,-1
862,3,682.8,245.2,138.0,485.8,-1,-1,-1,-1
863,11,828.2,228.7,155.2,542.9,-1,-1,-1,-1
863,9,1385.1,248.9,170.1,548.3,-1,-1,-1,-1
863,1,1061.8,242.5,170.1,539.8,-1,-1,-1,-1
863,5,387.5,257.0,222.1,501.0,-1,-1,-1,-1
863,3,686.8,243.8,129.9,497.3,-1,-1,-1,-1
864,11,829.6,235.7,162.0,535.8,-1,-1,-1,-1
864,9,1373.0,261.7,194.4,537.5,-1,-1,-1,-1
864,1,1044.2,242.3,175.5,556.9,-1,-1,-1,-1
864,5,397.6,262.4,195.1,487.5,-1,-1,-1,-1
864,3,688.2,242.8,124.5,521.9,-1,-1,-1,-1
865,11,832.3,241.5,168.8,529.4,-1,-1,-1,-1
865,9,1397.2,263.8,164.7,535.4,-1,-1,-1,-1
865,1,1022.0,243.0,193.0,572.4,-1,-1,-1,-1
865,7,1331.1,256.5,126.9,469.8,-1,-1,-1,-1
865,5,406.0,262.4,178.2,487.5,-1,-1,-1,-1
865,3,684.8,243.5,125.9,528.0,-1,-1,-1,-1
866,11,827.6,251.1,182.2,517.1,-1,-1,-1,-1
866,9,1393.2,255.3,153.9,535.8,-1,-1,-1,-1
866,1,1007.8,244.2,198.5,576.6,-1,-1,-1,-1
866,7,1292.6,253.6,143.8,484.8,-1,-1,-1,-1
866,5,418.2,263.4,195.1,487.9,-1,-1,-1,-1
866,3,677.0,249.4,135.0,522.8,-1,-1,-1,-1
867,11,824.9,256.3,189.0,507.8,-1,-1,-1,-1
867,9,1391.9,253.6,151.2,531.4,-1,-1,-1,-1
867,1,1011.2,245.2,191.7,578.3,-1,-1,-1,-1
867,7,1279.1,253.1,160.0,493.4,-1,-1,-1,-1
867,5,425.6,264.9,203.8,487.0,-1,-1,-1,-1
867,3,675.7,249.4,141.8,522.8,-1,-1,-1,-1
868,11,820.8,252.6,199.8,487.9,-1,-1,-1,-1
868,9,1401.3,247.2,162.0,507.4,-1,-1,-1,-1
868,1,1030.7,246.4,167.4,579.2,-1,-1,-1,-1
868,7,1279.8,258.7,159.3,487.9,-1,-1,-1,-1
868,5,437.7,267.3,194.4,461.7,-1,-1,-1,-1
868,3,675.3,236.8,156.9,535.4,-1,-1,-1,-1
869,11,816.1,242.5,201.2,485.2,-1,-1,-1,-1
869,9,1406.7,246.2,170.1,503.0,-1,-1,-1,-1
869,1,1032.1,246.2,168.8,580.0,-1,-1,-1,-1
869,7,1264.3,258.4,162.7,487.5,-1,-1,-1,-1
869,5,443.5,262.9,182.3,451.2,-1,-1,-1,-1
869,3,673.3,227.8,154.2,544.4,-1,-1,-1,-1
870,11,807.3,219.9,202.5,501.0,-1,-1,-1,-1
870,9,1413.5,247.4,170.1,500.5,-1,-1,-1,-1
870,1,1029.4,238.3,174.2,587.3,-1,-1,-1,-1
870,7,1242.7,244.0,155.9,502.5,-1,-1,-1,-1
870,5,450.2,241.3,158.0,468.8,-1,-1,-1,-1
870,3,656.8,215.0,167.4,557.2,-1,-1,-1,-1
871,11,806.0,219.5,199.8,489.9,-1,-1,-1,-1
871,9,1414.8,247.2,156.6,501.4,-1,-1,-1,-1
871,1,1029.4,230.9,172.8,594.0,-1,-1,-1,-1
871,7,1233.2,235.2,161.3,511.3,-1,-1,-1,-1
871,5,450.9,229.5,147.8,477.2,-1,-1,-1,-1
871,3,635.2,214.5,191.7,557.7,-1,-1,-1,-1
872,11,808.0,217.7,216.0,478.9,-1,-1,-1,-1
872,9,1410.8,247.4,143.1,501.9,-1,-1,-1,-1
872,1,986.9,216.7,213.3,614.3,-1,-1,-1,-1
872,7,1198.1,221.7,185.6,523.5,-1,-1,-1,-1
872,5,441.8,217.0,185.6,483.6,-1,-1,-1,-1
872,3,606.2,221.4,243.0,560.3,-1,-1,-1,-1
873,11,808.7,223.6,222.8,478.4,-1,-1,-1,-1
873,9,1404.0,249.1,145.8,500.2,-1,-1,-1,-1
873,1,961.9,216.3,243.0,646.3,-1,-1,-1,-1
873,7,1186.0,218.7,194.4,530.5,-1,-1,-1,-1
873,5,434.0,216.2,203.2,492.6,-1,-1,-1,-1
873,3,604.8,227.0,249.8,556.0,-1,-1,-1,-1
874,11,810.0,245.4,224.1,455.3,-1,-1,-1,-1
874,9,1389.2,255.3,170.1,481.1,-1,-1,-1,-1
874,1,950.4,219.5,270.0,645.1,-1,-1,-1,-1
874,7,1162.4,228.5,220.0,532.9,-1,-1,-1,-1
874,5,436.1,212.3,202.5,495.1,-1,-1,-1,-1
874,3,604.1,234.1,224.1,550.3,-1,-1,-1,-1
875,11,812.0,261.2,221.4,438.8,-1,-1,-1,-1
875,9,1391.9,255.8,164.7,464.4,-1,-1,-1,-1
875,1,950.4,234.1,270.0,628.6,-1,-1,-1,-1
875,7,1159.0,236.8,226.1,531.4,-1,-1,-1,-1
875,5,437.1,208.2,203.9,500.5,-1,-1,-1,-1
875,3,604.8,236.4,222.8,547.3,-1,-1,-1,-1
876,11,815.4,270.7,220.1,427.9,-1,-1,-1,-1
876,9,1378.4,255.0,167.4,451.7,-1,-1,-1,-1
876,1,948.4,246.5,271.4,615.4,-1,-1,-1,-1
876,7,1156.3,253.8,228.8,513.0,-1,-1,-1,-1
876,5,435.4,222.8,205.9,484.0,-1,-1,-1,-1
876,3,603.5,239.0,224.1,544.0,-1,-1,-1,-1
877,11,815.4,268.8,218.7,429.8,-1,-1,-1,-1
877,9,1362.2,254.1,186.3,453.3,-1,-1,-1,-1
877,1,949.1,243.3,270.0,619.3,-1,-1,-1,-1
877,7,1154.9,255.7,230.2,509.8,-1,-1,-1,-1
877,5,431.0,236.9,206.6,469.8,-1,-1,-1,-1
877,3,595.7,240.1,231.9,542.9,-1,-1,-1,-1
878,11,815.4,266.0,218.7,432.0,-1,-1,-1,-1
878,9,1329.8,259.5,218.7,447.9,-1,-1,-1,-1
878,1,947.7,238.6,271.4,624.0,-1,-1,-1,-1
878,7,1153.6,252.1,234.2,514.7,-1,-1,-1,-1
878,5,413.1,260.7,222.1,446.0,-1,-1,-1,-1
878,3,588.6,245.4,239.0,536.3,-1,-1,-1,-1
879,11,815.4,265.1,217.3,432.8,-1,-1,-1,-1
879,9,1327.1,265.1,218.7,442.3,-1,-1,-1,-1
879,1,947.7,238.3,271.4,623.7,-1,-1,-1,-1
879,7,1151.6,251.3,238.9,514.2,-1,-1,-1,-1
879,5,407.0,260.7,226.8,446.0,-1,-1,-1,-1
879,3,586.6,247.1,241.7,534.6,-1,-1,-1,-1
880,11,815.4,264.4,217.3,433.5,-1,-1,-1,-1
880,9,1329.8,268.1,207.9,442.6,-1,-1,-1,-1
880,1,947.0,239.5,272.7,622.5,-1,-1,-1,-1
880,7,1150.2,253.8,238.9,508.9,-1,-1,-1,-1
880,5,403.7,260.7,228.8,446.0,-1,-1,-1,-1
880,3,580.2,248.9,247.4,533.4,-1,-1,-1,-1
881,11,814.7,264.4,218.7,433.5,-1,-1,-1,-1
881,9,1327.7,268.3,207.2,441.8,-1,-1,-1,-1
881,1,947.7,239.8,271.4,622.9,-1,-1,-1,-1
881,7,1144.8,255.3,245.7,508.1,-1,-1,-1,-1
881,5,401.6,261.2,230.9,444.8,-1,-1,-1,-1
881,3,579.5,248.4,247.4,534.6,-1,-1,-1,-1
882,11,815.4,263.9,218.7,434.7,-1,-1,-1,-1
882,9,1329.1,266.0,207.2,444.2,-1,-1,-1,-1
882,1,946.4,239.8,272.7,622.9,-1,-1,-1,-1
882,7,1134.0,253.6,255.2,509.8,-1,-1,-1,-1
882,5,401.6,261.2,230.9,444.8,-1,-1,-1,-1
882,3,578.8,248.4,248.7,534.6,-1,-1,-1,-1
883,11,814.7,263.9,218.7,434.7,-1,-1,-1,-1
883,9,1328.4,266.5,207.9,443.0,-1,-1,-1,-1
883,1,945.7,238.8,272.7,622.5,-1,-1,-1,-1
883,7,1133.3,253.0,257.2,511.8,-1,-1,-1,-1
883,5,401.3,261.2,230.9,444.8,-1,-1,-1,-1
883,3,578.5,248.4,249.8,534.6,-1,-1,-1,-1
884,11,814.7,263.6,218.7,434.4,-1,-1,-1,-1
884,9,1325.7,265.6,213.3,444.5,-1,-1,-1,-1
884,1,945.0,238.6,274.0,624.0,-1,-1,-1,-1
884,7,1131.3,252.6,259.2,512.2,-1,-1,-1,-1
884,5,401.6,261.9,230.2,444.2,-1,-1,-1,-1
884,3,577.8,251.4,249.8,530.2,-1,-1,-1,-1
885,11,815.4,263.6,217.3,435.7,-1,-1,-1,-1
885,9,1325.0,266.3,214.0,443.8,-1,-1,-1,-1
885,1,944.3,238.6,275.4,624.0,-1,-1,-1,-1
885,7,1132.7,253.0,257.8,513.8,-1,-1,-1,-1
885,5,401.6,262.2,230.9,443.8,-1,-1,-1,-1
885,3,577.8,250.4,249.8,532.6,-1,-1,-1,-1
886,11,813.4,262.1,218.7,436.6,-1,-1,-1,-1
886,9,1322.3,265.1,219.4,445.7,-1,-1,-1,-1
886,1,943.0,239.5,276.8,622.5,-1,-1,-1,-1
886,7,1132.7,257.2,257.8,511.0,-1,-1,-1,-1
886,5,400.3,261.6,230.8,444.5,-1,-1,-1,-1
886,3,577.5,250.1,250.1,532.9,-1,-1,-1,-1
887,11,811.4,260.6,221.4,438.8,-1,-1,-1,-1
887,9,1322.3,263.8,220.7,446.3,-1,-1,-1,-1
887,1,943.0,239.1,276.8,622.9,-1,-1,-1,-1
887,7,1132.7,258.9,257.8,509.3,-1,-1,-1,-1
887,5,401.3,261.6,230.2,444.5,-1,-1,-1,-1
887,3,578.5,248.6,249.8,533.8,-1,-1,-1,-1
888,11,820.1,257.9,209.2,441.5,-1,-1,-1,-1
888,9,1329.8,260.4,213.3,449.0,-1,-1,-1,-1
888,1,945.7,239.8,274.1,621.5,-1,-1,-1,-1
888,7,1128.6,262.9,261.9,503.9,-1,-1,-1,-1
888,5,408.4,261.6,223.4,444.5,-1,-1,-1,-1
888,3,590.3,244.5,237.9,537.8,-1,-1,-1,-1
889,11,821.5,257.7,202.5,442.3,-1,-1,-1,-1
889,9,1333.1,259.2,209.9,450.9,-1,-1,-1,-1
889,1,947.0,241.1,272.7,620.2,-1,-1,-1,-1
889,7,1127.9,262.4,262.6,505.1,-1,-1,-1,-1
889,5,416.1,261.9,205.9,444.2,-1,-1,-1,-1
889,3,598.7,242.7,229.5,539.0,-1,-1,-1,-1
890,11,829.6,258.5,187.7,447.5,-1,-1,-1,-1
890,9,1325.7,263.8,213.3,443.0,-1,-1,-1,-1
890,1,946.4,248.9,274.0,610.4,-1,-1,-1,-1
890,7,1144.1,259.4,245.0,508.1,-1,-1,-1,-1
890,5,423.6,265.4,200.5,440.6,-1,-1,-1,-1
890,3,598.7,239.1,225.5,543.2,-1,-1,-1,-1
891,11,840.4,258.9,174.2,449.9,-1,-1,-1,-1
891,9,1321.7,265.8,216.0,440.3,-1,-1,-1,-1
891,1,947.0,250.8,272.7,607.8,-1,-1,-1,-1
891,7,1141.4,257.0,246.4,509.8,-1,-1,-1,-1
891,5,425.2,267.3,192.4,438.8,-1,-1,-1,-1
891,3,602.1,237.8,218.7,545.2,-1,-1,-1,-1
892,11,849.8,260.9,168.8,450.6,-1,-1,-1,-1
892,9,1335.8,265.1,200.5,440.3,-1,-1,-1,-1
892,1,947.0,250.4,270.0,608.2,-1,-1,-1,-1
892,7,1141.4,257.2,241.0,504.2,-1,-1,-1,-1
892,5,434.4,273.0,198.4,431.7,-1,-1,-1,-1
892,3,603.1,237.9,215.0,543.7,-1,-1,-1,-1
893,11,848.5,259.4,174.2,452.1,-1,-1,-1,-1
893,9,1337.9,265.1,199.8,440.3,-1,-1,-1,-1
893,1,948.4,245.7,259.2,614.2,-1,-1,-1,-1
893,7,1147.5,261.2,234.9,500.2,-1,-1,-1,-1
893,5,434.0,274.1,203.8,432.0,-1,-1,-1,-1
893,3,603.8,240.8,215.7,540.8,-1,-1,-1,-1
894,11,847.8,248.6,180.9,460.2,-1,-1,-1,-1
894,9,1340.6,270.0,199.8,435.4,-1,-1,-1,-1
894,1,949.1,226.3,251.1,636.4,-1,-1,-1,-1
894,7,1155.6,274.1,225.4,493.4,-1,-1,-1,-1
894,5,430.7,280.3,205.2,427.1,-1,-1,-1,-1
894,3,604.1,250.3,214.7,531.4,-1,-1,-1,-1
895,11,847.8,253.8,179.5,453.6,-1,-1,-1,-1
895,9,1346.6,275.1,201.8,435.0,-1,-1,-1,-1
895,1,949.7,210.8,251.1,651.2,-1,-1,-1,-1
895,7,1154.9,279.3,226.8,487.5,-1,-1,-1,-1
895,5,427.6,277.6,209.3,430.5,-1,-1,-1,-1
895,3,603.8,256.5,215.0,525.2,-1,-1,-1,-1
896,11,847.1,280.5,187.7,424.2,-1,-1,-1,-1
896,9,1352.7,278.6,197.1,429.5,-1,-1,-1,-1
896,1,949.1,198.6,251.1,664.0,-1,-1,-1,-1
896,7,1161.0,280.0,220.1,482.8,-1,-1,-1,-1
896,5,422.9,255.2,216.7,450.9,-1,-1,-1,-1
896,3,603.8,256.8,215.0,524.8,-1,-1,-1,-1
897,11,847.8,287.6,183.6,417.1,-1,-1,-1,-1
897,9,1353.4,277.8,196.4,431.0,-1,-1,-1,-1
897,1,950.4,187.0,249.8,675.7,-1,-1,-1,-1
897,7,1167.1,280.8,213.3,479.3,-1,-1,-1,-1
897,5,421.9,261.9,216.0,444.2,-1,-1,-1,-1
897,3,603.5,250.8,216.0,530.9,-1,-1,-1,-1
898,11,847.8,290.8,179.5,414.6,-1,-1,-1,-1
898,9,1353.4,281.0,189.7,427.1,-1,-1,-1,-1
898,1,951.1,198.6,249.8,664.0,-1,-1,-1,-1
898,7,1168.4,285.0,216.7,473.7,-1,-1,-1,-1
898,5,420.5,264.4,213.3,442.3,-1,-1,-1,-1
898,3,596.4,238.3,221.7,542.0,-1,-1,-1,-1
899,11,847.1,291.6,179.6,413.8,-1,-1,-1,-1
899,9,1354.1,286.2,189.0,421.2,-1,-1,-1,-1
899,1,951.8,193.9,248.4,668.1,-1,-1,-1,-1
899,7,1168.4,284.5,211.9,474.2,-1,-1,-1,-1
899,5,419.5,267.3,212.6,438.8,-1,-1,-1,-1
899,3,596.0,231.4,222.8,550.3,-1,-1,-1,-1
900,11,847.8,290.2,179.5,416.5,-1,-1,-1,-1
900,9,1353.4,287.4,199.1,419.3,-1,-1,-1,-1
900,1,951.1,210.4,249.8,650.9,-1,-1,-1,-1
900,7,1167.1,284.7,224.8,473.3,-1,-1,-1,-1
900,5,419.9,275.6,211.3,429.8,-1,-1,-1,-1
900,3,595.4,216.2,224.1,566.8,-1,-1,-1,-1
901,11,849.2,289.6,179.6,416.5,-1,-1,-1,-1
901,9,1352.7,285.7,194.4,422.4,-1,-1,-1,-1
901,1,951.8,219.2,249.7,642.1,-1,-1,-1,-1
901,7,1166.4,282.7,236.2,475.4,-1,-1,-1,-1
901,5,420.2,274.9,211.3,429.8,-1,-1,-1,-1
901,3,596.0,215.7,222.8,566.0,-1,-1,-1,-1
902,11,849.8,288.2,185.0,417.8,-1,-1,-1,-1
902,9,1352.0,285.2,191.0,420.9,-1,-1,-1,-1
902,1,949.1,238.8,252.4,622.5,-1,-1,-1,-1
902,7,1166.4,279.3,228.2,478.1,-1,-1,-1,-1
902,5,420.9,278.9,211.3,423.7,-1,-1,-1,-1
902,3,598.7,223.9,220.0,555.7,-1,-1,-1,-1
903,11,850.5,284.5,185.0,421.5,-1,-1,-1,-1
903,9,1348.7,283.3,191.7,422.7,-1,-1,-1,-1
903,1,949.1,240.8,252.4,622.5,-1,-1,-1,-1
903,7,1163.7,276.2,226.8,480.4,-1,-1,-1,-1
903,5,425.9,280.6,207.9,423.4,-1,-1,-1,-1
903,3,600.1,244.2,218.7,535.4,-1,-1,-1,-1
904,11,854.6,281.5,176.8,424.6,-1,-1,-1,-1
904,9,1347.3,281.6,194.4,423.7,-1,-1,-1,-1
904,1,947.7,241.1,253.8,621.5,-1,-1,-1,-1
904,7,1156.3,274.9,227.5,481.1,-1,-1,-1,-1
904,5,422.9,281.3,209.9,423.4,-1,-1,-1,-1
904,3,600.1,252.1,218.7,526.8,-1,-1,-1,-1
905,11,839.0,275.4,199.8,435.4,-1,-1,-1,-1
905,9,1339.9,278.6,223.4,426.8,-1,-1,-1,-1
905,1,941.0,242.0,260.5,619.3,-1,-1,-1,-1
905,7,1142.8,269.0,254.5,488.4,-1,-1,-1,-1
905,5,423.9,281.3,212.0,423.4,-1,-1,-1,-1
905,3,600.8,259.4,217.4,520.3,-1,-1,-1,-1
906,11,835.7,272.2,205.2,436.6,-1,-1,-1,-1
906,9,1331.1,277.4,240.3,427.9,-1,-1,-1,-1
906,1,939.6,244.0,261.9,617.3,-1,-1,-1,-1
906,7,1143.5,266.1,256.5,492.6,-1,-1,-1,-1
906,5,417.5,280.0,211.3,423.4,-1,-1,-1,-1
906,3,601.8,259.7,216.3,519.9,-1,-1,-1,-1
907,11,833.0,261.1,207.9,446.3,-1,-1,-1,-1
907,9,1317.6,273.7,248.4,428.3,-1,-1,-1,-1
907,1,941.0,247.4,260.5,612.6,-1,-1,-1,-1
907,7,1144.1,234.7,237.6,526.0,-1,-1,-1,-1
907,5,404.3,274.2,218.7,429.8,-1,-1,-1,-1
907,3,576.8,254.1,242.7,524.8,-1,-1,-1,-1
908,11,833.0,255.2,205.2,452.9,-1,-1,-1,-1
908,9,1302.1,272.0,266.6,431.3,-1,-1,-1,-1
908,1,938.9,244.9,261.9,615.1,-1,-1,-1,-1
908,7,1141.4,222.8,237.6,536.6,-1,-1,-1,-1
908,5,403.0,271.7,221.4,431.7,-1,-1,-1,-1
908,3,566.7,249.1,254.1,530.5,-1,-1,-1,-1
909,11,832.3,255.5,198.4,450.6,-1,-1,-1,-1
909,9,1339.2,255.7,221.4,451.7,-1,-1,-1,-1
909,1,936.2,210.1,263.3,651.2,-1,-1,-1,-1
909,7,1142.8,207.1,234.9,553.7,-1,-1,-1,-1
909,5,404.7,262.1,244.4,442.6,-1,-1,-1,-1
909,3,556.5,246.7,269.7,530.9,-1,-1,-1,-1
910,11,836.3,256.5,191.7,447.5,-1,-1,-1,-1
910,9,1335.2,244.7,224.1,464.1,-1,-1,-1,-1
910,1,936.2,182.6,264.6,678.7,-1,-1,-1,-1
910,7,1143.5,209.2,233.5,551.5,-1,-1,-1,-1
910,5,407.7,249.1,209.9,455.6,-1,-1,-1,-1
910,3,562.3,238.1,259.2,539.5,-1,-1,-1,-1
911,11,845.8,254.1,182.2,450.6,-1,-1,-1,-1
911,9,1335.2,263.6,221.4,445.2,-1,-1,-1,-1
911,1,932.9,177.2,267.3,685.5,-1,-1,-1,-1
911,7,1140.8,215.3,236.2,544.0,-1,-1,-1,-1
911,5,411.4,238.4,209.9,465.6,-1,-1,-1,-1
911,3,587.9,226.5,230.8,551.1,-1,-1,-1,-1
912,11,849.2,261.6,178.2,444.5,-1,-1,-1,-1
912,9,1335.8,261.7,220.7,446.3,-1,-1,-1,-1
912,1,932.9,177.5,261.9,686.5,-1,-1,-1,-1
912,7,1140.1,217.2,236.2,542.9,-1,-1,-1,-1
912,5,414.8,237.3,207.2,466.1,-1,-1,-1,-1
912,3,591.3,226.5,228.1,551.1,-1,-1,-1,-1
913,11,847.8,256.3,180.9,449.0,-1,-1,-1,-1
913,9,1332.5,257.5,224.1,449.9,-1,-1,-1,-1
913,1,936.9,175.5,260.6,686.5,-1,-1,-1,-1
913,7,1141.4,220.9,234.9,539.8,-1,-1,-1,-1
913,5,421.9,228.7,200.5,475.4,-1,-1,-1,-1
913,3,598.7,225.3,220.0,553.7,-1,-1,-1,-1
914,11,845.1,244.5,183.6,460.2,-1,-1,-1,-1
914,9,1334.5,255.8,222.1,450.9,-1,-1,-1,-1
914,1,937.6,174.2,260.5,687.8,-1,-1,-1,-1
914,7,1141.4,211.8,234.9,548.3,-1,-1,-1,-1
914,5,422.2,230.5,199.1,474.2,-1,-1,-1,-1
914,3,602.1,229.8,217.3,549.1,-1,-1,-1,-1
915,11,842.4,255.2,186.3,450.9,-1,-1,-1,-1
915,9,1341.9,254.3,213.3,451.7,-1,-1,-1,-1
915,1,936.2,190.7,260.5,673.3,-1,-1,-1,-1
915,7,1138.7,210.3,238.9,551.1,-1,-1,-1,-1
915,5,421.5,237.6,199.1,466.4,-1,-1,-1,-1
915,3,602.1,235.6,217.3,544.0,-1,-1,-1,-1
916,11,842.4,258.4,187.7,446.3,-1,-1,-1,-1
916,9,1341.9,243.2,213.3,463.6,-1,-1,-1,-1
916,1,920.0,187.3,275.4,675.3,-1,-1,-1,-1
916,7,1140.1,212.3,237.6,549.1,-1,-1,-1,-1
916,5,421.2,244.7,201.2,458.7,-1,-1,-1,-1
916,3,601.1,231.4,219.0,548.3,-1,-1,-1,-1
917,11,844.4,251.3,190.3,454.8,-1,-1,-1,-1
917,9,1345.3,237.9,208.6,469.5,-1,-1,-1,-1
917,1,914.0,187.7,283.5,679.7,-1,-1,-1,-1
917,7,1144.8,233.6,232.2,527.2,-1,-1,-1,-1
917,5,421.9,257.9,203.2,444.8,-1,-1,-1,-1
917,3,601.4,251.9,220.0,528.4,-1,-1,-1,-1
918,11,845.1,244.4,189.0,461.7,-1,-1,-1,-1
918,9,1347.3,244.5,207.9,462.9,-1,-1,-1,-1
918,1,918.0,195.1,280.8,675.7,-1,-1,-1,-1
918,7,1144.1,237.3,233.6,522.8,-1,-1,-1,-1
918,5,421.5,258.2,203.2,445.2,-1,-1,-1,-1
918,3,601.8,264.4,219.0,515.9,-1,-1,-1,-1
919,11,845.8,246.4,189.0,459.0,-1,-1,-1,-1
919,9,1344.6,247.9,210.6,457.5,-1,-1,-1,-1
919,1,920.7,204.7,278.1,665.4,-1,-1,-1,-1
919,7,1148.9,234.4,228.1,526.3,-1,-1,-1,-1
919,5,421.2,252.8,203.9,450.6,-1,-1,-1,-1
919,3,601.4,261.7,220.0,517.9,-1,-1,-1,-1
920,11,845.8,243.7,187.7,461.7,-1,-1,-1,-1
920,9,1343.9,244.5,212.6,460.9,-1,-1,-1,-1
920,1,920.0,196.8,278.1,672.6,-1,-1,-1,-1
920,7,1148.9,233.6,228.1,527.2,-1,-1,-1,-1
920,5,421.2,250.9,203.2,451.7,-1,-1,-1,-1
920,3,601.1,249.8,221.1,530.6,-1,-1,-1,-1
921,11,849.2,251.4,182.2,453.3,-1,-1,-1,-1
921,9,1343.9,236.3,212.6,469.8,-1,-1,-1,-1
921,1,920.7,182.9,275.4,686.5,-1,-1,-1,-1
921,7,1144.1,230.2,233.6,530.6,-1,-1,-1,-1
921,5,420.9,244.7,203.2,458.7,-1,-1,-1,-1
921,3,601.4,235.2,221.4,543.7,-1,-1,-1,-1
922,11,849.8,256.0,183.6,449.4,-1,-1,-1,-1
922,9,1345.3,234.4,211.3,471.0,-1,-1,-1,-1
922,1,920.7,174.8,275.4,694.6,-1,-1,-1,-1
922,7,1147.5,230.2,229.5,530.6,-1,-1,-1,-1
922,5,421.5,242.8,202.5,460.5,-1,-1,-1,-1
922,3,601.1,229.8,221.1,549.1,-1,-1,-1,-1
923,11,851.2,254.0,184.9,448.7,-1,-1,-1,-1
923,9,1341.9,232.7,216.0,472.7,-1,-1,-1,-1
923,1,918.7,172.5,276.8,695.6,-1,-1,-1,-1
923,7,1152.2,233.6,225.4,527.2,-1,-1,-1,-1
923,5,421.9,239.3,202.5,464.1,-1,-1,-1,-1
923,3,603.5,225.3,218.7,553.7,-1,-1,-1,-1
924,11,849.2,258.2,193.1,445.2,-1,-1,-1,-1
924,9,1339.2,232.0,218.7,473.3,-1,-1,-1,-1
924,1,918.0,166.1,278.1,702.7,-1,-1,-1,-1
924,7,1146.8,237.1,230.8,524.3,-1,-1,-1,-1
924,5,421.9,238.8,202.5,465.2,-1,-1,-1,-1
924,3,603.8,225.3,218.4,553.7,-1,-1,-1,-1
925,11,841.7,262.1,187.6,440.6,-1,-1,-1,-1
925,9,1337.9,229.2,221.4,479.6,-1,-1,-1,-1
925,1,917.3,154.6,279.5,712.1,-1,-1,-1,-1
925,7,1146.2,249.8,230.8,511.0,-1,-1,-1,-1
925,5,421.9,239.3,209.9,464.1,-1,-1,-1,-1
925,3,597.7,228.8,223.1,549.5,-1,-1,-1,-1
926,11,839.0,264.1,205.2,439.9,-1,-1,-1,-1
926,9,1337.9,231.5,221.4,477.2,-1,-1,-1,-1
926,1,922.1,151.5,274.1,715.2,-1,-1,-1,-1
926,7,1144.8,249.9,232.2,512.2,-1,-1,-1,-1
926,5,421.2,241.1,205.2,462.9,-1,-1,-1,-1
926,3,589.3,232.5,230.8,546.4,-1,-1,-1,-1
927,11,833.6,266.8,197.1,440.6,-1,-1,-1,-1
927,9,1339.9,239.3,220.7,469.5,-1,-1,-1,-1
927,1,935.6,156.9,260.6,705.7,-1,-1,-1,-1
927,7,1144.1,255.2,232.2,506.3,-1,-1,-1,-1
927,5,419.2,241.8,207.9,462.9,-1,-1,-1,-1
927,3,579.8,239.6,240.3,538.7,-1,-1,-1,-1
928,11,831.6,267.5,199.8,439.9,-1,-1,-1,-1
928,9,1341.9,244.2,218.7,465.2,-1,-1,-1,-1
928,1,938.3,160.3,259.2,699.6,-1,-1,-1,-1
928,7,1140.8,257.5,234.9,503.9,-1,-1,-1,-1
928,5,415.8,245.4,214.0,459.3,-1,-1,-1,-1
928,3,580.2,242.7,240.0,536.3,-1,-1,-1,-1
929,11,818.1,272.5,210.6,430.1,-1,-1,-1,-1
929,9,1339.2,252.3,221.4,457.1,-1,-1,-1,-1
929,1,938.3,178.2,257.9,681.1,-1,-1,-1,-1
929,7,1142.8,263.1,221.4,496.3,-1,-1,-1,-1
929,5,408.4,265.6,220.7,437.7,-1,-1,-1,-1
929,3,546.1,243.3,271.4,534.3,-1,-1,-1,-1
930,11,810.0,277.9,217.3,423.4,-1,-1,-1,-1
930,9,1341.9,255.2,218.7,453.6,-1,-1,-1,-1
930,1,936.9,211.6,260.6,648.3,-1,-1,-1,-1
930,7,1146.2,265.8,212.0,492.2,-1,-1,-1,-1
930,5,410.4,266.1,218.0,437.2,-1,-1,-1,-1
930,3,513.7,244.0,298.4,534.9,-1,-1,-1,-1
931,11,799.9,287.2,230.8,413.4,-1,-1,-1,-1
931,9,1339.2,256.5,197.1,453.6,-1,-1,-1,-1
931,1,938.3,222.8,260.5,637.2,-1,-1,-1,-1
931,7,1137.4,269.5,218.7,489.9,-1,-1,-1,-1
931,5,419.5,262.7,201.8,439.9,-1,-1,-1,-1
931,3,513.7,244.7,284.2,534.3,-1,-1,-1,-1
932,11,806.0,291.3,226.8,409.4,-1,-1,-1,-1
932,9,1341.2,258.2,180.2,450.6,-1,-1,-1,-1
932,1,938.3,225.6,259.2,633.7,-1,-1,-1,-1
932,7,1129.3,272.0,224.1,486.7,-1,-1,-1,-1
932,5,414.5,263.8,203.9,439.6,-1,-1,-1,-1
932,3,545.7,247.2,247.4,531.7,-1,-1,-1,-1
933,11,834.3,301.7,202.5,400.3,-1,-1,-1,-1
933,9,1341.2,264.8,154.6,443.3,-1,-1,-1,-1
933,1,938.3,235.6,253.8,623.7,-1,-1,-1,-1
933,7,1130.0,276.9,220.0,481.1,-1,-1,-1,-1
933,5,390.8,270.5,224.8,433.5,-1,-1,-1,-1
933,3,600.1,257.2,189.0,521.1,-1,-1,-1,-1
934,11,844.4,303.1,193.0,399.6,-1,-1,-1,-1
934,9,1343.2,271.0,145.8,437.7,-1,-1,-1,-1
934,1,938.3,242.5,247.0,616.8,-1,-1,-1,-1
934,7,1148.9,278.9,202.5,478.4,-1,-1,-1,-1
934,5,390.2,274.6,226.1,429.5,-1,-1,-1,-1
934,3,599.1,265.3,190.0,513.0,-1,-1,-1,-1
935,11,842.4,307.1,195.8,394.2,-1,-1,-1,-1
935,9,1342.6,275.6,134.3,433.2,-1,-1,-1,-1
935,1,909.2,255.5,283.5,608.5,-1,-1,-1,-1
935,7,1148.9,284.5,203.8,471.5,-1,-1,-1,-1
935,5,407.7,285.0,205.2,419.7,-1,-1,-1,-1
935,3,597.4,280.5,195.8,498.5,-1,-1,-1,-1
936,11,843.1,306.5,195.8,395.5,-1,-1,-1,-1
936,9,1343.2,280.8,132.3,427.9,-1,-1,-1,-1
936,1,922.1,260.6,276.8,603.4,-1,-1,-1,-1
936,7,1146.8,287.2,205.2,468.8,-1,-1,-1,-1
936,5,408.4,290.9,205.2,413.1,-1,-1,-1,-1
936,3,597.4,286.4,198.5,492.6,-1,-1,-1,-1
937,11,842.4,301.9,199.8,398.1,-1,-1,-1,-1
937,9,1343.2,287.4,145.8,422.7,-1,-1,-1,-1
937,1,934.2,273.7,278.1,590.3,-1,-1,-1,-1
937,7,1152.2,289.6,214.6,466.4,-1,-1,-1,-1
937,5,407.0,302.4,228.2,399.6,-1,-1,-1,-1
937,3,596.7,295.5,202.5,482.8,-1,-1,-1,-1
938,11,842.4,296.3,201.2,403.7,-1,-1,-1,-1
938,9,1345.3,288.2,160.0,421.2,-1,-1,-1,-1
938,1,931.5,277.8,282.1,587.6,-1,-1,-1,-1
938,7,1152.2,290.6,221.4,464.1,-1,-1,-1,-1
938,5,407.0,304.9,257.8,397.1,-1,-1,-1,-1
938,3,596.4,294.6,204.2,484.3,-1,-1,-1,-1
939,11,845.8,285.0,193.1,415.6,-1,-1,-1,-1
939,9,1346.6,286.7,180.2,422.7,-1,-1,-1,-1
939,1,928.8,279.6,286.2,583.7,-1,-1,-1,-1
939,7,1152.9,289.2,226.8,466.8,-1,-1,-1,-1
939,5,406.4,301.9,258.5,402.1,-1,-1,-1,-1
939,3,598.1,286.0,201.1,492.2,-1,-1,-1,-1
940,11,846.5,279.3,199.8,422.7,-1,-1,-1,-1
940,9,1346.0,284.3,183.6,423.1,-1,-1,-1,-1
940,1,928.8,278.8,298.3,582.5,-1,-1,-1,-1
940,7,1152.9,286.5,226.8,469.5,-1,-1,-1,-1
940,5,407.4,297.8,238.3,406.2,-1,-1,-1,-1
940,3,598.7,280.6,201.1,497.0,-1,-1,-1,-1
941,11,852.5,267.3,193.1,428.6,-1,-1,-1,-1
941,9,1344.6,283.2,186.3,413.4,-1,-1,-1,-1
941,1,929.5,271.0,324.0,590.3,-1,-1,-1,-1
941,7,1156.3,275.4,230.2,477.2,-1,-1,-1,-1
941,5,419.9,284.9,205.2,413.8,-1,-1,-1,-1
941,3,600.4,265.6,206.9,510.6,-1,-1,-1,-1
942,11,853.9,262.4,194.4,426.8,-1,-1,-1,-1
942,9,1348.0,283.3,178.9,410.6,-1,-1,-1,-1
942,1,931.5,267.3,322.6,594.0,-1,-1,-1,-1
942,7,1150.9,269.5,230.9,483.1,-1,-1,-1,-1
942,5,428.0,277.8,187.0,417.5,-1,-1,-1,-1
942,3,605.5,257.7,205.2,515.9,-1,-1,-1,-1
943,11,866.0,255.0,182.2,426.1,-1,-1,-1,-1
943,9,1340.6,281.8,172.8,395.6,-1,-1,-1,-1
943,1,965.3,257.0,284.9,600.9,-1,-1,-1,-1
943,7,1154.9,254.6,245.0,496.6,-1,-1,-1,-1
943,5,453.9,264.1,161.3,423.1,-1,-1,-1,-1
943,3,614.2,246.5,195.8,512.2,-1,-1,-1,-1
944,11,873.5,251.6,185.0,426.8,-1,-1,-1,-1
944,9,1339.2,280.3,167.4,397.4,-1,-1,-1,-1
944,1,994.3,251.8,257.8,608.2,-1,-1,-1,-1
944,7,1161.0,250.8,229.5,499.8,-1,-1,-1,-1
944,5,460.7,260.4,158.6,426.1,-1,-1,-1,-1
944,3,618.3,242.8,184.9,509.8,-1,-1,-1,-1
945,11,883.6,249.1,168.8,438.8,-1,-1,-1,-1
945,9,1365.5,275.9,133.0,401.1,-1,-1,-1,-1
945,1,1012.5,243.3,234.9,618.0,-1,-1,-1,-1
945,7,1200.2,244.5,183.6,507.4,-1,-1,-1,-1
945,5,472.8,251.8,150.5,435.4,-1,-1,-1,-1
945,3,633.8,237.9,153.9,515.4,-1,-1,-1,-1
946,11,887.6,248.9,152.6,443.0,-1,-1,-1,-1
946,9,1367.6,273.4,132.3,404.3,-1,-1,-1,-1
946,1,1024.0,240.8,212.0,619.8,-1,-1,-1,-1
946,7,1211.6,243.3,168.8,508.6,-1,-1,-1,-1
946,5,477.9,247.9,146.5,439.9,-1,-1,-1,-1
946,3,646.0,237.8,143.1,516.2,-1,-1,-1,-1
947,11,887.0,252.8,148.5,438.4,-1,-1,-1,-1
947,9,1345.3,271.2,154.6,407.2,-1,-1,-1,-1
947,1,1045.6,233.0,164.7,628.9,-1,-1,-1,-1
947,7,1215.0,243.8,164.7,508.1,-1,-1,-1,-1
947,5,454.3,243.8,170.1,443.3,-1,-1,-1,-1
947,3,649.7,241.1,140.1,512.2,-1,-1,-1,-1
948,11,874.1,254.3,160.7,436.9,-1,-1,-1,-1
948,9,1341.2,270.7,154.6,409.1,-1,-1,-1,-1
948,1,1052.3,227.3,153.9,634.7,-1,-1,-1,-1
948,7,1204.9,247.4,174.2,504.6,-1,-1,-1,-1
948,5,442.5,244.7,181.6,441.4,-1,-1,-1,-1
948,3,649.4,242.3,137.7,511.0,-1,-1,-1,-1
949,11,855.2,255.3,167.4,433.9,-1,-1,-1,-1
949,9,1336.5,269.0,156.6,405.0,-1,-1,-1,-1
949,1,1049.0,214.7,147.2,646.0,-1,-1,-1,-1
949,7,1194.8,249.9,182.2,501.4,-1,-1,-1,-1
949,5,442.1,262.7,158.6,419.7,-1,-1,-1,-1
949,3,648.0,243.3,118.8,511.3,-1,-1,-1,-1
950,11,849.2,254.6,153.9,433.2,-1,-1,-1,-1
950,9,1333.8,265.4,151.2,406.9,-1,-1,-1,-1
950,1,1044.2,208.6,151.2,647.3,-1,-1,-1,-1
950,7,1194.8,252.1,158.0,502.5,-1,-1,-1,-1
950,5,438.8,262.9,133.7,420.5,-1,-1,-1,-1
950,3,627.1,244.2,131.0,511.8,-1,-1,-1,-1
951,11,847.1,252.3,147.2,426.8,-1,-1,-1,-1
951,9,1333.8,262.4,118.8,422.7,-1,-1,-1,-1
951,1,1006.4,200.0,180.9,655.3,-1,-1,-1,-1
951,7,1197.5,258.9,128.2,498.5,-1,-1,-1,-1
951,5,430.3,261.6,126.2,412.4,-1,-1,-1,-1
951,3,624.0,245.2,134.7,510.1,-1,-1,-1,-1
952,11,849.2,251.8,143.1,434.7,-1,-1,-1,-1
952,9,1327.1,263.2,121.5,421.2,-1,-1,-1,-1
952,1,970.7,199.3,212.0,655.3,-1,-1,-1,-1
952,7,1195.4,261.9,128.2,495.5,-1,-1,-1,-1
952,5,430.0,262.2,124.2,428.6,-1,-1,-1,-1
952,3,632.1,244.9,124.5,511.8,-1,-1,-1,-1
953,11,855.2,253.1,131.0,434.7,-1,-1,-1,-1
953,9,1324.4,265.3,121.5,417.8,-1,-1,-1,-1
953,1,930.2,202.7,247.1,651.2,-1,-1,-1,-1
953,7,1190.0,266.3,128.2,488.4,-1,-1,-1,-1
953,5,428.0,265.3,120.8,424.6,-1,-1,-1,-1
953,3,634.2,245.5,120.5,517.9,-1,-1,-1,-1
954,11,857.9,255.3,133.6,433.9,-1,-1,-1,-1
954,9,1324.4,265.1,118.8,418.7,-1,-1,-1,-1
954,1,930.8,209.1,245.7,644.8,-1,-1,-1,-1
954,7,1190.7,265.1,125.5,490.2,-1,-1,-1,-1
954,5,428.3,265.4,118.1,423.7,-1,-1,-1,-1
954,3,631.1,246.7,125.6,517.4,-1,-1,-1,-1
955,11,864.0,259.4,139.1,430.5,-1,-1,-1,-1
955,9,1323.7,262.6,124.9,420.5,-1,-1,-1,-1
955,1,959.2,211.3,209.2,639.9,-1,-1,-1,-1
955,7,1179.2,258.5,139.0,498.2,-1,-1,-1,-1
955,5,431.0,264.9,108.0,424.6,-1,-1,-1,-1
955,3,621.0,248.2,133.7,515.9,-1,-1,-1,-1
956,11,865.4,260.6,137.7,428.6,-1,-1,-1,-1
956,9,1323.0,263.8,132.3,418.7,-1,-1,-1,-1
956,1,969.3,211.6,194.4,638.9,-1,-1,-1,-1
956,7,1174.5,254.8,149.9,499.8,-1,-1,-1,-1
956,5,430.3,265.3,107.3,424.6,-1,-1,-1,-1
956,3,619.3,248.6,132.0,516.2,-1,-1,-1,-1
957,11,862.0,262.1,137.7,427.1,-1,-1,-1,-1
957,9,1322.3,266.3,141.1,416.5,-1,-1,-1,-1
957,1,990.2,211.1,166.0,640.7,-1,-1,-1,-1
957,7,1185.3,249.2,140.4,503.4,-1,-1,-1,-1
957,5,425.2,266.5,114.8,422.7,-1,-1,-1,-1
957,3,612.2,249.8,129.6,515.0,-1,-1,-1,-1
958,11,858.6,262.7,137.7,426.4,-1,-1,-1,-1
958,9,1322.3,270.7,141.1,412.4,-1,-1,-1,-1
958,1,1009.8,212.1,145.8,641.1,-1,-1,-1,-1
958,7,1182.6,250.4,139.0,502.2,-1,-1,-1,-1
958,5,423.2,266.1,115.4,423.7,-1,-1,-1,-1
958,3,606.8,250.1,131.0,515.4,-1,-1,-1,-1
959,11,850.5,264.3,136.4,424.6,-1,-1,-1,-1
959,9,1320.3,272.5,140.4,411.2,-1,-1,-1,-1
959,1,1008.5,214.7,148.5,637.2,-1,-1,-1,-1
959,7,1177.9,255.3,143.1,497.3,-1,-1,-1,-1
959,5,417.8,267.8,118.1,422.0,-1,-1,-1,-1
959,3,596.4,253.0,131.3,511.8,-1,-1,-1,-1
960,11,845.1,265.1,137.7,422.7,-1,-1,-1,-1
960,9,1320.3,271.9,140.4,411.2,-1,-1,-1,-1
960,1,1005.1,221.6,149.9,628.9,-1,-1,-1,-1
960,7,1177.9,255.7,145.8,496.3,-1,-1,-1,-1
960,5,415.8,269.3,119.5,420.5,-1,-1,-1,-1
960,3,591.6,254.8,130.6,510.6,-1,-1,-1,-1
961,11,818.1,266.8,156.6,422.4,-1,-1,-1,-1
961,9,1317.6,275.1,143.1,409.1,-1,-1,-1,-1
961,1,999.0,223.4,153.9,625.1,-1,-1,-1,-1
961,7,1174.5,259.5,147.2,491.1,-1,-1,-1,-1
961,5,411.1,270.8,122.2,419.0,-1,-1,-1,-1
961,3,587.2,256.0,131.0,510.1,-1,-1,-1,-1
962,11,795.2,266.8,175.5,423.1,-1,-1,-1,-1
962,9,1315.6,277.3,141.1,406.5,-1,-1,-1,-1
962,1,995.6,223.8,155.2,629.4,-1,-1,-1,-1
962,7,1169.8,265.6,145.8,486.3,-1,-1,-1,-1
962,5,408.4,270.8,112.7,419.7,-1,-1,-1,-1
962,3,587.2,257.9,128.2,509.0,-1,-1,-1,-1
963,11,762.8,266.8,203.9,423.1,-1,-1,-1,-1
963,9,1281.2,283.3,163.3,402.5,-1,-1,-1,-1
963,1,989.6,225.1,157.9,632.1,-1,-1,-1,-1
963,7,1124.6,273.2,184.9,478.1,-1,-1,-1,-1
963,5,398.6,272.7,114.8,417.2,-1,-1,-1,-1
963,3,565.7,262.2,147.2,504.6,-1,-1,-1,-1
964,11,756.0,268.6,209.3,421.2,-1,-1,-1,-1
964,9,1258.2,286.7,171.4,397.7,-1,-1,-1,-1
964,1,985.5,227.5,159.3,629.8,-1,-1,-1,-1
964,7,1078.0,276.4,232.2,474.2,-1,-1,-1,-1
964,5,382.7,274.4,130.3,416.5,-1,-1,-1,-1
964,3,528.2,263.6,183.3,501.9,-1,-1,-1,-1
965,11,740.5,276.4,221.4,413.8,-1,-1,-1,-1
965,9,1223.1,286.7,193.0,397.1,-1,-1,-1,-1
965,1,955.8,236.6,186.3,619.3,-1,-1,-1,-1
965,7,1022.6,283.2,291.6,467.4,-1,-1,-1,-1
965,5,351.3,278.1,160.6,412.4,-1,-1,-1,-1
965,3,475.2,270.5,234.9,497.0,-1,-1,-1,-1
966,11,735.1,281.8,226.8,408.4,-1,-1,-1,-1
966,9,1217.0,286.4,197.8,398.1,-1,-1,-1,-1
966,1,909.9,241.3,234.9,611.9,-1,-1,-1,-1
966,7,1012.5,286.0,302.4,465.2,-1,-1,-1,-1
966,5,313.9,279.6,196.4,411.6,-1,-1,-1,-1
966,3,461.7,274.2,246.4,494.6,-1,-1,-1,-1
967,11,739.8,284.0,220.0,401.8,-1,-1,-1,-1
967,9,1218.4,287.4,201.8,405.8,-1,-1,-1,-1
967,1,822.2,248.9,322.7,605.6,-1,-1,-1,-1
967,7,1006.4,290.2,329.4,461.7,-1,-1,-1,-1
967,5,276.4,283.3,238.9,410.6,-1,-1,-1,-1
967,3,448.9,279.8,255.8,488.4,-1,-1,-1,-1
968,11,745.9,279.8,213.3,404.3,-1,-1,-1,-1
968,9,1202.9,287.0,220.0,402.8,-1,-1,-1,-1
968,1,811.4,250.6,333.5,604.6,-1,-1,-1,-1
968,7,1006.4,290.4,314.6,460.9,-1,-1,-1,-1
968,5,271.0,284.5,247.7,409.4,-1,-1,-1,-1
968,3,449.9,280.6,253.5,487.5,-1,-1,-1,-1
969,11,770.2,267.0,189.0,413.8,-1,-1,-1,-1
969,9,1202.9,286.2,221.4,405.0,-1,-1,-1,-1
969,1,811.4,248.7,333.5,607.2,-1,-1,-1,-1
969,7,1008.5,286.0,302.4,465.2,-1,-1,-1,-1
969,5,276.4,284.9,248.4,408.4,-1,-1,-1,-1
969,3,454.6,277.9,246.0,490.2,-1,-1,-1,-1
970,11,795.2,261.4,164.7,419.0,-1,-1,-1,-1
970,9,1219.1,284.0,203.8,411.2,-1,-1,-1,-1
970,1,814.7,246.5,325.4,609.4,-1,-1,-1,-1
970,7,1011.2,282.5,295.7,469.5,-1,-1,-1,-1
970,5,279.1,283.8,247.1,410.1,-1,-1,-1,-1
970,3,458.3,275.4,241.7,493.4,-1,-1,-1,-1
971,11,814.7,255.7,145.8,432.8,-1,-1,-1,-1
971,9,1230.5,281.5,185.6,403.6,-1,-1,-1,-1
971,1,837.0,238.8,288.9,616.4,-1,-1,-1,-1
971,7,1032.1,274.4,265.9,477.6,-1,-1,-1,-1
971,5,301.1,282.8,223.4,409.7,-1,-1,-1,-1
971,3,478.2,267.6,221.7,500.5,-1,-1,-1,-1
972,11,812.0,254.5,148.5,434.7,-1,-1,-1,-1
972,9,1244.0,280.1,169.4,403.7,-1,-1,-1,-1
972,1,855.9,236.1,266.0,619.8,-1,-1,-1,-1
972,7,1053.7,270.0,238.9,484.0,-1,-1,-1,-1
972,5,324.7,281.5,194.4,409.7,-1,-1,-1,-1
972,3,504.2,261.7,194.4,505.1,-1,-1,-1,-1
973,11,810.0,254.5,149.9,435.4,-1,-1,-1,-1
973,9,1292.0,274.7,121.5,413.8,-1,-1,-1,-1
973,1,922.7,235.4,201.1,622.5,-1,-1,-1,-1
973,7,1123.2,257.7,159.3,494.3,-1,-1,-1,-1
973,5,371.6,281.0,129.6,411.6,-1,-1,-1,-1
973,3,554.9,248.9,141.1,515.9,-1,-1,-1,-1
974,11,810.0,254.6,149.9,433.2,-1,-1,-1,-1
974,9,1299.4,271.2,124.9,422.7,-1,-1,-1,-1
974,1,953.1,234.2,172.8,623.7,-1,-1,-1,-1
974,7,1130.6,250.3,149.9,501.0,-1,-1,-1,-1
974,5,380.4,279.5,112.0,413.1,-1,-1,-1,-1
974,3,551.8,243.7,143.4,519.1,-1,-1,-1,-1
975,11,819.5,257.0,141.8,426.1,-1,-1,-1,-1
975,9,1297.4,270.8,153.9,422.4,-1,-1,-1,-1
975,1,957.8,232.2,175.5,625.0,-1,-1,-1,-1
975,7,1138.1,240.0,149.8,509.3,-1,-1,-1,-1
975,5,372.9,279.8,127.6,414.1,-1,-1,-1,-1
975,3,516.4,236.4,207.9,526.3,-1,-1,-1,-1
976,11,820.8,259.7,153.9,422.7,-1,-1,-1,-1
976,9,1289.2,272.0,167.4,421.2,-1,-1,-1,-1
976,1,961.2,231.0,183.6,622.9,-1,-1,-1,-1
976,7,1144.8,241.0,153.9,506.3,-1,-1,-1,-1
976,5,367.2,281.1,151.9,414.1,-1,-1,-1,-1
976,3,515.7,237.4,228.8,526.0,-1,-1,-1,-1
977,11,834.3,266.6,166.0,416.5,-1,-1,-1,-1
977,9,1271.7,281.8,226.8,409.4,-1,-1,-1,-1
977,1,940.3,227.5,224.1,619.0,-1,-1,-1,-1
977,7,1157.6,249.4,186.3,498.5,-1,-1,-1,-1
977,5,340.5,280.6,226.1,414.6,-1,-1,-1,-1
977,3,527.9,247.6,239.0,515.9,-1,-1,-1,-1
978,11,837.7,270.7,168.8,412.4,-1,-1,-1,-1
978,9,1274.4,281.3,234.9,411.2,-1,-1,-1,-1
978,1,966.6,227.3,237.6,625.9,-1,-1,-1,-1
978,7,1160.3,254.6,199.8,492.6,-1,-1,-1,-1
978,5,336.2,278.4,240.3,416.8,-1,-1,-1,-1
978,3,531.9,255.2,241.0,509.0,-1,-1,-1,-1
979,11,839.7,273.2,167.4,410.6,-1,-1,-1,-1
979,9,1281.2,281.5,232.2,412.4,-1,-1,-1,-1
979,1,966.6,242.5,268.6,615.4,-1,-1,-1,-1
979,7,1155.6,259.2,207.9,486.7,-1,-1,-1,-1
979,5,346.6,273.5,234.2,422.4,-1,-1,-1,-1
979,3,536.6,257.0,239.0,507.1,-1,-1,-1,-1
980,11,838.4,271.0,168.8,412.4,-1,-1,-1,-1
980,9,1281.2,280.5,232.2,412.1,-1,-1,-1,-1
980,1,970.7,246.2,268.7,610.4,-1,-1,-1,-1
980,7,1148.2,258.9,209.2,486.3,-1,-1,-1,-1
980,5,345.6,269.5,236.3,427.1,-1,-1,-1,-1
980,3,533.9,254.5,242.3,509.0,-1,-1,-1,-1
981,11,833.6,270.0,175.5,413.8,-1,-1,-1,-1
981,9,1275.8,274.1,237.6,417.1,-1,-1,-1,-1
981,1,961.2,234.4,271.4,622.9,-1,-1,-1,-1
981,7,1127.2,259.2,225.5,486.7,-1,-1,-1,-1
981,5,336.2,260.6,241.7,434.7,-1,-1,-1,-1
981,3,524.5,242.8,248.4,519.9,-1,-1,-1,-1
982,11,841.7,268.8,176.8,415.0,-1,-1,-1,-1
982,9,1292.0,270.8,221.4,419.7,-1,-1,-1,-1
982,1,923.4,230.5,302.4,625.4,-1,-1,-1,-1
982,7,1130.6,261.4,221.4,485.8,-1,-1,-1,-1
982,5,336.3,258.5,237.4,435.4,-1,-1,-1,-1
982,3,514.7,236.8,255.5,526.0,-1,-1,-1,-1
983,11,851.9,269.5,172.8,415.6,-1,-1,-1,-1
983,9,1303.4,263.8,209.9,426.1,-1,-1,-1,-1
983,1,866.0,218.0,356.4,639.9,-1,-1,-1,-1
983,7,1148.9,266.8,202.5,480.4,-1,-1,-1,-1
983,5,340.7,257.3,231.0,436.6,-1,-1,-1,-1
983,3,505.2,232.2,259.5,530.5,-1,-1,-1,-1
984,11,849.8,271.0,174.2,413.1,-1,-1,-1,-1
984,9,1302.1,262.1,208.6,427.1,-1,-1,-1,-1
984,1,887.6,210.9,333.5,646.3,-1,-1,-1,-1
984,7,1151.6,267.8,199.8,478.1,-1,-1,-1,-1
984,5,344.2,259.7,226.8,433.5,-1,-1,-1,-1
984,3,503.9,234.4,258.9,528.4,-1,-1,-1,-1
985,11,846.5,272.9,175.5,411.6,-1,-1,-1,-1
985,9,1306.1,260.2,207.2,428.0,-1,-1,-1,-1
985,1,920.0,211.8,302.4,644.8,-1,-1,-1,-1
985,7,1136.7,272.2,229.5,475.7,-1,-1,-1,-1
985,5,349.0,266.6,224.1,428.0,-1,-1,-1,-1
985,3,512.0,242.0,248.7,520.8,-1,-1,-1,-1
986,11,841.1,274.4,179.5,409.7,-1,-1,-1,-1
986,9,1304.1,261.7,207.9,426.8,-1,-1,-1,-1
986,1,928.1,214.1,294.3,642.4,-1,-1,-1,-1
986,7,1145.5,272.0,207.9,474.5,-1,-1,-1,-1
986,5,345.6,270.0,228.8,424.6,-1,-1,-1,-1
986,3,515.4,245.4,246.0,517.4,-1,-1,-1,-1
987,11,833.0,276.6,191.7,405.8,-1,-1,-1,-1
987,9,1303.4,263.1,208.6,426.1,-1,-1,-1,-1
987,1,959.9,218.5,261.9,634.7,-1,-1,-1,-1
987,7,1157.0,272.4,198.4,474.2,-1,-1,-1,-1
987,5,342.2,270.5,234.2,423.4,-1,-1,-1,-1
987,3,525.8,252.6,234.2,510.1,-1,-1,-1,-1
988,11,833.6,277.4,190.4,404.3,-1,-1,-1,-1
988,9,1304.1,265.4,207.9,423.1,-1,-1,-1,-1
988,1,964.6,219.9,257.9,633.3,-1,-1,-1,-1
988,7,1159.0,272.5,213.3,472.7,-1,-1,-1,-1
988,5,342.6,270.8,233.6,423.7,-1,-1,-1,-1
988,3,523.8,256.0,236.3,507.4,-1,-1,-1,-1
989,11,835.0,279.6,197.1,401.5,-1,-1,-1,-1
989,9,1304.1,270.2,218.7,419.7,-1,-1,-1,-1
989,1,971.3,223.4,251.1,631.1,-1,-1,-1,-1
989,7,1165.1,275.6,236.2,471.0,-1,-1,-1,-1
989,5,341.6,271.9,234.2,422.7,-1,-1,-1,-1
989,3,523.1,259.9,236.9,504.2,-1,-1,-1,-1
990,11,838.4,279.6,202.5,402.1,-1,-1,-1,-1
990,9,1305.5,272.7,221.4,417.8,-1,-1,-1,-1
990,1,951.1,226.6,301.0,627.2,-1,-1,-1,-1
990,7,1178.6,274.1,224.1,471.8,-1,-1,-1,-1
990,5,339.5,273.7,239.6,420.2,-1,-1,-1,-1
990,3,523.1,260.4,236.9,503.0,-1,-1,-1,-1
991,11,833.6,280.3,209.2,401.5,-1,-1,-1,-1
991,9,1309.5,275.1,251.1,413.1,-1,-1,-1,-1
991,1,934.9,230.7,329.4,622.5,-1,-1,-1,-1
991,7,1152.9,275.1,241.7,471.5,-1,-1,-1,-1
991,5,331.1,277.1,273.4,416.8,-1,-1,-1,-1
991,3,521.1,261.1,246.4,501.0,-1,-1,-1,-1
992,11,838.4,280.3,206.5,402.1,-1,-1,-1,-1
992,9,1318.3,275.4,242.3,413.8,-1,-1,-1,-1
992,1,922.7,230.2,345.6,625.1,-1,-1,-1,-1
992,7,1141.4,275.4,254.5,471.8,-1,-1,-1,-1
992,5,330.1,278.9,280.1,415.0,-1,-1,-1,-1
992,3,516.7,260.6,267.6,502.2,-1,-1,-1,-1
993,11,839.7,280.3,191.7,401.5,-1,-1,-1,-1
993,9,1322.3,278.1,212.6,413.8,-1,-1,-1,-1
993,1,907.2,230.2,375.3,625.1,-1,-1,-1,-1
993,7,1135.4,276.6,275.4,470.6,-1,-1,-1,-1
993,5,333.8,280.5,295.0,413.4,-1,-1,-1,-1
993,3,519.1,264.3,276.1,498.5,-1,-1,-1,-1
994,11,847.1,278.3,176.9,402.8,-1,-1,-1,-1
994,9,1325.7,280.3,213.3,411.6,-1,-1,-1,-1
994,1,904.5,229.8,374.0,624.7,-1,-1,-1,-1
994,7,1139.4,277.1,259.2,469.5,-1,-1,-1,-1
994,5,334.8,280.5,289.6,412.1,-1,-1,-1,-1
994,3,540.7,266.1,257.2,496.6,-1,-1,-1,-1
995,11,860.0,275.9,160.7,405.8,-1,-1,-1,-1
995,9,1333.1,280.3,219.4,411.6,-1,-1,-1,-1
995,1,891.7,230.2,379.3,625.1,-1,-1,-1,-1
995,7,1159.0,273.0,213.3,474.9,-1,-1,-1,-1
995,5,352.4,280.3,262.6,411.6,-1,-1,-1,-1
995,3,569.0,270.2,209.9,492.6,-1,-1,-1,-1
996,11,862.0,275.4,149.8,405.0,-1,-1,-1,-1
996,9,1331.1,280.1,216.0,412.4,-1,-1,-1,-1
996,1,909.9,227.0,357.8,628.9,-1,-1,-1,-1
996,7,1134.0,271.9,239.0,475.4,-1,-1,-1,-1
996,5,366.2,280.0,236.2,411.2,-1,-1,-1,-1
996,3,581.9,270.3,182.9,491.1,-1,-1,-1,-1
997,11,861.3,274.6,122.8,406.5,-1,-1,-1,-1
997,9,1327.1,282.2,194.4,409.7,-1,-1,-1,-1
997,1,968.6,225.3,352.4,628.6,-1,-1,-1,-1
997,7,1173.2,264.9,155.2,487.0,-1,-1,-1,-1
997,5,410.1,278.8,166.7,413.1,-1,-1,-1,-1
997,3,605.8,267.6,153.6,495.1,-1,-1,-1,-1
998,11,858.6,274.4,113.4,405.0,-1,-1,-1,-1
998,9,1326.4,280.8,193.7,412.4,-1,-1,-1,-1
998,1,982.8,223.9,329.4,625.9,-1,-1,-1,-1
998,7,1174.5,264.4,175.5,484.8,-1,-1,-1,-1
998,5,409.1,277.8,167.4,413.4,-1,-1,-1,-1
998,3,604.1,266.1,151.9,496.6,-1,-1,-1,-1
999,11,853.2,274.1,149.9,405.0,-1,-1,-1,-1
999,9,1327.1,281.0,178.2,411.6,-1,-1,-1,-1
999,1,983.5,226.0,214.6,622.5,-1,-1,-1,-1
999,7,1163.7,266.8,159.3,480.4,-1,-1,-1,-1
999,5,405.7,277.8,150.5,412.4,-1,-1,-1,-1
999,3,600.8,266.1,149.2,497.3,-1,-1,-1,-1
1000,11,849.8,273.9,144.5,405.8,-1,-1,-1,-1
1000,9,1327.1,281.6,159.3,411.6,-1,-1,-1,-1
1000,1,980.1,229.7,217.4,616.8,-1,-1,-1,-1
1000,7,1157.0,268.8,159.3,478.4,-1,-1,-1,-1
1000,5,380.0,277.4,158.6,413.1,-1,-1,-1,-1
1000,3,586.9,266.5,152.2,496.3,-1,-1,-1,-1
1001,11,846.5,274.6,116.1,405.8,-1,-1,-1,-1
1001,9,1324.4,281.6,145.8,411.6,-1,-1,-1,-1
1001,1,971.3,231.5,210.6,614.3,-1,-1,-1,-1
1001,7,1151.6,272.9,157.9,475.7,-1,-1,-1,-1
1001,5,384.8,278.4,132.3,412.8,-1,-1,-1,-1
1001,3,583.2,267.6,135.7,495.1,-1,-1,-1,-1
1002,11,845.1,274.6,117.5,405.8,-1,-1,-1,-1
1002,9,1323.0,283.2,140.4,409.4,-1,-1,-1,-1
1002,1,967.3,231.5,199.8,614.3,-1,-1,-1,-1
1002,7,1149.5,274.6,159.3,473.3,-1,-1,-1,-1
1002,5,384.1,278.8,130.3,412.4,-1,-1,-1,-1
1002,3,574.8,269.7,139.4,493.1,-1,-1,-1,-1
1003,11,843.1,275.7,117.5,405.0,-1,-1,-1,-1
1003,9,1319.0,282.8,137.7,409.7,-1,-1,-1,-1
1003,1,961.2,234.2,179.5,611.6,-1,-1,-1,-1
1003,7,1150.2,273.7,167.4,474.2,-1,-1,-1,-1
1003,5,380.0,280.3,138.4,410.9,-1,-1,-1,-1
1003,3,566.7,272.2,144.8,490.6,-1,-1,-1,-1
1004,11,843.1,276.1,116.1,404.3,-1,-1,-1,-1
1004,9,1316.9,284.2,135.7,409.1,-1,-1,-1,-1
1004,1,961.2,234.9,174.2,611.6,-1,-1,-1,-1
1004,7,1153.6,273.4,179.5,474.5,-1,-1,-1,-1
1004,5,380.0,280.8,141.8,409.7,-1,-1,-1,-1
1004,3,564.6,273.7,146.1,489.0,-1,-1,-1,-1
1005,11,843.8,274.2,114.8,406.2,-1,-1,-1,-1
1005,9,1319.0,283.8,140.4,410.1,-1,-1,-1,-1
1005,1,957.8,236.6,166.0,608.5,-1,-1,-1,-1
1005,7,1145.5,272.2,182.2,475.7,-1,-1,-1,-1
1005,5,380.4,281.8,137.0,409.1,-1,-1,-1,-1
1005,3,559.6,276.4,149.2,486.3,-1,-1,-1,-1
1006,11,841.1,273.2,118.8,406.5,-1,-1,-1,-1
1006,9,1317.6,282.7,151.2,411.2,-1,-1,-1,-1
1006,1,957.8,236.6,162.0,608.5,-1,-1,-1,-1
1006,7,1148.9,272.5,159.3,475.4,-1,-1,-1,-1
1006,5,378.3,282.5,135.7,408.4,-1,-1,-1,-1
1006,3,554.9,277.9,153.9,484.8,-1,-1,-1,-1
1007,11,821.5,270.0,132.3,409.7,-1,-1,-1,-1
1007,9,1323.0,283.3,153.9,410.6,-1,-1,-1,-1
1007,1,938.3,236.6,202.5,608.5,-1,-1,-1,-1
1007,7,1160.3,274.9,125.5,473.0,-1,-1,-1,-1
1007,5,372.6,282.8,135.0,408.4,-1,-1,-1,-1
1007,3,545.4,279.6,167.4,483.1,-1,-1,-1,-1
1008,11,824.2,268.8,129.6,411.6,-1,-1,-1,-1
1008,9,1325.7,284.9,151.2,409.1,-1,-1,-1,-1
1008,1,941.0,236.8,220.0,610.4,-1,-1,-1,-1
1008,7,1154.9,278.1,136.3,469.8,-1,-1,-1,-1
1008,5,371.2,283.2,138.4,408.0,-1,-1,-1,-1
1008,3,566.0,279.1,150.9,483.6,-1,-1,-1,-1
1009,11,832.3,267.0,120.2,413.1,-1,-1,-1,-1
1009,9,1327.7,284.9,147.8,409.7,-1,-1,-1,-1
1009,1,949.1,237.8,206.6,609.4,-1,-1,-1,-1
1009,7,1147.5,279.5,145.8,469.1,-1,-1,-1,-1
1009,5,377.7,282.2,136.4,409.7,-1,-1,-1,-1
1009,3,579.2,279.8,137.0,484.3,-1,-1,-1,-1
1010,11,834.3,267.0,116.1,413.1,-1,-1,-1,-1
1010,9,1326.4,284.5,146.5,409.4,-1,-1,-1,-1
1010,1,953.8,239.3,191.7,608.5,-1,-1,-1,-1
1010,7,1142.8,279.5,147.2,469.8,-1,-1,-1,-1
1010,5,385.1,281.8,131.6,409.4,-1,-1,-1,-1
1010,3,580.5,280.3,136.4,483.1,-1,-1,-1,-1
1011,11,835.0,269.5,114.8,410.9,-1,-1,-1,-1
1011,9,1325.0,283.7,143.8,410.9,-1,-1,-1,-1
1011,1,957.8,243.0,166.0,603.4,-1,-1,-1,-1
1011,7,1156.3,276.8,129.6,471.8,-1,-1,-1,-1
1011,5,405.0,280.3,117.5,410.9,-1,-1,-1,-1
1011,3,590.6,282.2,125.6,482.0,-1,-1,-1,-1
1012,11,837.0,270.7,112.1,409.7,-1,-1,-1,-1
1012,9,1325.7,284.5,140.4,409.4,-1,-1,-1,-1
1012,1,955.1,244.9,162.0,605.6,-1,-1,-1,-1
1012,7,1155.6,272.4,129.6,476.9,-1,-1,-1,-1
1012,5,403.3,278.1,120.2,412.4,-1,-1,-1,-1
1012,3,587.9,281.0,128.2,483.1,-1,-1,-1,-1
1013,11,834.3,272.4,114.8,408.4,-1,-1,-1,-1
1013,9,1327.7,281.5,133.0,413.1,-1,-1,-1,-1
1013,1,955.8,252.1,167.4,598.4,-1,-1,-1,-1
1013,7,1142.8,254.0,168.8,494.6,-1,-1,-1,-1
1013,5,400.6,275.6,123.5,415.6,-1,-1,-1,-1
1013,3,586.9,270.5,129.9,492.2,-1,-1,-1,-1
1014,11,833.0,271.0,118.8,409.0,-1,-1,-1,-1
1014,9,1329.1,279.3,127.6,414.6,-1,-1,-1,-1
1014,1,957.2,254.1,179.6,595.0,-1,-1,-1,-1
1014,7,1140.1,243.5,176.8,505.1,-1,-1,-1,-1
1014,5,394.2,274.4,133.7,413.8,-1,-1,-1,-1
1014,3,588.6,260.7,128.2,503.4,-1,-1,-1,-1
1015,11,826.2,261.1,131.0,419.3,-1,-1,-1,-1
1015,9,1321.7,269.2,135.0,418.7,-1,-1,-1,-1
1015,1,944.3,253.5,194.4,590.3,-1,-1,-1,-1
1015,7,1134.0,231.2,212.0,512.7,-1,-1,-1,-1
1015,5,355.4,273.5,184.3,415.0,-1,-1,-1,-1
1015,3,527.2,238.6,236.3,522.8,-1,-1,-1,-1
1016,11,818.8,256.7,141.8,423.1,-1,-1,-1,-1
1016,9,1308.2,261.4,183.6,426.4,-1,-1,-1,-1
1016,1,943.7,251.1,185.0,594.0,-1,-1,-1,-1
1016,7,1121.9,231.0,234.9,512.2,-1,-1,-1,-1
1016,5,327.7,274.7,219.4,413.1,-1,-1,-1,-1
1016,3,497.5,231.5,280.1,521.1,-1,-1,-1,-1
1017,11,768.2,259.5,202.5,403.6,-1,-1,-1,-1
1017,9,1275.8,247.7,248.4,438.8,-1,-1,-1,-1
1017,1,888.3,232.5,230.8,612.6,-1,-1,-1,-1
1017,7,1072.6,238.6,288.9,510.6,-1,-1,-1,-1
1017,5,286.9,280.6,297.0,419.3,-1,-1,-1,-1
1017,3,473.2,227.1,335.5,523.5,-1,-1,-1,-1
1018,11,772.2,264.3,201.2,399.6,-1,-1,-1,-1
1018,9,1263.6,244.9,259.2,440.3,-1,-1,-1,-1
1018,1,853.9,225.6,263.2,620.2,-1,-1,-1,-1
1018,7,1050.3,244.7,314.6,504.6,-1,-1,-1,-1
1018,5,279.8,287.2,304.4,416.1,-1,-1,-1,-1
1018,3,478.9,230.7,343.2,524.0,-1,-1,-1,-1
1019,11,746.6,279.8,275.4,393.5,-1,-1,-1,-1
1019,9,1256.2,250.9,257.2,448.4,-1,-1,-1,-1
1019,1,808.0,215.7,307.8,630.8,-1,-1,-1,-1
1019,7,1038.8,261.2,353.0,488.7,-1,-1,-1,-1
1019,5,275.7,297.7,330.1,403.6,-1,-1,-1,-1
1019,3,477.2,246.0,335.5,516.7,-1,-1,-1,-1
1020,11,744.5,290.2,280.8,383.4,-1,-1,-1,-1
1020,9,1252.1,255.5,266.6,443.8,-1,-1,-1,-1
1020,1,801.9,211.8,315.9,636.0,-1,-1,-1,-1
1020,7,1040.2,267.1,341.6,482.8,-1,-1,-1,-1
1020,5,275.1,301.2,340.9,401.5,-1,-1,-1,-1
1020,3,480.6,256.8,334.1,505.9,-1,-1,-1,-1
1021,11,751.3,293.5,268.7,378.2,-1,-1,-1,-1
1021,9,1251.5,262.4,267.3,436.2,-1,-1,-1,-1
1021,1,795.2,217.7,326.7,630.1,-1,-1,-1,-1
1021,7,1039.5,269.8,341.6,480.1,-1,-1,-1,-1
1021,5,282.2,299.2,342.9,402.1,-1,-1,-1,-1
1021,3,485.0,276.4,329.7,486.3,-1,-1,-1,-1
1022,11,754.0,292.3,260.5,380.7,-1,-1,-1,-1
1022,9,1252.8,261.6,261.9,435.0,-1,-1,-1,-1
1022,1,795.2,238.1,328.1,609.0,-1,-1,-1,-1
1022,7,1037.5,268.8,344.3,481.1,-1,-1,-1,-1
1022,5,295.0,297.3,328.1,403.3,-1,-1,-1,-1
1022,3,486.7,276.4,327.4,486.3,-1,-1,-1,-1
1023,11,776.2,285.4,234.9,397.1,-1,-1,-1,-1
1023,9,1258.9,262.7,255.8,439.9,-1,-1,-1,-1
1023,1,793.8,241.8,338.8,606.0,-1,-1,-1,-1
1023,7,1092.2,268.8,291.6,481.1,-1,-1,-1,-1
1023,5,306.5,291.4,320.0,410.6,-1,-1,-1,-1
1023,3,497.8,272.0,328.4,488.7,-1,-1,-1,-1
1024,11,779.0,284.3,224.1,392.0,-1,-1,-1,-1
1024,9,1262.2,263.2,253.8,441.5,-1,-1,-1,-1
1024,1,797.9,242.8,336.1,605.6,-1,-1,-1,-1
1024,7,1107.7,268.0,278.8,482.0,-1,-1,-1,-1
1024,5,302.1,288.1,324.0,414.6,-1,-1,-1,-1
1024,3,501.5,270.2,331.4,490.6,-1,-1,-1,-1
1025,11,791.1,282.2,216.0,388.8,-1,-1,-1,-1
1025,9,1265.0,263.9,251.1,441.4,-1,-1,-1,-1
1025,1,801.9,241.0,325.3,608.2,-1,-1,-1,-1
1025,7,1109.7,267.0,275.4,482.3,-1,-1,-1,-1
1025,5,300.7,283.0,326.7,419.7,-1,-1,-1,-1
1025,3,496.1,269.0,336.8,504.6,-1,-1,-1,-1
1026,11,797.9,279.1,199.8,394.9,-1,-1,-1,-1
1026,9,1270.4,264.1,243.0,442.6,-1,-1,-1,-1
1026,1,808.0,240.5,315.9,609.4,-1,-1,-1,-1
1026,7,1104.3,265.8,264.6,482.8,-1,-1,-1,-1
1026,5,302.1,280.3,328.1,423.7,-1,-1,-1,-1
1026,3,496.8,267.3,337.5,502.2,-1,-1,-1,-1
1027,11,818.8,275.7,176.9,395.6,-1,-1,-1,-1
1027,9,1285.9,261.4,226.1,433.9,-1,-1,-1,-1
1027,1,821.5,239.5,298.4,610.4,-1,-1,-1,-1
1027,7,1115.8,259.4,266.6,489.9,-1,-1,-1,-1
1027,5,309.2,276.4,317.9,416.1,-1,-1,-1,-1
1027,3,501.9,264.8,328.4,494.6,-1,-1,-1,-1
1028,11,810.0,273.5,186.3,396.7,-1,-1,-1,-1
1028,9,1300.7,261.9,209.9,424.6,-1,-1,-1,-1
1028,1,833.0,239.5,286.2,610.4,-1,-1,-1,-1
1028,7,1125.9,257.7,245.7,490.2,-1,-1,-1,-1
1028,5,312.9,275.1,318.6,412.4,-1,-1,-1,-1
1028,3,503.2,261.7,331.8,496.3,-1,-1,-1,-1
1029,11,811.4,273.2,168.8,397.7,-1,-1,-1,-1
1029,9,1314.9,262.9,194.4,431.0,-1,-1,-1,-1
1029,1,869.4,212.0,253.8,637.2,-1,-1,-1,-1
1029,7,1140.8,258.5,226.8,488.7,-1,-1,-1,-1
1029,5,321.5,273.0,308.3,417.1,-1,-1,-1,-1
1029,3,493.4,257.0,338.2,501.0,-1,-1,-1,-1
1030,11,795.8,271.2,185.0,401.8,-1,-1,-1,-1
1030,9,1308.8,266.3,200.5,427.6,-1,-1,-1,-1
1030,1,888.3,201.5,237.6,646.3,-1,-1,-1,-1
1030,7,1137.4,260.4,216.0,485.5,-1,-1,-1,-1
1030,5,323.8,271.9,310.7,422.7,-1,-1,-1,-1
1030,3,494.8,255.7,330.8,507.8,-1,-1,-1,-1
1031,11,808.0,269.7,174.2,400.3,-1,-1,-1,-1
1031,9,1281.2,267.5,234.9,426.4,-1,-1,-1,-1
1031,1,930.8,161.0,202.5,685.5,-1,-1,-1,-1
1031,7,1128.6,263.2,228.1,482.0,-1,-1,-1,-1
1031,5,361.1,272.4,240.3,421.5,-1,-1,-1,-1
1031,3,472.8,258.5,361.5,504.2,-1,-1,-1,-1
1032,11,763.4,272.0,237.6,399.6,-1,-1,-1,-1
1032,9,1324.4,266.3,202.5,427.6,-1,-1,-1,-1
1032,1,947.0,150.2,189.0,697.6,-1,-1,-1,-1
1032,7,1125.2,263.1,230.8,480.8,-1,-1,-1,-1
1032,5,381.7,272.9,225.5,419.7,-1,-1,-1,-1
1032,3,474.5,259.5,365.8,504.6,-1,-1,-1,-1
1033,11,776.9,274.9,217.3,396.7,-1,-1,-1,-1
1033,9,1302.8,257.3,226.8,436.6,-1,-1,-1,-1
1033,1,984.2,138.4,153.9,709.4,-1,-1,-1,-1
1033,7,1142.1,260.4,206.5,484.8,-1,-1,-1,-1
1033,5,433.4,271.9,210.6,414.6,-1,-1,-1,-1
1033,3,494.8,258.2,349.7,501.9,-1,-1,-1,-1
1034,11,767.5,275.4,221.4,395.6,-1,-1,-1,-1
1034,9,1304.1,256.3,205.2,429.5,-1,-1,-1,-1
1034,1,991.6,140.1,147.2,706.4,-1,-1,-1,-1
1034,7,1152.2,258.5,259.9,488.7,-1,-1,-1,-1
1034,5,447.5,271.0,196.4,412.4,-1,-1,-1,-1
1034,3,518.1,255.2,312.9,502.2,-1,-1,-1,-1
1035,11,791.1,275.4,179.5,395.6,-1,-1,-1,-1
1035,9,1307.5,253.8,147.8,431.3,-1,-1,-1,-1
1035,1,999.0,166.7,144.5,681.1,-1,-1,-1,-1
1035,7,1183.3,253.0,193.1,494.3,-1,-1,-1,-1
1035,5,456.6,267.3,182.9,417.1,-1,-1,-1,-1
1035,3,567.0,248.7,249.8,508.6,-1,-1,-1,-1
1036,11,812.0,273.2,156.6,397.1,-1,-1,-1,-1
1036,9,1327.7,247.6,115.4,436.9,-1,-1,-1,-1
1036,1,1002.4,195.9,147.1,652.6,-1,-1,-1,-1
1036,7,1186.7,249.1,199.8,498.2,-1,-1,-1,-1
1036,5,456.0,265.1,186.3,418.7,-1,-1,-1,-1
1036,3,591.3,243.8,213.3,514.2,-1,-1,-1,-1
1037,11,845.1,269.7,120.2,400.3,-1,-1,-1,-1
1037,9,1305.5,244.2,132.3,440.3,-1,-1,-1,-1
1037,1,1012.5,220.1,166.0,625.1,-1,-1,-1,-1
1037,7,1188.0,241.3,199.8,506.6,-1,-1,-1,-1
1037,5,450.6,265.3,166.7,417.8,-1,-1,-1,-1
1037,3,621.7,237.4,145.8,519.9,-1,-1,-1,-1
1038,11,853.9,269.5,109.4,401.5,-1,-1,-1,-1
1038,9,1277.8,244.7,160.0,438.7,-1,-1,-1,-1
1038,1,1018.6,215.8,172.8,628.6,-1,-1,-1,-1
1038,7,1186.7,239.8,179.6,508.1,-1,-1,-1,-1
1038,5,445.8,267.8,182.9,415.3,-1,-1,-1,-1
1038,3,620.3,235.4,132.3,524.0,-1,-1,-1,-1
1039,11,857.9,272.5,105.3,411.2,-1,-1,-1,-1
1039,9,1274.4,250.9,164.7,432.8,-1,-1,-1,-1
1039,1,1029.4,208.6,147.2,637.2,-1,-1,-1,-1
1039,7,1186.0,247.1,223.4,502.2,-1,-1,-1,-1
1039,5,443.5,275.4,211.3,409.1,-1,-1,-1,-1
1039,3,612.2,236.1,139.0,524.0,-1,-1,-1,-1
1040,11,858.6,277.6,106.7,419.7,-1,-1,-1,-1
1040,9,1266.3,258.7,175.5,429.8,-1,-1,-1,-1
1040,1,1032.1,207.2,153.9,638.6,-1,-1,-1,-1
1040,7,1184.6,255.0,234.2,496.3,-1,-1,-1,-1
1040,5,443.5,280.8,218.7,403.6,-1,-1,-1,-1
1040,3,609.5,237.6,145.1,542.0,-1,-1,-1,-1
1041,11,855.9,282.2,122.9,421.2,-1,-1,-1,-1
1041,9,1247.4,270.2,197.1,423.1,-1,-1,-1,-1
1041,1,1032.1,211.6,171.4,660.5,-1,-1,-1,-1
1041,7,1184.6,264.6,243.7,495.5,-1,-1,-1,-1
1041,5,447.2,285.4,232.9,397.7,-1,-1,-1,-1
1041,3,604.5,242.8,148.8,553.7,-1,-1,-1,-1
1042,11,848.5,281.6,139.0,422.4,-1,-1,-1,-1
1042,1,1032.8,217.4,185.0,662.9,-1,-1,-1,-1
1042,7,1190.0,265.6,249.1,495.8,-1,-1,-1,-1
1042,5,455.0,282.2,226.8,399.6,-1,-1,-1,-1
1042,3,597.4,246.0,153.2,551.8,-1,-1,-1,-1
1043,11,824.9,277.9,174.2,426.1,-1,-1,-1,-1
1043,1,1034.1,224.1,229.5,660.1,-1,-1,-1,-1
1043,7,1217.7,262.9,214.7,499.8,-1,-1,-1,-1
1043,5,484.7,279.5,201.8,408.4,-1,-1,-1,-1
1043,3,572.4,246.4,176.2,551.5,-1,-1,-1,-1
1044,11,813.4,276.2,193.1,429.8,-1,-1,-1,-1
1044,1,1041.5,221.7,245.7,662.5,-1,-1,-1,-1
1044,7,1243.4,263.9,194.4,498.1,-1,-1,-1,-1
1044,3,567.7,247.1,178.2,549.4,-1,-1,-1,-1
1045,11,799.2,271.9,202.5,432.8,-1,-1,-1,-1
1045,1,1061.1,212.8,253.8,672.1,-1,-1,-1,-1
1045,7,1277.8,259.4,182.9,503.4,-1,-1,-1,-1
1045,3,509.6,243.8,225.4,552.7,-1,-1,-1,-1
1046,11,797.9,269.7,222.8,435.0,-1,-1,-1,-1
1046,1,1081.3,189.7,240.3,694.6,-1,-1,-1,-1
1046,7,1275.8,246.7,186.3,517.4,-1,-1,-1,-1
1046,3,482.6,241.1,251.1,556.0,-1,-1,-1,-1
1047,11,797.9,260.9,202.5,443.8,-1,-1,-1,-1
1047,1,1103.6,183.3,236.2,701.0,-1,-1,-1,-1
1047,7,1281.8,232.9,185.6,530.6,-1,-1,-1,-1
1047,3,477.9,235.7,216.0,561.4,-1,-1,-1,-1
1048,11,795.8,255.2,190.4,450.9,-1,-1,-1,-1
1048,1,1107.7,194.7,233.6,692.2,-1,-1,-1,-1
1048,7,1273.1,248.7,195.8,515.4,-1,-1,-1,-1
1048,3,502.5,234.7,233.2,557.7,-1,-1,-1,-1
1049,11,787.1,251.8,180.9,456.3,-1,-1,-1,-1
1049,1,1107.0,204.5,243.0,678.4,-1,-1,-1,-1
1049,7,1271.7,252.3,199.8,509.8,-1,-1,-1,-1
1049,5,621.0,263.9,209.2,413.1,-1,-1,-1,-1
1049,3,498.8,226.0,228.2,571.2,-1,-1,-1,-1
1050,11,776.2,252.6,182.3,463.6,-1,-1,-1,-1
1050,1,1107.0,199.8,248.4,687.8,-1,-1,-1,-1
1050,7,1275.8,256.5,197.1,506.2,-1,-1,-1,-1
1050,5,626.4,266.1,212.0,410.9,-1,-1,-1,-1
1050,3,488.0,225.6,217.3,573.6,-1,-1,-1,-1
1051,11,749.2,258.9,209.3,471.5,-1,-1,-1,-1
1051,1,1107.0,202.8,306.5,685.5,-1,-1,-1,-1
1051,7,1283.9,267.8,187.6,492.2,-1,-1,-1,-1
1051,5,632.5,271.0,236.2,405.0,-1,-1,-1,-1
1051,3,459.0,227.5,249.8,575.8,-1,-1,-1,-1
1052,11,734.4,266.0,217.4,467.1,-1,-1,-1,-1
1052,1,1109.7,216.7,309.2,674.3,-1,-1,-1,-1
1052,7,1284.5,266.8,192.4,496.6,-1,-1,-1,-1
1052,5,634.8,272.7,235.9,403.7,-1,-1,-1,-1
1052,3,438.1,233.0,270.7,573.6,-1,-1,-1,-1
1053,11,709.4,270.7,222.8,469.1,-1,-1,-1,-1
1053,9,1076.6,268.5,197.1,457.1,-1,-1,-1,-1
1053,1,1123.2,210.9,324.0,680.1,-1,-1,-1,-1
1053,7,1260.9,267.8,245.7,494.3,-1,-1,-1,-1
1053,5,651.4,268.0,220.1,409.7,-1,-1,-1,-1
1053,3,420.5,240.1,288.9,580.0,-1,-1,-1,-1
1054,11,717.5,269.5,205.2,471.0,-1,-1,-1,-1
1054,9,1074.6,267.0,198.5,459.3,-1,-1,-1,-1
1054,1,1149.5,207.9,323.3,682.4,-1,-1,-1,-1
1054,7,1267.7,306.1,234.9,444.5,-1,-1,-1,-1
1054,5,671.3,264.8,217.0,406.9,-1,-1,-1,-1
1054,3,418.5,242.5,286.9,580.3,-1,-1,-1,-1
1055,11,676.7,261.4,224.4,480.4,-1,-1,-1,-1
1055,9,1072.6,264.3,186.3,464.7,-1,-1,-1,-1
1055,1,1213.7,197.8,264.6,693.2,-1,-1,-1,-1
1055,3,377.3,241.8,295.0,581.7,-1,-1,-1,-1
1056,11,669.6,251.8,218.7,491.4,-1,-1,-1,-1
1056,9,1074.6,260.9,179.6,466.8,-1,-1,-1,-1
1056,1,1248.8,197.8,218.7,691.9,-1,-1,-1,-1
1056,3,363.8,242.2,276.8,581.3,-1,-1,-1,-1
1057,11,661.5,262.1,187.7,480.4,-1,-1,-1,-1
1057,9,1070.6,256.8,163.3,472.2,-1,-1,-1,-1
1057,1,1296.7,209.6,203.2,682.8,-1,-1,-1,-1
1057,3,332.1,239.5,244.4,583.4,-1,-1,-1,-1
1058,11,660.5,257.7,176.5,485.5,-1,-1,-1,-1
1058,9,1061.1,252.5,168.8,476.5,-1,-1,-1,-1
1058,1,1301.4,207.2,218.7,685.1,-1,-1,-1,-1
1058,3,317.9,236.9,226.8,587.3,-1,-1,-1,-1
1059,11,642.3,250.4,200.1,493.4,-1,-1,-1,-1
1059,9,1055.0,251.3,164.7,480.4,-1,-1,-1,-1
1059,1,1308.8,205.2,230.2,687.8,-1,-1,-1,-1
1059,7,1208.2,239.8,203.9,480.4,-1,-1,-1,-1
1059,5,766.8,251.9,193.0,427.1,-1,-1,-1,-1
1059,3,305.8,224.9,228.1,599.9,-1,-1,-1,-1
1060,11,614.2,246.5,224.1,497.3,-1,-1,-1,-1
1060,9,1049.0,250.9,170.1,497.0,-1,-1,-1,-1
1060,1,1308.2,203.2,264.6,690.5,-1,-1,-1,-1
1060,7,1198.1,247.9,211.3,481.1,-1,-1,-1,-1
1060,5,768.2,252.1,198.5,428.6,-1,-1,-1,-1
1060,3,308.8,220.6,220.7,604.3,-1,-1,-1,-1
1061,11,588.9,241.1,245.4,503.4,-1,-1,-1,-1
1061,9,1015.2,261.4,206.5,522.3,-1,-1,-1,-1
1061,1,1309.5,200.1,356.4,690.9,-1,-1,-1,-1
1061,7,1192.7,268.5,214.0,460.5,-1,-1,-1,-1
1061,5,781.0,264.8,189.0,415.6,-1,-1,-1,-1
1061,3,281.5,223.1,234.9,603.1,-1,-1,-1,-1
1062,11,579.5,238.1,247.4,509.8,-1,-1,-1,-1
1062,9,1009.1,265.4,213.3,522.3,-1,-1,-1,-1
1062,1,1310.9,206.9,364.5,684.1,-1,-1,-1,-1
1062,7,1191.4,276.1,218.0,453.6,-1,-1,-1,-1
1062,5,765.5,274.6,205.2,405.8,-1,-1,-1,-1
1062,3,251.1,224.8,252.5,603.5,-1,-1,-1,-1
1063,11,575.4,236.8,226.5,511.8,-1,-1,-1,-1
1063,9,1000.4,256.2,220.0,544.4,-1,-1,-1,-1
1063,1,1316.9,210.9,378.7,678.7,-1,-1,-1,-1
1063,7,1192.1,273.4,206.6,456.3,-1,-1,-1,-1
1063,5,780.3,280.1,191.7,400.3,-1,-1,-1,-1
1063,3,222.8,233.9,253.1,603.1,-1,-1,-1,-1
1064,11,575.8,244.4,209.2,504.2,-1,-1,-1,-1
1064,9,997.0,248.4,222.8,554.8,-1,-1,-1,-1
1064,1,1328.4,214.7,364.5,673.0,-1,-1,-1,-1
1064,7,1190.7,271.5,205.2,458.2,-1,-1,-1,-1
1064,5,781.7,279.3,189.0,401.1,-1,-1,-1,-1
1064,3,221.4,235.7,252.4,604.6,-1,-1,-1,-1
1065,11,575.1,260.9,195.1,487.0,-1,-1,-1,-1
1065,9,1009.1,233.0,202.5,571.6,-1,-1,-1,-1
1065,1,1374.3,208.6,297.0,677.0,-1,-1,-1,-1
1065,7,1177.2,272.5,233.5,454.4,-1,-1,-1,-1
1065,5,779.6,277.1,191.7,403.7,-1,-1,-1,-1
1065,3,168.7,234.7,303.8,604.3,-1,-1,-1,-1
1066,11,575.8,261.2,191.0,486.7,-1,-1,-1,-1
1066,9,1003.1,224.6,203.8,580.0,-1,-1,-1,-1
1066,1,1400.0,206.2,259.2,678.0,-1,-1,-1,-1
1066,7,1176.5,275.7,238.3,450.6,-1,-1,-1,-1
1066,5,777.6,276.8,193.0,403.7,-1,-1,-1,-1
1066,3,169.5,232.5,302.3,607.2,-1,-1,-1,-1
1067,11,545.4,262.1,211.3,485.8,-1,-1,-1,-1
1067,9,993.6,231.7,209.3,573.6,-1,-1,-1,-1
1067,1,1448.6,205.5,232.2,678.7,-1,-1,-1,-1
1067,7,1175.9,278.9,241.6,448.7,-1,-1,-1,-1
1067,5,772.2,279.5,198.5,399.6,-1,-1,-1,-1
1067,3,188.5,226.1,276.6,611.6,-1,-1,-1,-1
1068,11,527.9,260.9,225.5,487.0,-1,-1,-1,-1
1068,9,992.9,231.0,205.2,574.9,-1,-1,-1,-1
1068,1,1464.8,203.5,226.8,680.7,-1,-1,-1,-1
1068,7,1177.2,279.6,238.9,448.7,-1,-1,-1,-1
1068,5,776.9,279.8,193.0,398.9,-1,-1,-1,-1
1068,3,170.7,223.8,294.0,614.6,-1,-1,-1,-1
1069,11,536.0,256.8,215.3,491.1,-1,-1,-1,-1
1069,9,985.5,226.3,207.9,580.3,-1,-1,-1,-1
1069,1,1493.1,203.5,237.6,680.7,-1,-1,-1,-1
1069,7,1174.5,277.6,218.7,452.1,-1,-1,-1,-1
1069,5,785.7,280.1,183.6,398.9,-1,-1,-1,-1
1069,3,167.9,219.4,298.5,617.6,-1,-1,-1,-1
1070,11,530.5,251.3,224.1,497.3,-1,-1,-1,-1
1070,9,979.4,226.0,213.3,600.9,-1,-1,-1,-1
1070,1,1508.0,203.2,245.7,681.1,-1,-1,-1,-1
1070,7,1169.1,276.4,218.7,452.6,-1,-1,-1,-1
1070,5,785.0,279.8,185.0,398.9,-1,-1,-1,-1
1070,3,167.7,217.4,299.4,619.0,-1,-1,-1,-1
1071,11,521.8,246.9,240.3,501.0,-1,-1,-1,-1
1071,9,981.5,226.8,202.5,638.6,-1,-1,-1,-1
1071,1,1524.2,202.8,229.5,684.1,-1,-1,-1,-1
1071,7,1156.3,272.7,241.0,455.6,-1,-1,-1,-1
1071,5,779.0,278.8,191.7,400.3,-1,-1,-1,-1
1071,3,168.4,204.2,297.0,632.8,-1,-1,-1,-1
1072,11,519.8,245.5,243.7,503.0,-1,-1,-1,-1
1072,9,971.3,230.0,224.1,636.0,-1,-1,-1,-1
1072,1,1530.9,208.9,221.4,676.7,-1,-1,-1,-1
1072,7,1155.6,271.2,240.3,457.8,-1,-1,-1,-1
1072,5,774.2,279.1,198.5,399.6,-1,-1,-1,-1
1072,3,168.9,197.4,290.8,639.6,-1,-1,-1,-1
1073,11,524.5,246.2,239.6,501.0,-1,-1,-1,-1
1073,9,927.5,232.5,298.4,632.8,-1,-1,-1,-1
1073,1,1541.7,215.8,251.1,669.1,-1,-1,-1,-1
1073,7,1153.6,243.2,234.2,485.8,-1,-1,-1,-1
1073,5,766.1,274.6,209.3,402.5,-1,-1,-1,-1
1073,3,170.9,192.2,281.3,644.8,-1,-1,-1,-1
1074,11,526.8,241.3,239.3,506.6,-1,-1,-1,-1
1074,9,914.6,233.2,305.1,629.4,-1,-1,-1,-1
1074,1,1535.0,225.8,270.0,658.5,-1,-1,-1,-1
1074,7,1151.6,234.1,226.8,494.3,-1,-1,-1,-1
1074,5,765.5,272.7,207.9,405.0,-1,-1,-1,-1
1074,3,170.4,197.8,278.4,639.9,-1,-1,-1,-1
1075,11,532.6,230.2,235.6,517.1,-1,-1,-1,-1
1075,9,884.2,234.2,359.1,632.5,-1,-1,-1,-1
1075,1,1526.9,212.8,280.8,670.8,-1,-1,-1,-1
1075,7,1151.6,227.0,213.3,501.4,-1,-1,-1,-1
1075,5,766.1,267.0,194.4,408.4,-1,-1,-1,-1
1075,3,180.2,215.5,267.3,621.5,-1,-1,-1,-1
1076,11,537.0,233.4,233.2,513.8,-1,-1,-1,-1
1076,9,872.1,230.5,336.1,637.5,-1,-1,-1,-1
1076,1,1525.5,184.3,275.4,698.6,-1,-1,-1,-1
1076,7,1150.9,230.2,212.0,498.2,-1,-1,-1,-1
1076,5,769.5,255.5,199.8,420.5,-1,-1,-1,-1
1076,3,192.7,227.8,254.5,607.8,-1,-1,-1,-1
1077,11,551.1,253.3,226.5,494.6,-1,-1,-1,-1
1077,9,862.7,185.0,332.1,687.8,-1,-1,-1,-1
1077,1,1525.5,155.6,261.9,727.3,-1,-1,-1,-1
1077,7,1154.2,233.6,206.6,495.4,-1,-1,-1,-1
1077,5,773.6,246.9,187.6,429.5,-1,-1,-1,-1
1077,3,198.5,230.2,248.4,608.2,-1,-1,-1,-1
1078,11,559.6,253.8,216.7,493.4,-1,-1,-1,-1
1078,9,861.3,173.8,317.2,699.6,-1,-1,-1,-1
1078,1,1508.0,161.3,275.4,716.9,-1,-1,-1,-1
1078,7,1153.6,236.6,207.9,491.1,-1,-1,-1,-1
1078,5,778.3,246.5,190.4,429.8,-1,-1,-1,-1
1078,3,188.7,229.0,257.5,609.4,-1,-1,-1,-1
1079,11,572.7,253.8,202.8,493.4,-1,-1,-1,-1
1079,9,856.6,199.6,276.8,671.8,-1,-1,-1,-1
1079,1,1474.2,166.4,302.4,693.6,-1,-1,-1,-1
1079,7,1150.9,235.7,210.6,492.6,-1,-1,-1,-1
1079,5,783.0,240.0,183.6,438.8,-1,-1,-1,-1
1079,3,177.2,192.4,271.0,647.3,-1,-1,-1,-1
1080,11,573.8,254.0,201.2,492.6,-1,-1,-1,-1
1080,9,854.6,204.4,259.2,670.4,-1,-1,-1,-1
1080,1,1464.8,164.0,310.5,689.2,-1,-1,-1,-1
1080,7,1152.9,232.5,209.2,495.1,-1,-1,-1,-1
1080,5,783.0,244.4,183.6,435.4,-1,-1,-1,-1
1080,3,174.2,208.9,273.7,630.8,-1,-1,-1,-1
1081,11,572.4,244.5,198.5,503.4,-1,-1,-1,-1
1081,9,837.7,202.2,272.7,674.0,-1,-1,-1,-1
1081,1,1458.0,163.7,299.7,688.2,-1,-1,-1,-1
1081,7,1155.6,226.6,205.2,501.0,-1,-1,-1,-1
1081,5,781.0,251.6,176.8,426.8,-1,-1,-1,-1
1081,3,177.2,236.6,270.0,603.1,-1,-1,-1,-1
1082,11,572.4,248.6,201.2,499.3,-1,-1,-1,-1
1082,9,833.0,199.5,278.1,676.7,-1,-1,-1,-1
1082,1,1459.4,179.4,294.3,671.8,-1,-1,-1,-1
1082,7,1156.3,224.9,205.2,503.4,-1,-1,-1,-1
1082,5,781.7,254.6,178.2,423.1,-1,-1,-1,-1
1082,3,178.5,242.7,269.0,597.0,-1,-1,-1,-1
1083,11,573.1,250.9,201.8,497.0,-1,-1,-1,-1
1083,9,841.7,209.8,270.0,663.7,-1,-1,-1,-1
1083,1,1460.7,188.3,291.6,662.9,-1,-1,-1,-1
1083,7,1161.0,243.2,206.6,485.2,-1,-1,-1,-1
1083,5,781.7,259.7,182.2,418.7,-1,-1,-1,-1
1083,3,178.2,242.3,268.6,597.4,-1,-1,-1,-1
1084,11,573.1,246.0,202.5,501.9,-1,-1,-1,-1
1084,9,845.8,202.7,267.3,670.8,-1,-1,-1,-1
1084,1,1462.1,200.6,288.9,651.2,-1,-1,-1,-1
1084,7,1162.4,246.7,205.2,482.3,-1,-1,-1,-1
1084,5,780.3,258.4,186.3,419.3,-1,-1,-1,-1
1084,3,176.3,240.6,270.5,599.1,-1,-1,-1,-1
1085,11,573.8,243.5,202.5,505.1,-1,-1,-1,-1
1085,9,844.4,192.4,274.1,681.1,-1,-1,-1,-1
1085,1,1466.1,208.4,288.9,643.4,-1,-1,-1,-1
1085,7,1163.0,243.2,203.8,485.8,-1,-1,-1,-1
1085,5,781.7,255.3,186.3,423.7,-1,-1,-1,-1
1085,3,173.6,233.0,273.2,606.0,-1,-1,-1,-1
1086,11,574.8,243.2,201.5,505.4,-1,-1,-1,-1
1086,9,842.4,196.4,274.1,675.7,-1,-1,-1,-1
1086,1,1466.1,200.6,286.2,651.2,-1,-1,-1,-1
1086,7,1163.0,238.4,203.8,489.9,-1,-1,-1,-1
1086,5,781.7,251.4,186.3,427.9,-1,-1,-1,-1
1086,3,172.8,233.4,273.7,605.6,-1,-1,-1,-1
1087,11,575.8,242.0,200.5,505.9,-1,-1,-1,-1
1087,9,839.7,188.7,274.0,687.5,-1,-1,-1,-1
1087,1,1466.1,187.1,288.9,665.4,-1,-1,-1,-1
1087,7,1162.4,235.6,205.2,493.4,-1,-1,-1,-1
1087,5,781.0,243.7,187.7,434.7,-1,-1,-1,-1
1087,3,164.9,215.3,281.3,623.7,-1,-1,-1,-1
1088,11,576.1,244.7,200.1,504.6,-1,-1,-1,-1
1088,9,838.4,185.6,274.0,690.5,-1,-1,-1,-1
1088,1,1466.1,185.1,288.9,666.7,-1,-1,-1,-1
1088,7,1163.0,235.2,203.8,493.8,-1,-1,-1,-1
1088,5,781.7,241.3,186.3,435.4,-1,-1,-1,-1
1088,3,174.5,215.3,271.4,623.7,-1,-1,-1,-1
1089,11,575.1,251.6,204.5,497.0,-1,-1,-1,-1
1089,9,835.7,175.2,278.1,701.0,-1,-1,-1,-1
1089,1,1464.8,174.5,299.7,677.4,-1,-1,-1,-1
1089,7,1162.4,239.5,205.2,489.5,-1,-1,-1,-1
1089,5,780.3,240.6,193.0,438.8,-1,-1,-1,-1
1089,3,176.7,215.5,269.5,622.9,-1,-1,-1,-1
1090,11,573.4,254.1,206.9,493.8,-1,-1,-1,-1
1090,9,833.6,176.2,279.5,700.0,-1,-1,-1,-1
1090,1,1464.8,168.4,305.1,682.1,-1,-1,-1,-1
1090,7,1163.0,247.9,203.8,481.1,-1,-1,-1,-1
1090,5,780.3,239.3,187.6,438.8,-1,-1,-1,-1
1090,3,175.5,212.1,270.3,626.2,-1,-1,-1,-1
1091,11,573.1,259.4,216.0,487.9,-1,-1,-1,-1
1091,9,833.6,184.6,279.5,690.2,-1,-1,-1,-1
1091,1,1462.1,166.7,315.9,683.8,-1,-1,-1,-1
1091,7,1163.0,257.2,202.5,471.8,-1,-1,-1,-1
1091,5,781.7,242.5,185.0,436.6,-1,-1,-1,-1
1091,3,175.3,219.4,270.2,619.0,-1,-1,-1,-1
1092,11,573.8,261.4,216.0,485.8,-1,-1,-1,-1
1092,9,834.3,185.3,282.2,690.9,-1,-1,-1,-1
1092,1,1460.7,166.7,321.3,683.8,-1,-1,-1,-1
1092,7,1163.0,258.7,199.8,471.0,-1,-1,-1,-1
1092,5,781.7,247.9,186.3,430.5,-1,-1,-1,-1
1092,3,176.5,223.8,269.7,614.6,-1,-1,-1,-1
1093,11,572.7,261.7,215.7,484.8,-1,-1,-1,-1
1093,9,837.0,187.3,295.7,687.5,-1,-1,-1,-1
1093,1,1466.1,172.8,313.2,675.7,-1,-1,-1,-1
1093,7,1163.0,261.4,182.2,468.3,-1,-1,-1,-1
1093,5,783.0,258.2,189.0,420.5,-1,-1,-1,-1
1093,3,184.4,230.7,260.4,605.6,-1,-1,-1,-1
1094,11,571.1,261.1,218.0,484.8,-1,-1,-1,-1
1094,9,839.7,194.1,299.7,680.7,-1,-1,-1,-1
1094,1,1474.2,176.7,297.0,670.4,-1,-1,-1,-1
1094,7,1164.4,261.4,170.1,468.3,-1,-1,-1,-1
1094,5,779.0,258.0,202.5,419.7,-1,-1,-1,-1
1094,3,195.8,231.4,250.4,605.6,-1,-1,-1,-1
1095,11,588.6,260.6,201.1,481.9,-1,-1,-1,-1
1095,9,842.4,210.4,306.5,665.0,-1,-1,-1,-1
1095,1,1482.3,213.8,297.0,628.6,-1,-1,-1,-1
1095,7,1173.2,258.4,175.5,470.6,-1,-1,-1,-1
1095,5,778.3,261.2,194.4,417.1,-1,-1,-1,-1
1095,3,203.9,223.4,244.4,611.6,-1,-1,-1,-1
1096,11,599.1,259.7,190.7,482.8,-1,-1,-1,-1
1096,9,843.8,219.4,306.5,656.1,-1,-1,-1,-1
1096,1,1486.4,212.5,310.5,628.6,-1,-1,-1,-1
1096,7,1203.5,259.9,162.0,469.1,-1,-1,-1,-1
1096,5,777.6,262.6,197.1,417.2,-1,-1,-1,-1
1096,3,205.2,212.8,243.3,622.9,-1,-1,-1,-1
1097,11,605.5,256.5,186.3,486.7,-1,-1,-1,-1
1097,9,845.8,225.5,297.0,648.7,-1,-1,-1,-1
1097,1,1482.3,207.4,275.4,636.4,-1,-1,-1,-1
1097,7,1213.7,261.9,156.6,466.4,-1,-1,-1,-1
1097,5,775.6,253.6,206.6,426.8,-1,-1,-1,-1
1097,3,203.5,222.8,264.3,612.9,-1,-1,-1,-1
1098,11,604.5,252.3,188.0,490.2,-1,-1,-1,-1
1098,9,846.5,226.1,286.2,646.0,-1,-1,-1,-1
1098,1,1482.3,193.2,280.8,651.2,-1,-1,-1,-1
1098,7,1209.6,263.9,155.2,464.4,-1,-1,-1,-1
1098,5,776.2,246.2,205.2,433.5,-1,-1,-1,-1
1098,3,202.2,221.1,276.4,614.6,-1,-1,-1,-1
1099,11,595.0,256.8,204.2,487.0,-1,-1,-1,-1
1099,9,853.9,229.2,263.2,637.5,-1,-1,-1,-1
1099,1,1482.3,221.2,307.8,622.5,-1,-1,-1,-1
1099,7,1196.1,265.4,145.8,462.9,-1,-1,-1,-1
1099,5,783.7,255.3,189.0,422.4,-1,-1,-1,-1
1099,3,201.5,232.0,277.1,600.9,-1,-1,-1,-1
1100,11,593.0,263.6,207.6,478.9,-1,-1,-1,-1
1100,9,855.9,229.5,271.3,637.2,-1,-1,-1,-1
1100,1,1481.0,219.4,318.6,625.1,-1,-1,-1,-1
1100,7,1184.0,264.6,157.9,464.4,-1,-1,-1,-1
1100,5,785.0,252.8,187.7,420.5,-1,-1,-1,-1
1100,3,200.6,229.5,277.3,602.1,-1,-1,-1,-1
1101,11,592.7,268.8,206.5,473.7,-1,-1,-1,-1
1101,9,861.3,216.7,256.5,650.0,-1,-1,-1,-1
1101,1,1479.6,220.9,326.7,626.2,-1,-1,-1,-1
1101,7,1159.7,265.1,186.3,465.2,-1,-1,-1,-1
1101,5,785.0,263.9,186.3,409.1,-1,-1,-1,-1
1101,3,205.5,227.6,268.0,606.0,-1,-1,-1,-1
1102,11,589.3,269.2,210.6,473.3,-1,-1,-1,-1
1102,9,864.7,223.1,252.4,647.7,-1,-1,-1,-1
1102,1,1475.6,222.8,332.1,632.5,-1,-1,-1,-1
1102,7,1141.4,264.4,203.8,465.2,-1,-1,-1,-1
1102,5,781.0,266.0,190.3,409.7,-1,-1,-1,-1
1102,3,206.9,227.8,261.6,606.5,-1,-1,-1,-1
1103,11,567.0,267.5,229.5,475.7,-1,-1,-1,-1
1103,9,864.0,214.0,253.8,656.1,-1,-1,-1,-1
1103,1,1472.9,227.3,337.5,625.9,-1,-1,-1,-1
1103,7,1128.6,267.0,216.0,464.7,-1,-1,-1,-1
1103,5,775.6,269.5,197.1,406.9,-1,-1,-1,-1
1103,3,212.3,234.1,256.5,599.6,-1,-1,-1,-1
1104,11,557.2,264.3,226.5,474.2,-1,-1,-1,-1
1104,9,864.0,208.6,253.8,661.5,-1,-1,-1,-1
1104,1,1471.5,224.9,351.0,627.6,-1,-1,-1,-1
1104,7,1130.6,267.5,217.4,463.6,-1,-1,-1,-1
1104,5,774.2,267.6,198.5,408.4,-1,-1,-1,-1
1104,3,217.0,238.6,257.9,594.3,-1,-1,-1,-1
1105,11,546.1,260.2,216.0,470.1,-1,-1,-1,-1
1105,9,863.3,228.8,255.2,638.5,-1,-1,-1,-1
1105,1,1471.5,227.3,356.4,625.9,-1,-1,-1,-1
1105,7,1119.8,268.0,232.2,461.7,-1,-1,-1,-1
1105,5,766.8,277.4,202.5,400.3,-1,-1,-1,-1
1105,3,195.8,245.7,270.3,587.2,-1,-1,-1,-1
1106,11,539.0,259.7,223.1,470.6,-1,-1,-1,-1
1106,9,855.2,232.7,263.3,634.7,-1,-1,-1,-1
1106,1,1472.9,225.3,351.0,628.6,-1,-1,-1,-1
1106,7,1111.1,267.5,238.9,462.9,-1,-1,-1,-1
1106,5,761.4,281.3,206.5,397.1,-1,-1,-1,-1
1106,3,180.9,249.6,270.0,583.4,-1,-1,-1,-1
1107,11,528.5,263.6,230.8,466.8,-1,-1,-1,-1
1107,9,848.5,232.0,270.0,636.0,-1,-1,-1,-1
1107,1,1470.2,221.4,332.1,632.5,-1,-1,-1,-1
1107,7,1106.3,269.5,234.9,460.2,-1,-1,-1,-1
1107,5,752.0,271.9,216.0,406.5,-1,-1,-1,-1
1107,3,162.3,247.6,288.0,584.7,-1,-1,-1,-1
1108,11,525.8,265.6,230.9,464.7,-1,-1,-1,-1
1108,9,844.4,232.0,274.1,634.7,-1,-1,-1,-1
1108,1,1470.2,218.2,315.9,636.4,-1,-1,-1,-1
1108,7,1111.7,270.8,222.8,458.2,-1,-1,-1,-1
1108,5,743.2,267.6,222.8,409.0,-1,-1,-1,-1
1108,3,94.7,242.8,369.1,591.5,-1,-1,-1,-1
1109,11,517.4,264.8,228.5,465.6,-1,-1,-1,-1
1109,9,828.2,233.2,290.3,630.8,-1,-1,-1,-1
1109,1,1471.5,216.7,280.8,637.2,-1,-1,-1,-1
1109,7,1116.5,268.8,198.4,460.9,-1,-1,-1,-1
1109,5,718.2,270.5,234.9,402.5,-1,-1,-1,-1
1109,3,101.2,231.9,365.2,602.4,-1,-1,-1,-1
1110,11,486.3,263.6,293.3,466.8,-1,-1,-1,-1
1110,9,833.0,232.4,294.3,633.7,-1,-1,-1,-1
1110,1,1471.5,214.1,272.7,641.1,-1,-1,-1,-1
1110,7,1107.7,266.1,211.9,463.6,-1,-1,-1,-1
1110,5,771.5,275.2,175.5,397.1,-1,-1,-1,-1
1110,3,193.1,226.0,263.3,605.6,-1,-1,-1,-1
1111,11,506.9,260.2,264.6,468.8,-1,-1,-1,-1
1111,9,809.3,233.7,329.4,636.4,-1,-1,-1,-1
1111,1,1474.2,210.4,272.7,643.4,-1,-1,-1,-1
1111,7,1128.6,257.3,221.4,473.0,-1,-1,-1,-1
1111,5,773.6,272.0,166.0,398.9,-1,-1,-1,-1
1111,3,208.2,222.2,268.3,609.4,-1,-1,-1,-1
1112,11,562.3,257.7,199.8,472.7,-1,-1,-1,-1
1112,9,812.7,231.5,321.3,637.2,-1,-1,-1,-1
1112,1,1474.2,211.8,329.4,642.1,-1,-1,-1,-1
1112,7,1123.9,256.7,213.3,473.7,-1,-1,-1,-1
1112,5,774.9,269.8,160.7,401.1,-1,-1,-1,-1
1112,3,199.5,223.4,278.8,608.2,-1,-1,-1,-1
1113,11,567.0,258.7,207.9,475.7,-1,-1,-1,-1
1113,9,824.2,227.5,321.3,637.2,-1,-1,-1,-1
1113,1,1471.5,218.5,402.3,634.7,-1,-1,-1,-1
1113,7,1126.6,257.7,168.8,472.7,-1,-1,-1,-1
1113,5,774.9,268.8,160.7,401.5,-1,-1,-1,-1
1113,3,178.7,227.8,294.5,603.8,-1,-1,-1,-1
1114,11,568.7,263.8,207.6,470.6,-1,-1,-1,-1
1114,9,811.4,230.0,363.1,633.3,-1,-1,-1,-1
1114,1,1463.4,222.9,410.4,628.9,-1,-1,-1,-1
1114,7,1118.5,258.4,176.8,472.7,-1,-1,-1,-1
1114,5,775.6,270.3,153.9,398.9,-1,-1,-1,-1
1114,3,173.0,235.1,298.9,596.5,-1,-1,-1,-1
1115,11,569.7,271.4,207.9,461.7,-1,-1,-1,-1
1115,9,866.7,235.7,266.0,627.6,-1,-1,-1,-1
1115,1,1448.6,229.3,307.8,621.2,-1,-1,-1,-1
1115,7,1108.3,260.6,194.4,469.1,-1,-1,-1,-1
1115,5,776.9,279.6,147.1,391.3,-1,-1,-1,-1
1115,3,165.3,255.3,306.9,574.9,-1,-1,-1,-1
1116,11,565.3,273.2,213.0,459.8,-1,-1,-1,-1
1116,9,868.7,240.1,255.1,625.9,-1,-1,-1,-1
1116,1,1447.2,231.2,294.3,619.3,-1,-1,-1,-1
1116,7,1109.7,262.6,226.8,466.4,-1,-1,-1,-1
1116,5,774.9,288.9,159.3,382.0,-1,-1,-1,-1
1116,3,166.0,268.0,306.5,563.6,-1,-1,-1,-1
1117,11,563.6,270.2,216.0,463.6,-1,-1,-1,-1
1117,9,872.8,253.8,252.5,612.9,-1,-1,-1,-1
1117,1,1466.1,233.9,286.2,618.0,-1,-1,-1,-1
1117,7,1111.7,275.9,253.8,451.7,-1,-1,-1,-1
1117,5,764.1,301.2,198.5,370.4,-1,-1,-1,-1
1117,3,176.5,296.5,307.5,535.8,-1,-1,-1,-1
1118,11,537.0,273.7,242.0,459.3,-1,-1,-1,-1
1118,9,874.8,271.7,251.1,593.7,-1,-1,-1,-1
1118,1,1464.8,228.3,307.8,622.9,-1,-1,-1,-1
1118,7,1111.1,283.5,240.3,444.8,-1,-1,-1,-1
1118,5,761.4,310.5,180.9,360.5,-1,-1,-1,-1
1118,3,187.8,314.2,315.7,517.4,-1,-1,-1,-1
1119,11,516.4,334.0,276.1,397.7,-1,-1,-1,-1
1119,9,874.8,311.2,270.0,554.9,-1,-1,-1,-1
1119,1,1466.1,243.7,383.4,608.2,-1,-1,-1,-1
1119,7,1111.7,290.2,225.5,438.8,-1,-1,-1,-1
1119,5,729.0,362.1,236.3,309.2,-1,-1,-1,-1
1119,3,168.3,350.0,307.5,481.6,-1,-1,-1,-1
1120,11,516.4,347.0,264.6,386.1,-1,-1,-1,-1
1120,9,874.8,340.9,310.5,525.2,-1,-1,-1,-1
1120,1,1466.1,250.9,450.9,600.9,-1,-1,-1,-1
1120,7,1088.1,311.9,276.8,417.1,-1,-1,-1,-1
1120,5,731.7,379.0,226.8,292.3,-1,-1,-1,-1
1120,3,145.7,346.3,326.1,484.7,-1,-1,-1,-1
1121,11,526.8,405.3,253.5,327.7,-1,-1,-1,-1
1121,9,862.0,396.9,321.3,471.2,-1,-1,-1,-1
1121,1,1448.6,375.3,467.1,476.6,-1,-1,-1,-1
1121,7,1077.3,365.9,328.1,363.8,-1,-1,-1,-1
1121,5,702.0,409.7,251.1,261.9,-1,-1,-1,-1
1121,3,126.5,390.8,345.0,440.8,-1,-1,-1,-1
1122,11,532.2,435.7,248.7,297.3,-1,-1,-1,-1
1122,9,841.1,424.6,340.2,440.1,-1,-1,-1,-1
1122,1,1436.4,400.3,477.9,451.6,-1,-1,-1,-1
1122,7,1095.5,387.8,305.8,341.2,-1,-1,-1,-1
1122,5,688.2,407.0,264.3,265.3,-1,-1,-1,-1
1122,3,119.6,431.3,371.1,400.3,-1,-1,-1,-1
1123,11,534.6,435.0,245.7,297.3,-1,-1,-1,-1
1123,9,803.9,469.8,400.9,394.9,-1,-1,-1,-1
1123,1,1431.0,454.3,483.3,396.9,-1,-1,-1,-1
1123,7,1068.5,407.0,303.8,322.7,-1,-1,-1,-1
1123,5,693.2,394.9,237.6,276.1,-1,-1,-1,-1
1123,3,110.4,464.4,424.6,366.5,-1,-1,-1,-1
1124,11,533.2,428.0,246.4,303.8,-1,-1,-1,-1
1124,9,803.2,467.8,422.6,396.9,-1,-1,-1,-1
1124,1,1432.4,446.2,486.0,403.6,-1,-1,-1,-1
1124,7,1069.2,410.1,290.2,318.9,-1,-1,-1,-1
1124,5,693.9,387.1,229.5,283.5,-1,-1,-1,-1
1124,3,106.3,465.8,430.3,366.5,-1,-1,-1,-1
1125,11,535.6,398.2,244.0,332.8,-1,-1,-1,-1
1125,9,814.7,456.3,379.4,409.1,-1,-1,-1,-1
1125,1,1433.7,428.6,361.8,424.6,-1,-1,-1,-1
1125,7,1064.5,407.0,274.1,322.7,-1,-1,-1,-1
1125,5,723.6,366.2,207.9,304.4,-1,-1,-1,-1
1125,3,100.7,453.6,423.1,378.0,-1,-1,-1,-1
1126,11,537.0,372.6,241.3,359.1,-1,-1,-1,-1
1126,9,820.1,445.5,371.2,420.5,-1,-1,-1,-1
1126,1,1437.8,411.8,369.9,440.1,-1,-1,-1,-1
1126,7,1068.5,403.7,271.3,326.7,-1,-1,-1,-1
1126,5,737.8,345.3,205.2,324.7,-1,-1,-1,-1
1126,3,100.6,442.5,407.4,389.1,-1,-1,-1,-1
1127,11,542.4,294.5,233.9,436.6,-1,-1,-1,-1
1127,9,826.2,413.1,351.0,455.0,-1,-1,-1,-1
1127,1,1448.6,374.3,391.5,476.2,-1,-1,-1,-1
1127,7,1090.1,372.6,255.2,359.8,-1,-1,-1,-1
1127,5,699.3,258.4,251.1,410.6,-1,-1,-1,-1
1127,3,101.1,409.7,369.4,422.6,-1,-1,-1,-1
1128,11,544.7,233.7,226.1,497.3,-1,-1,-1,-1
1128,9,829.6,398.6,340.2,469.5,-1,-1,-1,-1
1128,1,1458.0,344.8,415.8,507.1,-1,-1,-1,-1
1128,7,1100.9,354.4,252.4,378.0,-1,-1,-1,-1
1128,5,702.0,235.1,237.6,433.9,-1,-1,-1,-1
1128,3,101.1,396.2,370.1,435.4,-1,-1,-1,-1
1129,11,549.5,245.2,218.7,487.9,-1,-1,-1,-1
1129,9,835.0,305.3,333.5,561.4,-1,-1,-1,-1
1129,1,1466.1,247.9,453.6,606.0,-1,-1,-1,-1
1129,7,1071.9,316.7,286.2,415.0,-1,-1,-1,-1
1129,5,705.4,249.6,222.8,418.7,-1,-1,-1,-1
1129,3,99.4,317.4,371.8,514.2,-1,-1,-1,-1
1130,11,552.8,247.2,216.0,485.8,-1,-1,-1,-1
1130,9,841.1,233.7,336.2,633.7,-1,-1,-1,-1
1130,1,1464.8,134.3,453.6,716.9,-1,-1,-1,-1
1130,7,1078.0,297.0,272.7,434.7,-1,-1,-1,-1
1130,5,708.8,260.9,218.7,408.4,-1,-1,-1,-1
1130,3,97.9,275.9,372.6,555.7,-1,-1,-1,-1
1131,11,561.6,263.2,209.2,469.8,-1,-1,-1,-1
1131,9,847.1,165.0,315.9,703.0,-1,-1,-1,-1
1131,1,1463.4,137.0,410.4,712.1,-1,-1,-1,-1
1131,7,1098.9,251.3,220.1,480.4,-1,-1,-1,-1
1131,5,714.2,283.0,207.9,386.6,-1,-1,-1,-1
1131,3,116.8,168.1,358.8,662.9,-1,-1,-1,-1
1132,11,567.7,257.3,203.2,475.7,-1,-1,-1,-1
1132,9,852.5,133.0,293.0,733.7,-1,-1,-1,-1
1132,1,1463.4,144.8,423.9,704.4,-1,-1,-1,-1
1132,7,1113.1,238.1,189.0,492.2,-1,-1,-1,-1
1132,5,716.2,282.2,207.9,387.5,-1,-1,-1,-1
1132,3,135.1,126.9,334.0,702.7,-1,-1,-1,-1
1133,11,578.1,255.2,193.4,477.2,-1,-1,-1,-1
1133,9,857.2,161.0,271.4,705.7,-1,-1,-1,-1
1133,1,1463.4,173.8,386.1,674.0,-1,-1,-1,-1
1133,7,1113.8,221.9,183.6,507.8,-1,-1,-1,-1
1133,5,718.2,278.3,207.9,391.3,-1,-1,-1,-1
1133,3,190.0,125.2,280.8,703.7,-1,-1,-1,-1
1134,11,582.5,257.3,189.0,475.7,-1,-1,-1,-1
1134,9,860.0,170.4,270.0,697.6,-1,-1,-1,-1
1134,1,1462.1,187.7,372.6,660.2,-1,-1,-1,-1
1134,7,1113.8,227.0,183.6,503.4,-1,-1,-1,-1
1134,5,718.2,275.1,207.9,394.9,-1,-1,-1,-1
1134,3,209.6,149.2,261.9,681.1,-1,-1,-1,-1
1135,11,584.6,257.3,187.0,475.7,-1,-1,-1,-1
1135,9,864.7,187.7,264.6,681.1,-1,-1,-1,-1
1135,1,1462.1,189.0,356.4,662.9,-1,-1,-1,-1
1135,7,1111.1,247.7,184.9,482.0,-1,-1,-1,-1
1135,5,720.2,270.7,206.5,398.9,-1,-1,-1,-1
1135,3,202.8,186.8,269.0,643.4,-1,-1,-1,-1
1136,11,584.6,263.2,187.0,469.8,-1,-1,-1,-1
1136,9,868.7,232.0,260.5,636.0,-1,-1,-1,-1
1136,1,1460.7,209.1,348.3,642.1,-1,-1,-1,-1
1136,7,1102.3,256.0,216.0,473.7,-1,-1,-1,-1
1136,5,721.6,268.3,203.9,400.3,-1,-1,-1,-1
1136,3,190.2,207.2,281.6,623.7,-1,-1,-1,-1
1137,11,579.5,267.0,192.7,466.1,-1,-1,-1,-1
1137,9,873.5,235.2,256.5,632.8,-1,-1,-1,-1
1137,1,1460.7,219.4,318.6,632.5,-1,-1,-1,-1
1137,7,1102.3,256.3,247.1,472.7,-1,-1,-1,-1
1137,5,733.1,264.6,189.0,404.3,-1,-1,-1,-1
1137,3,184.6,258.2,287.9,572.1,-1,-1,-1,-1
1138,11,581.5,270.2,192.0,462.9,-1,-1,-1,-1
1138,9,874.8,235.2,255.2,632.8,-1,-1,-1,-1
1138,1,1460.7,218.5,297.0,633.3,-1,-1,-1,-1
1138,7,1091.5,256.7,263.3,473.0,-1,-1,-1,-1
1138,5,743.9,263.4,178.2,406.9,-1,-1,-1,-1
1138,3,187.5,257.7,284.3,573.2,-1,-1,-1,-1
1139,11,581.5,272.2,193.4,460.9,-1,-1,-1,-1
1139,9,874.1,236.3,255.2,631.1,-1,-1,-1,-1
1139,1,1460.7,213.0,275.4,638.9,-1,-1,-1,-1
1139,7,1096.9,256.0,247.1,473.0,-1,-1,-1,-1
1139,5,773.6,263.8,148.5,405.8,-1,-1,-1,-1
1139,3,195.8,258.0,270.0,573.6,-1,-1,-1,-1
1140,11,578.1,273.2,197.4,459.8,-1,-1,-1,-1
1140,9,874.1,236.9,255.2,629.8,-1,-1,-1,-1
1140,1,1460.7,208.1,302.4,643.8,-1,-1,-1,-1
1140,7,1094.2,222.6,211.9,507.1,-1,-1,-1,-1
1140,5,774.9,265.3,158.0,404.3,-1,-1,-1,-1
1140,3,181.1,259.0,267.1,571.2,-1,-1,-1,-1
1141,11,565.7,274.1,214.0,459.0,-1,-1,-1,-1
1141,9,864.0,238.6,263.2,629.4,-1,-1,-1,-1
1141,1,1460.7,209.1,380.7,643.4,-1,-1,-1,-1
1141,7,1113.1,225.6,157.9,505.4,-1,-1,-1,-1
1141,5,772.9,269.3,160.7,400.3,-1,-1,-1,-1
1141,3,148.0,260.0,256.3,570.2,-1,-1,-1,-1
1142,11,559.6,267.3,218.7,464.4,-1,-1,-1,-1
1142,9,865.4,241.8,253.8,627.6,-1,-1,-1,-1
1142,1,1462.1,203.5,391.5,648.3,-1,-1,-1,-1
1142,7,1111.1,241.7,140.4,488.7,-1,-1,-1,-1
1142,5,770.2,272.2,159.3,397.4,-1,-1,-1,-1
1142,3,138.1,261.2,249.0,569.0,-1,-1,-1,-1
1143,11,560.9,272.4,170.8,459.3,-1,-1,-1,-1
1143,9,845.1,245.9,230.9,622.9,-1,-1,-1,-1
1143,1,1463.4,211.8,364.5,642.1,-1,-1,-1,-1
1143,7,1100.2,259.2,136.4,469.8,-1,-1,-1,-1
1143,5,767.5,277.9,162.0,391.0,-1,-1,-1,-1
1143,3,135.6,261.7,268.7,567.8,-1,-1,-1,-1
1144,11,562.3,282.0,152.5,448.4,-1,-1,-1,-1
1144,9,845.8,249.6,230.8,615.1,-1,-1,-1,-1
1144,1,1462.1,218.2,329.4,636.4,-1,-1,-1,-1
1144,7,1096.2,284.2,143.1,444.1,-1,-1,-1,-1
1144,5,766.1,279.6,160.7,390.7,-1,-1,-1,-1
1144,3,154.2,261.6,248.1,568.7,-1,-1,-1,-1
1145,11,549.1,285.4,146.1,445.7,-1,-1,-1,-1
1145,9,835.0,249.4,207.9,618.6,-1,-1,-1,-1
1145,1,1455.3,228.5,237.6,623.4,-1,-1,-1,-1
1145,7,1090.1,291.4,151.2,436.9,-1,-1,-1,-1
1145,5,768.2,283.7,133.7,385.9,-1,-1,-1,-1
1145,3,173.5,263.4,201.5,568.2,-1,-1,-1,-1
1146,11,536.6,285.0,160.7,446.0,-1,-1,-1,-1
1146,9,820.8,249.4,211.9,618.6,-1,-1,-1,-1
1146,1,1440.5,224.3,251.1,628.9,-1,-1,-1,-1
1146,7,1088.8,291.8,151.2,437.2,-1,-1,-1,-1
1146,5,767.5,289.6,124.2,380.7,-1,-1,-1,-1
1146,3,164.4,263.4,213.2,568.2,-1,-1,-1,-1
1147,11,522.5,282.5,181.6,447.9,-1,-1,-1,-1
1147,9,833.0,259.7,217.4,609.0,-1,-1,-1,-1
1147,1,1418.9,217.5,307.8,636.4,-1,-1,-1,-1
1147,7,1080.0,286.4,162.0,442.6,-1,-1,-1,-1
1147,5,756.0,294.6,126.9,376.0,-1,-1,-1,-1
1147,3,147.6,266.8,232.8,564.8,-1,-1,-1,-1
1148,11,516.4,280.1,187.0,450.2,-1,-1,-1,-1
1148,9,834.3,261.9,240.3,606.8,-1,-1,-1,-1
1148,1,1400.0,232.9,340.2,619.0,-1,-1,-1,-1
1148,7,1067.2,281.6,171.4,446.7,-1,-1,-1,-1
1148,5,744.5,298.2,137.7,371.4,-1,-1,-1,-1
1148,3,144.7,268.3,236.7,561.9,-1,-1,-1,-1
1149,11,517.7,272.5,172.1,457.1,-1,-1,-1,-1
1149,9,841.7,277.1,255.1,591.0,-1,-1,-1,-1
1149,1,1414.8,207.7,324.0,644.8,-1,-1,-1,-1
1149,7,1053.7,272.9,175.5,457.5,-1,-1,-1,-1
1149,5,730.4,302.6,147.1,367.7,-1,-1,-1,-1
1149,3,157.0,266.0,236.8,565.7,-1,-1,-1,-1
1150,11,523.8,269.2,161.3,459.8,-1,-1,-1,-1
1150,9,836.3,278.9,255.1,588.4,-1,-1,-1,-1
1150,1,1395.9,229.7,321.3,622.9,-1,-1,-1,-1
1150,7,1053.0,271.5,175.5,458.2,-1,-1,-1,-1
1150,5,727.7,300.5,153.9,369.7,-1,-1,-1,-1
1150,3,169.7,241.0,228.2,590.6,-1,-1,-1,-1
1151,11,499.2,262.9,181.6,466.1,-1,-1,-1,-1
1151,9,833.6,278.9,216.0,588.4,-1,-1,-1,-1
1151,1,1359.5,280.8,342.9,572.4,-1,-1,-1,-1
1151,7,1064.5,270.5,164.7,457.1,-1,-1,-1,-1
1151,5,734.4,294.0,147.2,376.0,-1,-1,-1,-1
1151,3,201.8,215.5,198.8,615.4,-1,-1,-1,-1
1152,11,495.8,261.9,185.0,467.1,-1,-1,-1,-1
1152,9,776.2,276.8,253.8,589.3,-1,-1,-1,-1
1152,1,1346.6,273.5,334.1,580.3,-1,-1,-1,-1
1152,7,1078.7,271.2,156.6,457.1,-1,-1,-1,-1
1152,5,732.4,286.0,148.5,384.2,-1,-1,-1,-1
1152,3,195.1,230.0,206.9,600.9,-1,-1,-1,-1
1153,11,515.7,262.1,168.8,468.3,-1,-1,-1,-1
1153,9,816.1,269.0,217.4,599.1,-1,-1,-1,-1
1153,1,1400.0,253.0,272.7,599.6,-1,-1,-1,-1
1153,7,1119.8,274.1,129.6,455.6,-1,-1,-1,-1
1153,5,722.9,271.9,149.8,397.1,-1,-1,-1,-1
1153,3,188.0,257.7,213.3,573.2,-1,-1,-1,-1
1154,11,530.2,262.6,158.0,467.1,-1,-1,-1,-1
1154,9,792.5,258.9,243.0,607.8,-1,-1,-1,-1
1154,1,1433.7,237.8,234.9,616.8,-1,-1,-1,-1
1154,7,1121.9,277.4,135.0,450.9,-1,-1,-1,-1
1154,5,728.3,266.3,144.5,403.6,-1,-1,-1,-1
1154,3,188.0,276.4,214.3,555.2,-1,-1,-1,-1
1155,11,558.6,266.1,146.1,463.6,-1,-1,-1,-1
1155,9,849.8,247.1,182.3,619.0,-1,-1,-1,-1
1155,1,1471.5,197.4,191.7,657.1,-1,-1,-1,-1
1155,7,1122.5,281.3,144.5,446.3,-1,-1,-1,-1
1155,5,760.1,257.5,120.1,412.4,-1,-1,-1,-1
1155,3,191.2,281.3,217.9,548.3,-1,-1,-1,-1
1156,11,559.2,265.8,152.9,463.2,-1,-1,-1,-1
1156,9,857.9,236.6,172.8,630.1,-1,-1,-1,-1
1156,1,1474.2,179.2,210.6,674.0,-1,-1,-1,-1
1156,7,1122.5,282.8,145.8,444.8,-1,-1,-1,-1
1156,5,768.2,257.2,121.5,413.1,-1,-1,-1,-1
1156,3,193.4,281.0,218.4,548.6,-1,-1,-1,-1
1157,11,563.0,264.8,164.0,463.6,-1,-1,-1,-1
1157,9,803.9,237.1,241.7,628.9,-1,-1,-1,-1
1157,1,1472.9,211.1,251.1,642.1,-1,-1,-1,-1
1157,7,1115.8,284.5,149.8,444.5,-1,-1,-1,-1
1157,5,774.2,270.7,132.3,400.3,-1,-1,-1,-1
1157,3,197.4,276.4,219.4,551.1,-1,-1,-1,-1
1158,11,560.6,264.4,172.5,463.2,-1,-1,-1,-1
1158,9,820.8,239.5,229.5,625.9,-1,-1,-1,-1
1158,1,1471.5,128.6,270.0,723.3,-1,-1,-1,-1
1158,7,1107.7,285.7,168.8,443.3,-1,-1,-1,-1
1158,5,772.2,273.9,112.0,395.7,-1,-1,-1,-1
1158,3,202.2,274.1,221.7,554.9,-1,-1,-1,-1
1159,11,545.1,265.8,196.1,460.5,-1,-1,-1,-1
1159,9,863.3,263.6,224.1,601.8,-1,-1,-1,-1
1159,1,1451.2,178.9,345.6,674.3,-1,-1,-1,-1
1159,7,1105.7,285.4,180.9,443.0,-1,-1,-1,-1
1159,5,770.2,275.1,141.8,394.2,-1,-1,-1,-1
1159,3,174.5,270.0,247.4,560.2,-1,-1,-1,-1
1160,11,538.7,267.8,205.9,457.8,-1,-1,-1,-1
1160,9,860.0,272.0,239.0,594.0,-1,-1,-1,-1
1160,1,1459.4,164.7,337.5,687.8,-1,-1,-1,-1
1160,7,1113.8,285.0,171.5,442.6,-1,-1,-1,-1
1160,5,768.8,276.1,129.6,393.5,-1,-1,-1,-1
1160,3,169.0,267.6,245.4,564.0,-1,-1,-1,-1
1161,11,540.0,270.8,205.9,457.5,-1,-1,-1,-1
1161,9,847.8,268.3,243.0,597.0,-1,-1,-1,-1
1161,1,1466.1,230.5,270.0,624.0,-1,-1,-1,-1
1161,7,1105.7,282.2,171.5,444.8,-1,-1,-1,-1
1161,5,760.1,277.9,130.9,391.0,-1,-1,-1,-1
1161,3,178.2,263.6,227.5,569.4,-1,-1,-1,-1
1162,11,543.7,272.0,206.2,456.3,-1,-1,-1,-1
1162,9,847.1,266.8,232.2,593.2,-1,-1,-1,-1
1162,1,1475.6,255.7,264.6,596.2,-1,-1,-1,-1
1162,7,1093.5,280.6,175.5,446.3,-1,-1,-1,-1
1162,5,759.4,278.4,137.7,388.1,-1,-1,-1,-1
1162,3,177.9,262.6,227.5,569.0,-1,-1,-1,-1
1163,11,547.8,276.2,203.5,452.1,-1,-1,-1,-1
1163,9,842.4,263.6,205.2,589.6,-1,-1,-1,-1
1163,1,1460.7,255.0,221.4,596.2,-1,-1,-1,-1
1163,7,1080.7,277.8,174.2,451.2,-1,-1,-1,-1
1163,5,741.8,277.3,140.4,390.3,-1,-1,-1,-1
1163,3,168.0,264.4,248.5,566.5,-1,-1,-1,-1
1164,11,552.5,278.1,180.6,450.2,-1,-1,-1,-1
1164,9,837.0,261.2,213.3,594.0,-1,-1,-1,-1
1164,1,1440.5,248.1,245.7,603.8,-1,-1,-1,-1
1164,7,1073.2,277.8,183.6,451.2,-1,-1,-1,-1
1164,5,729.7,277.1,147.1,389.5,-1,-1,-1,-1
1164,3,166.6,265.4,256.9,566.8,-1,-1,-1,-1
1165,11,533.9,280.3,173.5,446.0,-1,-1,-1,-1
1165,9,821.5,259.9,228.1,603.5,-1,-1,-1,-1
1165,1,1400.0,233.4,313.2,622.5,-1,-1,-1,-1
1165,7,1068.5,279.3,206.6,449.0,-1,-1,-1,-1
1165,5,713.5,276.9,163.3,392.0,-1,-1,-1,-1
1165,3,159.7,265.1,269.9,566.5,-1,-1,-1,-1
1166,11,530.5,280.0,178.2,446.3,-1,-1,-1,-1
1166,9,819.5,260.6,236.3,602.1,-1,-1,-1,-1
1166,1,1387.8,229.0,264.6,626.2,-1,-1,-1,-1
1166,7,1067.2,280.3,228.2,448.7,-1,-1,-1,-1
1166,5,712.1,277.6,166.1,390.7,-1,-1,-1,-1
1166,3,157.6,263.8,265.9,567.8,-1,-1,-1,-1
1167,11,525.8,278.3,185.0,448.7,-1,-1,-1,-1
1167,9,816.8,265.1,228.2,596.2,-1,-1,-1,-1
1167,1,1382.4,221.7,259.2,632.8,-1,-1,-1,-1
1167,7,1065.2,282.0,230.8,446.3,-1,-1,-1,-1
1167,5,712.1,282.0,159.3,384.9,-1,-1,-1,-1
1167,3,161.3,260.0,237.3,571.6,-1,-1,-1,-1
1168,11,524.1,276.1,188.7,450.2,-1,-1,-1,-1
1168,9,818.1,267.0,220.0,594.3,-1,-1,-1,-1
1168,1,1381.1,225.3,256.5,627.2,-1,-1,-1,-1
1168,7,1067.8,282.8,213.3,444.8,-1,-1,-1,-1
1168,5,712.1,282.7,163.4,384.9,-1,-1,-1,-1
1168,3,166.1,258.0,218.0,573.6,-1,-1,-1,-1
1169,11,528.9,273.0,184.6,453.3,-1,-1,-1,-1
1169,9,818.8,267.0,216.0,595.7,-1,-1,-1,-1
1169,1,1381.1,239.3,248.4,613.9,-1,-1,-1,-1
1169,7,1063.8,283.8,186.3,443.8,-1,-1,-1,-1
1169,5,708.8,282.7,172.8,384.9,-1,-1,-1,-1
1169,3,175.5,257.3,204.5,573.6,-1,-1,-1,-1
1170,11,532.9,272.5,181.2,454.4,-1,-1,-1,-1
1170,9,817.4,267.3,218.7,595.4,-1,-1,-1,-1
1170,1,1381.1,236.3,248.4,617.6,-1,-1,-1,-1
1170,7,1054.3,285.5,197.1,441.5,-1,-1,-1,-1
1170,5,706.7,283.0,176.8,384.6,-1,-1,-1,-1
1170,3,181.7,255.5,201.0,576.1,-1,-1,-1,-1
1171,11,528.5,271.0,180.9,456.6,-1,-1,-1,-1
1171,9,819.5,266.1,221.4,596.5,-1,-1,-1,-1
1171,1,1380.4,237.8,249.1,616.8,-1,-1,-1,-1
1171,7,1032.1,285.4,221.4,442.3,-1,-1,-1,-1
1171,5,707.4,284.5,172.8,382.7,-1,-1,-1,-1
1171,3,193.1,253.6,205.9,576.6,-1,-1,-1,-1
1172,11,525.5,269.8,183.9,457.1,-1,-1,-1,-1
1172,9,819.5,266.0,221.4,597.4,-1,-1,-1,-1
1172,1,1379.7,234.9,251.1,619.0,-1,-1,-1,-1
1172,7,1029.4,284.7,226.8,443.0,-1,-1,-1,-1
1172,5,708.1,284.2,168.8,383.4,-1,-1,-1,-1
1172,3,194.7,253.0,214.0,578.0,-1,-1,-1,-1
1173,11,517.4,267.5,195.4,460.2,-1,-1,-1,-1
1173,9,821.5,264.6,218.7,598.7,-1,-1,-1,-1
1173,1,1380.4,231.0,258.5,621.5,-1,-1,-1,-1
1173,7,1069.2,279.3,194.4,449.0,-1,-1,-1,-1
1173,5,711.5,281.6,163.4,385.9,-1,-1,-1,-1
1173,3,197.8,250.3,223.4,581.3,-1,-1,-1,-1
1174,11,516.7,264.9,198.8,461.4,-1,-1,-1,-1
1174,9,829.6,264.1,212.0,599.9,-1,-1,-1,-1
1174,1,1383.8,226.6,256.5,627.2,-1,-1,-1,-1
1174,7,1077.3,274.7,190.3,453.6,-1,-1,-1,-1
1174,5,710.1,278.4,164.7,389.5,-1,-1,-1,-1
1174,3,198.1,249.9,224.8,583.7,-1,-1,-1,-1
1175,11,510.3,259.0,211.9,467.9,-1,-1,-1,-1
1175,9,830.9,260.4,222.8,604.3,-1,-1,-1,-1
1175,1,1420.2,219.7,216.0,637.5,-1,-1,-1,-1
1175,7,1078.7,267.8,189.0,459.8,-1,-1,-1,-1
1175,5,712.1,271.5,166.1,396.7,-1,-1,-1,-1
1175,3,196.6,252.1,223.9,582.2,-1,-1,-1,-1
1176,11,513.0,255.5,212.0,472.2,-1,-1,-1,-1
1176,9,828.2,259.0,239.0,604.3,-1,-1,-1,-1
1176,1,1427.0,220.4,216.0,636.9,-1,-1,-1,-1
1176,7,1078.0,267.5,190.4,460.9,-1,-1,-1,-1
1176,5,709.4,269.7,168.8,398.9,-1,-1,-1,-1
1176,3,193.1,253.3,226.8,581.7,-1,-1,-1,-1
1177,11,518.7,255.7,213.0,470.6,-1,-1,-1,-1
1177,9,826.2,261.1,259.2,599.6,-1,-1,-1,-1
1177,1,1429.7,231.5,221.4,625.1,-1,-1,-1,-1
1177,7,1077.3,273.0,191.7,456.0,-1,-1,-1,-1
1177,5,709.4,268.0,171.4,399.6,-1,-1,-1,-1
1177,3,192.4,255.3,226.1,580.3,-1,-1,-1,-1
1178,11,524.8,259.5,209.6,466.8,-1,-1,-1,-1
1178,9,828.2,262.2,259.2,599.1,-1,-1,-1,-1
1178,1,1431.0,241.7,224.1,614.3,-1,-1,-1,-1
1178,7,1077.3,278.1,191.7,450.2,-1,-1,-1,-1
1178,5,710.1,267.3,185.0,399.6,-1,-1,-1,-1
1178,3,190.4,254.0,231.2,581.7,-1,-1,-1,-1
1179,11,528.5,261.4,214.7,463.6,-1,-1,-1,-1
1179,9,832.3,260.0,257.8,601.3,-1,-1,-1,-1
1179,1,1427.0,248.2,224.1,609.0,-1,-1,-1,-1
1179,7,1077.3,282.3,199.8,446.0,-1,-1,-1,-1
1179,5,708.1,268.6,193.0,399.6,-1,-1,-1,-1
1179,3,193.6,249.2,243.2,585.1,-1,-1,-1,-1
1180,11,526.5,261.7,219.4,462.5,-1,-1,-1,-1
1180,9,832.3,255.2,260.6,606.8,-1,-1,-1,-1
1180,1,1428.3,247.6,224.1,610.4,-1,-1,-1,-1
1180,7,1077.3,283.5,214.7,444.8,-1,-1,-1,-1
1180,5,707.4,269.8,197.1,397.7,-1,-1,-1,-1
1180,3,196.1,246.7,242.3,586.2,-1,-1,-1,-1
1181,11,527.5,266.0,222.4,455.6,-1,-1,-1,-1
1181,9,826.2,241.5,275.4,619.8,-1,-1,-1,-1
1181,1,1428.3,252.8,226.8,607.2,-1,-1,-1,-1
1181,7,1078.0,277.8,237.6,451.2,-1,-1,-1,-1
1181,5,708.8,271.5,195.8,396.7,-1,-1,-1,-1
1181,3,200.5,242.5,248.4,581.7,-1,-1,-1,-1
1182,11,531.9,261.9,221.4,459.0,-1,-1,-1,-1
1182,9,778.3,231.0,326.7,628.9,-1,-1,-1,-1
1182,1,1429.7,252.6,226.8,606.0,-1,-1,-1,-1
1182,7,1078.0,268.6,243.0,459.0,-1,-1,-1,-1
1182,5,708.1,271.9,193.0,397.1,-1,-1,-1,-1
1182,3,203.2,237.6,237.6,585.9,-1,-1,-1,-1
1183,11,541.4,246.2,218.7,472.7,-1,-1,-1,-1
1183,9,826.2,192.2,288.9,669.1,-1,-1,-1,-1
1183,1,1429.7,231.7,248.4,627.6,-1,-1,-1,-1
1183,7,1085.4,243.5,239.0,484.8,-1,-1,-1,-1
1183,5,709.4,265.4,203.8,406.2,-1,-1,-1,-1
1183,3,213.0,214.7,228.2,608.2,-1,-1,-1,-1
1184,11,547.4,242.3,214.7,474.5,-1,-1,-1,-1
1184,9,826.2,163.0,293.0,686.1,-1,-1,-1,-1
1184,1,1431.0,205.7,253.8,652.2,-1,-1,-1,-1
1184,7,1105.7,233.2,218.7,495.8,-1,-1,-1,-1
1184,5,722.9,260.6,182.2,408.4,-1,-1,-1,-1
1184,3,218.4,217.2,222.4,605.6,-1,-1,-1,-1
1185,11,557.9,235.4,198.8,480.8,-1,-1,-1,-1
1185,9,827.6,150.2,291.6,697.6,-1,-1,-1,-1
1185,1,1468.8,160.3,256.5,688.8,-1,-1,-1,-1
1185,7,1139.4,179.2,185.0,539.0,-1,-1,-1,-1
1185,5,741.8,247.2,170.1,419.7,-1,-1,-1,-1
1185,3,226.1,214.0,241.7,598.7,-1,-1,-1,-1
1186,11,564.0,234.2,187.3,482.0,-1,-1,-1,-1
1186,9,830.2,148.8,286.2,694.9,-1,-1,-1,-1
1186,1,1481.0,142.1,256.5,701.7,-1,-1,-1,-1
1186,7,1144.8,183.3,178.2,536.3,-1,-1,-1,-1
1186,5,741.8,228.5,171.5,438.1,-1,-1,-1,-1
1186,3,228.5,215.7,248.4,588.9,-1,-1,-1,-1
1187,11,572.1,239.3,173.1,477.6,-1,-1,-1,-1
1187,9,839.7,163.4,271.4,679.7,-1,-1,-1,-1
1187,1,1476.9,125.2,237.6,717.2,-1,-1,-1,-1
1187,7,1146.8,230.0,168.8,492.2,-1,-1,-1,-1
1187,5,745.2,225.1,164.7,438.1,-1,-1,-1,-1
1187,3,234.2,221.2,263.2,583.4,-1,-1,-1,-1
1188,11,577.8,243.5,178.2,473.3,-1,-1,-1,-1
1188,9,844.4,171.5,267.3,673.0,-1,-1,-1,-1
1188,1,1472.9,122.9,237.6,719.6,-1,-1,-1,-1
1188,7,1144.1,238.4,167.4,483.1,-1,-1,-1,-1
1188,5,747.9,226.0,153.9,436.2,-1,-1,-1,-1
1188,3,241.7,220.9,252.4,583.7,-1,-1,-1,-1
1189,11,593.7,211.1,190.7,505.1,-1,-1,-1,-1
1189,9,853.2,158.3,260.5,689.5,-1,-1,-1,-1
1189,1,1467.5,124.5,256.5,716.5,-1,-1,-1,-1
1189,7,1140.1,252.1,168.8,470.1,-1,-1,-1,-1
1189,5,753.3,260.4,155.2,401.8,-1,-1,-1,-1
1189,3,259.2,204.5,229.5,603.5,-1,-1,-1,-1
1190,11,600.1,213.8,190.4,503.0,-1,-1,-1,-1
1190,9,861.3,157.6,255.2,688.8,-1,-1,-1,-1
1190,1,1462.1,128.6,272.7,711.1,-1,-1,-1,-1
1190,7,1140.8,256.3,167.4,465.2,-1,-1,-1,-1
1190,5,758.0,262.6,158.0,398.9,-1,-1,-1,-1
1190,3,264.3,178.7,220.7,634.7,-1,-1,-1,-1
1191,11,608.5,239.5,197.4,480.8,-1,-1,-1,-1
1191,9,874.8,180.2,249.8,661.5,-1,-1,-1,-1
1191,1,1468.8,138.0,278.1,700.3,-1,-1,-1,-1
1191,7,1144.8,222.9,176.8,499.3,-1,-1,-1,-1
1191,5,768.2,264.8,176.9,398.1,-1,-1,-1,-1
1191,3,288.6,186.0,199.8,625.4,-1,-1,-1,-1
1192,11,612.9,251.9,197.1,468.3,-1,-1,-1,-1
1192,9,862.7,210.9,264.6,631.5,-1,-1,-1,-1
1192,1,1478.2,160.7,278.1,678.4,-1,-1,-1,-1
1192,7,1148.9,213.3,179.5,508.9,-1,-1,-1,-1
1192,5,770.2,263.6,170.1,398.9,-1,-1,-1,-1
1192,3,283.2,197.1,203.9,614.3,-1,-1,-1,-1
1193,11,614.9,252.6,203.8,468.3,-1,-1,-1,-1
1193,9,893.0,239.6,237.6,602.1,-1,-1,-1,-1
1193,1,1489.1,195.8,278.1,650.0,-1,-1,-1,-1
1193,7,1154.2,219.2,178.2,505.1,-1,-1,-1,-1
1193,5,781.7,266.3,179.5,398.9,-1,-1,-1,-1
1193,3,277.4,227.6,209.9,583.7,-1,-1,-1,-1
1194,11,614.9,236.6,205.2,484.3,-1,-1,-1,-1
1194,9,893.7,244.4,237.6,598.7,-1,-1,-1,-1
1194,1,1498.5,203.3,270.0,642.4,-1,-1,-1,-1
1194,7,1157.0,255.0,172.8,467.9,-1,-1,-1,-1
1194,5,786.4,272.2,172.8,390.7,-1,-1,-1,-1
1194,3,279.1,232.2,209.2,579.2,-1,-1,-1,-1
1195,11,617.6,264.9,205.2,456.0,-1,-1,-1,-1
1195,9,901.8,257.2,233.6,587.3,-1,-1,-1,-1
1195,1,1502.6,204.0,272.7,642.4,-1,-1,-1,-1
1195,7,1157.6,269.7,178.2,453.9,-1,-1,-1,-1
1195,5,798.5,268.6,163.4,394.2,-1,-1,-1,-1
1195,3,285.9,231.5,201.8,582.5,-1,-1,-1,-1
1196,11,617.6,266.8,205.2,454.8,-1,-1,-1,-1
1196,9,899.8,261.2,237.6,582.5,-1,-1,-1,-1
1196,1,1501.2,217.5,278.1,628.9,-1,-1,-1,-1
1196,7,1157.6,274.9,182.2,448.7,-1,-1,-1,-1
1196,5,801.9,275.4,164.7,388.8,-1,-1,-1,-1
1196,3,282.7,238.8,204.7,576.6,-1,-1,-1,-1
1197,11,618.0,269.0,205.5,453.3,-1,-1,-1,-1
1197,9,913.3,263.8,228.2,580.0,-1,-1,-1,-1
1197,1,1502.6,230.0,283.5,616.4,-1,-1,-1,-1
1197,7,1159.7,281.0,190.3,443.3,-1,-1,-1,-1
1197,5,807.3,274.4,164.7,388.1,-1,-1,-1,-1
1197,3,270.7,247.7,217.4,569.0,-1,-1,-1,-1
1198,11,617.3,269.0,205.5,453.3,-1,-1,-1,-1
1198,9,911.2,268.3,234.9,575.4,-1,-1,-1,-1
1198,1,1505.2,235.1,286.2,610.7,-1,-1,-1,-1
1198,7,1159.0,281.3,194.4,443.0,-1,-1,-1,-1
1198,5,810.0,275.1,171.5,388.1,-1,-1,-1,-1
1198,3,267.3,250.8,220.7,566.0,-1,-1,-1,-1
1199,11,620.0,263.9,198.8,459.0,-1,-1,-1,-1
1199,9,878.9,267.6,274.0,576.1,-1,-1,-1,-1
1199,1,1508.0,238.3,286.2,608.2,-1,-1,-1,-1
1199,7,1154.9,281.0,198.4,443.3,-1,-1,-1,-1
1199,5,812.0,275.1,178.2,388.8,-1,-1,-1,-1
1199,3,253.0,255.8,235.7,560.2,-1,-1,-1,-1
1200,11,622.4,260.4,194.4,462.5,-1,-1,-1,-1
1200,9,884.9,269.2,271.3,573.2,-1,-1,-1,-1
1200,1,1509.3,237.3,286.2,607.8,-1,-1,-1,-1
1200,7,1152.9,279.8,195.8,443.8,-1,-1,-1,-1
1200,5,813.4,273.2,175.5,390.3,-1,-1,-1,-1
1200,3,251.8,255.0,237.6,561.1,-1,-1,-1,-1
1201,11,622.4,244.0,172.8,479.6,-1,-1,-1,-1
1201,9,894.4,268.1,261.9,573.6,-1,-1,-1,-1
1201,1,1514.7,230.7,278.1,615.1,-1,-1,-1,-1
1201,7,1157.0,271.5,176.8,452.1,-1,-1,-1,-1
1201,5,814.7,272.2,171.5,391.3,-1,-1,-1,-1
1201,3,256.5,249.2,231.5,566.8,-1,-1,-1,-1
1202,11,620.0,233.0,171.1,489.9,-1,-1,-1,-1
1202,9,893.0,267.5,260.6,573.6,-1,-1,-1,-1
1202,1,1514.7,228.0,272.7,616.4,-1,-1,-1,-1
1202,7,1159.7,266.5,167.4,457.1,-1,-1,-1,-1
1202,5,814.1,269.0,164.7,395.6,-1,-1,-1,-1
1202,3,261.6,237.1,226.8,578.3,-1,-1,-1,-1
1203,11,613.2,230.5,180.6,491.7,-1,-1,-1,-1
1203,9,925.4,263.2,213.3,575.8,-1,-1,-1,-1
1203,1,1520.1,225.1,248.4,618.6,-1,-1,-1,-1
1203,7,1159.0,257.0,159.3,467.9,-1,-1,-1,-1
1203,5,810.7,254.1,158.0,409.7,-1,-1,-1,-1
1203,3,265.1,212.5,224.9,600.9,-1,-1,-1,-1
