1,16.0,477.0,420.3,68.4,160.2,-1,-1,-1,-1
1,15.0,730.3,432.0,62.1,151.2,-1,-1,-1,-1
1,14.0,904.9,477.9,87.7,148.5,-1,-1,-1,-1
1,13.0,459.7,372.1,68.2,180.0,-1,-1,-1,-1
1,12.0,705.1,373.7,50.4,173.9,-1,-1,-1,-1
1,11.0,744.7,463.5,76.5,141.3,-1,-1,-1,-1
1,10.0,310.9,461.7,76.0,176.4,-1,-1,-1,-1
1,9.0,324.0,510.7,102.6,147.6,-1,-1,-1,-1
1,8.0,485.5,451.1,99.9,151.4,-1,-1,-1,-1
1,7.0,424.6,451.3,92.9,150.3,-1,-1,-1,-1
1,6.0,925.2,500.4,86.4,160.2,-1,-1,-1,-1
1,5.0,267.8,511.6,88.2,143.1,-1,-1,-1,-1
1,4.0,859.5,511.2,86.4,141.3,-1,-1,-1,-1
1,3.0,673.6,473.8,91.8,124.2,-1,-1,-1,-1
1,2.0,115.6,420.1,43.0,184.3,-1,-1,-1,-1
1,1.0,1140.3,421.9,59.4,195.1,-1,-1,-1,-1
2,16.0,476.5,418.9,66.6,162.9,-1,-1,-1,-1
2,15.0,730.3,435.6,66.6,146.7,-1,-1,-1,-1
2,14.0,904.9,478.3,87.8,143.1,-1,-1,-1,-1
2,13.0,459.7,372.1,67.7,179.1,-1,-1,-1,-1
2,12.0,705.1,373.7,51.3,177.1,-1,-1,-1,-1
2,11.0,743.8,467.5,76.5,136.8,-1,-1,-1,-1
2,10.0,310.9,460.8,74.7,169.2,-1,-1,-1,-1
2,9.0,324.9,508.9,103.0,149.4,-1,-1,-1,-1
2,8.0,489.1,453.6,96.3,148.5,-1,-1,-1,-1
2,7.0,424.3,450.4,92.7,151.2,-1,-1,-1,-1
2,6.0,926.1,500.8,84.6,159.3,-1,-1,-1,-1
2,5.0,267.8,511.2,88.2,144.0,-1,-1,-1,-1
2,4.0,859.5,511.2,87.3,141.3,-1,-1,-1,-1
2,3.0,673.6,473.4,91.8,125.1,-1,-1,-1,-1
2,2.0,115.4,420.1,43.2,184.3,-1,-1,-1,-1
2,1.0,1140.3,421.9,59.4,195.1,-1,-1,-1,-1
3,16.0,474.7,433.8,72.9,148.5,-1,-1,-1,-1
3,15.0,734.4,440.5,74.7,146.7,-1,-1,-1,-1
3,14.0,904.5,478.8,88.2,147.6,-1,-1,-1,-1
3,13.0,459.9,372.4,65.7,181.1,-1,-1,-1,-1
3,12.0,705.1,373.5,53.1,175.5,-1,-1,-1,-1
3,11.0,743.8,468.4,76.5,135.9,-1,-1,-1,-1
3,10.0,310.7,460.3,74.7,169.2,-1,-1,-1,-1
3,9.0,329.6,508.0,98.6,150.3,-1,-1,-1,-1
3,8.0,490.5,454.7,95.4,147.4,-1,-1,-1,-1
3,7.0,424.8,452.5,93.6,148.7,-1,-1,-1,-1
3,6.0,928.8,501.7,82.8,158.4,-1,-1,-1,-1
3,5.0,268.0,510.7,87.3,144.0,-1,-1,-1,-1
3,4.0,859.5,511.2,91.8,141.3,-1,-1,-1,-1
3,3.0,673.6,473.4,92.7,125.1,-1,-1,-1,-1
3,2.0,115.5,420.1,43.2,184.3,-1,-1,-1,-1
3,1.0,1140.3,421.9,59.4,195.1,-1,-1,-1,-1
4,16.0,476.1,422.5,68.4,160.2,-1,-1,-1,-1
4,15.0,738.0,443.7,71.1,144.0,-1,-1,-1,-1
4,14.0,902.7,478.3,90.0,144.9,-1,-1,-1,-1
4,13.0,459.9,373.0,65.7,177.3,-1,-1,-1,-1
4,12.0,705.1,373.7,52.2,173.5,-1,-1,-1,-1
4,11.0,742.9,470.7,77.4,133.2,-1,-1,-1,-1
4,10.0,310.7,460.3,75.1,162.9,-1,-1,-1,-1
4,9.0,316.6,510.3,111.6,147.6,-1,-1,-1,-1
4,8.0,488.7,455.8,97.2,145.8,-1,-1,-1,-1
4,7.0,424.6,454.0,90.2,147.6,-1,-1,-1,-1
4,6.0,930.6,502.2,81.0,158.4,-1,-1,-1,-1
4,5.0,268.0,511.2,86.9,144.0,-1,-1,-1,-1
4,4.0,859.5,511.2,89.1,141.3,-1,-1,-1,-1
4,3.0,673.6,473.4,92.7,125.1,-1,-1,-1,-1
4,2.0,115.4,420.1,43.2,184.3,-1,-1,-1,-1
4,1.0,1140.3,421.9,59.4,195.1,-1,-1,-1,-1
5,16.0,475.2,425.2,67.5,160.2,-1,-1,-1,-1
5,15.0,736.6,446.8,70.2,140.4,-1,-1,-1,-1
5,14.0,903.1,478.8,88.6,140.4,-1,-1,-1,-1
5,13.0,459.7,373.0,65.9,179.1,-1,-1,-1,-1
5,12.0,705.1,373.7,52.2,172.6,-1,-1,-1,-1
5,11.0,743.8,474.3,76.5,130.5,-1,-1,-1,-1
5,10.0,310.5,460.3,75.6,167.4,-1,-1,-1,-1
5,9.0,326.0,510.3,102.1,147.6,-1,-1,-1,-1
5,8.0,489.1,456.7,97.2,144.9,-1,-1,-1,-1
5,7.0,424.3,454.9,90.9,146.7,-1,-1,-1,-1
5,6.0,929.7,504.9,82.8,155.7,-1,-1,-1,-1
5,5.0,268.0,511.2,87.3,144.0,-1,-1,-1,-1
5,4.0,859.5,512.1,88.2,140.4,-1,-1,-1,-1
5,3.0,673.2,474.3,93.6,124.2,-1,-1,-1,-1
5,2.0,115.6,420.3,43.0,183.6,-1,-1,-1,-1
5,1.0,1140.3,421.6,59.4,195.3,-1,-1,-1,-1
6,16.0,476.5,427.5,62.1,159.3,-1,-1,-1,-1
6,15.0,736.6,446.8,68.4,141.3,-1,-1,-1,-1
6,14.0,903.1,480.1,89.5,151.2,-1,-1,-1,-1
6,13.0,459.7,372.4,65.5,172.6,-1,-1,-1,-1
6,12.0,705.1,373.5,51.3,174.6,-1,-1,-1,-1
6,11.0,744.7,474.3,75.6,130.5,-1,-1,-1,-1
6,10.0,310.9,461.7,76.0,169.2,-1,-1,-1,-1
6,9.0,332.5,510.3,95.9,147.6,-1,-1,-1,-1
6,8.0,490.0,456.1,96.3,146.0,-1,-1,-1,-1
6,7.0,424.8,454.9,95.4,146.7,-1,-1,-1,-1
6,6.0,928.8,505.8,82.8,154.8,-1,-1,-1,-1
6,5.0,268.4,510.7,87.3,144.0,-1,-1,-1,-1
6,4.0,859.5,513.0,84.6,139.5,-1,-1,-1,-1
6,3.0,673.6,474.3,92.7,124.2,-1,-1,-1,-1
6,2.0,115.3,420.7,43.4,183.6,-1,-1,-1,-1
6,1.0,1140.3,421.2,59.4,196.2,-1,-1,-1,-1
7,16.0,476.5,430.6,67.5,155.7,-1,-1,-1,-1
7,15.0,737.5,443.2,67.5,144.9,-1,-1,-1,-1
7,14.0,904.0,480.6,88.7,156.6,-1,-1,-1,-1
7,13.0,459.7,372.8,64.6,173.9,-1,-1,-1,-1
7,12.0,704.7,373.5,54.0,175.5,-1,-1,-1,-1
7,11.0,744.3,473.8,75.6,130.5,-1,-1,-1,-1
7,10.0,311.6,462.1,74.2,177.3,-1,-1,-1,-1
7,9.0,334.8,512.1,94.0,145.8,-1,-1,-1,-1
7,8.0,492.7,457.4,93.6,144.2,-1,-1,-1,-1
7,7.0,425.2,457.6,95.4,144.0,-1,-1,-1,-1
7,6.0,927.0,511.6,84.6,148.5,-1,-1,-1,-1
7,5.0,268.4,509.4,86.9,145.8,-1,-1,-1,-1
7,4.0,859.9,513.9,83.2,138.6,-1,-1,-1,-1
7,3.0,673.2,474.3,92.7,124.2,-1,-1,-1,-1
7,2.0,115.0,420.7,43.7,183.6,-1,-1,-1,-1
7,1.0,1140.3,421.4,59.4,196.0,-1,-1,-1,-1
8,16.0,475.6,431.8,67.5,155.9,-1,-1,-1,-1
8,15.0,737.5,432.2,66.6,154.6,-1,-1,-1,-1
8,14.0,909.9,486.9,82.8,153.9,-1,-1,-1,-1
8,13.0,459.9,372.8,59.4,173.5,-1,-1,-1,-1
8,12.0,706.0,373.5,50.4,174.6,-1,-1,-1,-1
8,11.0,743.4,468.9,76.5,135.9,-1,-1,-1,-1
8,10.0,310.7,466.2,76.5,177.3,-1,-1,-1,-1
8,9.0,335.9,510.7,92.2,147.6,-1,-1,-1,-1
8,8.0,490.5,459.9,95.4,141.3,-1,-1,-1,-1
8,7.0,425.7,458.3,91.8,143.3,-1,-1,-1,-1
8,6.0,924.3,513.0,86.4,147.6,-1,-1,-1,-1
8,5.0,268.9,512.1,87.3,143.1,-1,-1,-1,-1
8,4.0,859.0,513.9,79.6,138.6,-1,-1,-1,-1
8,3.0,675.0,472.5,90.0,126.0,-1,-1,-1,-1
8,2.0,115.1,421.4,43.9,183.4,-1,-1,-1,-1
8,1.0,1140.3,420.7,59.4,196.2,-1,-1,-1,-1
9,16.0,477.0,428.4,63.0,159.3,-1,-1,-1,-1
9,15.0,731.2,427.9,72.0,157.5,-1,-1,-1,-1
9,14.0,907.6,486.9,84.1,153.9,-1,-1,-1,-1
9,13.0,460.1,372.6,66.8,176.4,-1,-1,-1,-1
9,12.0,706.0,374.2,49.5,173.9,-1,-1,-1,-1
9,11.0,745.2,468.9,74.7,135.9,-1,-1,-1,-1
9,10.0,311.2,468.4,76.9,176.4,-1,-1,-1,-1
9,9.0,336.4,515.2,91.8,143.1,-1,-1,-1,-1
9,8.0,490.5,460.1,95.4,142.0,-1,-1,-1,-1
9,7.0,426.4,459.2,92.0,142.9,-1,-1,-1,-1
9,6.0,924.3,513.9,86.4,146.7,-1,-1,-1,-1
9,5.0,268.6,513.4,86.4,142.2,-1,-1,-1,-1
9,4.0,859.5,515.2,81.0,136.8,-1,-1,-1,-1
9,3.0,675.4,469.8,88.2,128.7,-1,-1,-1,-1
9,2.0,114.9,421.9,44.1,182.5,-1,-1,-1,-1
9,1.0,1140.3,420.7,59.4,196.2,-1,-1,-1,-1
10,16.0,477.9,415.1,67.5,164.0,-1,-1,-1,-1
10,15.0,732.1,419.4,71.1,164.7,-1,-1,-1,-1
10,14.0,904.0,482.8,86.9,157.5,-1,-1,-1,-1
10,13.0,460.1,373.3,73.1,184.3,-1,-1,-1,-1
10,12.0,706.0,374.2,56.7,173.9,-1,-1,-1,-1
10,11.0,742.9,461.2,74.7,143.1,-1,-1,-1,-1
10,10.0,310.9,471.1,78.8,174.6,-1,-1,-1,-1
10,9.0,337.3,517.5,90.0,141.3,-1,-1,-1,-1
10,8.0,492.3,455.6,91.8,146.5,-1,-1,-1,-1
10,7.0,428.4,457.0,90.9,144.7,-1,-1,-1,-1
10,6.0,923.4,513.9,84.6,145.8,-1,-1,-1,-1
10,5.0,269.5,514.3,85.9,141.3,-1,-1,-1,-1
10,4.0,859.5,515.7,77.4,136.8,-1,-1,-1,-1
10,3.0,677.2,461.7,82.8,136.8,-1,-1,-1,-1
10,2.0,114.3,422.8,45.0,181.1,-1,-1,-1,-1
10,1.0,1140.3,421.2,59.4,196.2,-1,-1,-1,-1
11,16.0,477.9,408.4,68.4,170.8,-1,-1,-1,-1
11,15.0,730.8,415.8,70.2,170.1,-1,-1,-1,-1
11,14.0,901.8,476.1,86.4,131.4,-1,-1,-1,-1
11,13.0,459.9,373.5,73.8,179.1,-1,-1,-1,-1
11,12.0,705.6,374.4,58.5,174.6,-1,-1,-1,-1
11,11.0,745.2,457.4,70.2,147.4,-1,-1,-1,-1
11,10.0,311.2,471.1,78.3,173.7,-1,-1,-1,-1
11,9.0,336.1,516.6,90.9,142.2,-1,-1,-1,-1
11,8.0,495.4,448.4,87.3,153.7,-1,-1,-1,-1
11,7.0,429.7,453.8,83.7,148.3,-1,-1,-1,-1
11,6.0,923.4,513.0,84.6,147.6,-1,-1,-1,-1
11,5.0,269.1,512.5,85.5,143.1,-1,-1,-1,-1
11,4.0,860.4,514.8,78.3,137.7,-1,-1,-1,-1
11,3.0,678.6,458.8,82.8,139.7,-1,-1,-1,-1
11,2.0,113.3,423.4,46.1,180.9,-1,-1,-1,-1
11,1.0,1140.3,421.2,59.4,196.2,-1,-1,-1,-1
12,16.0,477.9,402.7,68.4,169.2,-1,-1,-1,-1
12,15.0,729.9,405.9,73.8,177.3,-1,-1,-1,-1
12,14.0,901.3,466.2,81.4,129.6,-1,-1,-1,-1
12,13.0,459.4,373.3,66.6,173.9,-1,-1,-1,-1
12,12.0,705.1,374.8,61.2,171.9,-1,-1,-1,-1
12,11.0,745.2,449.8,65.7,154.1,-1,-1,-1,-1
12,10.0,312.5,462.6,76.9,179.1,-1,-1,-1,-1
12,9.0,336.1,513.9,90.0,144.9,-1,-1,-1,-1
12,8.0,486.9,438.7,93.6,162.9,-1,-1,-1,-1
12,7.0,431.5,450.0,90.9,151.2,-1,-1,-1,-1
12,6.0,926.1,507.1,81.0,153.0,-1,-1,-1,-1
12,5.0,270.7,511.2,84.6,144.0,-1,-1,-1,-1
12,4.0,860.8,513.0,77.8,139.5,-1,-1,-1,-1
12,3.0,681.7,444.8,75.6,153.7,-1,-1,-1,-1
12,2.0,112.5,424.6,46.8,179.3,-1,-1,-1,-1
12,1.0,1140.3,422.1,59.4,195.3,-1,-1,-1,-1
13,16.0,478.8,401.6,64.8,169.0,-1,-1,-1,-1
13,15.0,729.4,396.2,54.0,148.3,-1,-1,-1,-1
13,14.0,902.2,463.0,80.5,131.4,-1,-1,-1,-1
13,13.0,459.4,373.0,69.3,174.6,-1,-1,-1,-1
13,12.0,705.6,374.4,59.4,168.3,-1,-1,-1,-1
13,11.0,746.5,444.4,62.1,159.5,-1,-1,-1,-1
13,10.0,313.2,460.3,77.0,161.1,-1,-1,-1,-1
13,9.0,322.9,512.5,102.2,145.8,-1,-1,-1,-1
13,8.0,497.7,436.7,81.0,165.4,-1,-1,-1,-1
13,7.0,432.9,445.0,90.9,155.7,-1,-1,-1,-1
13,6.0,925.2,502.2,81.0,157.5,-1,-1,-1,-1
13,5.0,271.3,509.8,83.7,145.8,-1,-1,-1,-1
13,4.0,861.3,511.2,80.1,141.3,-1,-1,-1,-1
13,3.0,683.5,441.4,77.4,157.5,-1,-1,-1,-1
13,2.0,112.4,424.8,47.0,179.1,-1,-1,-1,-1
13,1.0,1140.3,422.5,59.4,195.3,-1,-1,-1,-1
14,16.0,478.3,399.4,83.7,182.9,-1,-1,-1,-1
14,15.0,724.5,381.8,58.5,148.7,-1,-1,-1,-1
14,14.0,903.1,455.6,77.8,126.7,-1,-1,-1,-1
14,13.0,458.8,374.4,73.6,167.4,-1,-1,-1,-1
14,12.0,706.5,374.6,58.5,157.7,-1,-1,-1,-1
14,11.0,744.3,436.7,63.0,165.4,-1,-1,-1,-1
14,10.0,313.2,449.1,73.8,149.4,-1,-1,-1,-1
14,9.0,333.0,505.8,91.8,153.0,-1,-1,-1,-1
14,8.0,484.6,434.5,90.9,167.6,-1,-1,-1,-1
14,7.0,436.7,437.6,76.7,163.6,-1,-1,-1,-1
14,6.0,920.2,495.9,82.4,163.8,-1,-1,-1,-1
14,5.0,272.7,503.5,83.7,152.1,-1,-1,-1,-1
14,4.0,863.1,504.9,79.2,147.6,-1,-1,-1,-1
14,3.0,687.1,433.1,77.4,166.3,-1,-1,-1,-1
14,2.0,111.8,425.2,47.8,179.1,-1,-1,-1,-1
14,1.0,1140.3,422.8,59.4,195.1,-1,-1,-1,-1
15,16.0,480.1,393.7,74.7,185.4,-1,-1,-1,-1
15,15.0,726.7,377.5,65.7,151.2,-1,-1,-1,-1
15,14.0,903.1,447.7,80.5,138.6,-1,-1,-1,-1
15,13.0,458.5,374.4,75.6,157.9,-1,-1,-1,-1
15,12.0,706.0,374.8,58.5,156.6,-1,-1,-1,-1
15,11.0,743.8,434.2,65.7,168.3,-1,-1,-1,-1
15,10.0,315.0,444.4,71.1,155.9,-1,-1,-1,-1
15,9.0,323.1,500.8,101.2,157.5,-1,-1,-1,-1
15,8.0,486.9,434.7,86.4,167.4,-1,-1,-1,-1
15,7.0,439.9,432.4,74.5,168.3,-1,-1,-1,-1
15,6.0,925.2,492.3,75.6,167.4,-1,-1,-1,-1
15,5.0,273.4,500.8,82.8,154.8,-1,-1,-1,-1
15,4.0,863.5,500.8,74.2,152.1,-1,-1,-1,-1
15,3.0,688.5,430.2,76.5,168.3,-1,-1,-1,-1
15,2.0,111.7,425.9,48.0,178.4,-1,-1,-1,-1
15,1.0,1140.3,422.5,59.4,195.3,-1,-1,-1,-1
16,16.0,480.1,385.0,69.3,200.9,-1,-1,-1,-1
16,15.0,724.0,370.3,58.5,138.6,-1,-1,-1,-1
16,14.0,901.8,436.5,81.0,137.7,-1,-1,-1,-1
16,12.0,705.6,374.4,49.5,158.4,-1,-1,-1,-1
16,11.0,734.4,419.4,73.8,185.4,-1,-1,-1,-1
16,10.0,318.8,436.0,68.0,143.1,-1,-1,-1,-1
16,9.0,318.8,491.8,103.0,166.5,-1,-1,-1,-1
16,8.0,495.4,424.3,72.9,178.2,-1,-1,-1,-1
16,7.0,444.4,426.6,74.5,174.6,-1,-1,-1,-1
16,6.0,920.7,482.8,79.2,177.3,-1,-1,-1,-1
16,5.0,276.8,494.5,78.3,161.1,-1,-1,-1,-1
16,4.0,865.8,493.2,74.7,159.3,-1,-1,-1,-1
16,3.0,691.2,427.3,70.2,168.5,-1,-1,-1,-1
16,2.0,111.5,425.2,48.7,179.1,-1,-1,-1,-1
16,1.0,1140.3,422.8,59.4,195.1,-1,-1,-1,-1
17,16.0,479.2,380.9,70.2,197.8,-1,-1,-1,-1
17,15.0,721.8,367.9,59.4,135.2,-1,-1,-1,-1
17,14.0,900.4,431.8,72.5,128.9,-1,-1,-1,-1
17,12.0,705.6,373.9,49.5,158.4,-1,-1,-1,-1
17,11.0,733.9,421.6,72.9,181.8,-1,-1,-1,-1
17,10.0,320.4,431.3,64.3,139.7,-1,-1,-1,-1
17,9.0,320.4,486.4,99.9,171.9,-1,-1,-1,-1
17,8.0,493.2,414.9,73.8,187.2,-1,-1,-1,-1
17,7.0,446.4,423.9,77.4,177.3,-1,-1,-1,-1
17,6.0,921.1,477.4,78.8,182.7,-1,-1,-1,-1
17,5.0,278.5,490.5,77.9,164.7,-1,-1,-1,-1
17,4.0,866.7,489.6,74.7,162.9,-1,-1,-1,-1
17,3.0,691.2,425.7,65.7,171.9,-1,-1,-1,-1
17,2.0,111.9,426.1,48.4,177.3,-1,-1,-1,-1
17,1.0,1140.3,422.8,59.4,195.1,-1,-1,-1,-1
18,16.0,477.0,373.5,68.4,160.6,-1,-1,-1,-1
18,15.0,721.8,366.3,58.5,138.1,-1,-1,-1,-1
18,14.0,900.4,424.8,72.5,135.9,-1,-1,-1,-1
18,12.0,704.7,374.6,47.7,158.6,-1,-1,-1,-1
18,11.0,733.9,422.5,71.1,180.9,-1,-1,-1,-1
18,10.0,320.8,421.6,63.0,142.2,-1,-1,-1,-1
18,9.0,330.3,478.8,88.6,180.0,-1,-1,-1,-1
18,8.0,495.0,412.9,70.2,189.2,-1,-1,-1,-1
18,7.0,448.2,420.5,76.5,179.8,-1,-1,-1,-1
18,6.0,920.7,463.5,75.6,195.3,-1,-1,-1,-1
18,5.0,281.5,486.0,73.4,168.3,-1,-1,-1,-1
18,4.0,867.6,484.6,68.4,167.4,-1,-1,-1,-1
18,3.0,691.2,428.2,65.7,171.2,-1,-1,-1,-1
18,2.0,112.0,427.5,47.9,175.5,-1,-1,-1,-1
18,1.0,1140.3,422.8,59.4,195.1,-1,-1,-1,-1
19,16.0,474.7,371.2,70.2,153.4,-1,-1,-1,-1
19,15.0,721.3,368.1,59.4,139.0,-1,-1,-1,-1
19,14.0,898.6,423.0,68.8,139.5,-1,-1,-1,-1
19,12.0,704.2,375.1,49.5,163.1,-1,-1,-1,-1
19,11.0,734.4,425.2,71.1,179.1,-1,-1,-1,-1
19,10.0,321.3,418.9,62.5,144.9,-1,-1,-1,-1
19,9.0,336.1,478.3,82.3,180.0,-1,-1,-1,-1
19,8.0,493.2,413.5,70.2,188.1,-1,-1,-1,-1
19,7.0,448.6,419.8,75.6,179.1,-1,-1,-1,-1
19,6.0,920.2,465.7,72.5,192.6,-1,-1,-1,-1
19,5.0,282.6,483.7,72.9,170.1,-1,-1,-1,-1
19,4.0,868.0,482.8,65.2,170.1,-1,-1,-1,-1
19,3.0,689.8,429.1,69.3,170.8,-1,-1,-1,-1
19,2.0,112.9,427.7,47.0,175.3,-1,-1,-1,-1
19,1.0,1140.3,422.5,59.4,195.3,-1,-1,-1,-1
20,16.0,474.7,368.5,70.2,153.5,-1,-1,-1,-1
20,15.0,720.0,375.5,60.3,153.7,-1,-1,-1,-1
20,14.0,896.8,422.1,61.6,137.7,-1,-1,-1,-1
20,11.0,735.3,434.2,65.7,169.2,-1,-1,-1,-1
20,10.0,322.0,412.6,61.6,155.7,-1,-1,-1,-1
20,9.0,337.9,478.3,80.1,181.8,-1,-1,-1,-1
20,8.0,490.9,413.3,71.1,186.1,-1,-1,-1,-1
20,7.0,448.4,421.0,69.5,178.0,-1,-1,-1,-1
20,6.0,913.0,469.8,83.2,189.0,-1,-1,-1,-1
20,5.0,287.1,483.3,69.3,173.7,-1,-1,-1,-1
20,4.0,867.6,482.8,59.4,171.0,-1,-1,-1,-1
20,3.0,689.4,435.1,73.8,164.7,-1,-1,-1,-1
20,2.0,114.6,430.2,49.2,174.6,-1,-1,-1,-1
20,1.0,1140.3,423.2,59.4,195.1,-1,-1,-1,-1
21,16.0,474.3,368.8,71.1,153.7,-1,-1,-1,-1
21,15.0,717.7,379.6,59.4,155.9,-1,-1,-1,-1
21,14.0,896.4,422.8,63.0,138.8,-1,-1,-1,-1
21,11.0,734.4,437.4,65.7,166.5,-1,-1,-1,-1
21,10.0,322.6,413.5,60.3,156.6,-1,-1,-1,-1
21,9.0,341.5,480.1,75.6,180.0,-1,-1,-1,-1
21,8.0,495.4,414.0,67.5,185.4,-1,-1,-1,-1
21,7.0,448.2,423.2,72.0,178.0,-1,-1,-1,-1
21,6.0,913.5,471.6,79.2,188.1,-1,-1,-1,-1
21,5.0,289.1,485.5,68.4,171.0,-1,-1,-1,-1
21,4.0,867.1,483.7,76.0,170.1,-1,-1,-1,-1
21,3.0,689.4,438.7,73.8,161.1,-1,-1,-1,-1
21,2.0,115.0,431.5,50.9,174.6,-1,-1,-1,-1
21,1.0,1140.3,422.3,59.4,196.0,-1,-1,-1,-1
22,16.0,479.2,373.5,67.5,155.3,-1,-1,-1,-1
22,15.0,718.2,384.3,61.2,148.0,-1,-1,-1,-1
22,14.0,893.7,423.0,61.2,144.9,-1,-1,-1,-1
22,11.0,733.9,443.7,67.5,160.2,-1,-1,-1,-1
22,10.0,327.4,413.3,53.1,172.6,-1,-1,-1,-1
22,9.0,342.9,484.2,72.9,176.4,-1,-1,-1,-1
22,8.0,492.3,420.3,72.0,183.6,-1,-1,-1,-1
22,7.0,449.5,431.1,72.0,170.1,-1,-1,-1,-1
22,6.0,910.8,478.8,75.6,182.7,-1,-1,-1,-1
22,5.0,291.1,490.9,67.9,167.4,-1,-1,-1,-1
22,4.0,867.1,487.8,64.3,166.5,-1,-1,-1,-1
22,3.0,689.4,445.0,67.5,155.7,-1,-1,-1,-1
22,2.0,115.6,433.8,54.2,174.6,-1,-1,-1,-1
22,1.0,1140.3,422.5,59.4,195.3,-1,-1,-1,-1
23,16.0,478.8,374.4,60.3,152.1,-1,-1,-1,-1
23,15.0,718.6,386.3,57.6,151.4,-1,-1,-1,-1
23,14.0,892.8,424.8,61.2,145.8,-1,-1,-1,-1
23,11.0,734.4,446.8,67.5,157.5,-1,-1,-1,-1
23,10.0,331.0,413.5,49.1,170.1,-1,-1,-1,-1
23,9.0,344.0,487.3,70.6,174.6,-1,-1,-1,-1
23,8.0,494.5,425.0,69.3,178.0,-1,-1,-1,-1
23,7.0,450.2,429.3,70.9,171.9,-1,-1,-1,-1
23,6.0,910.8,481.5,75.6,180.9,-1,-1,-1,-1
23,5.0,292.5,493.2,68.8,164.7,-1,-1,-1,-1
23,4.0,867.1,490.5,60.8,163.8,-1,-1,-1,-1
23,3.0,688.9,447.1,69.3,154.1,-1,-1,-1,-1
23,2.0,115.3,435.1,56.0,175.5,-1,-1,-1,-1
23,1.0,1141.2,422.3,57.6,196.0,-1,-1,-1,-1
24,16.0,479.2,375.3,63.9,147.1,-1,-1,-1,-1
24,15.0,711.0,383.2,65.7,159.5,-1,-1,-1,-1
24,14.0,891.4,425.7,54.5,151.2,-1,-1,-1,-1
24,11.0,734.4,448.9,67.5,155.9,-1,-1,-1,-1
24,10.0,333.9,408.1,44.1,171.9,-1,-1,-1,-1
24,9.0,342.0,486.4,71.1,175.5,-1,-1,-1,-1
24,8.0,495.4,434.5,67.5,169.4,-1,-1,-1,-1
24,7.0,451.3,441.9,66.6,160.2,-1,-1,-1,-1
24,6.0,910.3,491.4,73.3,171.9,-1,-1,-1,-1
24,5.0,295.9,491.4,66.1,166.5,-1,-1,-1,-1
24,4.0,868.5,492.3,63.9,162.0,-1,-1,-1,-1
24,3.0,688.5,448.2,72.0,153.9,-1,-1,-1,-1
24,2.0,115.9,438.5,57.6,173.9,-1,-1,-1,-1
24,1.0,1141.2,422.3,57.6,196.0,-1,-1,-1,-1
25,16.0,479.2,372.1,63.0,149.9,-1,-1,-1,-1
25,15.0,715.5,379.8,59.4,152.1,-1,-1,-1,-1
25,14.0,890.1,423.2,53.1,152.3,-1,-1,-1,-1
25,11.0,733.9,448.9,68.4,155.9,-1,-1,-1,-1
25,10.0,335.7,398.9,44.1,178.4,-1,-1,-1,-1
25,9.0,340.6,484.2,72.9,178.2,-1,-1,-1,-1
25,8.0,495.4,435.1,66.6,169.2,-1,-1,-1,-1
25,7.0,451.1,445.0,69.5,156.6,-1,-1,-1,-1
25,6.0,909.9,491.8,72.0,171.0,-1,-1,-1,-1
25,5.0,296.1,489.6,74.2,169.2,-1,-1,-1,-1
25,4.0,869.4,492.3,63.0,162.0,-1,-1,-1,-1
25,3.0,688.5,447.7,71.1,155.7,-1,-1,-1,-1
25,2.0,115.6,440.1,58.3,172.8,-1,-1,-1,-1
25,1.0,1141.2,422.8,57.6,195.5,-1,-1,-1,-1
26,16.0,478.3,359.3,50.4,159.5,-1,-1,-1,-1
26,15.0,716.8,355.9,51.3,153.4,-1,-1,-1,-1
26,14.0,887.8,405.2,55.3,163.6,-1,-1,-1,-1
26,13.0,457.0,375.1,54.2,154.1,-1,-1,-1,-1
26,12.0,694.3,379.1,58.5,172.6,-1,-1,-1,-1
26,11.0,734.4,434.9,71.1,169.9,-1,-1,-1,-1
26,10.0,335.2,376.4,48.6,179.8,-1,-1,-1,-1
26,9.0,337.5,471.6,79.2,190.8,-1,-1,-1,-1
26,8.0,493.2,433.1,67.5,171.2,-1,-1,-1,-1
26,7.0,443.7,445.0,74.7,156.6,-1,-1,-1,-1
26,6.0,909.0,487.3,68.4,175.5,-1,-1,-1,-1
26,5.0,290.0,479.7,71.5,178.2,-1,-1,-1,-1
26,4.0,866.7,488.2,63.9,166.5,-1,-1,-1,-1
26,3.0,687.6,438.1,70.2,164.0,-1,-1,-1,-1
26,2.0,115.4,441.9,58.7,171.9,-1,-1,-1,-1
26,1.0,1141.2,423.0,57.6,195.3,-1,-1,-1,-1
27,16.0,478.8,350.1,47.7,162.5,-1,-1,-1,-1
27,15.0,714.1,341.1,55.8,152.5,-1,-1,-1,-1
27,14.0,886.9,393.5,53.5,170.8,-1,-1,-1,-1
27,13.0,454.9,376.4,59.4,160.0,-1,-1,-1,-1
27,12.0,692.1,380.0,71.1,177.1,-1,-1,-1,-1
27,11.0,735.3,433.1,74.7,171.2,-1,-1,-1,-1
27,10.0,333.9,351.9,51.8,187.6,-1,-1,-1,-1
27,9.0,332.1,463.5,86.9,198.0,-1,-1,-1,-1
27,8.0,487.8,430.6,72.0,173.7,-1,-1,-1,-1
27,7.0,440.5,441.0,92.7,160.2,-1,-1,-1,-1
27,6.0,911.2,476.1,64.4,186.3,-1,-1,-1,-1
27,5.0,286.4,471.6,85.0,186.3,-1,-1,-1,-1
27,4.0,863.5,483.3,67.9,171.9,-1,-1,-1,-1
27,3.0,687.1,433.1,79.2,167.6,-1,-1,-1,-1
27,2.0,115.5,442.3,58.7,171.9,-1,-1,-1,-1
27,1.0,1141.2,422.3,57.6,196.0,-1,-1,-1,-1
28,16.0,471.1,324.0,55.8,171.0,-1,-1,-1,-1
28,15.0,708.3,307.8,59.4,162.9,-1,-1,-1,-1
28,14.0,874.3,359.5,73.3,179.1,-1,-1,-1,-1
28,13.0,455.2,376.6,62.3,170.1,-1,-1,-1,-1
28,12.0,695.7,381.6,57.6,174.6,-1,-1,-1,-1
28,11.0,742.0,423.9,80.1,170.1,-1,-1,-1,-1
28,10.0,338.2,306.0,47.2,202.5,-1,-1,-1,-1
28,9.0,337.3,456.5,90.9,201.8,-1,-1,-1,-1
28,8.0,490.5,420.5,70.2,183.4,-1,-1,-1,-1
28,7.0,428.2,435.1,89.8,164.7,-1,-1,-1,-1
28,6.0,916.6,463.0,62.5,198.9,-1,-1,-1,-1
28,5.0,274.7,458.5,93.1,197.1,-1,-1,-1,-1
28,4.0,858.1,469.8,76.0,185.4,-1,-1,-1,-1
28,3.0,676.3,422.5,99.0,178.2,-1,-1,-1,-1
28,2.0,114.5,442.3,60.8,171.9,-1,-1,-1,-1
28,1.0,1141.2,422.3,57.6,196.0,-1,-1,-1,-1
29,16.0,469.8,309.8,55.8,173.5,-1,-1,-1,-1
29,15.0,705.6,289.6,63.0,170.5,-1,-1,-1,-1
29,14.0,868.5,340.6,74.7,180.9,-1,-1,-1,-1
29,13.0,451.6,377.1,68.2,209.7,-1,-1,-1,-1
29,12.0,693.0,382.0,57.6,180.9,-1,-1,-1,-1
29,11.0,733.0,418.5,92.7,184.5,-1,-1,-1,-1
29,10.0,334.1,305.5,54.0,191.7,-1,-1,-1,-1
29,9.0,338.8,453.6,92.2,203.4,-1,-1,-1,-1
29,8.0,468.0,413.5,98.1,189.9,-1,-1,-1,-1
29,7.0,426.1,430.0,88.2,167.6,-1,-1,-1,-1
29,6.0,913.0,460.1,53.6,201.4,-1,-1,-1,-1
29,5.0,271.6,452.7,99.5,202.5,-1,-1,-1,-1
29,4.0,855.4,461.2,78.8,193.5,-1,-1,-1,-1
29,3.0,675.0,415.8,81.9,183.6,-1,-1,-1,-1
29,2.0,115.2,442.3,59.8,171.9,-1,-1,-1,-1
29,1.0,1140.3,422.3,57.6,196.0,-1,-1,-1,-1
30,16.0,477.4,259.0,47.7,201.8,-1,-1,-1,-1
30,15.0,702.4,231.5,67.5,184.9,-1,-1,-1,-1
30,14.0,864.0,282.4,66.6,205.4,-1,-1,-1,-1
30,12.0,698.4,383.2,61.2,214.4,-1,-1,-1,-1
30,11.0,743.8,397.3,85.5,205.2,-1,-1,-1,-1
30,10.0,330.5,224.7,77.8,210.9,-1,-1,-1,-1
30,9.0,365.4,410.4,61.6,244.8,-1,-1,-1,-1
30,8.0,490.0,400.5,81.0,202.5,-1,-1,-1,-1
30,7.0,424.3,371.5,90.0,229.3,-1,-1,-1,-1
30,6.0,901.8,455.8,84.6,202.5,-1,-1,-1,-1
30,5.0,274.9,419.8,71.1,234.9,-1,-1,-1,-1
30,4.0,851.4,452.2,108.9,197.1,-1,-1,-1,-1
30,2.0,114.9,442.3,60.5,171.9,-1,-1,-1,-1
30,1.0,1140.3,422.5,57.6,195.3,-1,-1,-1,-1
31,17.0,323.5,433.8,81.0,214.2,-1,-1,-1,-1
31,16.0,472.5,239.8,63.9,205.6,-1,-1,-1,-1
31,15.0,698.4,221.4,72.0,171.9,-1,-1,-1,-1
31,14.0,864.0,249.7,64.8,226.8,-1,-1,-1,-1
31,12.0,701.5,377.8,59.4,217.6,-1,-1,-1,-1
31,10.0,334.3,302.6,79.2,111.1,-1,-1,-1,-1
31,9.0,364.3,409.9,60.3,243.9,-1,-1,-1,-1
31,8.0,483.7,398.7,90.0,199.8,-1,-1,-1,-1
31,7.0,414.9,402.1,103.5,195.1,-1,-1,-1,-1
31,6.0,901.3,455.2,83.2,200.5,-1,-1,-1,-1
31,5.0,280.6,413.1,67.0,242.1,-1,-1,-1,-1
31,4.0,850.5,452.0,88.2,193.7,-1,-1,-1,-1
31,2.0,114.4,442.1,61.2,172.6,-1,-1,-1,-1
31,1.0,1141.2,422.3,55.8,196.0,-1,-1,-1,-1
32,17.0,322.0,443.7,77.0,202.5,-1,-1,-1,-1
32,16.0,460.8,234.2,82.8,163.3,-1,-1,-1,-1
32,15.0,693.9,218.2,84.6,130.5,-1,-1,-1,-1
32,14.0,875.2,234.7,52.7,199.8,-1,-1,-1,-1
32,10.0,335.5,292.5,83.2,75.1,-1,-1,-1,-1
32,9.0,360.2,420.3,58.5,235.8,-1,-1,-1,-1
32,8.0,472.5,383.8,98.1,215.1,-1,-1,-1,-1
32,7.0,423.9,385.0,74.7,212.2,-1,-1,-1,-1
32,6.0,906.3,419.4,84.6,234.0,-1,-1,-1,-1
32,5.0,286.0,423.4,61.6,228.6,-1,-1,-1,-1
32,4.0,853.6,415.3,62.1,231.3,-1,-1,-1,-1
32,2.0,114.5,442.3,61.6,171.9,-1,-1,-1,-1
32,1.0,1141.2,422.5,55.8,195.3,-1,-1,-1,-1
33,18.0,740.7,399.1,94.5,205.2,-1,-1,-1,-1
33,17.0,327.1,432.0,71.1,218.7,-1,-1,-1,-1
33,16.0,455.2,235.1,88.4,130.5,-1,-1,-1,-1
33,15.0,693.9,220.9,90.9,107.5,-1,-1,-1,-1
33,14.0,883.3,225.0,52.6,188.1,-1,-1,-1,-1
33,10.0,336.1,276.5,84.1,72.9,-1,-1,-1,-1
33,9.0,355.9,437.2,61.2,218.5,-1,-1,-1,-1
33,8.0,485.5,365.4,79.2,229.5,-1,-1,-1,-1
33,7.0,436.0,380.2,67.5,217.8,-1,-1,-1,-1
33,6.0,906.3,414.0,86.4,240.3,-1,-1,-1,-1
33,5.0,286.9,424.3,60.7,232.2,-1,-1,-1,-1
33,4.0,854.1,412.6,63.0,235.8,-1,-1,-1,-1
33,2.0,114.3,442.8,63.0,171.9,-1,-1,-1,-1
33,1.0,1141.2,422.5,55.8,195.3,-1,-1,-1,-1
34,17.0,324.9,437.4,72.4,206.1,-1,-1,-1,-1
34,16.0,442.8,223.8,97.2,93.5,-1,-1,-1,-1
34,15.0,694.8,217.0,96.3,68.7,-1,-1,-1,-1
34,14.0,880.2,220.7,69.3,142.2,-1,-1,-1,-1
34,10.0,337.9,248.8,96.8,89.1,-1,-1,-1,-1
34,9.0,342.2,435.4,72.9,219.8,-1,-1,-1,-1
34,8.0,467.1,362.2,82.8,239.4,-1,-1,-1,-1
34,7.0,428.4,391.0,73.8,206.1,-1,-1,-1,-1
34,6.0,900.9,435.4,111.6,216.7,-1,-1,-1,-1
34,5.0,289.6,431.1,61.2,226.8,-1,-1,-1,-1
34,4.0,850.5,416.7,69.3,237.6,-1,-1,-1,-1
34,3.0,705.6,409.5,89.1,198.0,-1,-1,-1,-1
34,2.0,114.0,442.3,66.4,171.9,-1,-1,-1,-1
34,1.0,1141.2,422.8,54.0,195.1,-1,-1,-1,-1
35,17.0,329.4,431.5,64.8,215.1,-1,-1,-1,-1
35,16.0,442.1,220.5,95.2,76.1,-1,-1,-1,-1
35,15.0,691.6,200.4,99.0,64.7,-1,-1,-1,-1
35,14.0,878.4,230.4,77.4,106.2,-1,-1,-1,-1
35,12.0,696.1,382.3,61.2,171.2,-1,-1,-1,-1
35,10.0,338.6,227.7,98.6,117.0,-1,-1,-1,-1
35,9.0,339.3,427.9,74.7,230.4,-1,-1,-1,-1
35,8.0,471.1,368.1,73.8,235.8,-1,-1,-1,-1
35,7.0,425.0,397.8,74.0,201.6,-1,-1,-1,-1
35,6.0,904.0,437.4,108.5,202.5,-1,-1,-1,-1
35,5.0,289.6,430.6,60.8,225.9,-1,-1,-1,-1
35,4.0,851.8,419.8,71.5,237.6,-1,-1,-1,-1
35,3.0,710.5,413.8,82.8,193.7,-1,-1,-1,-1
35,2.0,114.0,442.3,67.5,171.9,-1,-1,-1,-1
35,1.0,1141.2,423.0,54.0,194.4,-1,-1,-1,-1
36,16.0,434.9,206.5,96.5,46.6,-1,-1,-1,-1
36,15.0,683.5,179.8,91.8,62.3,-1,-1,-1,-1
36,14.0,867.1,234.4,91.3,56.2,-1,-1,-1,-1
36,12.0,695.2,382.5,57.6,159.3,-1,-1,-1,-1
36,11.0,741.6,427.7,82.8,162.7,-1,-1,-1,-1
36,10.0,342.2,185.6,97.2,154.8,-1,-1,-1,-1
36,9.0,344.7,432.0,70.6,225.9,-1,-1,-1,-1
36,8.0,466.6,378.4,78.3,226.8,-1,-1,-1,-1
36,7.0,434.9,388.3,71.3,206.1,-1,-1,-1,-1
36,6.0,907.6,448.2,90.5,192.6,-1,-1,-1,-1
36,5.0,291.6,428.8,61.2,229.5,-1,-1,-1,-1
36,4.0,851.4,430.6,62.1,228.6,-1,-1,-1,-1
36,3.0,718.6,432.2,73.8,176.2,-1,-1,-1,-1
36,2.0,113.7,442.1,69.0,171.2,-1,-1,-1,-1
36,1.0,1143.9,422.5,50.4,194.4,-1,-1,-1,-1
37,16.0,423.4,188.7,106.2,64.0,-1,-1,-1,-1
37,15.0,682.2,174.9,108.0,68.5,-1,-1,-1,-1
37,14.0,860.8,224.1,86.8,59.8,-1,-1,-1,-1
37,12.0,694.3,382.5,64.8,160.2,-1,-1,-1,-1
37,11.0,741.6,426.1,90.9,171.9,-1,-1,-1,-1
37,10.0,343.1,181.7,91.4,159.0,-1,-1,-1,-1
37,9.0,347.8,431.1,69.3,225.9,-1,-1,-1,-1
37,8.0,468.0,380.2,76.5,224.1,-1,-1,-1,-1
37,7.0,439.4,395.5,61.9,202.5,-1,-1,-1,-1
37,6.0,908.1,448.2,73.8,196.2,-1,-1,-1,-1
37,5.0,296.1,429.3,63.0,228.6,-1,-1,-1,-1
37,4.0,851.4,437.8,63.0,221.4,-1,-1,-1,-1
37,3.0,716.8,414.4,75.6,192.6,-1,-1,-1,-1
37,2.0,113.6,441.4,69.3,171.9,-1,-1,-1,-1
37,1.0,1144.8,422.5,48.6,195.3,-1,-1,-1,-1
38,16.0,430.6,153.2,96.3,115.4,-1,-1,-1,-1
38,15.0,678.1,127.3,102.6,111.6,-1,-1,-1,-1
38,14.0,861.3,195.5,75.6,90.9,-1,-1,-1,-1
38,12.0,692.1,383.2,74.7,156.8,-1,-1,-1,-1
38,11.0,741.1,415.8,72.0,188.1,-1,-1,-1,-1
38,10.0,346.5,184.5,77.9,153.0,-1,-1,-1,-1
38,9.0,352.1,425.7,70.2,226.8,-1,-1,-1,-1
38,8.0,463.9,376.6,75.6,228.6,-1,-1,-1,-1
38,7.0,435.1,379.8,69.3,216.9,-1,-1,-1,-1
38,6.0,903.6,459.7,66.6,200.9,-1,-1,-1,-1
38,5.0,299.0,429.7,64.3,226.8,-1,-1,-1,-1
38,4.0,850.9,443.2,63.0,215.1,-1,-1,-1,-1
38,3.0,714.6,411.1,72.0,192.8,-1,-1,-1,-1
38,2.0,114.4,440.3,68.4,173.9,-1,-1,-1,-1
38,1.0,1144.8,423.0,46.8,195.3,-1,-1,-1,-1
39,17.0,344.2,436.7,54.0,196.0,-1,-1,-1,-1
39,16.0,434.0,128.0,95.6,162.2,-1,-1,-1,-1
39,15.0,677.2,118.8,101.7,122.8,-1,-1,-1,-1
39,14.0,858.1,177.0,71.5,114.6,-1,-1,-1,-1
39,12.0,690.7,383.4,79.2,157.5,-1,-1,-1,-1
39,11.0,741.1,410.6,72.0,186.1,-1,-1,-1,-1
39,10.0,349.4,183.1,68.4,152.5,-1,-1,-1,-1
39,9.0,355.0,421.6,67.9,226.8,-1,-1,-1,-1
39,8.0,460.1,388.3,78.1,213.3,-1,-1,-1,-1
39,7.0,434.2,377.1,72.0,216.0,-1,-1,-1,-1
39,6.0,901.8,458.1,66.6,202.5,-1,-1,-1,-1
39,5.0,298.3,430.2,70.2,225.9,-1,-1,-1,-1
39,4.0,848.7,442.8,64.8,216.0,-1,-1,-1,-1
39,3.0,711.0,407.2,63.0,196.2,-1,-1,-1,-1
39,2.0,115.8,440.1,67.3,174.6,-1,-1,-1,-1
39,1.0,1143.9,422.8,46.8,195.5,-1,-1,-1,-1
40,17.0,333.4,427.3,59.9,206.8,-1,-1,-1,-1
40,16.0,445.0,106.1,77.4,165.4,-1,-1,-1,-1
40,15.0,684.4,106.4,98.1,143.8,-1,-1,-1,-1
40,14.0,852.3,144.0,66.6,151.0,-1,-1,-1,-1
40,12.0,689.8,382.5,70.2,157.5,-1,-1,-1,-1
40,11.0,732.6,403.9,78.3,193.7,-1,-1,-1,-1
40,10.0,363.6,207.4,58.1,126.0,-1,-1,-1,-1
40,9.0,362.9,416.2,67.0,225.0,-1,-1,-1,-1
40,8.0,443.7,385.4,90.0,218.5,-1,-1,-1,-1
40,7.0,426.6,377.5,75.6,210.6,-1,-1,-1,-1
40,6.0,880.6,457.4,83.2,201.4,-1,-1,-1,-1
40,5.0,299.7,427.3,77.4,218.9,-1,-1,-1,-1
40,4.0,846.0,436.5,64.8,222.3,-1,-1,-1,-1
40,3.0,707.4,405.4,66.6,197.1,-1,-1,-1,-1
40,2.0,123.9,440.8,59.6,173.9,-1,-1,-1,-1
40,1.0,1143.9,422.5,46.8,196.2,-1,-1,-1,-1
41,17.0,336.8,427.5,58.0,198.9,-1,-1,-1,-1
41,16.0,405.4,104.3,115.2,166.2,-1,-1,-1,-1
41,15.0,685.3,100.7,91.8,154.2,-1,-1,-1,-1
41,14.0,846.9,126.9,68.4,167.6,-1,-1,-1,-1
41,12.0,688.9,382.5,73.8,158.4,-1,-1,-1,-1
41,11.0,732.6,415.6,73.8,180.2,-1,-1,-1,-1
41,10.0,368.1,223.4,49.5,107.5,-1,-1,-1,-1
41,9.0,351.9,416.0,80.5,223.4,-1,-1,-1,-1
41,8.0,455.2,383.8,80.8,219.6,-1,-1,-1,-1
41,7.0,424.1,378.4,80.8,206.1,-1,-1,-1,-1
41,6.0,872.1,452.9,90.0,206.8,-1,-1,-1,-1
41,5.0,298.6,432.7,81.0,212.2,-1,-1,-1,-1
41,4.0,842.4,432.4,65.7,224.1,-1,-1,-1,-1
41,3.0,706.0,409.5,64.8,190.8,-1,-1,-1,-1
41,2.0,129.3,441.2,56.5,173.9,-1,-1,-1,-1
41,1.0,1144.8,425.0,45.0,193.7,-1,-1,-1,-1
42,19.0,897.7,464.8,73.4,177.3,-1,-1,-1,-1
42,17.0,340.2,440.5,60.8,177.3,-1,-1,-1,-1
42,16.0,403.0,102.1,109.6,170.6,-1,-1,-1,-1
42,15.0,685.8,104.7,75.6,160.8,-1,-1,-1,-1
42,14.0,841.9,123.1,70.2,174.6,-1,-1,-1,-1
42,12.0,686.7,382.7,68.4,157.7,-1,-1,-1,-1
42,11.0,720.0,414.7,84.6,176.6,-1,-1,-1,-1
42,10.0,375.7,261.2,41.0,63.0,-1,-1,-1,-1
42,9.0,353.5,417.6,84.1,220.5,-1,-1,-1,-1
42,8.0,455.2,379.1,71.3,220.3,-1,-1,-1,-1
42,7.0,424.1,381.6,83.9,198.9,-1,-1,-1,-1
42,6.0,863.5,447.1,96.7,206.8,-1,-1,-1,-1
42,5.0,298.8,445.7,83.2,198.7,-1,-1,-1,-1
42,4.0,835.6,427.7,63.9,223.4,-1,-1,-1,-1
42,3.0,696.6,401.8,68.4,191.7,-1,-1,-1,-1
42,2.0,139.3,440.8,53.1,173.9,-1,-1,-1,-1
42,1.0,1143.0,423.7,45.0,195.1,-1,-1,-1,-1
43,19.0,897.3,460.8,73.8,181.8,-1,-1,-1,-1
43,17.0,339.3,434.0,57.1,182.5,-1,-1,-1,-1
43,16.0,451.3,112.2,53.1,164.6,-1,-1,-1,-1
43,15.0,687.1,107.4,78.3,161.0,-1,-1,-1,-1
43,14.0,847.3,128.2,67.5,175.0,-1,-1,-1,-1
43,12.0,687.6,382.0,66.6,159.3,-1,-1,-1,-1
43,11.0,720.4,418.3,85.5,173.5,-1,-1,-1,-1
43,10.0,360.7,274.7,55.8,51.8,-1,-1,-1,-1
43,9.0,366.5,415.6,72.9,221.6,-1,-1,-1,-1
43,8.0,457.2,377.3,73.8,219.4,-1,-1,-1,-1
43,7.0,423.2,379.1,83.5,200.5,-1,-1,-1,-1
43,6.0,856.3,443.7,104.8,207.9,-1,-1,-1,-1
43,5.0,300.8,426.8,82.8,213.1,-1,-1,-1,-1
43,4.0,832.5,425.5,63.9,220.7,-1,-1,-1,-1
43,3.0,692.1,401.2,71.1,184.7,-1,-1,-1,-1
43,2.0,141.4,441.4,55.1,173.7,-1,-1,-1,-1
43,1.0,1139.4,424.3,46.8,194.4,-1,-1,-1,-1
44,19.0,889.6,454.3,82.3,184.7,-1,-1,-1,-1
44,15.0,684.9,145.1,70.2,130.5,-1,-1,-1,-1
44,14.0,843.3,149.6,77.4,166.5,-1,-1,-1,-1
44,12.0,686.2,382.5,63.0,158.4,-1,-1,-1,-1
44,11.0,709.6,416.2,96.3,175.5,-1,-1,-1,-1
44,10.0,360.7,283.5,68.9,84.6,-1,-1,-1,-1
44,9.0,377.5,419.2,67.5,217.6,-1,-1,-1,-1
44,8.0,459.2,392.4,64.1,200.7,-1,-1,-1,-1
44,7.0,408.8,403.4,71.3,176.2,-1,-1,-1,-1
44,6.0,850.5,440.8,100.8,209.9,-1,-1,-1,-1
44,5.0,307.8,450.2,94.0,185.2,-1,-1,-1,-1
44,4.0,826.2,424.1,65.7,218.5,-1,-1,-1,-1
44,2.0,143.5,441.2,64.4,173.5,-1,-1,-1,-1
44,1.0,1135.8,426.6,46.8,191.7,-1,-1,-1,-1
45,19.0,886.0,440.5,86.8,199.8,-1,-1,-1,-1
45,15.0,658.3,158.7,83.7,121.2,-1,-1,-1,-1
45,14.0,846.0,159.1,68.4,155.2,-1,-1,-1,-1
45,12.0,686.7,382.9,62.1,160.2,-1,-1,-1,-1
45,11.0,708.3,412.4,99.0,180.2,-1,-1,-1,-1
45,10.0,355.5,294.5,83.7,101.7,-1,-1,-1,-1
45,9.0,385.9,415.6,69.3,221.6,-1,-1,-1,-1
45,8.0,453.1,382.9,68.4,210.6,-1,-1,-1,-1
45,7.0,414.0,384.1,72.9,195.5,-1,-1,-1,-1
45,6.0,860.4,448.2,99.0,202.5,-1,-1,-1,-1
45,5.0,316.6,425.7,79.2,206.1,-1,-1,-1,-1
45,4.0,824.4,426.1,68.4,216.0,-1,-1,-1,-1
45,2.0,144.4,441.4,66.6,173.7,-1,-1,-1,-1
45,1.0,1134.0,426.8,48.6,191.0,-1,-1,-1,-1
46,19.0,885.1,458.3,83.2,178.0,-1,-1,-1,-1
46,15.0,631.3,192.0,109.8,109.0,-1,-1,-1,-1
46,14.0,836.1,205.4,75.6,108.0,-1,-1,-1,-1
46,11.0,705.6,419.6,99.9,172.6,-1,-1,-1,-1
46,10.0,349.0,324.4,105.8,113.9,-1,-1,-1,-1
46,9.0,388.1,409.9,61.2,225.9,-1,-1,-1,-1
46,8.0,450.9,408.6,69.3,185.4,-1,-1,-1,-1
46,7.0,407.7,398.7,66.1,181.8,-1,-1,-1,-1
46,6.0,845.5,435.6,106.6,216.0,-1,-1,-1,-1
46,5.0,331.2,434.2,90.9,196.2,-1,-1,-1,-1
46,4.0,819.4,431.1,74.7,209.7,-1,-1,-1,-1
46,2.0,147.1,439.6,64.1,175.5,-1,-1,-1,-1
46,1.0,1133.1,428.2,48.6,190.6,-1,-1,-1,-1
47,19.0,881.1,457.6,81.0,171.0,-1,-1,-1,-1
47,15.0,632.7,217.0,108.0,98.9,-1,-1,-1,-1
47,14.0,832.0,225.1,71.1,92.4,-1,-1,-1,-1
47,11.0,707.8,406.6,95.4,184.3,-1,-1,-1,-1
47,10.0,347.8,339.7,116.5,128.2,-1,-1,-1,-1
47,9.0,390.1,415.3,71.5,217.8,-1,-1,-1,-1
47,8.0,442.1,409.9,76.7,183.6,-1,-1,-1,-1
47,6.0,846.0,439.6,99.0,212.4,-1,-1,-1,-1
47,5.0,337.0,434.5,90.0,195.1,-1,-1,-1,-1
47,4.0,816.3,435.8,75.6,205.4,-1,-1,-1,-1
47,3.0,681.7,405.4,68.4,181.8,-1,-1,-1,-1
47,2.0,147.8,436.0,64.8,179.1,-1,-1,-1,-1
47,1.0,1132.2,429.3,48.6,189.0,-1,-1,-1,-1
48,19.0,873.4,442.6,69.8,178.0,-1,-1,-1,-1
48,15.0,672.7,247.9,76.5,94.0,-1,-1,-1,-1
48,14.0,823.0,271.3,79.2,77.4,-1,-1,-1,-1
48,11.0,716.4,412.4,81.9,172.6,-1,-1,-1,-1
48,10.0,352.8,363.8,118.3,126.2,-1,-1,-1,-1
48,9.0,400.7,406.3,70.4,221.4,-1,-1,-1,-1
48,8.0,450.0,409.0,66.6,183.6,-1,-1,-1,-1
48,6.0,843.3,441.0,99.0,208.8,-1,-1,-1,-1
48,5.0,344.0,437.8,81.9,185.4,-1,-1,-1,-1
48,4.0,809.5,438.1,81.0,201.8,-1,-1,-1,-1
48,3.0,675.0,386.1,65.7,201.6,-1,-1,-1,-1
48,2.0,152.9,429.1,61.0,181.1,-1,-1,-1,-1
48,1.0,1131.3,430.2,48.6,188.1,-1,-1,-1,-1
49,15.0,688.0,260.1,66.6,104.0,-1,-1,-1,-1
49,14.0,820.8,280.8,88.2,86.9,-1,-1,-1,-1
49,11.0,710.1,390.4,82.8,192.4,-1,-1,-1,-1
49,10.0,356.2,376.9,112.3,145.1,-1,-1,-1,-1
49,9.0,396.9,404.1,72.4,219.6,-1,-1,-1,-1
49,8.0,450.7,405.0,68.6,187.2,-1,-1,-1,-1
49,6.0,844.2,433.6,93.6,213.5,-1,-1,-1,-1
49,5.0,347.2,436.0,77.9,185.4,-1,-1,-1,-1
49,4.0,807.7,443.2,78.3,196.2,-1,-1,-1,-1
49,3.0,672.3,383.4,66.6,201.6,-1,-1,-1,-1
49,2.0,153.2,425.9,60.8,183.4,-1,-1,-1,-1
49,1.0,1131.3,431.8,48.6,186.5,-1,-1,-1,-1
50,15.0,645.7,291.6,118.8,107.6,-1,-1,-1,-1
50,14.0,820.8,307.6,101.7,113.9,-1,-1,-1,-1
50,11.0,690.7,396.9,85.5,178.2,-1,-1,-1,-1
50,9.0,403.6,410.2,61.6,213.5,-1,-1,-1,-1
50,8.0,442.8,372.4,76.5,212.6,-1,-1,-1,-1
50,6.0,842.4,432.0,91.8,212.4,-1,-1,-1,-1
50,5.0,355.5,442.8,95.0,177.3,-1,-1,-1,-1
50,4.0,801.9,431.8,87.3,207.7,-1,-1,-1,-1
50,3.0,662.8,382.5,69.3,195.3,-1,-1,-1,-1
50,2.0,152.9,416.5,60.5,186.1,-1,-1,-1,-1
50,1.0,1130.4,433.8,48.6,184.5,-1,-1,-1,-1
51,15.0,642.6,307.8,125.1,99.0,-1,-1,-1,-1
51,14.0,819.4,323.3,105.8,122.9,-1,-1,-1,-1
51,11.0,678.6,393.3,94.5,180.0,-1,-1,-1,-1
51,9.0,392.4,421.9,81.0,202.7,-1,-1,-1,-1
51,8.0,447.3,369.7,72.9,212.6,-1,-1,-1,-1
51,6.0,839.7,431.5,95.4,209.7,-1,-1,-1,-1
51,5.0,360.2,440.1,83.2,179.1,-1,-1,-1,-1
51,4.0,798.7,435.4,91.8,203.2,-1,-1,-1,-1
51,3.0,660.6,386.5,74.7,188.1,-1,-1,-1,-1
51,2.0,153.0,414.0,58.0,185.4,-1,-1,-1,-1
51,1.0,1128.6,434.7,48.6,183.6,-1,-1,-1,-1
52,19.0,860.4,443.7,79.2,180.0,-1,-1,-1,-1
52,15.0,648.4,328.0,119.7,116.1,-1,-1,-1,-1
52,14.0,796.9,364.9,131.0,116.1,-1,-1,-1,-1
52,11.0,702.4,378.9,63.9,189.9,-1,-1,-1,-1
52,9.0,384.1,436.9,94.7,172.8,-1,-1,-1,-1
52,8.0,454.5,394.0,65.7,182.9,-1,-1,-1,-1
52,6.0,835.2,437.4,94.5,199.8,-1,-1,-1,-1
52,5.0,370.3,451.6,102.6,173.5,-1,-1,-1,-1
52,4.0,792.0,438.7,90.0,197.1,-1,-1,-1,-1
52,3.0,656.5,378.9,63.0,189.0,-1,-1,-1,-1
52,2.0,152.8,409.5,53.6,183.6,-1,-1,-1,-1
52,1.0,1125.9,434.0,50.4,184.3,-1,-1,-1,-1
53,20.0,421.9,312.1,101.5,146.7,-1,-1,-1,-1
53,15.0,645.7,343.8,123.3,170.5,-1,-1,-1,-1
53,14.0,828.9,379.8,99.0,110.7,-1,-1,-1,-1
53,11.0,674.1,375.3,90.0,191.7,-1,-1,-1,-1
53,9.0,407.2,437.2,72.5,173.5,-1,-1,-1,-1
53,8.0,454.9,384.3,66.6,189.9,-1,-1,-1,-1
53,6.0,831.1,446.8,106.6,187.2,-1,-1,-1,-1
53,5.0,370.8,456.5,102.6,169.0,-1,-1,-1,-1
53,4.0,791.1,437.4,79.2,199.8,-1,-1,-1,-1
53,3.0,652.9,390.6,65.7,174.6,-1,-1,-1,-1
53,2.0,152.5,409.3,52.9,182.9,-1,-1,-1,-1
53,1.0,1125.0,431.1,50.4,187.2,-1,-1,-1,-1
54,11.0,695.2,398.9,60.3,167.2,-1,-1,-1,-1
54,8.0,445.0,393.7,78.3,180.9,-1,-1,-1,-1
54,6.0,843.7,444.6,85.0,189.0,-1,-1,-1,-1
54,5.0,378.7,460.8,97.0,164.7,-1,-1,-1,-1
54,4.0,789.7,446.8,69.3,189.0,-1,-1,-1,-1
54,3.0,648.0,381.4,77.4,184.7,-1,-1,-1,-1
54,2.0,152.1,411.5,54.7,181.6,-1,-1,-1,-1
54,1.0,1123.2,429.3,52.2,188.1,-1,-1,-1,-1
55,11.0,691.6,396.4,63.0,169.2,-1,-1,-1,-1
55,8.0,450.7,388.1,70.9,185.2,-1,-1,-1,-1
55,6.0,833.8,449.5,91.3,183.6,-1,-1,-1,-1
55,5.0,378.7,461.7,95.2,163.8,-1,-1,-1,-1
55,4.0,789.3,463.0,85.5,171.0,-1,-1,-1,-1
55,3.0,650.2,401.8,58.5,163.8,-1,-1,-1,-1
55,2.0,151.6,414.0,55.8,179.1,-1,-1,-1,-1
55,1.0,1121.4,427.9,54.0,187.2,-1,-1,-1,-1
56,13.0,454.5,355.9,61.2,170.1,-1,-1,-1,-1
56,11.0,673.6,412.0,66.6,154.1,-1,-1,-1,-1
56,8.0,457.0,386.1,65.5,188.1,-1,-1,-1,-1
56,6.0,819.9,457.2,91.8,177.3,-1,-1,-1,-1
56,5.0,378.7,459.0,95.2,164.7,-1,-1,-1,-1
56,4.0,787.5,466.2,78.3,169.2,-1,-1,-1,-1
56,3.0,643.5,410.6,63.9,154.1,-1,-1,-1,-1
56,2.0,150.2,416.5,58.3,176.6,-1,-1,-1,-1
56,1.0,1117.8,425.0,64.8,186.1,-1,-1,-1,-1
57,13.0,456.5,355.7,60.1,178.0,-1,-1,-1,-1
57,11.0,668.7,433.3,71.1,132.3,-1,-1,-1,-1
57,8.0,444.1,393.3,77.4,174.6,-1,-1,-1,-1
57,5.0,378.7,456.3,78.8,157.5,-1,-1,-1,-1
57,4.0,798.3,470.7,82.8,165.6,-1,-1,-1,-1
57,3.0,643.0,418.0,64.8,144.0,-1,-1,-1,-1
57,2.0,149.3,416.5,58.3,176.6,-1,-1,-1,-1
57,1.0,1114.2,423.9,73.8,184.5,-1,-1,-1,-1
58,19.0,837.9,463.9,81.9,158.4,-1,-1,-1,-1
58,13.0,457.0,356.6,58.7,172.6,-1,-1,-1,-1
58,12.0,698.8,376.0,61.2,154.1,-1,-1,-1,-1
58,11.0,668.7,415.8,67.5,150.3,-1,-1,-1,-1
58,9.0,419.4,439.0,73.3,184.3,-1,-1,-1,-1
58,8.0,447.7,405.4,73.8,160.2,-1,-1,-1,-1
58,5.0,374.6,453.8,76.5,160.0,-1,-1,-1,-1
58,4.0,801.9,474.3,78.3,162.0,-1,-1,-1,-1
58,3.0,644.4,417.8,59.4,144.2,-1,-1,-1,-1
58,2.0,148.5,415.8,58.7,177.3,-1,-1,-1,-1
58,1.0,1108.8,421.6,82.8,180.0,-1,-1,-1,-1
59,19.0,832.9,464.8,85.5,156.6,-1,-1,-1,-1
59,13.0,451.8,355.7,63.0,169.4,-1,-1,-1,-1
59,12.0,701.5,374.8,58.5,153.9,-1,-1,-1,-1
59,11.0,666.9,416.2,71.1,149.4,-1,-1,-1,-1
59,9.0,428.2,439.4,61.0,184.3,-1,-1,-1,-1
59,8.0,450.4,410.4,71.1,157.5,-1,-1,-1,-1
59,5.0,370.3,451.3,71.6,162.9,-1,-1,-1,-1
59,4.0,801.9,475.2,75.6,160.2,-1,-1,-1,-1
59,3.0,644.8,418.0,59.4,143.1,-1,-1,-1,-1
59,2.0,148.4,414.0,58.9,178.2,-1,-1,-1,-1
59,1.0,1107.9,420.3,82.8,179.1,-1,-1,-1,-1
60,19.0,822.6,463.5,94.5,153.9,-1,-1,-1,-1
60,13.0,452.5,356.8,62.3,171.9,-1,-1,-1,-1
60,12.0,701.5,370.8,60.3,155.2,-1,-1,-1,-1
60,11.0,680.4,412.6,58.5,152.1,-1,-1,-1,-1
60,9.0,422.1,449.1,68.0,174.6,-1,-1,-1,-1
60,8.0,453.1,413.1,68.4,162.0,-1,-1,-1,-1
60,5.0,367.9,448.2,74.2,169.2,-1,-1,-1,-1
60,4.0,800.1,471.6,70.2,162.9,-1,-1,-1,-1
60,3.0,645.7,412.6,54.0,151.2,-1,-1,-1,-1
60,2.0,149.7,407.0,56.9,177.1,-1,-1,-1,-1
60,1.0,1110.6,416.0,68.4,183.4,-1,-1,-1,-1
61,19.0,825.3,461.2,86.4,162.9,-1,-1,-1,-1
61,13.0,455.8,355.3,58.5,182.9,-1,-1,-1,-1
61,12.0,704.2,369.9,57.6,154.4,-1,-1,-1,-1
61,11.0,683.1,411.5,56.7,152.3,-1,-1,-1,-1
61,9.0,426.4,445.3,56.9,178.0,-1,-1,-1,-1
61,8.0,455.4,413.1,65.7,156.6,-1,-1,-1,-1
61,6.0,832.5,471.1,63.9,163.8,-1,-1,-1,-1
61,5.0,367.6,447.5,72.4,170.8,-1,-1,-1,-1
61,4.0,799.2,468.9,64.8,165.6,-1,-1,-1,-1
61,3.0,644.8,410.2,54.0,154.1,-1,-1,-1,-1
61,2.0,150.0,404.5,56.5,177.3,-1,-1,-1,-1
61,1.0,1116.0,413.3,59.4,185.2,-1,-1,-1,-1
62,13.0,454.9,353.2,59.4,173.3,-1,-1,-1,-1
62,12.0,704.7,364.9,58.5,156.1,-1,-1,-1,-1
62,11.0,685.3,404.3,57.6,160.0,-1,-1,-1,-1
62,9.0,422.1,451.8,61.2,171.9,-1,-1,-1,-1
62,8.0,454.3,402.1,66.8,161.8,-1,-1,-1,-1
62,6.0,842.4,453.6,53.1,180.9,-1,-1,-1,-1
62,5.0,367.9,446.4,64.8,176.4,-1,-1,-1,-1
62,4.0,798.3,461.7,54.9,171.0,-1,-1,-1,-1
62,3.0,644.4,399.6,51.3,164.7,-1,-1,-1,-1
62,2.0,150.6,396.4,55.1,179.1,-1,-1,-1,-1
62,1.0,1125.0,408.8,46.8,188.8,-1,-1,-1,-1
63,13.0,452.7,351.9,61.2,178.6,-1,-1,-1,-1
63,12.0,707.8,361.6,54.9,156.8,-1,-1,-1,-1
63,11.0,683.5,402.3,59.4,162.0,-1,-1,-1,-1
63,9.0,422.8,453.8,59.2,171.2,-1,-1,-1,-1
63,8.0,447.3,399.1,63.0,174.6,-1,-1,-1,-1
63,6.0,841.9,448.2,49.5,186.3,-1,-1,-1,-1
63,5.0,368.3,444.4,66.6,180.2,-1,-1,-1,-1
63,4.0,797.8,458.5,49.5,172.8,-1,-1,-1,-1
63,3.0,645.3,391.5,50.4,171.9,-1,-1,-1,-1
63,2.0,150.3,393.1,55.4,179.3,-1,-1,-1,-1
63,1.0,1125.9,407.7,45.0,187.2,-1,-1,-1,-1
64,13.0,458.3,346.3,56.9,188.3,-1,-1,-1,-1
64,12.0,714.6,356.4,49.5,155.7,-1,-1,-1,-1
64,11.0,688.5,395.1,51.3,169.2,-1,-1,-1,-1
64,10.0,414.2,394.2,56.5,183.6,-1,-1,-1,-1
64,9.0,414.9,447.7,63.4,180.9,-1,-1,-1,-1
64,8.0,451.8,386.1,67.5,187.2,-1,-1,-1,-1
64,6.0,843.3,443.7,46.8,189.9,-1,-1,-1,-1
64,5.0,368.5,441.2,60.3,192.4,-1,-1,-1,-1
64,4.0,794.7,454.5,47.7,174.6,-1,-1,-1,-1
64,3.0,645.7,389.2,44.1,169.2,-1,-1,-1,-1
64,2.0,149.4,391.0,54.7,175.5,-1,-1,-1,-1
64,1.0,1125.0,405.4,46.8,185.4,-1,-1,-1,-1
65,13.0,458.1,344.9,58.5,185.2,-1,-1,-1,-1
65,12.0,715.5,355.0,48.6,156.6,-1,-1,-1,-1
65,11.0,686.7,394.2,53.1,170.1,-1,-1,-1,-1
65,10.0,409.3,392.8,58.3,161.1,-1,-1,-1,-1
65,9.0,428.6,439.2,53.8,187.2,-1,-1,-1,-1
65,8.0,451.3,382.9,72.9,188.1,-1,-1,-1,-1
65,6.0,842.8,440.3,47.7,193.7,-1,-1,-1,-1
65,5.0,365.2,441.4,63.9,193.5,-1,-1,-1,-1
65,4.0,792.0,454.5,51.3,173.7,-1,-1,-1,-1
65,3.0,644.8,388.6,46.8,168.5,-1,-1,-1,-1
65,2.0,145.3,392.2,57.8,173.9,-1,-1,-1,-1
65,1.0,1125.0,403.0,46.8,184.7,-1,-1,-1,-1
66,14.0,815.4,434.7,46.8,166.5,-1,-1,-1,-1
66,13.0,460.6,344.5,60.1,193.3,-1,-1,-1,-1
66,12.0,716.8,355.9,48.6,156.1,-1,-1,-1,-1
66,11.0,692.1,394.2,63.9,169.2,-1,-1,-1,-1
66,10.0,411.3,391.5,55.3,149.4,-1,-1,-1,-1
66,9.0,432.0,441.9,58.5,185.4,-1,-1,-1,-1
66,8.0,460.1,385.0,67.7,181.1,-1,-1,-1,-1
66,6.0,841.9,439.6,54.9,193.5,-1,-1,-1,-1
66,5.0,357.1,443.2,69.8,191.7,-1,-1,-1,-1
66,4.0,781.6,454.0,59.4,174.6,-1,-1,-1,-1
66,3.0,643.0,389.0,46.8,167.2,-1,-1,-1,-1
66,2.0,140.6,395.8,58.3,170.8,-1,-1,-1,-1
66,1.0,1118.7,397.8,52.2,186.3,-1,-1,-1,-1
67,21.0,656.5,387.4,56.7,163.8,-1,-1,-1,-1
67,14.0,814.9,434.2,50.4,171.9,-1,-1,-1,-1
67,13.0,461.7,344.2,56.7,177.3,-1,-1,-1,-1
67,12.0,715.0,357.5,50.4,173.9,-1,-1,-1,-1
67,11.0,695.2,394.9,66.6,167.6,-1,-1,-1,-1
67,10.0,406.6,392.6,55.1,144.7,-1,-1,-1,-1
67,9.0,434.5,441.7,62.3,168.5,-1,-1,-1,-1
67,8.0,461.2,384.7,75.6,181.8,-1,-1,-1,-1
67,7.0,407.2,462.6,68.0,166.5,-1,-1,-1,-1
67,6.0,844.2,440.5,54.9,194.4,-1,-1,-1,-1
67,5.0,350.5,444.4,71.1,191.0,-1,-1,-1,-1
67,4.0,780.3,454.3,59.4,173.9,-1,-1,-1,-1
67,3.0,640.8,391.0,48.6,165.6,-1,-1,-1,-1
67,2.0,139.8,398.0,58.7,169.0,-1,-1,-1,-1
67,1.0,1111.5,394.0,59.4,188.3,-1,-1,-1,-1
68,21.0,658.3,399.1,57.6,157.5,-1,-1,-1,-1
68,14.0,811.8,436.7,55.8,177.1,-1,-1,-1,-1
68,13.0,460.8,345.4,57.6,169.0,-1,-1,-1,-1
68,12.0,719.1,359.1,48.6,185.0,-1,-1,-1,-1
68,11.0,701.1,401.4,65.7,162.9,-1,-1,-1,-1
68,10.0,397.3,399.6,56.7,137.7,-1,-1,-1,-1
68,9.0,441.4,452.0,57.6,160.0,-1,-1,-1,-1
68,8.0,463.5,390.4,81.0,178.0,-1,-1,-1,-1
68,7.0,401.2,461.2,70.4,171.0,-1,-1,-1,-1
68,6.0,845.1,446.8,56.7,191.7,-1,-1,-1,-1
68,5.0,345.6,445.5,71.6,189.9,-1,-1,-1,-1
68,4.0,774.0,455.8,66.6,172.8,-1,-1,-1,-1
68,3.0,633.6,397.3,57.6,161.1,-1,-1,-1,-1
68,2.0,139.7,397.8,56.7,168.3,-1,-1,-1,-1
68,1.0,1104.3,393.7,68.4,185.4,-1,-1,-1,-1
69,21.0,657.0,403.9,58.5,154.1,-1,-1,-1,-1
69,14.0,807.3,439.2,59.4,180.9,-1,-1,-1,-1
69,13.0,463.9,346.0,56.7,177.8,-1,-1,-1,-1
69,12.0,720.4,358.2,47.7,184.5,-1,-1,-1,-1
69,11.0,702.4,404.1,64.8,161.1,-1,-1,-1,-1
69,10.0,394.2,401.2,58.5,139.7,-1,-1,-1,-1
69,9.0,439.2,453.6,61.2,158.4,-1,-1,-1,-1
69,8.0,457.2,393.3,59.4,177.3,-1,-1,-1,-1
69,7.0,407.2,461.2,66.6,171.0,-1,-1,-1,-1
69,6.0,842.4,448.4,60.3,191.0,-1,-1,-1,-1
69,5.0,345.8,446.2,72.0,189.2,-1,-1,-1,-1
69,4.0,769.9,455.4,70.2,172.8,-1,-1,-1,-1
69,3.0,632.7,401.4,53.1,157.5,-1,-1,-1,-1
69,2.0,139.5,397.3,54.4,169.2,-1,-1,-1,-1
69,1.0,1098.9,394.4,75.6,184.3,-1,-1,-1,-1
70,21.0,660.6,412.2,54.0,146.7,-1,-1,-1,-1
70,14.0,802.8,468.0,61.2,159.3,-1,-1,-1,-1
70,13.0,464.4,345.6,57.6,167.0,-1,-1,-1,-1
70,12.0,724.9,358.2,45.9,167.9,-1,-1,-1,-1
70,11.0,698.4,410.6,69.3,160.0,-1,-1,-1,-1
70,10.0,388.8,412.9,57.1,143.3,-1,-1,-1,-1
70,9.0,458.1,457.2,61.2,153.9,-1,-1,-1,-1
70,8.0,469.3,398.5,52.2,178.4,-1,-1,-1,-1
70,7.0,412.9,459.0,59.2,171.9,-1,-1,-1,-1
70,6.0,835.2,451.3,68.4,191.7,-1,-1,-1,-1
70,5.0,343.8,451.6,77.4,186.5,-1,-1,-1,-1
70,4.0,771.7,456.1,68.4,173.5,-1,-1,-1,-1
70,3.0,632.7,406.8,55.8,158.4,-1,-1,-1,-1
70,2.0,140.2,392.8,49.9,172.8,-1,-1,-1,-1
70,1.0,1089.9,396.2,93.6,183.4,-1,-1,-1,-1
71,22.0,380.7,460.8,54.9,169.2,-1,-1,-1,-1
71,21.0,660.1,414.0,54.0,144.9,-1,-1,-1,-1
71,14.0,802.3,462.6,63.0,166.5,-1,-1,-1,-1
71,13.0,462.6,344.5,57.6,165.8,-1,-1,-1,-1
71,12.0,725.4,357.7,46.8,177.3,-1,-1,-1,-1
71,11.0,702.0,411.5,63.0,160.0,-1,-1,-1,-1
71,10.0,386.3,415.6,59.9,141.5,-1,-1,-1,-1
71,9.0,459.9,460.1,68.4,151.4,-1,-1,-1,-1
71,8.0,465.3,401.6,60.3,173.9,-1,-1,-1,-1
71,7.0,409.7,458.8,60.1,171.2,-1,-1,-1,-1
71,6.0,831.1,451.8,72.0,191.7,-1,-1,-1,-1
71,5.0,343.8,453.6,77.4,185.4,-1,-1,-1,-1
71,4.0,757.3,453.1,84.6,175.5,-1,-1,-1,-1
71,3.0,632.2,408.6,57.6,159.3,-1,-1,-1,-1
71,2.0,140.8,391.5,50.6,171.9,-1,-1,-1,-1
71,1.0,1090.8,396.0,97.2,182.7,-1,-1,-1,-1
72,23.0,435.8,406.6,56.9,158.6,-1,-1,-1,-1
72,22.0,376.2,466.2,60.3,170.1,-1,-1,-1,-1
72,21.0,665.5,414.0,47.7,147.6,-1,-1,-1,-1
72,13.0,463.5,341.5,56.7,167.8,-1,-1,-1,-1
72,12.0,730.3,357.1,45.0,171.2,-1,-1,-1,-1
72,11.0,701.5,412.6,68.4,161.1,-1,-1,-1,-1
72,10.0,379.3,418.5,57.6,145.8,-1,-1,-1,-1
72,9.0,461.7,456.3,75.6,155.7,-1,-1,-1,-1
72,7.0,405.7,456.5,59.6,173.5,-1,-1,-1,-1
72,6.0,834.7,451.8,64.8,191.7,-1,-1,-1,-1
72,5.0,343.8,454.7,81.0,186.1,-1,-1,-1,-1
72,4.0,778.5,453.8,60.3,175.3,-1,-1,-1,-1
72,3.0,630.4,406.3,59.4,162.9,-1,-1,-1,-1
72,2.0,141.3,387.2,51.5,171.2,-1,-1,-1,-1
72,1.0,1098.0,394.6,84.6,180.9,-1,-1,-1,-1
73,23.0,436.0,416.5,58.5,150.5,-1,-1,-1,-1
73,21.0,662.4,414.0,47.7,150.3,-1,-1,-1,-1
73,13.0,462.6,339.5,58.5,165.8,-1,-1,-1,-1
73,12.0,732.6,356.6,43.2,151.0,-1,-1,-1,-1
73,11.0,698.4,410.6,63.0,163.6,-1,-1,-1,-1
73,10.0,373.3,422.5,59.4,147.6,-1,-1,-1,-1
73,9.0,466.2,453.1,72.9,162.0,-1,-1,-1,-1
73,7.0,406.8,453.6,59.8,177.3,-1,-1,-1,-1
73,6.0,832.5,450.4,66.6,192.6,-1,-1,-1,-1
73,5.0,344.0,455.4,84.6,185.4,-1,-1,-1,-1
73,4.0,778.0,456.5,60.3,172.6,-1,-1,-1,-1
73,3.0,629.1,404.8,51.3,163.6,-1,-1,-1,-1
73,2.0,143.7,384.7,48.8,170.1,-1,-1,-1,-1
73,1.0,1096.2,394.0,81.0,178.4,-1,-1,-1,-1
74,24.0,491.4,400.5,82.8,153.9,-1,-1,-1,-1
74,23.0,432.9,420.7,69.3,162.0,-1,-1,-1,-1
74,21.0,661.9,413.5,49.5,153.9,-1,-1,-1,-1
74,13.0,463.9,336.6,57.6,168.3,-1,-1,-1,-1
74,12.0,733.9,353.2,45.0,157.1,-1,-1,-1,-1
74,11.0,691.6,408.1,68.4,165.6,-1,-1,-1,-1
74,10.0,364.7,422.3,63.5,148.3,-1,-1,-1,-1
74,9.0,472.0,450.9,69.3,171.9,-1,-1,-1,-1
74,7.0,402.7,450.0,63.9,180.9,-1,-1,-1,-1
74,6.0,826.6,450.4,72.9,192.6,-1,-1,-1,-1
74,5.0,343.8,458.3,87.8,190.6,-1,-1,-1,-1
74,4.0,777.1,455.8,72.0,172.8,-1,-1,-1,-1
74,3.0,626.4,403.4,53.1,169.0,-1,-1,-1,-1
74,2.0,143.9,378.4,48.6,171.0,-1,-1,-1,-1
74,1.0,1094.4,391.7,75.6,173.9,-1,-1,-1,-1
75,24.0,494.5,399.8,81.0,154.1,-1,-1,-1,-1
75,23.0,432.0,420.7,71.1,164.7,-1,-1,-1,-1
75,21.0,660.6,414.4,48.6,154.8,-1,-1,-1,-1
75,13.0,463.5,335.5,59.4,169.4,-1,-1,-1,-1
75,12.0,733.5,352.1,45.9,162.7,-1,-1,-1,-1
75,11.0,688.5,405.0,65.7,168.3,-1,-1,-1,-1
75,10.0,362.5,420.5,58.5,150.5,-1,-1,-1,-1
75,9.0,471.6,453.4,64.8,171.2,-1,-1,-1,-1
75,8.0,474.3,399.6,63.9,177.3,-1,-1,-1,-1
75,7.0,400.5,449.3,67.5,181.6,-1,-1,-1,-1
75,6.0,824.8,450.9,73.8,192.6,-1,-1,-1,-1
75,5.0,344.0,457.6,90.4,194.4,-1,-1,-1,-1
75,4.0,775.8,455.2,73.8,173.5,-1,-1,-1,-1
75,3.0,624.1,402.1,52.2,171.2,-1,-1,-1,-1
75,2.0,144.0,377.1,47.7,170.1,-1,-1,-1,-1
75,1.0,1090.8,386.5,73.8,175.5,-1,-1,-1,-1
76,25.0,751.0,450.0,54.0,160.2,-1,-1,-1,-1
76,24.0,497.7,395.1,78.3,156.6,-1,-1,-1,-1
76,23.0,430.2,420.7,60.8,164.7,-1,-1,-1,-1
76,21.0,659.7,413.3,46.8,155.9,-1,-1,-1,-1
76,13.0,460.8,335.5,62.1,160.0,-1,-1,-1,-1
76,12.0,732.1,349.4,49.5,163.6,-1,-1,-1,-1
76,11.0,682.2,403.0,63.0,171.2,-1,-1,-1,-1
76,10.0,359.1,414.0,55.4,166.5,-1,-1,-1,-1
76,9.0,479.7,453.1,65.7,172.8,-1,-1,-1,-1
76,8.0,479.7,395.3,57.6,183.4,-1,-1,-1,-1
76,7.0,400.0,445.7,69.3,185.2,-1,-1,-1,-1
76,6.0,821.2,450.9,71.1,191.7,-1,-1,-1,-1
76,5.0,345.1,457.0,91.8,195.5,-1,-1,-1,-1
76,4.0,776.7,455.4,68.4,173.7,-1,-1,-1,-1
76,3.0,621.9,400.9,61.2,171.9,-1,-1,-1,-1
76,2.0,144.4,377.3,47.0,165.8,-1,-1,-1,-1
76,1.0,1087.2,378.7,68.4,176.6,-1,-1,-1,-1
77,25.0,747.9,450.0,54.0,163.8,-1,-1,-1,-1
77,24.0,499.5,391.0,77.4,161.1,-1,-1,-1,-1
77,23.0,429.3,419.4,61.2,162.0,-1,-1,-1,-1
77,21.0,659.7,413.5,45.0,155.7,-1,-1,-1,-1
77,13.0,461.7,335.2,63.0,162.5,-1,-1,-1,-1
77,12.0,732.1,349.4,48.6,153.7,-1,-1,-1,-1
77,11.0,679.9,403.2,65.7,171.0,-1,-1,-1,-1
77,10.0,357.7,408.1,54.9,166.5,-1,-1,-1,-1
77,9.0,482.8,455.8,63.0,170.1,-1,-1,-1,-1
77,8.0,481.5,396.7,57.6,182.9,-1,-1,-1,-1
77,7.0,402.1,445.0,66.4,184.5,-1,-1,-1,-1
77,6.0,822.6,450.9,67.5,191.7,-1,-1,-1,-1
77,5.0,348.1,457.9,88.6,195.5,-1,-1,-1,-1
77,4.0,778.5,455.4,62.1,173.7,-1,-1,-1,-1
77,3.0,620.5,401.2,48.6,172.1,-1,-1,-1,-1
77,2.0,144.0,378.4,49.0,162.9,-1,-1,-1,-1
77,1.0,1085.4,378.0,66.6,176.4,-1,-1,-1,-1
78,25.0,743.8,453.1,53.1,164.7,-1,-1,-1,-1
78,24.0,522.4,389.0,56.7,162.7,-1,-1,-1,-1
78,23.0,432.7,417.1,57.8,167.4,-1,-1,-1,-1
78,21.0,663.3,413.1,40.5,155.7,-1,-1,-1,-1
78,13.0,464.4,335.9,58.5,165.4,-1,-1,-1,-1
78,12.0,731.7,348.3,51.3,146.7,-1,-1,-1,-1
78,11.0,682.2,403.6,62.1,171.9,-1,-1,-1,-1
78,10.0,351.0,404.5,56.7,169.2,-1,-1,-1,-1
78,9.0,487.3,456.7,59.4,169.2,-1,-1,-1,-1
78,8.0,482.8,396.9,61.2,183.6,-1,-1,-1,-1
78,7.0,400.5,443.7,70.2,187.2,-1,-1,-1,-1
78,6.0,818.1,452.2,72.0,192.6,-1,-1,-1,-1
78,5.0,357.1,457.6,79.6,196.2,-1,-1,-1,-1
78,4.0,780.3,454.5,62.1,174.6,-1,-1,-1,-1
78,3.0,618.3,401.8,52.2,171.9,-1,-1,-1,-1
78,2.0,143.7,383.2,51.1,154.1,-1,-1,-1,-1
78,1.0,1080.0,379.8,68.4,171.9,-1,-1,-1,-1
79,26.0,758.2,392.4,55.8,165.6,-1,-1,-1,-1
79,25.0,737.5,455.6,57.6,163.6,-1,-1,-1,-1
79,24.0,522.9,389.5,63.9,164.9,-1,-1,-1,-1
79,23.0,432.2,416.9,66.4,169.0,-1,-1,-1,-1
79,21.0,663.7,412.6,39.6,157.5,-1,-1,-1,-1
79,13.0,463.9,336.4,59.4,166.3,-1,-1,-1,-1
79,12.0,731.2,348.3,53.1,145.3,-1,-1,-1,-1
79,11.0,672.7,406.3,71.1,170.1,-1,-1,-1,-1
79,10.0,350.8,403.2,54.4,174.6,-1,-1,-1,-1
79,9.0,489.6,458.3,52.2,169.9,-1,-1,-1,-1
79,8.0,483.3,396.9,63.0,185.4,-1,-1,-1,-1
79,7.0,395.1,443.7,83.2,188.1,-1,-1,-1,-1
79,6.0,817.2,452.0,72.9,193.7,-1,-1,-1,-1
79,5.0,362.9,456.7,75.6,197.1,-1,-1,-1,-1
79,4.0,780.7,454.5,61.2,175.5,-1,-1,-1,-1
79,3.0,617.4,402.3,52.2,171.9,-1,-1,-1,-1
79,2.0,143.9,384.5,51.5,152.3,-1,-1,-1,-1
79,1.0,1079.1,381.6,68.4,170.1,-1,-1,-1,-1
80,26.0,768.6,399.6,63.9,166.5,-1,-1,-1,-1
80,25.0,722.7,457.6,81.9,166.5,-1,-1,-1,-1
80,24.0,547.6,392.6,52.2,164.0,-1,-1,-1,-1
80,23.0,437.2,416.9,62.3,166.3,-1,-1,-1,-1
80,21.0,655.6,413.5,53.1,161.1,-1,-1,-1,-1
80,13.0,465.3,338.2,57.6,166.3,-1,-1,-1,-1
80,12.0,727.2,348.5,60.3,151.0,-1,-1,-1,-1
80,11.0,661.0,409.5,81.9,170.1,-1,-1,-1,-1
80,10.0,345.4,405.4,56.7,180.9,-1,-1,-1,-1
80,9.0,490.5,459.2,47.7,177.1,-1,-1,-1,-1
80,8.0,480.6,399.6,72.0,191.7,-1,-1,-1,-1
80,7.0,394.4,444.8,97.0,186.1,-1,-1,-1,-1
80,6.0,818.1,453.4,69.3,192.8,-1,-1,-1,-1
80,5.0,374.8,456.1,67.5,197.8,-1,-1,-1,-1
80,4.0,781.2,453.8,63.0,177.1,-1,-1,-1,-1
80,3.0,615.1,405.4,56.7,170.1,-1,-1,-1,-1
80,2.0,140.1,385.2,58.0,151.2,-1,-1,-1,-1
80,1.0,1074.6,379.3,72.0,171.9,-1,-1,-1,-1
81,26.0,779.4,407.5,55.8,184.7,-1,-1,-1,-1
81,25.0,718.6,456.7,105.3,168.3,-1,-1,-1,-1
81,24.0,551.2,395.1,62.1,163.8,-1,-1,-1,-1
81,23.0,437.8,415.1,64.8,165.4,-1,-1,-1,-1
81,13.0,465.3,338.4,57.6,167.8,-1,-1,-1,-1
81,12.0,727.2,348.5,60.3,155.0,-1,-1,-1,-1
81,11.0,661.0,412.2,79.2,171.9,-1,-1,-1,-1
81,10.0,343.6,406.8,54.9,185.4,-1,-1,-1,-1
81,9.0,489.6,461.2,49.5,177.3,-1,-1,-1,-1
81,8.0,477.9,400.0,78.3,197.1,-1,-1,-1,-1
81,7.0,396.0,444.8,98.6,185.2,-1,-1,-1,-1
81,6.0,814.9,453.6,72.9,194.4,-1,-1,-1,-1
81,5.0,373.7,455.2,70.6,198.2,-1,-1,-1,-1
81,4.0,780.7,452.0,67.5,178.0,-1,-1,-1,-1
81,3.0,613.8,405.0,58.5,175.5,-1,-1,-1,-1
81,2.0,138.8,385.4,60.5,150.5,-1,-1,-1,-1
81,1.0,1072.8,380.2,64.8,169.2,-1,-1,-1,-1
82,25.0,704.2,456.5,98.1,169.0,-1,-1,-1,-1
82,24.0,551.7,401.4,79.2,155.7,-1,-1,-1,-1
82,23.0,437.4,414.9,77.4,162.9,-1,-1,-1,-1
82,13.0,464.8,338.4,57.6,166.5,-1,-1,-1,-1
82,12.0,724.5,349.0,63.0,158.6,-1,-1,-1,-1
82,11.0,643.0,414.0,91.8,171.0,-1,-1,-1,-1
82,10.0,337.7,415.8,57.6,175.5,-1,-1,-1,-1
82,9.0,493.2,463.5,45.9,176.4,-1,-1,-1,-1
82,8.0,485.1,401.6,77.4,197.8,-1,-1,-1,-1
82,7.0,396.2,446.4,99.7,185.4,-1,-1,-1,-1
82,6.0,814.9,455.2,72.0,195.1,-1,-1,-1,-1
82,5.0,370.8,454.5,76.9,198.0,-1,-1,-1,-1
82,4.0,781.2,455.4,97.2,174.6,-1,-1,-1,-1
82,3.0,611.5,407.2,64.8,177.3,-1,-1,-1,-1
82,2.0,138.7,387.2,62.8,148.7,-1,-1,-1,-1
82,1.0,1070.1,382.9,66.6,164.7,-1,-1,-1,-1
83,25.0,699.7,456.3,94.5,169.2,-1,-1,-1,-1
83,24.0,551.7,403.2,82.8,152.1,-1,-1,-1,-1
83,23.0,440.3,414.0,57.4,165.6,-1,-1,-1,-1
83,13.0,465.3,337.7,55.8,165.8,-1,-1,-1,-1
83,12.0,723.1,349.2,63.9,157.5,-1,-1,-1,-1
83,11.0,631.8,414.4,101.7,170.1,-1,-1,-1,-1
83,10.0,336.1,418.7,52.2,178.4,-1,-1,-1,-1
83,9.0,491.4,463.9,48.6,176.4,-1,-1,-1,-1
83,8.0,488.2,401.8,76.5,199.8,-1,-1,-1,-1
83,7.0,399.1,445.9,96.7,187.2,-1,-1,-1,-1
83,6.0,809.5,454.3,75.6,195.5,-1,-1,-1,-1
83,5.0,372.6,455.4,76.0,197.1,-1,-1,-1,-1
83,4.0,782.5,456.3,75.6,172.8,-1,-1,-1,-1
83,3.0,587.7,411.3,86.4,174.6,-1,-1,-1,-1
83,2.0,140.4,387.9,62.3,147.6,-1,-1,-1,-1
83,1.0,1068.3,382.9,63.0,162.9,-1,-1,-1,-1
84,25.0,698.8,456.7,90.9,169.2,-1,-1,-1,-1
84,24.0,561.1,401.8,81.9,150.3,-1,-1,-1,-1
84,23.0,436.7,417.8,55.6,169.9,-1,-1,-1,-1
84,13.0,466.2,335.0,54.9,156.4,-1,-1,-1,-1
84,12.0,721.3,350.5,54.9,155.7,-1,-1,-1,-1
84,11.0,639.0,414.7,81.9,169.4,-1,-1,-1,-1
84,10.0,332.1,423.4,52.2,180.9,-1,-1,-1,-1
84,9.0,492.7,463.9,51.3,175.5,-1,-1,-1,-1
84,8.0,495.0,401.8,71.1,197.1,-1,-1,-1,-1
84,7.0,401.4,446.8,96.3,188.1,-1,-1,-1,-1
84,6.0,801.9,457.9,78.3,192.4,-1,-1,-1,-1
84,5.0,376.2,455.4,73.8,197.1,-1,-1,-1,-1
84,4.0,819.9,457.4,72.9,177.1,-1,-1,-1,-1
84,3.0,591.8,411.3,81.0,175.5,-1,-1,-1,-1
84,2.0,144.4,387.9,58.9,147.6,-1,-1,-1,-1
84,1.0,1065.6,382.5,59.4,158.4,-1,-1,-1,-1
85,25.0,704.2,453.8,82.8,172.6,-1,-1,-1,-1
85,24.0,571.9,401.4,75.6,180.9,-1,-1,-1,-1
85,23.0,432.9,420.1,60.3,167.6,-1,-1,-1,-1
85,13.0,466.6,334.1,54.0,158.6,-1,-1,-1,-1
85,12.0,721.3,350.5,54.9,157.5,-1,-1,-1,-1
85,11.0,644.8,414.4,72.9,170.1,-1,-1,-1,-1
85,10.0,329.8,424.8,53.6,181.8,-1,-1,-1,-1
85,9.0,491.4,463.0,54.9,176.4,-1,-1,-1,-1
85,8.0,496.8,403.9,69.3,192.4,-1,-1,-1,-1
85,7.0,402.1,446.2,95.6,188.3,-1,-1,-1,-1
85,6.0,800.1,458.8,79.2,192.4,-1,-1,-1,-1
85,5.0,382.5,455.4,71.1,197.1,-1,-1,-1,-1
85,3.0,598.0,412.4,80.1,173.9,-1,-1,-1,-1
85,2.0,147.1,387.4,56.2,147.6,-1,-1,-1,-1
85,1.0,1062.9,382.0,57.6,156.1,-1,-1,-1,-1
86,25.0,707.8,452.9,73.8,173.5,-1,-1,-1,-1
86,19.0,784.3,455.4,76.5,174.6,-1,-1,-1,-1
86,13.0,466.2,332.1,54.0,158.0,-1,-1,-1,-1
86,12.0,721.3,348.7,50.4,153.5,-1,-1,-1,-1
86,11.0,638.5,414.0,66.6,173.7,-1,-1,-1,-1
86,10.0,325.1,426.6,55.4,183.6,-1,-1,-1,-1
86,9.0,488.2,462.6,56.7,178.2,-1,-1,-1,-1
86,8.0,508.5,405.7,57.6,190.6,-1,-1,-1,-1
86,7.0,414.2,434.9,84.8,201.4,-1,-1,-1,-1
86,6.0,798.3,459.0,79.2,194.4,-1,-1,-1,-1
86,5.0,390.6,458.1,68.4,194.4,-1,-1,-1,-1
86,3.0,593.5,405.0,66.6,180.9,-1,-1,-1,-1
86,2.0,151.8,385.6,52.0,148.5,-1,-1,-1,-1
86,1.0,1056.6,376.2,61.2,158.4,-1,-1,-1,-1
87,25.0,705.6,457.2,71.1,171.9,-1,-1,-1,-1
87,19.0,783.4,456.3,80.1,171.9,-1,-1,-1,-1
87,13.0,464.8,331.6,55.8,158.8,-1,-1,-1,-1
87,12.0,720.9,347.4,50.4,156.1,-1,-1,-1,-1
87,11.0,631.8,427.5,67.5,162.9,-1,-1,-1,-1
87,10.0,322.4,425.7,55.8,183.6,-1,-1,-1,-1
87,9.0,486.9,464.4,56.7,178.2,-1,-1,-1,-1
87,8.0,509.8,404.5,55.8,190.8,-1,-1,-1,-1
87,7.0,416.7,437.2,82.8,198.2,-1,-1,-1,-1
87,6.0,797.4,459.4,81.0,194.4,-1,-1,-1,-1
87,5.0,390.4,455.4,69.3,195.3,-1,-1,-1,-1
87,3.0,598.0,397.3,52.2,189.0,-1,-1,-1,-1
87,2.0,153.0,383.8,50.8,150.3,-1,-1,-1,-1
87,1.0,1053.0,374.8,61.2,159.8,-1,-1,-1,-1
88,25.0,704.7,462.1,63.0,172.8,-1,-1,-1,-1
88,22.0,373.0,463.5,75.1,183.6,-1,-1,-1,-1
88,19.0,780.3,456.1,84.6,173.9,-1,-1,-1,-1
88,13.0,462.1,331.0,60.3,159.5,-1,-1,-1,-1
88,12.0,720.4,346.0,49.5,154.3,-1,-1,-1,-1
88,11.0,641.2,413.8,60.3,181.1,-1,-1,-1,-1
88,10.0,319.3,425.2,56.7,185.4,-1,-1,-1,-1
88,9.0,478.8,465.3,62.1,181.8,-1,-1,-1,-1
88,8.0,515.2,404.8,53.1,190.6,-1,-1,-1,-1
88,7.0,415.8,442.3,83.7,192.6,-1,-1,-1,-1
88,6.0,799.2,459.2,77.4,195.1,-1,-1,-1,-1
88,5.0,391.3,456.5,82.6,195.1,-1,-1,-1,-1
88,4.0,823.5,427.7,70.2,212.2,-1,-1,-1,-1
88,3.0,593.1,396.0,69.3,189.9,-1,-1,-1,-1
88,2.0,154.9,383.4,49.9,149.4,-1,-1,-1,-1
88,1.0,1045.8,373.0,66.6,161.1,-1,-1,-1,-1
89,25.0,704.7,464.8,57.6,173.7,-1,-1,-1,-1
89,22.0,372.8,466.6,75.1,180.0,-1,-1,-1,-1
89,19.0,779.8,456.3,83.7,174.6,-1,-1,-1,-1
89,13.0,460.1,330.7,62.3,159.8,-1,-1,-1,-1
89,12.0,720.0,345.6,50.4,151.2,-1,-1,-1,-1
89,11.0,639.0,415.3,60.3,180.9,-1,-1,-1,-1
89,10.0,314.5,425.2,59.9,185.4,-1,-1,-1,-1
89,9.0,474.7,460.3,66.6,187.2,-1,-1,-1,-1
89,8.0,517.9,404.8,59.4,191.0,-1,-1,-1,-1
89,7.0,415.6,441.9,84.8,192.6,-1,-1,-1,-1
89,6.0,799.6,459.9,76.5,194.4,-1,-1,-1,-1
89,5.0,393.7,456.7,76.5,194.4,-1,-1,-1,-1
89,4.0,829.3,427.5,61.2,212.4,-1,-1,-1,-1
89,3.0,588.1,397.8,71.1,189.0,-1,-1,-1,-1
89,2.0,155.0,383.2,50.8,149.6,-1,-1,-1,-1
89,1.0,1042.2,371.9,70.2,161.8,-1,-1,-1,-1
90,25.0,702.0,468.4,50.4,174.6,-1,-1,-1,-1
90,22.0,373.0,469.8,65.7,177.3,-1,-1,-1,-1
90,19.0,780.7,456.1,84.6,173.9,-1,-1,-1,-1
90,13.0,459.4,331.0,63.9,163.1,-1,-1,-1,-1
90,12.0,718.6,346.5,51.3,150.3,-1,-1,-1,-1
90,11.0,629.5,424.6,63.0,176.6,-1,-1,-1,-1
90,10.0,307.3,430.4,66.1,186.1,-1,-1,-1,-1
90,9.0,472.0,467.5,66.6,180.9,-1,-1,-1,-1
90,8.0,522.0,407.7,70.2,189.9,-1,-1,-1,-1
90,7.0,416.2,453.6,82.8,181.8,-1,-1,-1,-1
90,6.0,798.7,460.6,75.6,193.7,-1,-1,-1,-1
90,5.0,402.3,457.9,79.6,192.4,-1,-1,-1,-1
90,4.0,836.5,426.8,64.8,169.9,-1,-1,-1,-1
90,3.0,580.5,409.9,73.8,180.9,-1,-1,-1,-1
90,2.0,155.7,383.4,52.6,150.7,-1,-1,-1,-1
90,1.0,1035.9,376.0,72.0,157.7,-1,-1,-1,-1
91,25.0,701.1,469.3,49.5,173.7,-1,-1,-1,-1
91,22.0,373.0,469.8,65.7,177.3,-1,-1,-1,-1
91,19.0,779.8,456.3,84.6,175.5,-1,-1,-1,-1
91,13.0,459.2,330.7,64.1,160.2,-1,-1,-1,-1
91,12.0,718.6,346.5,51.3,149.9,-1,-1,-1,-1
91,11.0,631.3,436.9,60.3,165.6,-1,-1,-1,-1
91,10.0,307.3,432.0,65.7,189.9,-1,-1,-1,-1
91,9.0,469.8,467.1,68.4,181.8,-1,-1,-1,-1
91,8.0,522.0,409.9,72.0,191.7,-1,-1,-1,-1
91,7.0,416.5,454.7,82.6,181.6,-1,-1,-1,-1
91,6.0,798.7,460.8,74.7,193.5,-1,-1,-1,-1
91,5.0,404.1,457.6,81.5,193.5,-1,-1,-1,-1
91,4.0,837.0,425.7,68.4,216.0,-1,-1,-1,-1
91,3.0,576.4,411.7,73.8,181.8,-1,-1,-1,-1
91,2.0,155.9,384.1,53.3,150.5,-1,-1,-1,-1
91,1.0,1032.3,378.2,72.0,153.7,-1,-1,-1,-1
92,25.0,700.6,466.6,49.5,175.5,-1,-1,-1,-1
92,22.0,372.6,469.8,64.4,176.4,-1,-1,-1,-1
92,21.0,640.3,423.0,59.4,160.2,-1,-1,-1,-1
92,19.0,780.3,456.3,79.2,176.4,-1,-1,-1,-1
92,13.0,459.7,331.2,62.3,164.2,-1,-1,-1,-1
92,12.0,719.1,347.2,51.3,149.6,-1,-1,-1,-1
92,11.0,628.6,425.0,60.3,178.4,-1,-1,-1,-1
92,10.0,306.7,439.6,73.8,188.1,-1,-1,-1,-1
92,9.0,466.2,467.1,79.2,181.8,-1,-1,-1,-1
92,8.0,523.8,412.9,71.1,189.2,-1,-1,-1,-1
92,7.0,416.0,458.1,82.1,177.3,-1,-1,-1,-1
92,6.0,797.4,460.8,74.7,193.5,-1,-1,-1,-1
92,5.0,403.2,462.6,83.7,191.7,-1,-1,-1,-1
92,4.0,844.6,434.5,65.7,191.0,-1,-1,-1,-1
92,3.0,574.2,414.2,72.9,178.0,-1,-1,-1,-1
92,2.0,155.9,387.0,56.7,149.4,-1,-1,-1,-1
92,1.0,1027.8,380.7,66.6,151.2,-1,-1,-1,-1
93,25.0,701.1,465.3,50.4,176.4,-1,-1,-1,-1
93,22.0,373.3,469.3,66.1,176.4,-1,-1,-1,-1
93,19.0,780.7,458.5,81.9,175.5,-1,-1,-1,-1
93,13.0,459.4,331.6,62.1,164.7,-1,-1,-1,-1
93,12.0,719.1,347.8,52.2,149.4,-1,-1,-1,-1
93,11.0,629.5,417.1,58.5,187.2,-1,-1,-1,-1
93,10.0,306.0,443.7,78.7,185.4,-1,-1,-1,-1
93,9.0,465.7,468.4,76.5,179.1,-1,-1,-1,-1
93,8.0,523.8,413.5,70.2,189.0,-1,-1,-1,-1
93,7.0,415.6,462.6,83.5,172.8,-1,-1,-1,-1
93,6.0,796.9,462.1,74.7,192.6,-1,-1,-1,-1
93,5.0,407.5,466.6,79.9,188.1,-1,-1,-1,-1
93,4.0,847.8,436.0,63.0,185.4,-1,-1,-1,-1
93,3.0,573.3,415.6,71.1,176.6,-1,-1,-1,-1
93,2.0,156.4,387.7,57.1,148.7,-1,-1,-1,-1
93,1.0,1026.9,378.4,64.8,151.6,-1,-1,-1,-1
94,25.0,684.9,464.4,67.5,177.3,-1,-1,-1,-1
94,22.0,373.5,470.2,65.2,175.5,-1,-1,-1,-1
94,19.0,780.3,459.9,76.5,177.3,-1,-1,-1,-1
94,13.0,464.8,332.5,56.7,168.3,-1,-1,-1,-1
94,12.0,719.5,348.7,54.9,152.6,-1,-1,-1,-1
94,11.0,627.3,423.7,74.7,180.2,-1,-1,-1,-1
94,10.0,305.5,449.1,89.1,181.8,-1,-1,-1,-1
94,9.0,467.1,472.5,76.5,175.5,-1,-1,-1,-1
94,8.0,534.1,413.1,59.4,189.0,-1,-1,-1,-1
94,7.0,418.9,470.7,80.1,164.7,-1,-1,-1,-1
94,6.0,795.1,466.2,67.5,189.0,-1,-1,-1,-1
94,5.0,410.6,473.8,77.2,180.0,-1,-1,-1,-1
94,4.0,851.8,446.8,69.3,175.5,-1,-1,-1,-1
94,3.0,569.7,418.7,80.1,176.2,-1,-1,-1,-1
94,2.0,157.7,388.3,57.1,150.3,-1,-1,-1,-1
94,1.0,1025.1,372.6,59.4,156.6,-1,-1,-1,-1
95,25.0,700.2,464.4,52.2,177.3,-1,-1,-1,-1
95,22.0,373.5,470.2,78.3,175.5,-1,-1,-1,-1
95,19.0,778.5,462.6,77.4,173.7,-1,-1,-1,-1
95,14.0,827.1,470.2,57.6,174.6,-1,-1,-1,-1
95,13.0,463.9,333.0,57.6,164.7,-1,-1,-1,-1
95,12.0,720.0,349.4,54.9,153.7,-1,-1,-1,-1
95,11.0,618.3,427.5,67.5,176.4,-1,-1,-1,-1
95,10.0,305.5,449.1,88.6,182.7,-1,-1,-1,-1
95,9.0,469.8,474.3,74.7,173.7,-1,-1,-1,-1
95,8.0,538.6,412.4,54.9,189.2,-1,-1,-1,-1
95,6.0,794.7,468.0,64.8,187.2,-1,-1,-1,-1
95,5.0,412.0,475.6,76.7,178.2,-1,-1,-1,-1
95,4.0,850.5,449.1,73.8,175.5,-1,-1,-1,-1
95,3.0,568.8,421.2,74.7,171.9,-1,-1,-1,-1
95,2.0,158.8,388.1,56.7,150.5,-1,-1,-1,-1
95,1.0,1025.1,370.3,57.6,158.4,-1,-1,-1,-1
96,25.0,701.1,465.7,50.4,176.4,-1,-1,-1,-1
96,22.0,373.9,470.7,79.2,175.5,-1,-1,-1,-1
96,14.0,824.4,468.9,60.3,176.4,-1,-1,-1,-1
96,13.0,468.4,334.6,54.0,157.7,-1,-1,-1,-1
96,12.0,720.9,350.1,54.0,156.6,-1,-1,-1,-1
96,11.0,622.8,425.5,61.2,178.0,-1,-1,-1,-1
96,10.0,306.4,449.8,88.2,181.1,-1,-1,-1,-1
96,9.0,473.4,479.2,75.6,168.3,-1,-1,-1,-1
96,8.0,547.6,411.5,58.5,190.6,-1,-1,-1,-1
96,6.0,792.9,472.5,66.6,182.7,-1,-1,-1,-1
96,5.0,413.5,485.1,76.0,168.3,-1,-1,-1,-1
96,4.0,851.8,450.0,71.5,172.8,-1,-1,-1,-1
96,3.0,561.6,423.0,78.3,168.3,-1,-1,-1,-1
96,2.0,163.3,387.0,54.0,152.1,-1,-1,-1,-1
96,1.0,1022.4,367.9,57.6,158.6,-1,-1,-1,-1
97,25.0,699.3,466.2,52.2,176.4,-1,-1,-1,-1
97,22.0,374.4,470.7,78.3,175.5,-1,-1,-1,-1
97,21.0,639.9,412.9,62.1,167.6,-1,-1,-1,-1
97,13.0,469.8,335.2,53.1,156.6,-1,-1,-1,-1
97,12.0,722.7,350.8,53.1,152.8,-1,-1,-1,-1
97,11.0,599.8,426.8,85.5,177.1,-1,-1,-1,-1
97,10.0,307.1,449.3,86.8,181.6,-1,-1,-1,-1
97,9.0,476.1,482.8,73.8,164.7,-1,-1,-1,-1
97,8.0,549.0,410.4,55.8,193.5,-1,-1,-1,-1
97,6.0,787.5,474.3,72.0,180.9,-1,-1,-1,-1
97,5.0,414.0,486.4,74.2,167.4,-1,-1,-1,-1
97,4.0,850.0,449.8,71.1,180.2,-1,-1,-1,-1
97,3.0,562.5,423.2,75.6,169.0,-1,-1,-1,-1
97,2.0,165.3,385.9,52.6,153.2,-1,-1,-1,-1
97,1.0,1021.5,367.6,57.6,157.9,-1,-1,-1,-1
98,27.0,493.2,448.4,59.4,167.6,-1,-1,-1,-1
98,25.0,700.2,467.1,51.3,175.5,-1,-1,-1,-1
98,22.0,375.5,471.1,76.0,173.7,-1,-1,-1,-1
98,21.0,640.3,412.6,72.0,168.3,-1,-1,-1,-1
98,13.0,472.5,337.0,53.1,158.4,-1,-1,-1,-1
98,12.0,724.5,350.3,51.3,151.9,-1,-1,-1,-1
98,11.0,619.2,427.5,66.6,175.5,-1,-1,-1,-1
98,10.0,312.8,454.3,83.7,182.5,-1,-1,-1,-1
98,9.0,479.7,488.7,74.7,157.5,-1,-1,-1,-1
98,8.0,551.2,413.5,54.9,193.5,-1,-1,-1,-1
98,6.0,784.8,479.2,72.9,176.4,-1,-1,-1,-1
98,5.0,414.0,493.6,76.5,160.2,-1,-1,-1,-1
98,4.0,852.3,450.4,62.1,180.9,-1,-1,-1,-1
98,3.0,566.1,430.6,72.9,158.4,-1,-1,-1,-1
98,2.0,169.1,387.9,51.8,151.2,-1,-1,-1,-1
98,1.0,1015.2,368.1,57.6,159.3,-1,-1,-1,-1
99,27.0,490.9,447.3,63.0,169.2,-1,-1,-1,-1
99,25.0,699.7,467.1,54.0,175.5,-1,-1,-1,-1
99,22.0,376.2,470.7,74.2,173.7,-1,-1,-1,-1
99,21.0,639.0,413.3,72.0,179.8,-1,-1,-1,-1
99,13.0,473.8,338.6,53.1,159.5,-1,-1,-1,-1
99,12.0,726.7,350.1,49.5,152.5,-1,-1,-1,-1
99,11.0,619.2,427.3,70.2,176.2,-1,-1,-1,-1
99,10.0,317.2,458.5,81.0,181.8,-1,-1,-1,-1
99,9.0,480.1,491.4,73.8,153.9,-1,-1,-1,-1
99,8.0,551.2,415.8,56.7,191.7,-1,-1,-1,-1
99,6.0,784.3,483.3,72.9,172.8,-1,-1,-1,-1
99,5.0,414.0,495.0,78.3,159.3,-1,-1,-1,-1
99,4.0,853.6,453.1,64.8,181.8,-1,-1,-1,-1
99,3.0,568.3,433.6,68.4,157.7,-1,-1,-1,-1
99,2.0,170.8,387.9,51.8,152.1,-1,-1,-1,-1
99,1.0,1010.7,368.8,61.2,158.6,-1,-1,-1,-1
100,27.0,510.7,446.8,56.7,170.1,-1,-1,-1,-1
100,25.0,700.6,468.4,57.6,173.7,-1,-1,-1,-1
100,22.0,376.6,471.1,76.0,173.7,-1,-1,-1,-1
100,21.0,641.2,412.9,61.2,167.6,-1,-1,-1,-1
100,14.0,823.0,470.7,55.8,171.9,-1,-1,-1,-1
100,13.0,476.5,340.9,54.0,153.7,-1,-1,-1,-1
100,12.0,726.7,349.6,50.4,152.1,-1,-1,-1,-1
100,11.0,620.5,430.2,66.6,171.9,-1,-1,-1,-1
100,10.0,321.1,463.9,89.5,177.3,-1,-1,-1,-1
100,9.0,475.6,498.1,81.0,148.5,-1,-1,-1,-1
100,8.0,554.8,420.7,57.6,188.1,-1,-1,-1,-1
100,6.0,783.0,491.8,73.8,163.8,-1,-1,-1,-1
100,5.0,414.2,498.6,76.3,155.7,-1,-1,-1,-1
100,4.0,860.4,460.8,66.6,180.9,-1,-1,-1,-1
100,3.0,572.8,438.1,68.4,154.6,-1,-1,-1,-1
100,2.0,172.3,389.0,52.6,155.9,-1,-1,-1,-1
100,1.0,1005.3,371.7,63.0,157.1,-1,-1,-1,-1
101,27.0,511.6,447.1,63.9,169.4,-1,-1,-1,-1
101,25.0,701.1,467.1,63.9,174.6,-1,-1,-1,-1
101,22.0,377.1,471.1,75.1,172.8,-1,-1,-1,-1
101,21.0,641.7,412.9,61.2,170.8,-1,-1,-1,-1
101,14.0,824.4,470.2,54.0,172.8,-1,-1,-1,-1
101,13.0,477.4,341.3,55.8,154.6,-1,-1,-1,-1
101,12.0,727.6,349.4,50.4,151.4,-1,-1,-1,-1
101,11.0,618.3,438.1,68.4,167.6,-1,-1,-1,-1
101,10.0,321.5,465.7,83.2,177.3,-1,-1,-1,-1
101,9.0,474.7,500.4,82.8,145.8,-1,-1,-1,-1
101,8.0,558.0,423.4,59.4,189.0,-1,-1,-1,-1
101,6.0,782.5,493.2,74.7,162.0,-1,-1,-1,-1
101,5.0,414.4,499.0,75.1,154.8,-1,-1,-1,-1
101,4.0,860.8,464.4,66.1,177.3,-1,-1,-1,-1
101,3.0,567.4,439.9,73.8,161.8,-1,-1,-1,-1
101,2.0,172.5,391.0,54.0,155.7,-1,-1,-1,-1
101,1.0,1003.5,372.8,63.0,157.7,-1,-1,-1,-1
102,27.0,519.3,446.4,85.5,173.7,-1,-1,-1,-1
102,25.0,701.5,466.6,78.3,175.5,-1,-1,-1,-1
102,22.0,379.1,471.1,78.3,171.9,-1,-1,-1,-1
102,21.0,639.4,418.3,64.8,160.4,-1,-1,-1,-1
102,14.0,820.3,470.2,57.6,173.7,-1,-1,-1,-1
102,13.0,480.1,341.1,56.7,158.0,-1,-1,-1,-1
102,12.0,726.3,349.2,52.2,152.1,-1,-1,-1,-1
102,11.0,618.3,445.9,72.0,160.2,-1,-1,-1,-1
102,10.0,322.4,471.1,91.4,177.3,-1,-1,-1,-1
102,9.0,477.4,504.9,76.5,142.2,-1,-1,-1,-1
102,8.0,559.3,430.2,62.1,169.2,-1,-1,-1,-1
102,6.0,781.6,497.2,77.4,157.5,-1,-1,-1,-1
102,5.0,414.2,500.4,75.4,153.9,-1,-1,-1,-1
102,4.0,830.7,468.0,90.9,174.6,-1,-1,-1,-1
102,2.0,177.0,393.5,54.8,155.0,-1,-1,-1,-1
102,1.0,999.9,373.5,59.4,158.9,-1,-1,-1,-1
103,27.0,522.4,445.7,63.0,177.1,-1,-1,-1,-1
103,25.0,702.0,462.6,81.0,179.1,-1,-1,-1,-1
103,22.0,380.5,470.7,73.8,172.8,-1,-1,-1,-1
103,21.0,639.4,419.4,64.8,158.4,-1,-1,-1,-1
103,14.0,820.8,470.2,57.6,172.8,-1,-1,-1,-1
103,13.0,479.7,340.2,63.0,158.4,-1,-1,-1,-1
103,12.0,726.3,349.4,52.2,153.2,-1,-1,-1,-1
103,11.0,617.4,448.4,71.1,157.7,-1,-1,-1,-1
103,10.0,323.1,472.0,90.9,178.2,-1,-1,-1,-1
103,9.0,476.5,506.7,78.3,139.5,-1,-1,-1,-1
103,8.0,562.0,434.5,55.8,174.8,-1,-1,-1,-1
103,6.0,782.1,498.6,74.7,156.6,-1,-1,-1,-1
103,5.0,414.0,501.3,75.1,153.0,-1,-1,-1,-1
103,4.0,857.7,467.5,65.7,174.6,-1,-1,-1,-1
103,2.0,178.8,394.6,54.3,155.7,-1,-1,-1,-1
103,1.0,998.1,373.5,57.6,158.9,-1,-1,-1,-1
104,27.0,529.6,450.9,69.3,179.1,-1,-1,-1,-1
104,25.0,702.0,469.8,82.8,171.9,-1,-1,-1,-1
104,22.0,381.1,470.7,71.5,173.7,-1,-1,-1,-1
104,21.0,637.2,422.5,69.3,162.0,-1,-1,-1,-1
104,14.0,818.1,469.8,58.5,172.8,-1,-1,-1,-1
104,13.0,482.4,338.6,60.3,158.6,-1,-1,-1,-1
104,12.0,724.0,351.2,54.9,160.4,-1,-1,-1,-1
104,11.0,618.3,456.1,67.5,149.6,-1,-1,-1,-1
104,10.0,323.5,474.3,90.9,176.4,-1,-1,-1,-1
104,9.0,475.6,509.4,79.2,136.8,-1,-1,-1,-1
104,6.0,781.6,501.7,74.7,153.0,-1,-1,-1,-1
104,5.0,414.7,501.7,74.5,152.1,-1,-1,-1,-1
104,4.0,856.8,463.5,61.2,179.1,-1,-1,-1,-1
104,2.0,180.3,398.0,54.8,154.1,-1,-1,-1,-1
104,1.0,994.5,372.6,55.8,160.2,-1,-1,-1,-1
105,27.0,532.3,450.4,71.1,181.8,-1,-1,-1,-1
105,25.0,703.3,470.7,81.9,171.0,-1,-1,-1,-1
105,22.0,381.6,471.1,77.0,172.8,-1,-1,-1,-1
105,21.0,638.1,423.4,69.3,161.1,-1,-1,-1,-1
105,14.0,817.6,469.3,58.5,172.8,-1,-1,-1,-1
105,13.0,482.8,337.9,60.3,159.3,-1,-1,-1,-1
105,12.0,721.8,352.6,56.7,161.8,-1,-1,-1,-1
105,11.0,617.8,457.9,67.5,147.8,-1,-1,-1,-1
105,10.0,323.5,474.3,93.6,177.3,-1,-1,-1,-1
105,9.0,475.2,508.9,80.1,137.7,-1,-1,-1,-1
105,6.0,781.6,501.7,74.7,153.0,-1,-1,-1,-1
105,5.0,414.7,502.2,75.4,152.1,-1,-1,-1,-1
105,4.0,853.6,462.1,63.9,180.0,-1,-1,-1,-1
105,2.0,181.1,398.9,57.8,153.2,-1,-1,-1,-1
105,1.0,991.8,373.3,55.8,159.5,-1,-1,-1,-1
106,27.0,540.9,455.2,69.3,176.6,-1,-1,-1,-1
106,25.0,706.9,477.0,79.2,164.7,-1,-1,-1,-1
106,22.0,382.9,471.1,80.5,173.7,-1,-1,-1,-1
106,21.0,641.7,423.9,64.8,162.9,-1,-1,-1,-1
106,14.0,815.4,469.3,60.3,171.9,-1,-1,-1,-1
106,13.0,482.4,337.3,61.2,160.0,-1,-1,-1,-1
106,12.0,721.3,355.0,55.8,157.0,-1,-1,-1,-1
106,11.0,618.3,461.2,67.5,144.9,-1,-1,-1,-1
106,10.0,324.0,473.8,94.5,177.3,-1,-1,-1,-1
106,9.0,475.2,510.3,81.0,136.8,-1,-1,-1,-1
106,6.0,782.5,504.4,74.7,150.3,-1,-1,-1,-1
106,5.0,414.7,502.2,74.5,152.1,-1,-1,-1,-1
106,4.0,849.6,460.8,66.6,183.6,-1,-1,-1,-1
106,2.0,182.4,399.1,58.2,153.9,-1,-1,-1,-1
106,1.0,987.3,372.6,57.6,160.2,-1,-1,-1,-1
107,27.0,544.5,453.4,66.6,178.4,-1,-1,-1,-1
107,25.0,711.4,476.5,76.5,163.8,-1,-1,-1,-1
107,22.0,383.2,471.1,73.3,173.7,-1,-1,-1,-1
107,21.0,643.9,424.6,63.0,163.1,-1,-1,-1,-1
107,14.0,814.5,468.4,59.4,171.9,-1,-1,-1,-1
107,13.0,481.0,337.3,62.1,159.5,-1,-1,-1,-1
107,12.0,720.9,356.2,55.8,157.7,-1,-1,-1,-1
107,11.0,618.8,461.2,67.5,144.9,-1,-1,-1,-1
107,10.0,324.7,473.4,94.0,178.2,-1,-1,-1,-1
107,9.0,476.1,510.3,81.9,136.8,-1,-1,-1,-1
107,6.0,782.1,504.0,74.7,150.3,-1,-1,-1,-1
107,5.0,414.7,502.2,74.5,152.1,-1,-1,-1,-1
107,4.0,848.7,460.8,71.1,187.2,-1,-1,-1,-1
107,2.0,182.9,398.9,58.9,154.1,-1,-1,-1,-1
107,1.0,984.6,371.7,55.8,161.1,-1,-1,-1,-1
108,27.0,553.0,451.3,59.4,180.0,-1,-1,-1,-1
108,25.0,720.4,480.6,72.0,159.3,-1,-1,-1,-1
108,22.0,383.2,470.7,75.1,173.7,-1,-1,-1,-1
108,21.0,644.4,424.8,62.1,164.7,-1,-1,-1,-1
108,14.0,810.4,468.9,62.1,172.8,-1,-1,-1,-1
108,13.0,477.4,338.4,65.7,161.1,-1,-1,-1,-1
108,12.0,720.9,357.1,54.9,153.2,-1,-1,-1,-1
108,11.0,618.3,462.1,67.5,144.0,-1,-1,-1,-1
108,10.0,325.1,473.8,94.1,177.3,-1,-1,-1,-1
108,9.0,476.1,511.2,81.9,135.9,-1,-1,-1,-1
108,6.0,782.1,505.3,74.7,149.4,-1,-1,-1,-1
108,5.0,414.7,501.7,74.0,152.1,-1,-1,-1,-1
108,4.0,845.1,464.8,75.6,185.4,-1,-1,-1,-1
108,2.0,184.5,395.3,60.8,164.0,-1,-1,-1,-1
108,1.0,979.2,367.0,57.6,166.3,-1,-1,-1,-1
109,27.0,552.1,452.2,59.4,179.1,-1,-1,-1,-1
109,25.0,719.1,483.3,74.7,157.5,-1,-1,-1,-1
109,22.0,382.7,470.7,77.9,173.7,-1,-1,-1,-1
109,21.0,644.4,425.2,62.1,164.7,-1,-1,-1,-1
109,14.0,807.7,469.8,63.9,171.0,-1,-1,-1,-1
109,13.0,477.9,339.7,64.8,162.0,-1,-1,-1,-1
109,12.0,720.9,357.5,54.9,152.8,-1,-1,-1,-1
109,11.0,615.6,463.0,70.2,143.1,-1,-1,-1,-1
109,10.0,325.6,472.9,94.5,178.2,-1,-1,-1,-1
109,9.0,475.6,511.2,82.8,135.9,-1,-1,-1,-1
109,6.0,782.1,504.9,74.7,150.3,-1,-1,-1,-1
109,5.0,414.2,501.7,74.0,152.1,-1,-1,-1,-1
109,4.0,842.8,467.5,75.6,183.6,-1,-1,-1,-1
109,2.0,186.2,395.5,60.0,166.5,-1,-1,-1,-1
109,1.0,971.1,367.2,64.8,166.9,-1,-1,-1,-1
110,27.0,559.8,452.2,56.7,179.1,-1,-1,-1,-1
110,25.0,715.5,490.9,82.8,150.3,-1,-1,-1,-1
110,22.0,384.3,469.8,74.2,174.6,-1,-1,-1,-1
110,21.0,643.9,424.6,63.0,164.9,-1,-1,-1,-1
110,14.0,804.6,469.3,65.7,171.0,-1,-1,-1,-1
110,13.0,476.1,341.8,67.5,163.1,-1,-1,-1,-1
110,12.0,721.3,357.7,53.1,153.5,-1,-1,-1,-1
110,11.0,615.1,467.1,70.2,138.6,-1,-1,-1,-1
110,10.0,326.7,473.4,94.0,178.2,-1,-1,-1,-1
110,9.0,476.1,511.6,82.8,135.9,-1,-1,-1,-1
110,6.0,781.6,506.2,74.7,148.5,-1,-1,-1,-1
110,5.0,414.7,501.7,73.6,152.1,-1,-1,-1,-1
110,4.0,844.6,471.6,69.3,180.0,-1,-1,-1,-1
110,2.0,189.4,396.9,59.2,173.7,-1,-1,-1,-1
110,1.0,963.0,369.9,70.2,166.5,-1,-1,-1,-1
111,27.0,562.0,455.6,60.3,180.2,-1,-1,-1,-1
111,25.0,715.5,493.2,82.8,148.5,-1,-1,-1,-1
111,22.0,385.0,469.8,72.5,174.6,-1,-1,-1,-1
111,21.0,644.8,424.3,62.1,165.6,-1,-1,-1,-1
111,14.0,801.9,469.8,66.6,170.1,-1,-1,-1,-1
111,13.0,475.6,343.3,67.5,162.5,-1,-1,-1,-1
111,12.0,720.9,357.5,53.1,153.7,-1,-1,-1,-1
111,11.0,616.9,467.1,68.4,138.6,-1,-1,-1,-1
111,10.0,326.2,473.8,95.0,177.3,-1,-1,-1,-1
111,9.0,475.2,512.1,83.7,135.0,-1,-1,-1,-1
111,6.0,781.6,506.2,74.7,148.5,-1,-1,-1,-1
111,5.0,414.7,501.7,73.6,152.1,-1,-1,-1,-1
111,4.0,843.3,472.9,70.2,178.2,-1,-1,-1,-1
111,2.0,191.9,399.1,58.3,173.7,-1,-1,-1,-1
111,1.0,959.4,371.2,72.0,167.9,-1,-1,-1,-1
112,27.0,567.0,458.1,65.7,181.8,-1,-1,-1,-1
112,25.0,713.7,496.8,84.6,144.9,-1,-1,-1,-1
112,22.0,385.9,468.0,71.6,176.4,-1,-1,-1,-1
112,21.0,643.9,425.0,63.9,165.4,-1,-1,-1,-1
112,14.0,799.2,470.7,69.3,168.3,-1,-1,-1,-1
112,13.0,474.3,345.6,64.8,162.5,-1,-1,-1,-1
112,12.0,720.4,356.6,54.0,154.6,-1,-1,-1,-1
112,11.0,617.4,469.8,66.6,135.9,-1,-1,-1,-1
112,10.0,327.1,473.4,93.6,177.3,-1,-1,-1,-1
112,9.0,477.0,512.1,81.9,135.0,-1,-1,-1,-1
112,6.0,781.6,506.7,74.7,148.5,-1,-1,-1,-1
112,5.0,414.9,501.7,73.8,152.1,-1,-1,-1,-1
112,4.0,843.3,472.9,71.1,178.2,-1,-1,-1,-1
112,2.0,192.6,404.8,61.6,170.8,-1,-1,-1,-1
112,1.0,959.4,375.1,64.8,166.3,-1,-1,-1,-1
113,27.0,568.8,460.8,65.7,181.8,-1,-1,-1,-1
113,25.0,712.8,499.5,86.4,142.2,-1,-1,-1,-1
113,22.0,385.4,467.5,74.2,176.4,-1,-1,-1,-1
113,21.0,645.3,426.1,62.1,163.8,-1,-1,-1,-1
113,14.0,798.3,471.1,70.2,168.3,-1,-1,-1,-1
113,13.0,474.7,346.7,63.0,163.6,-1,-1,-1,-1
113,12.0,720.4,356.6,54.9,154.6,-1,-1,-1,-1
113,11.0,617.4,470.2,66.6,135.9,-1,-1,-1,-1
113,10.0,327.6,473.4,93.1,177.3,-1,-1,-1,-1
113,9.0,476.5,513.0,81.9,134.1,-1,-1,-1,-1
113,6.0,781.6,506.7,74.7,148.5,-1,-1,-1,-1
113,5.0,415.1,500.8,74.0,153.0,-1,-1,-1,-1
113,4.0,843.3,473.4,71.1,177.3,-1,-1,-1,-1
113,2.0,193.6,405.7,62.2,169.4,-1,-1,-1,-1
113,1.0,957.6,376.0,66.6,167.2,-1,-1,-1,-1
114,27.0,576.9,465.3,63.0,178.2,-1,-1,-1,-1
114,25.0,712.3,502.2,88.2,139.5,-1,-1,-1,-1
114,24.0,617.4,436.3,54.9,141.1,-1,-1,-1,-1
114,22.0,385.4,468.0,72.4,176.4,-1,-1,-1,-1
114,21.0,643.5,428.6,63.9,161.8,-1,-1,-1,-1
114,14.0,797.4,475.6,73.8,163.8,-1,-1,-1,-1
114,13.0,474.3,346.9,61.2,164.7,-1,-1,-1,-1
114,12.0,720.0,357.5,56.7,155.5,-1,-1,-1,-1
114,11.0,618.3,471.6,64.8,135.0,-1,-1,-1,-1
114,10.0,327.8,473.8,92.2,176.4,-1,-1,-1,-1
114,9.0,476.1,513.0,82.8,134.1,-1,-1,-1,-1
114,6.0,781.2,507.6,74.7,147.6,-1,-1,-1,-1
114,5.0,415.3,501.7,73.8,152.1,-1,-1,-1,-1
114,4.0,842.4,473.8,72.0,177.3,-1,-1,-1,-1
114,2.0,200.0,406.1,59.2,169.9,-1,-1,-1,-1
114,1.0,957.6,376.4,63.0,167.6,-1,-1,-1,-1
115,27.0,580.5,467.5,65.7,176.4,-1,-1,-1,-1
115,25.0,712.8,504.0,88.2,137.7,-1,-1,-1,-1
115,22.0,384.3,468.9,77.4,175.5,-1,-1,-1,-1
115,21.0,641.2,430.6,65.7,160.2,-1,-1,-1,-1
115,14.0,794.7,477.9,77.4,162.9,-1,-1,-1,-1
115,13.0,474.3,346.9,61.2,164.7,-1,-1,-1,-1
115,12.0,719.5,358.6,57.6,155.7,-1,-1,-1,-1
115,11.0,618.8,470.2,64.8,135.9,-1,-1,-1,-1
115,10.0,327.6,474.7,92.2,175.5,-1,-1,-1,-1
115,9.0,476.5,513.9,81.9,133.2,-1,-1,-1,-1
115,6.0,781.6,507.6,74.7,147.6,-1,-1,-1,-1
115,5.0,415.8,501.7,73.3,152.1,-1,-1,-1,-1
115,4.0,841.5,473.4,72.9,177.3,-1,-1,-1,-1
115,2.0,202.4,403.6,58.6,173.7,-1,-1,-1,-1
115,1.0,956.7,376.6,63.0,167.4,-1,-1,-1,-1
116,27.0,591.3,471.1,51.3,173.7,-1,-1,-1,-1
116,25.0,712.3,504.9,89.1,136.8,-1,-1,-1,-1
116,22.0,382.3,472.5,74.2,171.9,-1,-1,-1,-1
116,21.0,640.3,430.6,66.6,160.2,-1,-1,-1,-1
116,14.0,796.5,481.5,77.4,161.1,-1,-1,-1,-1
116,13.0,474.3,345.8,61.2,166.3,-1,-1,-1,-1
116,12.0,719.1,360.7,59.4,158.6,-1,-1,-1,-1
116,11.0,620.1,470.2,62.1,135.0,-1,-1,-1,-1
116,10.0,328.0,475.6,90.4,174.6,-1,-1,-1,-1
116,9.0,476.1,513.9,82.8,133.2,-1,-1,-1,-1
116,6.0,780.7,509.8,75.6,144.9,-1,-1,-1,-1
116,5.0,415.8,502.2,74.2,151.2,-1,-1,-1,-1
116,4.0,840.6,474.7,73.8,176.4,-1,-1,-1,-1
116,3.0,553.9,469.8,89.1,137.7,-1,-1,-1,-1
116,2.0,207.1,402.5,56.1,179.8,-1,-1,-1,-1
116,1.0,956.7,376.0,61.2,167.6,-1,-1,-1,-1
117,27.0,593.5,470.7,46.8,174.6,-1,-1,-1,-1
117,25.0,712.3,504.9,88.2,136.8,-1,-1,-1,-1
117,22.0,379.3,476.1,78.8,169.2,-1,-1,-1,-1
117,21.0,640.8,430.6,65.7,160.2,-1,-1,-1,-1
117,14.0,794.2,482.4,81.0,159.3,-1,-1,-1,-1
117,13.0,476.1,345.1,59.4,166.5,-1,-1,-1,-1
117,12.0,719.1,361.8,59.4,158.4,-1,-1,-1,-1
117,11.0,618.8,469.8,63.0,135.0,-1,-1,-1,-1
117,10.0,328.0,476.1,90.0,174.6,-1,-1,-1,-1
117,9.0,475.2,514.3,83.7,132.3,-1,-1,-1,-1
117,6.0,780.7,509.8,75.6,144.9,-1,-1,-1,-1
117,5.0,416.0,503.1,74.0,150.3,-1,-1,-1,-1
117,4.0,840.1,474.7,74.7,176.4,-1,-1,-1,-1
117,3.0,553.9,469.8,89.1,137.7,-1,-1,-1,-1
117,2.0,208.5,402.3,56.4,182.7,-1,-1,-1,-1
117,1.0,955.8,376.2,61.2,167.4,-1,-1,-1,-1
118,27.0,598.0,464.4,48.6,181.8,-1,-1,-1,-1
118,25.0,712.8,504.9,88.2,136.8,-1,-1,-1,-1
118,22.0,379.8,482.4,80.5,163.8,-1,-1,-1,-1
118,21.0,640.8,430.6,65.7,160.2,-1,-1,-1,-1
118,14.0,791.5,479.7,82.8,162.0,-1,-1,-1,-1
118,13.0,477.4,345.4,58.5,165.8,-1,-1,-1,-1
118,12.0,719.5,364.0,59.4,157.5,-1,-1,-1,-1
118,11.0,611.5,468.9,70.2,137.7,-1,-1,-1,-1
118,10.0,328.5,476.1,89.1,174.6,-1,-1,-1,-1
118,9.0,475.6,514.3,82.8,132.3,-1,-1,-1,-1
118,6.0,781.2,508.9,74.7,145.8,-1,-1,-1,-1
118,5.0,416.2,503.1,72.9,150.3,-1,-1,-1,-1
118,4.0,838.3,474.7,76.5,176.4,-1,-1,-1,-1
118,3.0,554.4,467.1,90.9,140.4,-1,-1,-1,-1
118,2.0,212.5,407.5,57.5,184.3,-1,-1,-1,-1
118,1.0,954.0,376.2,63.0,171.9,-1,-1,-1,-1
119,27.0,596.7,460.3,49.5,183.6,-1,-1,-1,-1
119,25.0,712.3,504.9,87.3,136.8,-1,-1,-1,-1
119,22.0,379.8,480.6,81.4,165.6,-1,-1,-1,-1
119,21.0,641.7,430.9,64.8,160.4,-1,-1,-1,-1
119,14.0,787.9,477.0,79.2,159.3,-1,-1,-1,-1
119,13.0,478.8,345.6,57.6,166.0,-1,-1,-1,-1
119,12.0,719.5,364.7,59.4,156.4,-1,-1,-1,-1
119,11.0,606.6,468.9,74.7,138.6,-1,-1,-1,-1
119,10.0,328.7,476.1,89.6,174.6,-1,-1,-1,-1
119,9.0,475.6,514.8,82.8,132.3,-1,-1,-1,-1
119,6.0,780.7,507.6,75.6,146.7,-1,-1,-1,-1
119,5.0,416.5,502.2,74.0,151.2,-1,-1,-1,-1
119,4.0,837.4,474.3,77.4,176.4,-1,-1,-1,-1
119,3.0,553.9,472.0,91.8,135.0,-1,-1,-1,-1
119,2.0,214.0,411.3,58.5,181.8,-1,-1,-1,-1
119,1.0,954.0,376.9,63.0,173.5,-1,-1,-1,-1
120,27.0,594.0,456.7,58.5,185.4,-1,-1,-1,-1
120,25.0,712.8,504.9,88.2,136.8,-1,-1,-1,-1
120,22.0,384.3,471.1,73.3,172.8,-1,-1,-1,-1
120,21.0,636.3,430.2,70.2,161.1,-1,-1,-1,-1
120,14.0,787.0,470.2,80.1,162.0,-1,-1,-1,-1
120,13.0,479.7,347.2,57.6,167.6,-1,-1,-1,-1
120,12.0,719.5,365.4,60.3,157.9,-1,-1,-1,-1
120,11.0,615.6,465.3,66.6,137.7,-1,-1,-1,-1
120,10.0,328.9,475.2,90.9,175.5,-1,-1,-1,-1
120,9.0,475.6,513.9,82.8,133.2,-1,-1,-1,-1
120,6.0,780.3,505.3,76.5,149.4,-1,-1,-1,-1
120,5.0,415.8,500.4,75.6,153.0,-1,-1,-1,-1
120,4.0,834.7,473.4,80.1,177.3,-1,-1,-1,-1
120,3.0,553.5,467.5,89.1,140.4,-1,-1,-1,-1
120,2.0,216.0,418.5,63.0,177.3,-1,-1,-1,-1
120,1.0,953.1,382.0,64.8,171.9,-1,-1,-1,-1
121,27.0,591.3,454.9,67.5,185.4,-1,-1,-1,-1
121,25.0,712.8,505.3,88.2,136.8,-1,-1,-1,-1
121,22.0,384.5,466.6,72.0,172.8,-1,-1,-1,-1
121,21.0,638.5,429.5,68.4,161.8,-1,-1,-1,-1
121,14.0,785.7,468.9,80.1,161.1,-1,-1,-1,-1
121,13.0,481.0,348.3,56.7,166.0,-1,-1,-1,-1
121,12.0,719.5,365.4,57.6,158.4,-1,-1,-1,-1
121,11.0,616.5,463.0,64.8,141.3,-1,-1,-1,-1
121,10.0,329.8,474.7,90.0,175.5,-1,-1,-1,-1
121,9.0,475.2,513.0,82.8,134.1,-1,-1,-1,-1
121,6.0,780.3,504.9,75.6,149.4,-1,-1,-1,-1
121,5.0,415.3,499.5,75.6,153.9,-1,-1,-1,-1
121,4.0,835.6,472.5,78.3,178.2,-1,-1,-1,-1
121,3.0,553.0,468.4,88.2,139.5,-1,-1,-1,-1
121,2.0,217.6,420.7,63.0,175.5,-1,-1,-1,-1
121,1.0,952.2,382.9,66.6,172.8,-1,-1,-1,-1
122,27.0,589.5,457.0,75.6,184.7,-1,-1,-1,-1
122,25.0,713.7,504.9,87.3,136.8,-1,-1,-1,-1
122,22.0,383.8,459.4,69.8,174.6,-1,-1,-1,-1
122,21.0,636.3,427.7,69.3,163.1,-1,-1,-1,-1
122,14.0,783.4,466.6,81.0,158.4,-1,-1,-1,-1
122,13.0,481.0,350.3,59.4,169.9,-1,-1,-1,-1
122,12.0,719.1,365.2,56.7,158.6,-1,-1,-1,-1
122,11.0,618.3,466.6,62.1,137.7,-1,-1,-1,-1
122,10.0,331.0,472.5,91.8,178.2,-1,-1,-1,-1
122,9.0,474.3,514.8,83.7,132.3,-1,-1,-1,-1
122,6.0,781.2,502.2,74.7,153.0,-1,-1,-1,-1
122,5.0,415.1,498.6,75.4,154.8,-1,-1,-1,-1
122,4.0,836.5,470.7,77.4,180.0,-1,-1,-1,-1
122,3.0,552.6,468.0,82.8,139.5,-1,-1,-1,-1
122,2.0,221.2,423.4,62.5,178.2,-1,-1,-1,-1
122,1.0,951.3,377.5,68.4,180.9,-1,-1,-1,-1
123,27.0,588.6,458.8,85.5,184.7,-1,-1,-1,-1
123,25.0,713.7,504.9,87.3,136.8,-1,-1,-1,-1
123,22.0,383.6,459.7,72.9,171.2,-1,-1,-1,-1
123,21.0,636.8,428.8,68.4,165.6,-1,-1,-1,-1
123,14.0,783.4,466.2,81.0,158.4,-1,-1,-1,-1
123,13.0,481.9,351.7,57.6,169.4,-1,-1,-1,-1
123,12.0,718.6,365.2,56.7,158.6,-1,-1,-1,-1
123,11.0,616.9,461.2,63.0,143.1,-1,-1,-1,-1
123,10.0,331.0,472.0,92.2,178.2,-1,-1,-1,-1
123,9.0,475.2,513.9,82.8,133.2,-1,-1,-1,-1
123,6.0,781.2,501.7,74.7,153.0,-1,-1,-1,-1
123,5.0,414.9,498.6,76.0,154.8,-1,-1,-1,-1
123,4.0,837.0,470.7,76.5,180.0,-1,-1,-1,-1
123,3.0,552.1,467.5,83.7,140.4,-1,-1,-1,-1
123,2.0,222.2,423.9,61.8,180.9,-1,-1,-1,-1
123,1.0,952.2,378.0,68.4,180.9,-1,-1,-1,-1
124,27.0,588.6,463.9,91.8,182.7,-1,-1,-1,-1
124,25.0,713.7,504.9,87.3,136.8,-1,-1,-1,-1
124,22.0,384.7,459.4,70.6,171.0,-1,-1,-1,-1
124,21.0,639.9,431.1,64.8,165.6,-1,-1,-1,-1
124,14.0,783.9,466.2,80.1,158.4,-1,-1,-1,-1
124,13.0,481.9,353.0,60.3,168.5,-1,-1,-1,-1
124,12.0,717.7,364.9,55.8,158.4,-1,-1,-1,-1
124,10.0,331.6,472.0,92.2,178.2,-1,-1,-1,-1
124,9.0,475.2,513.0,82.8,134.1,-1,-1,-1,-1
124,6.0,780.7,500.8,75.6,153.9,-1,-1,-1,-1
124,5.0,415.1,498.6,75.4,154.8,-1,-1,-1,-1
124,4.0,835.6,470.7,77.4,180.0,-1,-1,-1,-1
124,3.0,551.7,468.0,82.8,140.4,-1,-1,-1,-1
124,2.0,224.4,426.4,61.5,182.5,-1,-1,-1,-1
124,1.0,952.2,380.7,68.4,179.1,-1,-1,-1,-1
125,27.0,588.6,465.3,92.7,181.8,-1,-1,-1,-1
125,25.0,713.7,505.8,88.2,135.9,-1,-1,-1,-1
125,22.0,385.6,459.2,67.9,172.6,-1,-1,-1,-1
125,21.0,633.6,432.7,71.1,164.0,-1,-1,-1,-1
125,14.0,784.3,466.6,79.2,160.2,-1,-1,-1,-1
125,13.0,481.9,353.2,62.1,169.2,-1,-1,-1,-1
125,12.0,715.9,364.9,56.7,159.3,-1,-1,-1,-1
125,10.0,331.9,472.0,91.8,178.2,-1,-1,-1,-1
125,9.0,475.2,513.0,82.8,134.1,-1,-1,-1,-1
125,6.0,780.7,501.7,75.6,153.0,-1,-1,-1,-1
125,5.0,415.8,499.5,75.1,153.9,-1,-1,-1,-1
125,4.0,836.1,471.1,77.4,180.0,-1,-1,-1,-1
125,3.0,550.8,468.4,86.4,139.5,-1,-1,-1,-1
125,2.0,225.0,428.8,61.7,181.8,-1,-1,-1,-1
125,1.0,954.9,379.3,66.6,180.9,-1,-1,-1,-1
126,27.0,588.6,471.6,91.8,174.6,-1,-1,-1,-1
126,25.0,713.2,506.7,88.2,135.9,-1,-1,-1,-1
126,22.0,386.5,460.8,81.9,172.8,-1,-1,-1,-1
126,21.0,635.4,436.9,69.3,154.8,-1,-1,-1,-1
126,14.0,786.6,470.2,80.1,160.2,-1,-1,-1,-1
126,13.0,481.9,353.7,62.1,168.3,-1,-1,-1,-1
126,12.0,713.2,366.7,55.8,158.9,-1,-1,-1,-1
126,10.0,331.6,475.2,87.8,175.5,-1,-1,-1,-1
126,9.0,475.6,513.9,81.9,133.2,-1,-1,-1,-1
126,6.0,781.2,503.5,74.7,151.2,-1,-1,-1,-1
126,5.0,415.8,501.7,73.8,152.1,-1,-1,-1,-1
126,4.0,834.7,473.8,79.2,177.3,-1,-1,-1,-1
126,3.0,551.7,469.3,90.9,138.6,-1,-1,-1,-1
126,2.0,228.0,432.4,60.9,179.1,-1,-1,-1,-1
126,1.0,957.6,378.4,64.8,181.8,-1,-1,-1,-1
127,27.0,588.1,472.5,91.8,173.7,-1,-1,-1,-1
127,25.0,712.8,507.6,88.2,135.0,-1,-1,-1,-1
127,22.0,387.4,464.8,69.3,171.9,-1,-1,-1,-1
127,21.0,635.4,439.4,69.3,153.7,-1,-1,-1,-1
127,14.0,786.6,472.0,80.1,161.1,-1,-1,-1,-1
127,13.0,482.4,353.7,61.2,168.7,-1,-1,-1,-1
127,12.0,711.9,367.6,56.7,160.6,-1,-1,-1,-1
127,10.0,331.2,477.9,90.9,172.8,-1,-1,-1,-1
127,9.0,476.5,515.7,81.0,131.4,-1,-1,-1,-1
127,6.0,780.3,504.4,75.6,150.3,-1,-1,-1,-1
127,5.0,415.1,502.6,77.6,151.2,-1,-1,-1,-1
127,4.0,836.5,476.5,78.3,173.7,-1,-1,-1,-1
127,3.0,551.7,470.2,90.0,137.7,-1,-1,-1,-1
127,2.0,230.3,433.8,62.0,178.2,-1,-1,-1,-1
127,1.0,958.5,377.5,64.8,182.7,-1,-1,-1,-1
128,27.0,588.1,474.3,91.8,171.9,-1,-1,-1,-1
128,25.0,713.2,509.8,87.3,132.3,-1,-1,-1,-1
128,22.0,386.5,476.5,66.1,167.4,-1,-1,-1,-1
128,21.0,634.9,439.4,70.2,153.7,-1,-1,-1,-1
128,14.0,784.3,478.8,85.5,163.8,-1,-1,-1,-1
128,13.0,481.0,352.6,62.1,169.9,-1,-1,-1,-1
128,12.0,710.1,369.7,57.6,160.0,-1,-1,-1,-1
128,10.0,331.4,482.4,92.7,168.3,-1,-1,-1,-1
128,9.0,476.1,516.6,81.0,130.5,-1,-1,-1,-1
128,6.0,781.2,508.0,74.7,146.7,-1,-1,-1,-1
128,5.0,414.7,504.9,79.4,148.5,-1,-1,-1,-1
128,4.0,838.8,480.1,76.5,171.0,-1,-1,-1,-1
128,3.0,551.2,470.7,91.8,136.8,-1,-1,-1,-1
128,2.0,234.7,437.2,61.2,173.9,-1,-1,-1,-1
128,1.0,960.3,378.4,63.0,181.8,-1,-1,-1,-1
129,27.0,588.1,473.4,91.8,172.8,-1,-1,-1,-1
129,25.0,712.8,510.3,88.2,132.3,-1,-1,-1,-1
129,22.0,385.0,483.3,73.8,162.0,-1,-1,-1,-1
129,21.0,628.6,438.7,76.5,161.1,-1,-1,-1,-1
129,14.0,782.5,482.8,86.4,157.5,-1,-1,-1,-1
129,13.0,480.6,352.8,63.0,170.1,-1,-1,-1,-1
129,12.0,708.7,370.6,57.6,160.9,-1,-1,-1,-1
129,10.0,331.4,482.4,93.6,168.3,-1,-1,-1,-1
129,9.0,475.2,517.5,81.9,129.6,-1,-1,-1,-1
129,6.0,781.2,510.3,74.7,144.0,-1,-1,-1,-1
129,5.0,415.3,505.8,78.8,147.6,-1,-1,-1,-1
129,4.0,835.2,480.6,80.1,171.0,-1,-1,-1,-1
129,3.0,550.8,470.2,86.4,137.7,-1,-1,-1,-1
129,2.0,237.4,437.4,63.0,174.6,-1,-1,-1,-1
129,1.0,961.2,380.0,63.0,181.6,-1,-1,-1,-1
130,27.0,588.1,472.9,90.9,172.8,-1,-1,-1,-1
130,25.0,712.8,510.7,87.3,131.4,-1,-1,-1,-1
130,22.0,384.7,480.6,67.5,163.8,-1,-1,-1,-1
130,21.0,628.6,434.5,76.5,164.9,-1,-1,-1,-1
130,14.0,780.3,481.5,90.0,159.3,-1,-1,-1,-1
130,13.0,478.8,353.9,64.8,169.9,-1,-1,-1,-1
130,12.0,706.5,371.7,57.6,160.2,-1,-1,-1,-1
130,10.0,333.7,482.4,90.9,168.3,-1,-1,-1,-1
130,9.0,476.1,515.7,81.0,131.4,-1,-1,-1,-1
130,6.0,781.6,509.4,74.7,145.8,-1,-1,-1,-1
130,5.0,415.8,505.8,78.8,147.6,-1,-1,-1,-1
130,4.0,833.8,480.1,81.0,171.0,-1,-1,-1,-1
130,3.0,551.2,468.4,85.5,139.5,-1,-1,-1,-1
130,2.0,242.3,439.2,69.3,175.5,-1,-1,-1,-1
130,1.0,963.0,384.5,61.2,180.2,-1,-1,-1,-1
131,27.0,588.1,469.8,90.9,176.4,-1,-1,-1,-1
131,25.0,712.3,508.9,88.2,133.2,-1,-1,-1,-1
131,22.0,388.1,471.1,70.6,172.8,-1,-1,-1,-1
131,21.0,627.8,431.3,77.4,167.6,-1,-1,-1,-1
131,14.0,785.7,476.5,82.8,162.9,-1,-1,-1,-1
131,13.0,477.4,355.3,65.7,170.8,-1,-1,-1,-1
131,12.0,706.0,371.5,56.7,160.9,-1,-1,-1,-1
131,10.0,335.9,479.7,90.9,171.0,-1,-1,-1,-1
131,9.0,475.2,515.7,81.9,131.4,-1,-1,-1,-1
131,6.0,781.6,506.7,74.7,148.5,-1,-1,-1,-1
131,5.0,415.3,504.9,78.8,148.5,-1,-1,-1,-1
131,4.0,830.7,477.9,81.9,172.8,-1,-1,-1,-1
131,3.0,551.2,466.2,92.7,141.3,-1,-1,-1,-1
131,2.0,243.4,440.1,70.2,176.4,-1,-1,-1,-1
131,1.0,963.0,385.0,61.2,181.1,-1,-1,-1,-1
132,27.0,588.1,472.0,90.0,173.7,-1,-1,-1,-1
132,25.0,713.2,505.8,89.1,136.8,-1,-1,-1,-1
132,22.0,391.5,460.8,72.0,173.7,-1,-1,-1,-1
132,21.0,631.8,428.6,72.9,167.2,-1,-1,-1,-1
132,14.0,787.5,463.5,70.2,152.1,-1,-1,-1,-1
132,13.0,476.1,357.7,67.5,172.8,-1,-1,-1,-1
132,12.0,704.2,371.7,55.8,161.1,-1,-1,-1,-1
132,10.0,341.5,470.7,90.9,180.0,-1,-1,-1,-1
132,9.0,473.4,513.0,83.7,134.1,-1,-1,-1,-1
132,6.0,781.2,503.5,83.7,151.2,-1,-1,-1,-1
132,5.0,416.0,501.7,75.4,151.2,-1,-1,-1,-1
132,4.0,835.2,467.1,73.8,183.6,-1,-1,-1,-1
132,3.0,552.6,461.2,90.9,146.7,-1,-1,-1,-1
132,2.0,247.0,442.3,67.5,176.4,-1,-1,-1,-1
132,1.0,963.0,390.1,61.2,178.2,-1,-1,-1,-1
133,27.0,588.6,477.0,90.0,169.2,-1,-1,-1,-1
133,25.0,713.7,504.4,85.5,137.7,-1,-1,-1,-1
133,22.0,395.1,454.7,71.1,176.2,-1,-1,-1,-1
133,21.0,632.2,425.0,72.9,169.0,-1,-1,-1,-1
133,14.0,785.7,462.1,72.9,141.3,-1,-1,-1,-1
133,13.0,475.6,358.6,66.6,171.9,-1,-1,-1,-1
133,12.0,702.9,371.7,56.7,161.1,-1,-1,-1,-1
133,10.0,344.7,465.7,86.4,184.5,-1,-1,-1,-1
133,9.0,474.7,510.7,81.9,135.9,-1,-1,-1,-1
133,6.0,782.1,500.8,82.8,153.9,-1,-1,-1,-1
133,5.0,412.6,499.0,78.3,153.9,-1,-1,-1,-1
133,4.0,832.9,463.9,72.9,186.3,-1,-1,-1,-1
133,3.0,552.6,458.5,87.3,149.4,-1,-1,-1,-1
133,2.0,248.4,443.5,66.6,176.6,-1,-1,-1,-1
133,1.0,963.0,390.1,61.2,179.1,-1,-1,-1,-1
134,27.0,588.1,481.9,90.0,163.8,-1,-1,-1,-1
134,25.0,714.1,496.8,90.0,144.9,-1,-1,-1,-1
134,22.0,403.9,444.6,66.8,185.4,-1,-1,-1,-1
134,21.0,637.6,423.4,67.5,168.3,-1,-1,-1,-1
134,14.0,783.4,449.1,82.8,135.9,-1,-1,-1,-1
134,13.0,473.8,360.9,69.3,166.5,-1,-1,-1,-1
134,12.0,701.1,371.0,58.5,161.8,-1,-1,-1,-1
134,11.0,597.6,401.6,77.4,112.3,-1,-1,-1,-1
134,10.0,349.9,459.4,82.8,188.1,-1,-1,-1,-1
134,9.0,472.0,504.0,84.6,143.1,-1,-1,-1,-1
134,6.0,781.6,495.0,78.3,160.2,-1,-1,-1,-1
134,5.0,401.4,494.1,89.1,159.3,-1,-1,-1,-1
134,4.0,832.9,459.4,68.4,189.9,-1,-1,-1,-1
134,3.0,553.9,450.0,89.1,157.5,-1,-1,-1,-1
134,2.0,244.1,447.1,71.1,173.5,-1,-1,-1,-1
134,1.0,963.0,391.9,61.2,180.9,-1,-1,-1,-1
135,27.0,588.1,485.1,90.0,160.2,-1,-1,-1,-1
135,25.0,715.0,494.1,89.1,147.6,-1,-1,-1,-1
135,22.0,403.9,439.4,67.7,139.7,-1,-1,-1,-1
135,21.0,640.3,423.9,64.8,167.4,-1,-1,-1,-1
135,14.0,782.1,443.9,81.0,123.5,-1,-1,-1,-1
135,13.0,470.7,361.3,72.9,166.5,-1,-1,-1,-1
135,12.0,700.2,371.2,59.4,161.6,-1,-1,-1,-1
135,11.0,598.9,395.8,67.5,119.0,-1,-1,-1,-1
135,10.0,349.2,457.2,82.4,185.4,-1,-1,-1,-1
135,9.0,474.7,501.3,81.9,145.8,-1,-1,-1,-1
135,8.0,612.4,442.6,59.4,158.6,-1,-1,-1,-1
135,6.0,781.6,490.0,76.5,164.7,-1,-1,-1,-1
135,5.0,407.0,489.6,79.9,162.9,-1,-1,-1,-1
135,4.0,838.3,459.0,61.2,189.9,-1,-1,-1,-1
135,3.0,554.4,444.8,85.5,160.9,-1,-1,-1,-1
135,2.0,239.2,448.0,76.0,172.1,-1,-1,-1,-1
135,1.0,963.0,392.2,61.2,181.1,-1,-1,-1,-1
136,27.0,587.7,489.1,90.9,156.6,-1,-1,-1,-1
136,25.0,718.2,486.0,88.2,155.7,-1,-1,-1,-1
136,22.0,387.9,424.3,90.0,116.1,-1,-1,-1,-1
136,21.0,628.6,422.5,77.4,169.2,-1,-1,-1,-1
136,14.0,780.3,435.4,95.4,118.6,-1,-1,-1,-1
136,13.0,469.3,361.6,65.7,180.2,-1,-1,-1,-1
136,12.0,698.8,371.2,60.3,162.4,-1,-1,-1,-1
136,11.0,598.5,384.7,66.6,124.6,-1,-1,-1,-1
136,10.0,349.0,454.7,82.8,186.1,-1,-1,-1,-1
136,9.0,471.6,494.5,84.6,152.1,-1,-1,-1,-1
136,8.0,610.2,439.0,82.8,164.0,-1,-1,-1,-1
136,6.0,781.6,481.5,74.7,173.7,-1,-1,-1,-1
136,5.0,414.2,481.0,74.0,171.0,-1,-1,-1,-1
136,4.0,838.3,459.9,57.6,189.0,-1,-1,-1,-1
136,3.0,555.3,437.6,82.8,167.2,-1,-1,-1,-1
136,2.0,224.2,448.9,90.8,171.2,-1,-1,-1,-1
136,1.0,963.0,391.9,61.2,181.8,-1,-1,-1,-1
137,27.0,587.7,493.6,90.9,152.1,-1,-1,-1,-1
137,25.0,720.4,483.3,88.2,158.4,-1,-1,-1,-1
137,22.0,402.7,420.3,75.1,122.4,-1,-1,-1,-1
137,21.0,625.0,423.0,80.1,167.4,-1,-1,-1,-1
137,14.0,779.4,427.0,101.7,137.7,-1,-1,-1,-1
137,13.0,471.1,361.8,64.8,181.8,-1,-1,-1,-1
137,12.0,698.8,372.1,60.3,162.0,-1,-1,-1,-1
137,11.0,599.4,381.1,66.6,128.7,-1,-1,-1,-1
137,10.0,349.2,454.5,88.2,185.4,-1,-1,-1,-1
137,9.0,474.3,492.7,81.9,152.1,-1,-1,-1,-1
137,8.0,611.5,436.5,62.1,164.7,-1,-1,-1,-1
137,6.0,781.2,477.9,74.7,176.4,-1,-1,-1,-1
137,5.0,416.5,474.3,71.3,178.2,-1,-1,-1,-1
137,4.0,837.0,461.2,57.6,187.2,-1,-1,-1,-1
137,3.0,556.2,434.7,81.9,169.2,-1,-1,-1,-1
137,2.0,218.1,449.8,96.9,170.8,-1,-1,-1,-1
137,1.0,963.0,391.9,63.0,181.8,-1,-1,-1,-1
138,27.0,587.7,500.4,90.9,145.8,-1,-1,-1,-1
138,25.0,722.2,480.1,83.7,162.0,-1,-1,-1,-1
138,22.0,406.8,406.8,76.9,143.1,-1,-1,-1,-1
138,21.0,621.4,423.4,83.7,167.4,-1,-1,-1,-1
138,14.0,778.0,417.6,81.0,124.2,-1,-1,-1,-1
138,13.0,471.6,361.6,62.1,179.8,-1,-1,-1,-1
138,12.0,698.4,373.5,60.3,161.1,-1,-1,-1,-1
138,11.0,597.6,374.2,66.6,138.4,-1,-1,-1,-1
138,10.0,349.4,454.9,89.1,185.4,-1,-1,-1,-1
138,9.0,474.3,490.5,80.1,153.0,-1,-1,-1,-1
138,8.0,609.8,433.8,63.0,165.6,-1,-1,-1,-1
138,6.0,780.7,472.0,75.6,182.7,-1,-1,-1,-1
138,5.0,417.4,468.9,72.2,183.6,-1,-1,-1,-1
138,4.0,837.0,464.4,57.6,185.4,-1,-1,-1,-1
138,3.0,557.5,433.1,79.2,170.8,-1,-1,-1,-1
138,2.0,209.1,449.5,105.9,171.9,-1,-1,-1,-1
138,1.0,963.0,391.9,63.0,181.8,-1,-1,-1,-1
139,27.0,587.2,503.5,90.9,142.2,-1,-1,-1,-1
139,25.0,722.7,478.8,83.7,162.0,-1,-1,-1,-1
139,22.0,412.2,406.6,70.6,124.4,-1,-1,-1,-1
139,21.0,618.8,424.3,85.5,164.7,-1,-1,-1,-1
139,14.0,777.6,412.9,80.1,135.7,-1,-1,-1,-1
139,13.0,473.4,361.3,60.3,179.5,-1,-1,-1,-1
139,12.0,698.8,373.5,59.4,161.1,-1,-1,-1,-1
139,11.0,597.6,372.4,63.0,140.6,-1,-1,-1,-1
139,10.0,349.4,456.3,88.6,183.6,-1,-1,-1,-1
139,9.0,473.4,488.2,81.0,155.7,-1,-1,-1,-1
139,8.0,607.9,432.4,62.1,169.2,-1,-1,-1,-1
139,6.0,778.5,470.2,77.4,184.5,-1,-1,-1,-1
139,5.0,417.6,468.0,73.4,182.7,-1,-1,-1,-1
139,4.0,838.8,465.7,55.8,183.6,-1,-1,-1,-1
139,3.0,558.4,432.7,79.2,172.1,-1,-1,-1,-1
139,2.0,205.8,450.4,109.7,171.9,-1,-1,-1,-1
139,1.0,963.0,391.9,63.0,181.8,-1,-1,-1,-1
140,27.0,587.7,518.8,90.9,126.9,-1,-1,-1,-1
140,25.0,723.6,479.2,77.4,162.0,-1,-1,-1,-1
140,22.0,415.1,403.4,69.1,144.2,-1,-1,-1,-1
140,21.0,619.2,430.2,81.0,160.2,-1,-1,-1,-1
140,14.0,777.6,407.9,77.4,139.7,-1,-1,-1,-1
140,13.0,473.4,361.3,60.3,177.3,-1,-1,-1,-1
140,12.0,699.3,375.3,58.5,162.9,-1,-1,-1,-1
140,11.0,597.1,373.7,60.3,137.0,-1,-1,-1,-1
140,10.0,350.5,462.1,108.0,177.3,-1,-1,-1,-1
140,9.0,474.7,487.3,78.3,155.7,-1,-1,-1,-1
140,8.0,608.8,436.3,61.2,164.0,-1,-1,-1,-1
140,6.0,772.2,469.3,83.7,182.7,-1,-1,-1,-1
140,5.0,417.4,468.4,78.1,178.2,-1,-1,-1,-1
140,4.0,831.6,470.7,63.0,179.1,-1,-1,-1,-1
140,3.0,558.0,433.6,84.6,170.8,-1,-1,-1,-1
140,2.0,203.2,452.2,112.0,171.9,-1,-1,-1,-1
140,1.0,962.1,393.7,64.8,183.6,-1,-1,-1,-1
141,27.0,587.7,524.2,90.9,121.5,-1,-1,-1,-1
141,25.0,723.6,480.6,76.5,162.0,-1,-1,-1,-1
141,22.0,416.7,402.7,68.9,146.7,-1,-1,-1,-1
141,21.0,619.6,436.0,77.4,154.8,-1,-1,-1,-1
141,14.0,778.0,406.8,75.6,143.1,-1,-1,-1,-1
141,13.0,473.8,361.3,60.3,177.3,-1,-1,-1,-1
141,12.0,699.7,375.3,58.5,161.5,-1,-1,-1,-1
141,11.0,596.7,376.2,60.3,137.7,-1,-1,-1,-1
141,10.0,350.8,465.3,108.9,176.4,-1,-1,-1,-1
141,9.0,475.6,486.9,77.4,155.7,-1,-1,-1,-1
141,8.0,609.3,436.0,61.2,165.6,-1,-1,-1,-1
141,6.0,769.5,470.7,85.5,181.8,-1,-1,-1,-1
141,5.0,421.9,468.4,74.5,178.2,-1,-1,-1,-1
141,4.0,827.5,473.8,67.5,176.4,-1,-1,-1,-1
141,3.0,558.4,435.1,84.6,171.0,-1,-1,-1,-1
141,2.0,203.2,453.4,112.5,170.8,-1,-1,-1,-1
141,1.0,963.0,394.6,64.8,184.5,-1,-1,-1,-1
142,27.0,587.2,525.6,90.9,120.6,-1,-1,-1,-1
142,25.0,724.9,486.4,73.8,157.5,-1,-1,-1,-1
142,22.0,420.3,403.2,67.0,151.2,-1,-1,-1,-1
142,21.0,622.3,443.5,65.7,152.3,-1,-1,-1,-1
142,14.0,778.5,408.8,71.1,148.7,-1,-1,-1,-1
142,13.0,474.7,362.2,59.4,181.8,-1,-1,-1,-1
142,12.0,701.5,376.0,56.7,164.0,-1,-1,-1,-1
142,11.0,597.1,384.1,61.2,135.7,-1,-1,-1,-1
142,10.0,352.6,477.0,106.2,165.6,-1,-1,-1,-1
142,9.0,479.7,487.3,72.9,155.7,-1,-1,-1,-1
142,6.0,768.1,475.6,75.6,176.4,-1,-1,-1,-1
142,5.0,424.8,479.2,73.8,167.4,-1,-1,-1,-1
142,4.0,826.6,481.5,68.4,168.3,-1,-1,-1,-1
142,3.0,559.3,439.6,83.7,165.6,-1,-1,-1,-1
142,2.0,203.2,454.9,111.6,170.1,-1,-1,-1,-1
142,1.0,963.9,397.8,64.8,184.5,-1,-1,-1,-1
143,27.0,587.7,525.1,90.9,120.6,-1,-1,-1,-1
143,25.0,724.9,489.6,72.9,154.8,-1,-1,-1,-1
143,22.0,421.6,404.5,60.7,158.4,-1,-1,-1,-1
143,21.0,614.2,446.2,69.3,152.3,-1,-1,-1,-1
143,14.0,778.5,410.6,69.3,146.5,-1,-1,-1,-1
143,13.0,474.7,362.9,59.4,181.1,-1,-1,-1,-1
143,12.0,702.9,376.0,55.8,164.0,-1,-1,-1,-1
143,11.0,597.6,387.0,60.3,137.7,-1,-1,-1,-1
143,10.0,353.7,481.0,103.9,162.9,-1,-1,-1,-1
143,9.0,482.4,490.5,70.2,152.1,-1,-1,-1,-1
143,6.0,768.6,479.2,75.6,172.8,-1,-1,-1,-1
143,5.0,426.8,482.8,70.4,164.7,-1,-1,-1,-1
143,4.0,822.1,486.4,72.9,163.8,-1,-1,-1,-1
143,3.0,559.3,441.9,83.7,163.8,-1,-1,-1,-1
143,2.0,203.2,455.4,111.6,170.1,-1,-1,-1,-1
143,1.0,963.9,400.0,64.8,183.6,-1,-1,-1,-1
144,27.0,587.2,508.0,90.9,137.7,-1,-1,-1,-1
144,25.0,725.4,491.4,69.3,153.0,-1,-1,-1,-1
144,22.0,424.6,403.6,47.9,150.3,-1,-1,-1,-1
144,21.0,611.5,450.0,72.0,151.2,-1,-1,-1,-1
144,14.0,783.0,415.8,61.2,144.9,-1,-1,-1,-1
144,13.0,474.7,364.5,59.4,179.6,-1,-1,-1,-1
144,12.0,703.8,376.6,55.8,162.4,-1,-1,-1,-1
144,11.0,599.8,387.7,57.6,140.6,-1,-1,-1,-1
144,10.0,355.5,481.9,101.2,162.9,-1,-1,-1,-1
144,9.0,483.3,490.5,69.3,152.1,-1,-1,-1,-1
144,6.0,768.6,482.8,73.8,169.2,-1,-1,-1,-1
144,5.0,427.5,484.2,72.0,164.7,-1,-1,-1,-1
144,4.0,820.8,488.7,72.9,162.0,-1,-1,-1,-1
144,3.0,559.3,448.2,81.0,158.4,-1,-1,-1,-1
144,2.0,203.4,455.4,109.4,170.1,-1,-1,-1,-1
144,1.0,964.8,402.3,64.8,184.5,-1,-1,-1,-1
145,27.0,587.7,505.8,90.9,140.4,-1,-1,-1,-1
145,25.0,727.2,490.0,64.8,154.8,-1,-1,-1,-1
145,22.0,425.2,395.3,46.4,163.6,-1,-1,-1,-1
145,21.0,612.4,450.0,70.2,151.2,-1,-1,-1,-1
145,14.0,786.6,411.3,55.8,145.8,-1,-1,-1,-1
145,13.0,474.7,364.9,59.4,177.3,-1,-1,-1,-1
145,12.0,703.8,376.6,55.8,162.4,-1,-1,-1,-1
145,11.0,600.8,386.1,54.0,138.6,-1,-1,-1,-1
145,10.0,355.3,479.7,101.2,164.7,-1,-1,-1,-1
145,9.0,486.4,487.8,64.8,154.8,-1,-1,-1,-1
145,6.0,768.6,482.4,73.8,169.2,-1,-1,-1,-1
145,5.0,428.2,484.2,71.8,164.7,-1,-1,-1,-1
145,4.0,820.8,488.7,72.9,162.0,-1,-1,-1,-1
145,3.0,559.3,449.5,81.9,156.6,-1,-1,-1,-1
145,2.0,203.6,456.7,107.6,168.3,-1,-1,-1,-1
145,1.0,966.6,403.4,63.0,184.3,-1,-1,-1,-1
146,27.0,586.8,502.2,91.8,144.0,-1,-1,-1,-1
146,25.0,730.3,479.2,63.9,164.7,-1,-1,-1,-1
146,22.0,418.5,382.0,56.2,171.9,-1,-1,-1,-1
146,21.0,614.2,444.8,66.6,156.8,-1,-1,-1,-1
146,14.0,792.0,389.7,48.6,162.9,-1,-1,-1,-1
146,13.0,475.6,367.2,58.5,174.1,-1,-1,-1,-1
146,12.0,703.8,376.9,55.8,163.1,-1,-1,-1,-1
146,11.0,602.1,373.7,50.4,148.7,-1,-1,-1,-1
146,10.0,353.7,472.9,101.7,170.1,-1,-1,-1,-1
146,9.0,490.0,479.2,59.4,162.0,-1,-1,-1,-1
146,6.0,767.7,475.2,72.9,175.5,-1,-1,-1,-1
146,5.0,427.7,478.8,85.3,171.0,-1,-1,-1,-1
146,4.0,822.1,484.6,72.0,165.6,-1,-1,-1,-1
146,3.0,559.8,447.7,81.0,158.4,-1,-1,-1,-1
146,2.0,203.6,456.5,107.6,169.0,-1,-1,-1,-1
146,1.0,968.4,404.3,63.0,185.2,-1,-1,-1,-1
147,27.0,586.8,501.7,90.9,144.9,-1,-1,-1,-1
147,25.0,733.9,471.1,60.3,172.8,-1,-1,-1,-1
147,22.0,413.3,369.0,65.9,179.1,-1,-1,-1,-1
147,21.0,614.2,441.7,66.6,159.5,-1,-1,-1,-1
147,14.0,791.5,376.6,48.6,164.2,-1,-1,-1,-1
147,13.0,476.1,367.9,58.5,174.8,-1,-1,-1,-1
147,12.0,703.3,377.8,56.7,162.7,-1,-1,-1,-1
147,11.0,601.6,363.1,48.6,157.0,-1,-1,-1,-1
147,10.0,353.5,468.9,103.0,174.6,-1,-1,-1,-1
147,9.0,490.5,473.4,58.5,167.4,-1,-1,-1,-1
147,6.0,767.7,468.9,71.1,181.8,-1,-1,-1,-1
147,5.0,427.7,474.3,86.2,174.6,-1,-1,-1,-1
147,4.0,822.6,479.2,72.0,171.0,-1,-1,-1,-1
147,3.0,560.7,443.2,80.1,162.0,-1,-1,-1,-1
147,2.0,203.4,457.2,108.0,168.3,-1,-1,-1,-1
147,1.0,969.3,404.5,63.0,184.5,-1,-1,-1,-1
148,27.0,586.8,495.0,90.9,151.2,-1,-1,-1,-1
148,25.0,734.8,457.4,40.5,184.3,-1,-1,-1,-1
148,22.0,397.6,335.7,81.7,162.4,-1,-1,-1,-1
148,21.0,615.1,428.6,68.4,172.6,-1,-1,-1,-1
148,14.0,780.7,341.5,57.6,175.5,-1,-1,-1,-1
148,13.0,477.0,369.0,58.5,167.4,-1,-1,-1,-1
148,12.0,702.9,380.0,56.7,161.8,-1,-1,-1,-1
148,11.0,579.1,313.4,72.0,182.5,-1,-1,-1,-1
148,10.0,349.9,459.4,110.9,181.8,-1,-1,-1,-1
148,9.0,490.5,464.8,59.4,175.5,-1,-1,-1,-1
148,6.0,761.4,457.6,76.5,190.8,-1,-1,-1,-1
148,5.0,421.0,436.3,86.6,206.8,-1,-1,-1,-1
148,4.0,823.9,464.8,69.3,184.5,-1,-1,-1,-1
148,3.0,561.1,432.7,82.8,171.2,-1,-1,-1,-1
148,2.0,203.4,455.8,108.0,169.2,-1,-1,-1,-1
148,1.0,970.2,404.1,63.0,185.4,-1,-1,-1,-1
149,27.0,586.8,492.3,90.9,153.9,-1,-1,-1,-1
149,25.0,733.0,457.2,45.9,181.8,-1,-1,-1,-1
149,22.0,378.7,310.3,121.3,201.4,-1,-1,-1,-1
149,21.0,609.3,421.6,81.0,179.1,-1,-1,-1,-1
149,14.0,748.8,323.5,92.7,178.2,-1,-1,-1,-1
149,13.0,477.0,369.2,61.2,166.3,-1,-1,-1,-1
149,12.0,702.9,380.2,54.9,162.0,-1,-1,-1,-1
149,11.0,593.1,316.1,57.6,165.8,-1,-1,-1,-1
149,10.0,347.8,453.6,106.2,185.4,-1,-1,-1,-1
149,9.0,492.3,461.7,59.4,178.2,-1,-1,-1,-1
149,6.0,762.7,448.2,76.5,199.8,-1,-1,-1,-1
149,5.0,409.0,409.0,99.9,234.9,-1,-1,-1,-1
149,4.0,821.2,457.4,73.8,191.0,-1,-1,-1,-1
149,3.0,561.6,423.9,78.3,179.1,-1,-1,-1,-1
149,2.0,203.4,456.7,108.0,168.3,-1,-1,-1,-1
149,1.0,970.2,404.1,63.0,185.4,-1,-1,-1,-1
150,27.0,587.7,483.7,90.0,162.0,-1,-1,-1,-1
150,25.0,724.5,454.7,60.3,179.8,-1,-1,-1,-1
150,22.0,335.7,303.1,166.5,139.0,-1,-1,-1,-1
150,21.0,612.4,411.7,85.5,188.1,-1,-1,-1,-1
150,14.0,782.5,264.6,70.2,213.3,-1,-1,-1,-1
150,13.0,454.3,369.9,86.6,165.6,-1,-1,-1,-1
150,12.0,701.5,381.1,55.8,162.0,-1,-1,-1,-1
150,11.0,580.9,282.1,71.1,171.4,-1,-1,-1,-1
150,10.0,342.9,419.8,95.8,213.3,-1,-1,-1,-1
150,9.0,489.6,458.1,67.5,180.9,-1,-1,-1,-1
150,6.0,764.5,442.8,75.6,202.5,-1,-1,-1,-1
150,5.0,410.2,405.9,102.4,236.7,-1,-1,-1,-1
150,4.0,829.3,450.7,73.8,195.1,-1,-1,-1,-1
150,3.0,561.6,412.0,71.1,188.3,-1,-1,-1,-1
150,2.0,204.3,457.9,107.5,167.2,-1,-1,-1,-1
150,1.0,970.2,404.1,63.0,185.4,-1,-1,-1,-1
151,27.0,587.7,480.6,90.0,165.6,-1,-1,-1,-1
151,25.0,721.8,446.2,65.7,188.3,-1,-1,-1,-1
151,22.0,329.8,299.0,157.5,98.5,-1,-1,-1,-1
151,21.0,617.4,405.0,82.8,197.1,-1,-1,-1,-1
151,14.0,781.2,239.8,90.9,210.6,-1,-1,-1,-1
151,13.0,457.9,369.4,82.6,164.7,-1,-1,-1,-1
151,12.0,700.2,380.9,57.6,162.7,-1,-1,-1,-1
151,11.0,587.7,232.0,63.9,199.8,-1,-1,-1,-1
151,10.0,342.2,414.9,94.1,214.2,-1,-1,-1,-1
151,9.0,492.7,444.4,65.7,195.5,-1,-1,-1,-1
151,6.0,768.6,424.6,72.9,219.8,-1,-1,-1,-1
151,5.0,402.7,406.8,109.8,234.9,-1,-1,-1,-1
151,4.0,839.2,436.5,64.8,207.9,-1,-1,-1,-1
151,3.0,562.0,406.1,79.2,195.1,-1,-1,-1,-1
151,2.0,205.0,457.2,107.1,168.3,-1,-1,-1,-1
151,1.0,971.1,403.4,61.2,186.1,-1,-1,-1,-1
152,27.0,588.1,470.2,90.0,175.5,-1,-1,-1,-1
152,25.0,720.4,421.0,61.2,217.6,-1,-1,-1,-1
152,22.0,340.4,293.4,128.5,72.9,-1,-1,-1,-1
152,21.0,616.0,380.2,83.7,216.0,-1,-1,-1,-1
152,14.0,768.6,223.0,133.2,182.2,-1,-1,-1,-1
152,13.0,478.3,369.4,63.9,165.6,-1,-1,-1,-1
152,12.0,698.8,382.0,62.1,162.0,-1,-1,-1,-1
152,11.0,606.6,200.0,50.4,193.5,-1,-1,-1,-1
152,10.0,342.4,427.0,87.3,216.9,-1,-1,-1,-1
152,9.0,489.6,457.0,69.3,182.9,-1,-1,-1,-1
152,6.0,765.9,398.5,81.0,243.2,-1,-1,-1,-1
152,5.0,391.0,420.7,121.0,223.2,-1,-1,-1,-1
152,4.0,848.2,425.9,53.1,221.2,-1,-1,-1,-1
152,3.0,562.0,375.3,65.7,225.9,-1,-1,-1,-1
152,2.0,206.0,455.8,105.4,169.2,-1,-1,-1,-1
152,1.0,968.4,404.3,63.0,186.1,-1,-1,-1,-1
153,27.0,588.1,460.8,90.0,185.4,-1,-1,-1,-1
153,25.0,721.3,425.2,59.4,216.0,-1,-1,-1,-1
153,22.0,338.8,285.1,116.1,67.0,-1,-1,-1,-1
153,21.0,624.6,373.5,74.7,224.1,-1,-1,-1,-1
153,14.0,765.9,226.1,143.1,144.4,-1,-1,-1,-1
153,13.0,478.8,369.7,63.0,164.9,-1,-1,-1,-1
153,12.0,698.4,382.0,61.2,162.0,-1,-1,-1,-1
153,11.0,610.6,192.1,48.6,175.9,-1,-1,-1,-1
153,10.0,344.0,433.1,85.5,209.0,-1,-1,-1,-1
153,9.0,489.6,463.0,70.2,177.3,-1,-1,-1,-1
153,6.0,764.1,395.5,83.7,246.6,-1,-1,-1,-1
153,5.0,385.4,429.1,128.5,216.7,-1,-1,-1,-1
153,4.0,848.2,430.6,63.0,215.1,-1,-1,-1,-1
153,3.0,557.1,366.3,70.2,234.9,-1,-1,-1,-1
153,2.0,206.1,454.7,105.3,170.8,-1,-1,-1,-1
153,1.0,963.9,405.7,66.6,186.1,-1,-1,-1,-1
154,27.0,588.1,438.5,90.0,207.7,-1,-1,-1,-1
154,25.0,721.8,462.6,61.2,180.0,-1,-1,-1,-1
154,22.0,360.7,255.1,76.0,87.3,-1,-1,-1,-1
154,21.0,626.4,386.1,81.0,216.9,-1,-1,-1,-1
154,14.0,766.3,227.9,144.9,77.9,-1,-1,-1,-1
154,13.0,477.9,369.9,63.9,169.2,-1,-1,-1,-1
154,12.0,697.0,382.3,56.7,161.8,-1,-1,-1,-1
154,11.0,607.9,192.5,72.0,151.8,-1,-1,-1,-1
154,10.0,342.7,434.2,85.5,206.1,-1,-1,-1,-1
154,9.0,488.7,469.8,71.1,171.0,-1,-1,-1,-1
154,6.0,770.8,409.0,78.3,234.0,-1,-1,-1,-1
154,5.0,381.8,445.5,132.1,205.2,-1,-1,-1,-1
154,4.0,848.2,435.6,69.3,210.6,-1,-1,-1,-1
154,3.0,543.6,369.4,80.1,226.8,-1,-1,-1,-1
154,2.0,205.9,450.0,100.8,174.6,-1,-1,-1,-1
154,1.0,956.7,408.6,72.0,185.4,-1,-1,-1,-1
155,27.0,588.6,441.0,89.1,205.2,-1,-1,-1,-1
155,25.0,721.3,469.8,67.5,173.7,-1,-1,-1,-1
155,22.0,362.7,245.0,68.9,91.3,-1,-1,-1,-1
155,21.0,624.1,396.2,83.7,205.4,-1,-1,-1,-1
155,14.0,763.2,223.4,124.2,77.9,-1,-1,-1,-1
155,13.0,478.8,369.9,63.9,170.5,-1,-1,-1,-1
155,12.0,695.7,382.5,57.6,161.1,-1,-1,-1,-1
155,11.0,613.8,193.0,76.5,99.0,-1,-1,-1,-1
155,10.0,339.3,434.5,76.0,200.5,-1,-1,-1,-1
155,9.0,488.7,470.7,72.0,170.1,-1,-1,-1,-1
155,6.0,769.0,413.5,81.0,229.5,-1,-1,-1,-1
155,5.0,390.4,455.4,122.6,196.2,-1,-1,-1,-1
155,4.0,848.7,439.9,64.8,206.8,-1,-1,-1,-1
155,3.0,541.8,370.8,81.0,226.8,-1,-1,-1,-1
155,2.0,203.8,448.4,99.4,176.2,-1,-1,-1,-1
155,1.0,954.9,409.0,72.0,186.3,-1,-1,-1,-1
156,27.0,588.1,437.4,90.0,209.7,-1,-1,-1,-1
156,25.0,720.4,472.5,72.0,172.8,-1,-1,-1,-1
156,22.0,359.3,207.7,57.6,116.1,-1,-1,-1,-1
156,21.0,624.6,391.7,87.3,212.2,-1,-1,-1,-1
156,14.0,799.6,199.6,78.3,74.7,-1,-1,-1,-1
156,13.0,480.1,369.4,63.9,172.8,-1,-1,-1,-1
156,12.0,696.1,382.7,55.8,161.8,-1,-1,-1,-1
156,10.0,325.3,436.9,76.5,198.9,-1,-1,-1,-1
156,9.0,477.9,470.2,82.8,171.0,-1,-1,-1,-1
156,6.0,769.9,416.9,84.6,229.3,-1,-1,-1,-1
156,5.0,385.9,445.5,126.7,206.1,-1,-1,-1,-1
156,4.0,854.1,438.5,51.3,207.7,-1,-1,-1,-1
156,3.0,534.1,373.7,99.0,230.2,-1,-1,-1,-1
156,2.0,200.0,444.8,88.6,179.8,-1,-1,-1,-1
156,1.0,954.9,412.6,70.2,185.4,-1,-1,-1,-1
157,27.0,589.0,436.0,89.1,210.6,-1,-1,-1,-1
157,25.0,720.9,472.0,69.3,172.8,-1,-1,-1,-1
157,22.0,342.4,196.2,81.0,118.3,-1,-1,-1,-1
157,21.0,624.6,399.6,88.2,204.3,-1,-1,-1,-1
157,13.0,480.6,369.7,63.9,173.9,-1,-1,-1,-1
157,12.0,696.6,382.7,54.9,161.8,-1,-1,-1,-1
157,10.0,319.5,434.9,76.0,201.8,-1,-1,-1,-1
157,9.0,481.0,470.2,79.2,171.0,-1,-1,-1,-1
157,6.0,767.2,422.8,90.0,221.6,-1,-1,-1,-1
157,5.0,380.5,441.4,130.7,209.7,-1,-1,-1,-1
157,4.0,854.1,437.4,48.6,208.8,-1,-1,-1,-1
157,3.0,532.8,381.8,101.7,221.6,-1,-1,-1,-1
157,2.0,197.3,441.9,81.4,182.7,-1,-1,-1,-1
157,1.0,954.9,413.5,68.4,185.4,-1,-1,-1,-1
158,27.0,588.1,441.0,90.0,206.1,-1,-1,-1,-1
158,25.0,717.3,470.7,66.6,171.9,-1,-1,-1,-1
158,22.0,302.4,187.9,124.6,117.9,-1,-1,-1,-1
158,21.0,621.9,396.0,90.0,207.9,-1,-1,-1,-1
158,13.0,480.6,369.2,64.8,169.9,-1,-1,-1,-1
158,12.0,696.1,382.5,54.9,162.0,-1,-1,-1,-1
158,10.0,308.0,436.7,67.9,200.5,-1,-1,-1,-1
158,9.0,487.8,469.3,72.0,172.8,-1,-1,-1,-1
158,6.0,759.1,423.0,101.7,217.8,-1,-1,-1,-1
158,5.0,358.2,438.3,153.0,208.8,-1,-1,-1,-1
158,4.0,856.8,424.3,48.6,219.6,-1,-1,-1,-1
158,3.0,531.0,400.9,111.6,202.5,-1,-1,-1,-1
158,2.0,193.0,438.1,66.1,186.5,-1,-1,-1,-1
158,1.0,954.9,414.2,64.8,186.1,-1,-1,-1,-1
159,27.0,588.6,439.9,89.1,206.8,-1,-1,-1,-1
159,25.0,711.9,470.2,70.2,171.9,-1,-1,-1,-1
159,22.0,285.1,190.6,142.6,115.6,-1,-1,-1,-1
159,21.0,621.0,395.1,90.9,207.9,-1,-1,-1,-1
159,13.0,480.6,369.7,64.8,169.9,-1,-1,-1,-1
159,12.0,694.8,382.9,56.7,162.0,-1,-1,-1,-1
159,10.0,300.8,436.3,74.7,200.5,-1,-1,-1,-1
159,9.0,493.6,471.1,66.6,171.0,-1,-1,-1,-1
159,6.0,758.2,423.4,103.5,217.8,-1,-1,-1,-1
159,5.0,354.8,438.3,157.3,207.9,-1,-1,-1,-1
159,4.0,859.9,420.1,46.8,222.5,-1,-1,-1,-1
159,3.0,531.4,397.6,104.4,205.4,-1,-1,-1,-1
159,2.0,190.8,433.8,61.2,190.8,-1,-1,-1,-1
159,1.0,954.9,414.4,64.8,185.4,-1,-1,-1,-1
160,27.0,588.1,436.9,90.0,209.7,-1,-1,-1,-1
160,25.0,704.2,471.6,78.3,171.0,-1,-1,-1,-1
160,22.0,253.8,208.5,168.3,93.9,-1,-1,-1,-1
160,21.0,626.4,396.0,84.6,202.5,-1,-1,-1,-1
160,14.0,773.1,119.7,122.4,111.4,-1,-1,-1,-1
160,13.0,481.0,369.7,63.9,164.9,-1,-1,-1,-1
160,12.0,692.1,383.4,56.7,161.1,-1,-1,-1,-1
160,11.0,604.3,103.3,76.5,130.2,-1,-1,-1,-1
160,10.0,275.6,437.2,79.6,200.9,-1,-1,-1,-1
160,9.0,500.8,472.0,59.4,172.8,-1,-1,-1,-1
160,6.0,761.4,427.5,102.6,214.2,-1,-1,-1,-1
160,5.0,340.2,436.0,154.4,210.6,-1,-1,-1,-1
160,4.0,857.2,414.9,53.1,224.1,-1,-1,-1,-1
160,3.0,540.9,390.6,85.5,210.6,-1,-1,-1,-1
160,2.0,187.2,432.4,55.8,191.7,-1,-1,-1,-1
160,1.0,954.0,416.2,72.0,183.6,-1,-1,-1,-1
161,27.0,588.1,439.0,90.0,207.7,-1,-1,-1,-1
161,25.0,699.7,474.3,83.7,168.3,-1,-1,-1,-1
161,22.0,246.1,173.7,173.2,124.6,-1,-1,-1,-1
161,21.0,629.1,387.0,77.4,210.6,-1,-1,-1,-1
161,14.0,767.7,117.1,139.5,110.0,-1,-1,-1,-1
161,13.0,480.6,369.7,63.9,164.0,-1,-1,-1,-1
161,12.0,695.2,382.9,54.9,164.7,-1,-1,-1,-1
161,11.0,600.8,94.9,86.4,133.0,-1,-1,-1,-1
161,10.0,271.1,433.3,81.4,205.2,-1,-1,-1,-1
161,9.0,499.9,472.9,60.3,173.7,-1,-1,-1,-1
161,6.0,762.7,427.7,101.7,213.5,-1,-1,-1,-1
161,5.0,333.9,437.4,144.4,208.8,-1,-1,-1,-1
161,4.0,855.4,415.6,54.9,219.8,-1,-1,-1,-1
161,3.0,540.0,400.3,85.5,200.9,-1,-1,-1,-1
161,2.0,185.6,433.1,54.7,191.0,-1,-1,-1,-1
161,1.0,954.0,416.2,77.4,183.6,-1,-1,-1,-1
162,27.0,588.1,442.3,90.0,203.4,-1,-1,-1,-1
162,25.0,700.6,474.3,83.7,168.3,-1,-1,-1,-1
162,21.0,625.9,385.2,69.3,210.6,-1,-1,-1,-1
162,14.0,761.4,139.4,173.7,90.2,-1,-1,-1,-1
162,13.0,480.1,369.7,63.9,163.6,-1,-1,-1,-1
162,12.0,695.7,382.7,53.1,171.2,-1,-1,-1,-1
162,11.0,599.4,103.4,88.2,110.2,-1,-1,-1,-1
162,10.0,266.8,440.3,68.9,198.7,-1,-1,-1,-1
162,9.0,499.0,472.9,60.3,174.6,-1,-1,-1,-1
162,6.0,769.9,432.9,94.5,208.8,-1,-1,-1,-1
162,5.0,319.5,443.7,117.4,199.8,-1,-1,-1,-1
162,4.0,854.5,415.6,57.6,217.6,-1,-1,-1,-1
162,3.0,528.3,410.6,97.2,190.6,-1,-1,-1,-1
162,2.0,168.3,437.6,72.0,188.8,-1,-1,-1,-1
162,1.0,953.1,416.5,93.6,182.9,-1,-1,-1,-1
163,27.0,587.7,434.0,90.0,212.2,-1,-1,-1,-1
163,25.0,702.9,471.6,82.8,171.0,-1,-1,-1,-1
163,21.0,622.3,386.8,71.1,208.1,-1,-1,-1,-1
163,14.0,759.6,153.7,182.7,69.5,-1,-1,-1,-1
163,13.0,479.7,369.9,63.9,164.7,-1,-1,-1,-1
163,12.0,696.1,382.9,53.1,170.1,-1,-1,-1,-1
163,11.0,600.8,111.5,86.4,97.2,-1,-1,-1,-1
163,10.0,253.1,441.9,77.4,197.1,-1,-1,-1,-1
163,9.0,498.6,473.4,59.4,173.7,-1,-1,-1,-1
163,6.0,771.7,432.4,95.4,209.7,-1,-1,-1,-1
163,5.0,313.6,441.9,105.3,202.5,-1,-1,-1,-1
163,4.0,855.0,414.9,58.5,217.8,-1,-1,-1,-1
163,3.0,529.6,411.1,93.6,192.4,-1,-1,-1,-1
163,2.0,161.8,439.2,78.5,188.1,-1,-1,-1,-1
163,1.0,953.1,417.8,97.2,182.5,-1,-1,-1,-1
164,28.0,240.1,212.3,144.5,145.9,-1,-1,-1,-1
164,27.0,587.2,437.2,90.0,208.1,-1,-1,-1,-1
164,25.0,706.5,467.1,79.2,173.7,-1,-1,-1,-1
164,21.0,621.0,385.2,72.9,206.1,-1,-1,-1,-1
164,14.0,760.5,182.1,183.6,44.3,-1,-1,-1,-1
164,13.0,478.8,370.6,63.9,195.1,-1,-1,-1,-1
164,12.0,696.1,382.7,53.1,167.2,-1,-1,-1,-1
164,11.0,597.1,147.1,95.4,50.8,-1,-1,-1,-1
164,10.0,234.9,438.1,92.7,200.5,-1,-1,-1,-1
164,9.0,496.3,470.7,54.9,176.4,-1,-1,-1,-1
164,6.0,776.7,432.4,97.2,207.9,-1,-1,-1,-1
164,5.0,296.8,450.9,100.3,189.0,-1,-1,-1,-1
164,4.0,856.3,414.9,59.4,216.0,-1,-1,-1,-1
164,3.0,522.9,412.4,95.4,190.6,-1,-1,-1,-1
164,2.0,157.6,444.4,89.0,182.9,-1,-1,-1,-1
164,1.0,953.1,418.7,100.8,183.4,-1,-1,-1,-1
165,28.0,241.9,261.7,135.4,113.4,-1,-1,-1,-1
165,27.0,586.3,437.8,88.2,207.0,-1,-1,-1,-1
165,25.0,712.3,466.6,72.9,172.8,-1,-1,-1,-1
165,21.0,612.0,385.6,81.9,206.1,-1,-1,-1,-1
165,14.0,761.8,178.1,179.5,71.0,-1,-1,-1,-1
165,13.0,478.8,371.7,64.8,196.2,-1,-1,-1,-1
165,12.0,696.6,383.2,52.2,162.7,-1,-1,-1,-1
165,11.0,594.9,152.5,94.5,49.3,-1,-1,-1,-1
165,10.0,232.2,437.6,90.5,200.5,-1,-1,-1,-1
165,9.0,492.7,471.1,54.0,176.4,-1,-1,-1,-1
165,6.0,779.8,432.4,95.4,208.8,-1,-1,-1,-1
165,5.0,290.9,447.3,93.1,193.5,-1,-1,-1,-1
165,4.0,857.7,414.9,58.5,216.0,-1,-1,-1,-1
165,3.0,518.8,413.1,99.9,189.9,-1,-1,-1,-1
165,2.0,157.5,445.9,90.7,181.8,-1,-1,-1,-1
165,1.0,953.1,421.2,100.8,180.9,-1,-1,-1,-1
166,28.0,270.0,283.9,82.8,129.6,-1,-1,-1,-1
166,27.0,587.2,467.5,72.9,178.2,-1,-1,-1,-1
166,25.0,722.7,465.3,63.9,162.0,-1,-1,-1,-1
166,21.0,608.4,395.5,84.6,197.1,-1,-1,-1,-1
166,14.0,768.6,184.2,166.5,103.2,-1,-1,-1,-1
166,13.0,478.3,371.5,63.9,184.3,-1,-1,-1,-1
166,12.0,697.0,382.9,52.2,161.1,-1,-1,-1,-1
166,11.0,603.0,159.1,83.7,67.9,-1,-1,-1,-1
166,10.0,231.3,429.3,83.2,204.3,-1,-1,-1,-1
166,9.0,488.2,472.9,46.8,173.7,-1,-1,-1,-1
166,6.0,786.6,431.5,95.4,208.8,-1,-1,-1,-1
166,5.0,276.3,445.0,98.1,197.1,-1,-1,-1,-1
166,4.0,858.6,416.0,58.5,214.4,-1,-1,-1,-1
166,3.0,522.4,413.5,95.4,189.0,-1,-1,-1,-1
166,2.0,157.5,443.2,87.7,185.4,-1,-1,-1,-1
166,1.0,954.9,423.7,99.0,178.0,-1,-1,-1,-1
167,29.0,315.0,439.6,108.9,181.8,-1,-1,-1,-1
167,28.0,264.6,300.6,81.5,156.6,-1,-1,-1,-1
167,27.0,587.2,464.8,65.7,181.8,-1,-1,-1,-1
167,25.0,728.5,464.8,59.4,162.0,-1,-1,-1,-1
167,21.0,608.8,400.5,83.7,191.7,-1,-1,-1,-1
167,14.0,777.6,185.8,153.9,121.1,-1,-1,-1,-1
167,13.0,477.0,369.9,67.5,180.0,-1,-1,-1,-1
167,12.0,696.6,382.9,53.1,161.1,-1,-1,-1,-1
167,11.0,605.2,157.8,81.9,91.7,-1,-1,-1,-1
167,10.0,225.0,418.5,84.2,213.3,-1,-1,-1,-1
167,9.0,482.8,473.8,44.1,173.7,-1,-1,-1,-1
167,6.0,790.2,427.7,91.8,212.2,-1,-1,-1,-1
167,5.0,268.6,443.7,103.0,197.1,-1,-1,-1,-1
167,4.0,860.8,416.7,56.7,214.2,-1,-1,-1,-1
167,3.0,522.0,412.9,92.7,189.2,-1,-1,-1,-1
167,2.0,150.5,441.7,88.9,186.5,-1,-1,-1,-1
167,1.0,955.8,426.1,97.2,175.5,-1,-1,-1,-1
168,29.0,300.1,439.9,109.3,178.4,-1,-1,-1,-1
168,28.0,255.4,334.1,85.5,146.5,-1,-1,-1,-1
168,27.0,586.8,454.0,61.2,197.1,-1,-1,-1,-1
168,25.0,732.6,458.8,55.8,167.6,-1,-1,-1,-1
168,21.0,615.1,398.7,78.3,193.5,-1,-1,-1,-1
168,14.0,796.9,191.2,110.7,152.1,-1,-1,-1,-1
168,13.0,475.6,367.9,73.8,173.9,-1,-1,-1,-1
168,12.0,696.6,383.2,54.0,160.4,-1,-1,-1,-1
168,11.0,605.7,163.7,76.5,115.1,-1,-1,-1,-1
168,10.0,211.3,418.5,95.4,207.0,-1,-1,-1,-1
168,9.0,473.4,475.6,52.2,171.9,-1,-1,-1,-1
168,8.0,587.2,391.5,68.4,193.5,-1,-1,-1,-1
168,6.0,792.9,426.6,90.0,212.4,-1,-1,-1,-1
168,5.0,260.3,438.5,97.2,196.0,-1,-1,-1,-1
168,4.0,860.8,416.7,58.5,214.2,-1,-1,-1,-1
168,3.0,517.5,411.1,77.4,191.0,-1,-1,-1,-1
168,2.0,137.2,436.0,75.1,192.6,-1,-1,-1,-1
168,1.0,955.8,427.0,97.2,174.6,-1,-1,-1,-1
169,29.0,295.0,412.2,96.8,204.3,-1,-1,-1,-1
169,28.0,253.6,352.3,95.0,127.8,-1,-1,-1,-1
169,27.0,587.2,452.5,59.4,200.5,-1,-1,-1,-1
169,25.0,734.8,456.7,54.0,166.5,-1,-1,-1,-1
169,21.0,616.5,388.8,78.3,202.5,-1,-1,-1,-1
169,14.0,804.1,198.4,94.5,161.1,-1,-1,-1,-1
169,13.0,475.6,366.5,64.8,174.8,-1,-1,-1,-1
169,12.0,697.0,383.8,54.0,160.2,-1,-1,-1,-1
169,11.0,606.1,171.4,76.5,128.7,-1,-1,-1,-1
169,10.0,200.8,418.0,105.4,206.1,-1,-1,-1,-1
169,9.0,469.8,477.0,55.8,171.0,-1,-1,-1,-1
169,8.0,587.7,399.8,65.7,186.1,-1,-1,-1,-1
169,6.0,793.8,425.0,90.0,213.1,-1,-1,-1,-1
169,5.0,258.1,432.4,92.2,199.8,-1,-1,-1,-1
169,4.0,860.4,417.6,61.2,213.3,-1,-1,-1,-1
169,3.0,513.4,404.5,70.2,198.0,-1,-1,-1,-1
169,2.0,130.9,434.7,70.4,191.7,-1,-1,-1,-1
169,1.0,954.9,428.2,99.0,173.5,-1,-1,-1,-1
170,29.0,275.6,428.8,80.1,181.8,-1,-1,-1,-1
170,27.0,586.3,449.1,59.4,205.2,-1,-1,-1,-1
170,25.0,738.9,447.1,49.5,174.8,-1,-1,-1,-1
170,21.0,629.1,387.4,68.4,201.6,-1,-1,-1,-1
170,14.0,813.1,226.5,58.5,162.3,-1,-1,-1,-1
170,13.0,472.9,363.8,71.1,173.9,-1,-1,-1,-1
170,12.0,697.9,384.3,54.9,159.3,-1,-1,-1,-1
170,11.0,607.0,191.2,72.9,153.0,-1,-1,-1,-1
170,10.0,186.1,439.2,95.4,183.6,-1,-1,-1,-1
170,9.0,451.3,478.8,73.8,170.1,-1,-1,-1,-1
170,8.0,589.5,397.8,68.4,181.8,-1,-1,-1,-1
170,6.0,793.8,421.2,94.5,216.0,-1,-1,-1,-1
170,5.0,257.4,441.4,90.0,189.9,-1,-1,-1,-1
170,4.0,859.0,421.0,65.2,211.3,-1,-1,-1,-1
170,3.0,503.1,409.5,58.5,192.6,-1,-1,-1,-1
170,2.0,120.9,435.1,74.7,191.7,-1,-1,-1,-1
170,1.0,955.8,431.3,97.2,170.8,-1,-1,-1,-1
171,29.0,256.0,422.5,100.8,187.2,-1,-1,-1,-1
171,27.0,586.3,457.9,59.4,197.8,-1,-1,-1,-1
171,25.0,740.7,444.4,48.6,173.9,-1,-1,-1,-1
171,21.0,630.9,384.7,67.5,202.5,-1,-1,-1,-1
171,14.0,797.4,245.9,77.4,151.6,-1,-1,-1,-1
171,13.0,472.9,363.1,69.3,177.7,-1,-1,-1,-1
171,12.0,699.3,384.3,54.9,159.3,-1,-1,-1,-1
171,11.0,608.8,193.5,63.0,161.6,-1,-1,-1,-1
171,10.0,181.1,439.6,85.3,184.5,-1,-1,-1,-1
171,9.0,442.6,480.1,82.6,169.2,-1,-1,-1,-1
171,8.0,590.8,395.8,72.9,182.5,-1,-1,-1,-1
171,6.0,796.5,419.8,95.4,217.8,-1,-1,-1,-1
171,5.0,255.1,448.0,77.8,182.9,-1,-1,-1,-1
171,4.0,856.8,421.6,67.5,210.6,-1,-1,-1,-1
171,3.0,498.6,410.4,63.0,191.7,-1,-1,-1,-1
171,2.0,104.4,438.1,86.2,191.0,-1,-1,-1,-1
171,1.0,955.8,431.5,97.2,170.1,-1,-1,-1,-1
172,29.0,249.7,430.4,96.3,182.5,-1,-1,-1,-1
172,27.0,585.4,469.3,61.2,191.7,-1,-1,-1,-1
172,25.0,740.7,443.2,54.0,163.8,-1,-1,-1,-1
172,21.0,628.2,383.8,73.8,204.3,-1,-1,-1,-1
172,14.0,775.3,284.4,103.5,124.2,-1,-1,-1,-1
172,13.0,472.5,361.3,63.0,174.6,-1,-1,-1,-1
172,12.0,702.4,384.3,53.1,159.3,-1,-1,-1,-1
172,11.0,613.8,216.2,60.3,154.3,-1,-1,-1,-1
172,10.0,176.5,444.1,75.9,180.9,-1,-1,-1,-1
172,9.0,430.0,482.8,94.7,167.4,-1,-1,-1,-1
172,8.0,591.3,391.0,75.6,188.1,-1,-1,-1,-1
172,6.0,814.9,429.3,84.6,206.1,-1,-1,-1,-1
172,5.0,232.6,440.5,84.6,189.9,-1,-1,-1,-1
172,4.0,854.5,417.1,72.4,215.1,-1,-1,-1,-1
172,3.0,487.8,413.5,73.8,188.1,-1,-1,-1,-1
172,2.0,77.3,445.5,103.5,187.2,-1,-1,-1,-1
172,1.0,954.9,434.7,97.2,166.5,-1,-1,-1,-1
173,29.0,237.1,438.7,100.3,172.8,-1,-1,-1,-1
173,27.0,585.0,481.5,62.1,182.7,-1,-1,-1,-1
173,25.0,743.4,444.4,54.9,163.1,-1,-1,-1,-1
173,21.0,621.9,378.0,82.8,210.6,-1,-1,-1,-1
173,14.0,768.6,305.8,110.7,106.6,-1,-1,-1,-1
173,13.0,472.9,360.4,61.2,180.0,-1,-1,-1,-1
173,12.0,703.3,384.3,53.1,159.3,-1,-1,-1,-1
173,11.0,605.2,234.7,69.3,160.2,-1,-1,-1,-1
173,10.0,175.7,450.4,90.0,174.6,-1,-1,-1,-1
173,9.0,426.8,482.8,96.5,170.1,-1,-1,-1,-1
173,8.0,590.8,388.6,74.7,190.6,-1,-1,-1,-1
173,6.0,819.0,417.1,81.0,217.8,-1,-1,-1,-1
173,4.0,855.4,419.8,73.3,211.5,-1,-1,-1,-1
173,3.0,481.5,416.5,80.1,184.7,-1,-1,-1,-1
173,2.0,68.6,450.7,106.2,184.3,-1,-1,-1,-1
173,1.0,954.9,434.9,97.2,166.3,-1,-1,-1,-1
174,27.0,576.0,483.3,69.3,177.3,-1,-1,-1,-1
174,25.0,740.2,441.9,64.8,165.6,-1,-1,-1,-1
174,21.0,627.8,375.7,78.3,210.6,-1,-1,-1,-1
174,14.0,778.0,355.7,126.0,107.3,-1,-1,-1,-1
174,13.0,471.6,360.7,63.0,181.1,-1,-1,-1,-1
174,12.0,704.7,384.3,54.0,157.5,-1,-1,-1,-1
174,11.0,607.0,299.2,69.3,109.3,-1,-1,-1,-1
174,10.0,176.1,455.6,72.8,169.0,-1,-1,-1,-1
174,9.0,425.7,484.2,86.4,169.2,-1,-1,-1,-1
174,8.0,591.3,369.4,63.0,213.3,-1,-1,-1,-1
174,6.0,826.6,436.3,78.3,195.5,-1,-1,-1,-1
174,4.0,868.9,434.7,66.2,194.4,-1,-1,-1,-1
174,3.0,470.7,421.6,90.0,179.1,-1,-1,-1,-1
174,2.0,65.7,458.1,98.5,177.3,-1,-1,-1,-1
174,1.0,954.0,437.4,99.0,162.9,-1,-1,-1,-1
175,30.0,797.8,405.0,91.8,226.8,-1,-1,-1,-1
175,27.0,570.1,484.6,74.7,180.0,-1,-1,-1,-1
175,25.0,738.9,436.9,67.5,169.2,-1,-1,-1,-1
175,21.0,621.0,389.5,86.4,195.5,-1,-1,-1,-1
175,13.0,469.8,361.1,64.8,173.5,-1,-1,-1,-1
175,12.0,706.0,383.8,53.1,155.7,-1,-1,-1,-1
175,11.0,580.9,309.1,99.0,170.5,-1,-1,-1,-1
175,10.0,173.7,457.2,73.3,167.4,-1,-1,-1,-1
175,9.0,425.5,485.1,76.7,168.3,-1,-1,-1,-1
175,8.0,592.2,382.0,65.7,201.6,-1,-1,-1,-1
175,6.0,803.7,415.8,117.0,217.8,-1,-1,-1,-1
175,4.0,868.9,435.6,68.8,193.5,-1,-1,-1,-1
175,3.0,459.0,422.8,99.9,178.0,-1,-1,-1,-1
175,2.0,60.0,459.4,99.6,175.5,-1,-1,-1,-1
175,1.0,954.0,438.7,99.0,162.0,-1,-1,-1,-1
176,30.0,808.2,419.6,74.7,214.4,-1,-1,-1,-1
176,27.0,566.1,484.6,74.7,184.5,-1,-1,-1,-1
176,25.0,740.7,429.3,64.8,172.8,-1,-1,-1,-1
176,21.0,641.2,371.0,65.7,213.5,-1,-1,-1,-1
176,13.0,469.8,361.8,64.8,158.4,-1,-1,-1,-1
176,12.0,711.9,382.0,49.5,155.2,-1,-1,-1,-1
176,10.0,161.4,454.9,75.5,169.2,-1,-1,-1,-1
176,9.0,418.0,487.3,56.7,166.5,-1,-1,-1,-1
176,8.0,580.9,380.2,76.5,205.2,-1,-1,-1,-1
176,6.0,810.9,432.0,110.7,206.1,-1,-1,-1,-1
176,5.0,210.9,448.2,100.0,162.0,-1,-1,-1,-1
176,4.0,877.5,439.0,63.0,192.4,-1,-1,-1,-1
176,3.0,449.1,422.5,99.0,176.4,-1,-1,-1,-1
176,2.0,54.8,459.7,98.1,174.8,-1,-1,-1,-1
176,1.0,954.0,442.8,99.0,157.5,-1,-1,-1,-1
177,30.0,810.0,433.8,67.5,203.4,-1,-1,-1,-1
177,27.0,569.7,484.6,70.2,185.4,-1,-1,-1,-1
177,25.0,741.1,427.7,64.8,170.8,-1,-1,-1,-1
177,21.0,650.2,386.1,56.7,198.9,-1,-1,-1,-1
177,13.0,467.1,362.2,67.5,163.4,-1,-1,-1,-1
177,12.0,714.1,381.6,46.8,153.5,-1,-1,-1,-1
177,10.0,156.1,453.1,75.6,170.1,-1,-1,-1,-1
177,9.0,408.1,486.9,53.1,165.6,-1,-1,-1,-1
177,8.0,596.7,380.7,63.0,199.8,-1,-1,-1,-1
177,6.0,824.4,444.1,100.8,194.4,-1,-1,-1,-1
177,5.0,213.1,448.2,94.1,161.1,-1,-1,-1,-1
177,4.0,873.9,440.1,69.3,193.5,-1,-1,-1,-1
177,3.0,442.8,422.3,98.1,173.9,-1,-1,-1,-1
177,2.0,55.1,457.4,93.8,177.1,-1,-1,-1,-1
177,1.0,954.0,443.9,99.0,156.8,-1,-1,-1,-1
178,30.0,819.0,457.4,57.6,178.4,-1,-1,-1,-1
178,27.0,590.4,483.3,43.2,187.2,-1,-1,-1,-1
178,25.0,742.0,426.6,65.7,161.1,-1,-1,-1,-1
178,21.0,647.1,399.4,56.7,184.3,-1,-1,-1,-1
178,13.0,468.9,360.9,64.8,170.5,-1,-1,-1,-1
178,12.0,715.5,377.1,48.6,156.6,-1,-1,-1,-1
178,10.0,133.9,443.0,87.7,179.8,-1,-1,-1,-1
178,9.0,391.3,484.6,63.9,171.0,-1,-1,-1,-1
178,8.0,609.8,410.4,53.1,171.9,-1,-1,-1,-1
178,6.0,830.7,452.2,100.8,187.2,-1,-1,-1,-1
178,5.0,191.7,443.2,102.1,175.5,-1,-1,-1,-1
178,4.0,875.2,450.2,60.8,185.2,-1,-1,-1,-1
178,3.0,429.7,420.1,83.7,170.8,-1,-1,-1,-1
178,2.0,54.8,449.1,87.7,181.8,-1,-1,-1,-1
178,1.0,954.0,444.1,106.2,157.5,-1,-1,-1,-1
179,30.0,819.4,465.3,57.6,171.0,-1,-1,-1,-1
179,27.0,597.1,481.9,38.7,188.1,-1,-1,-1,-1
179,25.0,739.8,427.9,69.3,157.5,-1,-1,-1,-1
179,21.0,644.4,406.8,60.3,179.1,-1,-1,-1,-1
179,13.0,465.3,359.8,68.4,169.4,-1,-1,-1,-1
179,12.0,715.5,376.6,54.0,158.4,-1,-1,-1,-1
179,10.0,136.6,439.9,86.8,178.4,-1,-1,-1,-1
179,9.0,374.4,482.4,80.5,173.7,-1,-1,-1,-1
179,8.0,613.3,413.5,55.8,169.2,-1,-1,-1,-1
179,6.0,829.8,457.2,102.6,181.8,-1,-1,-1,-1
179,5.0,205.0,442.3,91.3,162.9,-1,-1,-1,-1
179,4.0,877.5,457.2,56.7,178.2,-1,-1,-1,-1
179,3.0,424.6,421.0,74.9,169.4,-1,-1,-1,-1
179,2.0,55.2,445.0,82.3,183.6,-1,-1,-1,-1
179,1.0,954.9,442.3,111.6,159.3,-1,-1,-1,-1
180,30.0,809.5,465.3,68.4,171.0,-1,-1,-1,-1
180,27.0,596.7,479.7,38.7,190.8,-1,-1,-1,-1
180,25.0,744.3,426.6,66.6,158.4,-1,-1,-1,-1
180,21.0,648.0,415.1,55.8,171.2,-1,-1,-1,-1
180,13.0,470.7,357.3,62.1,168.3,-1,-1,-1,-1
180,12.0,715.0,376.4,51.3,159.1,-1,-1,-1,-1
180,10.0,132.8,432.0,81.9,183.6,-1,-1,-1,-1
180,9.0,353.0,474.3,98.1,182.7,-1,-1,-1,-1
180,8.0,614.2,426.4,50.4,155.9,-1,-1,-1,-1
180,6.0,824.8,466.2,106.6,172.8,-1,-1,-1,-1
180,5.0,196.0,437.8,97.2,166.5,-1,-1,-1,-1
180,4.0,877.5,462.1,56.7,173.7,-1,-1,-1,-1
180,3.0,409.5,413.5,72.9,175.5,-1,-1,-1,-1
180,2.0,51.8,434.2,75.6,188.1,-1,-1,-1,-1
180,1.0,963.9,437.2,117.0,164.9,-1,-1,-1,-1
181,30.0,805.5,464.4,72.9,171.9,-1,-1,-1,-1
181,27.0,594.9,477.9,42.3,192.6,-1,-1,-1,-1
181,25.0,745.2,423.4,66.6,160.2,-1,-1,-1,-1
181,21.0,646.6,418.5,57.6,168.3,-1,-1,-1,-1
181,13.0,472.5,355.5,61.2,169.2,-1,-1,-1,-1
181,12.0,715.0,376.2,54.0,158.4,-1,-1,-1,-1
181,10.0,131.5,429.3,74.5,185.4,-1,-1,-1,-1
181,9.0,352.1,471.6,94.1,188.1,-1,-1,-1,-1
181,8.0,616.0,429.1,51.3,153.7,-1,-1,-1,-1
181,6.0,829.8,467.5,100.8,171.0,-1,-1,-1,-1
181,5.0,196.4,431.1,95.4,172.8,-1,-1,-1,-1
181,4.0,881.1,460.8,53.1,175.5,-1,-1,-1,-1
181,3.0,402.3,411.5,77.8,177.1,-1,-1,-1,-1
181,2.0,46.9,432.4,76.9,185.4,-1,-1,-1,-1
181,1.0,970.2,433.8,118.8,168.3,-1,-1,-1,-1
182,30.0,805.5,459.9,74.7,176.4,-1,-1,-1,-1
182,27.0,593.5,477.4,46.8,192.6,-1,-1,-1,-1
182,25.0,745.2,419.4,67.5,162.9,-1,-1,-1,-1
182,21.0,644.8,423.0,60.3,162.9,-1,-1,-1,-1
182,13.0,474.3,352.3,59.4,168.8,-1,-1,-1,-1
182,12.0,715.0,375.3,55.8,158.8,-1,-1,-1,-1
182,10.0,112.8,428.8,95.2,184.5,-1,-1,-1,-1
182,9.0,351.9,469.3,79.6,190.8,-1,-1,-1,-1
182,8.0,614.7,427.0,54.9,155.7,-1,-1,-1,-1
182,6.0,829.8,462.6,98.1,175.5,-1,-1,-1,-1
182,5.0,180.1,430.6,108.3,181.8,-1,-1,-1,-1
182,4.0,874.8,455.4,58.5,180.9,-1,-1,-1,-1
182,3.0,388.1,404.8,85.7,182.9,-1,-1,-1,-1
182,2.0,36.0,431.5,76.8,180.9,-1,-1,-1,-1
182,1.0,990.9,425.9,113.4,177.1,-1,-1,-1,-1
183,30.0,801.0,456.3,80.1,179.1,-1,-1,-1,-1
183,27.0,592.6,477.9,51.3,191.7,-1,-1,-1,-1
183,25.0,745.6,418.9,64.8,160.2,-1,-1,-1,-1
183,21.0,649.8,427.5,56.7,158.4,-1,-1,-1,-1
183,13.0,473.8,351.7,59.4,167.2,-1,-1,-1,-1
183,12.0,714.6,374.8,56.7,159.8,-1,-1,-1,-1
183,10.0,105.4,430.9,99.9,184.3,-1,-1,-1,-1
183,9.0,352.3,468.9,70.2,190.8,-1,-1,-1,-1
183,8.0,615.6,422.5,50.4,160.2,-1,-1,-1,-1
183,6.0,843.7,458.3,88.7,180.2,-1,-1,-1,-1
183,5.0,170.1,430.9,117.7,180.2,-1,-1,-1,-1
183,4.0,875.7,449.3,57.6,186.1,-1,-1,-1,-1
183,3.0,376.9,402.5,92.0,183.4,-1,-1,-1,-1
183,2.0,32.1,431.8,75.0,179.3,-1,-1,-1,-1
183,1.0,1003.5,420.3,109.8,181.8,-1,-1,-1,-1
184,30.0,809.1,451.8,72.0,180.9,-1,-1,-1,-1
184,27.0,592.2,479.7,59.4,190.8,-1,-1,-1,-1
184,25.0,746.1,420.3,71.1,147.6,-1,-1,-1,-1
184,21.0,648.4,420.1,59.4,165.8,-1,-1,-1,-1
184,13.0,474.3,349.9,58.5,168.5,-1,-1,-1,-1
184,12.0,714.6,374.8,55.8,158.8,-1,-1,-1,-1
184,10.0,98.2,435.1,94.7,179.1,-1,-1,-1,-1
184,9.0,351.4,473.4,42.8,186.3,-1,-1,-1,-1
184,8.0,614.2,414.0,49.5,167.4,-1,-1,-1,-1
184,6.0,818.5,450.2,103.9,188.8,-1,-1,-1,-1
184,5.0,188.1,431.5,98.6,173.7,-1,-1,-1,-1
184,4.0,879.7,443.0,56.2,188.8,-1,-1,-1,-1
184,3.0,362.2,401.2,86.4,182.5,-1,-1,-1,-1
184,2.0,26.3,431.5,73.7,180.9,-1,-1,-1,-1
184,1.0,1030.5,413.3,93.6,188.8,-1,-1,-1,-1
185,30.0,810.0,450.0,70.2,183.6,-1,-1,-1,-1
185,27.0,592.2,479.7,59.4,190.8,-1,-1,-1,-1
185,25.0,745.2,420.3,71.1,147.6,-1,-1,-1,-1
185,21.0,652.9,413.5,55.8,171.9,-1,-1,-1,-1
185,13.0,474.7,350.1,58.5,167.8,-1,-1,-1,-1
185,12.0,714.6,374.4,55.8,158.4,-1,-1,-1,-1
185,10.0,97.3,437.4,92.9,178.2,-1,-1,-1,-1
185,9.0,344.5,472.5,46.4,187.2,-1,-1,-1,-1
185,8.0,614.7,409.5,55.8,174.6,-1,-1,-1,-1
185,6.0,805.0,447.7,114.3,191.7,-1,-1,-1,-1
185,5.0,187.3,432.0,100.2,172.8,-1,-1,-1,-1
185,4.0,879.3,440.8,59.4,189.2,-1,-1,-1,-1
185,3.0,358.2,402.5,77.0,178.4,-1,-1,-1,-1
185,2.0,23.8,434.2,71.9,179.1,-1,-1,-1,-1
185,1.0,1043.1,409.7,86.4,190.6,-1,-1,-1,-1
186,30.0,800.1,448.6,78.3,185.4,-1,-1,-1,-1
186,29.0,151.2,428.8,85.7,187.2,-1,-1,-1,-1
186,27.0,593.5,485.5,56.7,187.2,-1,-1,-1,-1
186,25.0,742.5,418.5,71.1,152.1,-1,-1,-1,-1
186,21.0,660.6,408.1,48.6,175.5,-1,-1,-1,-1
186,13.0,475.2,350.5,57.6,167.4,-1,-1,-1,-1
186,12.0,717.7,371.9,57.6,156.4,-1,-1,-1,-1
186,10.0,96.5,438.7,87.8,176.4,-1,-1,-1,-1
186,9.0,312.5,471.6,66.6,188.1,-1,-1,-1,-1
186,8.0,610.6,399.6,48.6,187.2,-1,-1,-1,-1
186,6.0,843.7,444.1,75.6,193.5,-1,-1,-1,-1
186,5.0,188.8,432.4,99.9,170.1,-1,-1,-1,-1
186,4.0,882.9,439.2,60.3,191.7,-1,-1,-1,-1
186,3.0,348.1,405.0,54.9,179.1,-1,-1,-1,-1
186,2.0,23.0,432.0,65.3,180.9,-1,-1,-1,-1
186,1.0,1068.3,407.7,72.0,192.6,-1,-1,-1,-1
187,30.0,802.8,449.1,76.5,185.4,-1,-1,-1,-1
187,29.0,150.1,432.0,97.4,185.4,-1,-1,-1,-1
187,27.0,594.4,485.1,57.6,189.0,-1,-1,-1,-1
187,25.0,739.3,415.3,71.1,151.2,-1,-1,-1,-1
187,21.0,661.9,406.3,49.5,175.5,-1,-1,-1,-1
187,13.0,474.7,350.5,57.6,167.0,-1,-1,-1,-1
187,12.0,719.5,370.6,56.7,155.9,-1,-1,-1,-1
187,10.0,96.5,437.8,84.8,177.3,-1,-1,-1,-1
187,9.0,296.8,473.4,81.4,186.3,-1,-1,-1,-1
187,8.0,610.2,397.8,56.7,196.2,-1,-1,-1,-1
187,6.0,841.5,443.7,80.1,193.5,-1,-1,-1,-1
187,5.0,189.7,432.4,99.5,169.2,-1,-1,-1,-1
187,4.0,883.8,440.1,59.4,189.9,-1,-1,-1,-1
187,3.0,338.2,402.3,52.6,181.8,-1,-1,-1,-1
187,2.0,22.8,433.8,64.8,179.1,-1,-1,-1,-1
187,1.0,1074.6,409.0,70.2,191.7,-1,-1,-1,-1
188,30.0,800.5,449.3,78.3,185.2,-1,-1,-1,-1
188,27.0,596.7,487.8,59.4,187.2,-1,-1,-1,-1
188,25.0,728.5,411.3,77.4,152.1,-1,-1,-1,-1
188,21.0,662.8,404.1,55.8,175.5,-1,-1,-1,-1
188,13.0,474.3,350.8,57.6,164.9,-1,-1,-1,-1
188,12.0,724.9,366.5,51.3,160.4,-1,-1,-1,-1
188,11.0,631.8,403.6,52.2,173.7,-1,-1,-1,-1
188,10.0,97.4,433.3,84.9,181.8,-1,-1,-1,-1
188,9.0,273.6,478.3,103.1,181.8,-1,-1,-1,-1
188,8.0,609.8,398.7,55.8,197.1,-1,-1,-1,-1
188,6.0,833.8,447.7,92.2,192.6,-1,-1,-1,-1
188,5.0,179.8,431.3,108.4,171.2,-1,-1,-1,-1
188,4.0,883.3,441.0,58.9,189.0,-1,-1,-1,-1
188,3.0,321.3,398.7,68.4,184.5,-1,-1,-1,-1
188,2.0,23.7,432.0,57.2,179.1,-1,-1,-1,-1
188,1.0,1089.0,414.4,68.4,185.4,-1,-1,-1,-1
189,30.0,799.2,450.4,80.1,183.6,-1,-1,-1,-1
189,27.0,597.1,489.1,63.0,186.3,-1,-1,-1,-1
189,25.0,724.9,409.3,79.2,147.8,-1,-1,-1,-1
189,21.0,662.8,407.5,58.5,170.8,-1,-1,-1,-1
189,13.0,474.3,350.3,57.6,165.4,-1,-1,-1,-1
189,12.0,723.1,364.3,54.0,159.5,-1,-1,-1,-1
189,11.0,632.2,403.9,51.3,171.2,-1,-1,-1,-1
189,10.0,97.4,432.2,93.2,182.5,-1,-1,-1,-1
189,9.0,269.3,481.5,105.8,178.2,-1,-1,-1,-1
189,8.0,607.9,400.7,54.0,191.0,-1,-1,-1,-1
189,6.0,831.1,450.2,96.8,192.4,-1,-1,-1,-1
189,5.0,188.2,432.0,99.8,171.0,-1,-1,-1,-1
189,4.0,884.7,442.1,57.6,187.0,-1,-1,-1,-1
189,3.0,302.8,397.6,85.5,184.7,-1,-1,-1,-1
189,2.0,23.8,431.3,58.5,177.1,-1,-1,-1,-1
189,1.0,1091.7,416.7,84.6,184.5,-1,-1,-1,-1
190,30.0,799.6,453.1,79.2,181.8,-1,-1,-1,-1
190,27.0,592.6,487.3,68.4,188.1,-1,-1,-1,-1
190,25.0,708.7,412.4,84.6,140.6,-1,-1,-1,-1
190,21.0,664.6,414.2,72.0,162.7,-1,-1,-1,-1
190,13.0,473.8,348.7,57.6,163.8,-1,-1,-1,-1
190,12.0,728.1,363.4,54.9,165.8,-1,-1,-1,-1
190,11.0,630.4,417.8,60.3,160.9,-1,-1,-1,-1
190,10.0,96.5,429.1,80.3,184.3,-1,-1,-1,-1
190,9.0,268.4,482.4,95.4,176.4,-1,-1,-1,-1
190,8.0,603.9,406.3,56.7,183.6,-1,-1,-1,-1
190,6.0,832.0,454.5,95.8,190.8,-1,-1,-1,-1
190,5.0,186.9,434.2,103.8,169.2,-1,-1,-1,-1
190,4.0,883.3,445.5,59.8,183.6,-1,-1,-1,-1
190,3.0,292.9,396.4,86.0,185.4,-1,-1,-1,-1
190,2.0,22.4,427.3,61.1,169.4,-1,-1,-1,-1
190,1.0,1091.7,420.3,115.2,183.6,-1,-1,-1,-1
191,30.0,800.1,453.6,75.6,181.8,-1,-1,-1,-1
191,29.0,146.0,440.3,71.1,175.3,-1,-1,-1,-1
191,27.0,588.1,486.9,73.8,189.0,-1,-1,-1,-1
191,25.0,702.9,414.7,82.8,138.4,-1,-1,-1,-1
191,21.0,664.2,414.7,81.9,161.8,-1,-1,-1,-1
191,13.0,472.9,346.5,58.5,164.2,-1,-1,-1,-1
191,12.0,729.4,364.3,51.3,163.6,-1,-1,-1,-1
191,11.0,629.1,414.9,62.1,164.7,-1,-1,-1,-1
191,10.0,95.8,428.4,81.7,183.6,-1,-1,-1,-1
191,9.0,268.4,483.3,85.5,174.6,-1,-1,-1,-1
191,8.0,599.4,411.5,61.2,182.5,-1,-1,-1,-1
191,6.0,832.5,456.3,95.4,191.7,-1,-1,-1,-1
191,5.0,187.1,434.9,97.8,167.2,-1,-1,-1,-1
191,4.0,880.6,447.1,63.5,182.5,-1,-1,-1,-1
191,3.0,286.2,397.6,85.0,182.5,-1,-1,-1,-1
191,2.0,23.2,426.6,61.4,166.5,-1,-1,-1,-1
191,1.0,1091.7,422.1,122.4,183.6,-1,-1,-1,-1
192,30.0,800.1,454.3,69.3,180.2,-1,-1,-1,-1
192,29.0,109.5,438.5,107.2,177.1,-1,-1,-1,-1
192,27.0,585.0,488.7,78.3,187.2,-1,-1,-1,-1
192,21.0,666.9,413.8,94.5,162.7,-1,-1,-1,-1
192,13.0,471.6,342.9,60.3,164.2,-1,-1,-1,-1
192,12.0,729.4,365.8,51.3,152.1,-1,-1,-1,-1
192,11.0,627.8,432.0,63.0,160.2,-1,-1,-1,-1
192,10.0,95.7,424.3,79.9,188.1,-1,-1,-1,-1
192,9.0,267.5,478.3,60.3,180.0,-1,-1,-1,-1
192,8.0,595.3,416.2,57.6,175.5,-1,-1,-1,-1
192,6.0,831.1,459.4,92.2,189.0,-1,-1,-1,-1
192,5.0,189.0,438.3,99.4,166.5,-1,-1,-1,-1
192,4.0,873.9,451.8,71.1,179.1,-1,-1,-1,-1
192,3.0,277.9,400.3,73.3,173.9,-1,-1,-1,-1
192,2.0,23.2,418.0,62.7,174.6,-1,-1,-1,-1
192,1.0,1096.2,427.0,122.4,179.1,-1,-1,-1,-1
193,30.0,800.1,454.0,65.7,180.9,-1,-1,-1,-1
193,29.0,144.3,439.9,73.3,176.2,-1,-1,-1,-1
193,27.0,596.7,487.8,66.6,187.2,-1,-1,-1,-1
193,21.0,667.8,414.4,97.2,161.1,-1,-1,-1,-1
193,13.0,470.7,341.3,61.2,164.9,-1,-1,-1,-1
193,12.0,732.6,364.9,49.5,153.0,-1,-1,-1,-1
193,11.0,626.4,436.5,65.7,147.6,-1,-1,-1,-1
193,10.0,96.3,423.4,83.5,180.9,-1,-1,-1,-1
193,9.0,261.9,481.5,51.3,177.3,-1,-1,-1,-1
193,8.0,584.5,416.7,72.0,170.1,-1,-1,-1,-1
193,6.0,830.7,459.9,90.9,189.0,-1,-1,-1,-1
193,5.0,187.5,438.3,108.3,166.5,-1,-1,-1,-1
193,4.0,868.9,454.3,76.0,178.0,-1,-1,-1,-1
193,3.0,274.9,401.6,62.5,172.6,-1,-1,-1,-1
193,2.0,24.5,413.8,60.1,178.0,-1,-1,-1,-1
193,1.0,1106.1,427.5,113.4,179.1,-1,-1,-1,-1
194,30.0,799.2,451.6,75.6,182.9,-1,-1,-1,-1
194,29.0,143.7,438.5,81.9,178.0,-1,-1,-1,-1
194,27.0,599.4,486.9,63.9,189.0,-1,-1,-1,-1
194,21.0,667.8,414.0,97.2,162.0,-1,-1,-1,-1
194,13.0,470.2,339.7,62.1,166.5,-1,-1,-1,-1
194,12.0,733.9,362.5,54.0,155.0,-1,-1,-1,-1
194,11.0,624.1,441.9,65.7,153.9,-1,-1,-1,-1
194,10.0,98.3,424.1,102.1,178.0,-1,-1,-1,-1
194,9.0,245.0,482.4,56.2,178.2,-1,-1,-1,-1
194,8.0,584.5,415.3,68.4,172.8,-1,-1,-1,-1
194,6.0,823.0,459.0,87.3,189.9,-1,-1,-1,-1
194,5.0,183.8,454.5,108.9,151.2,-1,-1,-1,-1
194,4.0,866.7,456.5,77.4,175.3,-1,-1,-1,-1
194,3.0,263.7,397.3,48.6,180.0,-1,-1,-1,-1
194,2.0,23.9,409.0,55.4,176.4,-1,-1,-1,-1
194,1.0,1143.9,422.5,75.6,183.6,-1,-1,-1,-1
195,30.0,799.2,450.9,75.6,184.5,-1,-1,-1,-1
195,29.0,143.9,438.1,74.9,178.0,-1,-1,-1,-1
195,27.0,601.6,488.2,62.1,187.2,-1,-1,-1,-1
195,21.0,670.9,411.5,97.2,164.0,-1,-1,-1,-1
195,13.0,470.2,340.2,62.1,166.0,-1,-1,-1,-1
195,12.0,732.6,360.0,54.0,156.6,-1,-1,-1,-1
195,11.0,621.4,443.9,65.7,152.8,-1,-1,-1,-1
195,10.0,98.7,425.0,116.2,178.0,-1,-1,-1,-1
195,9.0,232.2,484.6,67.1,178.2,-1,-1,-1,-1
195,8.0,583.2,412.2,74.7,175.5,-1,-1,-1,-1
195,6.0,819.0,456.7,82.8,191.7,-1,-1,-1,-1
195,5.0,183.6,460.8,107.1,144.9,-1,-1,-1,-1
195,4.0,862.6,455.4,80.5,175.5,-1,-1,-1,-1
195,3.0,261.2,395.8,45.9,178.4,-1,-1,-1,-1
195,2.0,22.9,405.7,56.5,176.6,-1,-1,-1,-1
195,1.0,1164.6,419.4,54.0,186.3,-1,-1,-1,-1
196,30.0,799.2,451.8,74.7,197.1,-1,-1,-1,-1
196,29.0,144.4,430.6,62.5,188.1,-1,-1,-1,-1
196,27.0,603.4,489.1,60.3,187.2,-1,-1,-1,-1
196,21.0,696.6,404.3,87.3,171.2,-1,-1,-1,-1
196,13.0,470.2,341.1,62.1,164.2,-1,-1,-1,-1
196,12.0,728.5,357.3,59.4,172.3,-1,-1,-1,-1
196,11.0,626.8,443.0,64.8,150.5,-1,-1,-1,-1
196,10.0,100.3,432.7,113.4,169.4,-1,-1,-1,-1
196,9.0,208.8,478.3,86.4,182.7,-1,-1,-1,-1
196,8.0,583.6,411.3,64.8,175.5,-1,-1,-1,-1
196,6.0,855.9,470.2,48.6,162.0,-1,-1,-1,-1
196,5.0,187.8,447.3,101.4,158.4,-1,-1,-1,-1
196,4.0,861.3,453.8,81.9,177.1,-1,-1,-1,-1
196,3.0,219.6,392.4,82.3,163.8,-1,-1,-1,-1
196,2.0,24.8,404.1,65.6,171.9,-1,-1,-1,-1
196,1.0,1183.5,414.9,48.6,187.2,-1,-1,-1,-1
197,31.0,632.7,405.9,82.8,135.9,-1,-1,-1,-1
197,30.0,799.2,453.6,73.8,196.2,-1,-1,-1,-1
197,29.0,144.3,431.3,62.3,186.1,-1,-1,-1,-1
197,27.0,604.3,488.2,59.4,187.2,-1,-1,-1,-1
197,21.0,711.9,400.9,74.7,174.6,-1,-1,-1,-1
197,13.0,470.2,341.8,62.1,162.7,-1,-1,-1,-1
197,12.0,729.0,358.0,58.5,165.8,-1,-1,-1,-1
197,11.0,625.0,444.1,66.6,143.1,-1,-1,-1,-1
197,10.0,103.9,431.3,113.8,173.0,-1,-1,-1,-1
197,9.0,201.1,485.5,91.8,180.9,-1,-1,-1,-1
197,8.0,580.9,409.5,62.1,177.3,-1,-1,-1,-1
197,5.0,187.9,450.2,63.7,155.9,-1,-1,-1,-1
197,4.0,865.8,449.8,77.4,181.1,-1,-1,-1,-1
197,3.0,241.6,392.8,62.1,165.6,-1,-1,-1,-1
197,2.0,25.6,402.5,71.3,173.5,-1,-1,-1,-1
197,1.0,1189.8,414.0,57.6,187.2,-1,-1,-1,-1
198,32.0,250.9,423.4,71.1,177.3,-1,-1,-1,-1
198,31.0,618.3,399.4,90.0,141.5,-1,-1,-1,-1
198,30.0,801.4,455.8,75.6,193.5,-1,-1,-1,-1
198,29.0,140.2,429.5,67.1,185.2,-1,-1,-1,-1
198,27.0,604.3,487.8,59.4,188.1,-1,-1,-1,-1
198,21.0,739.8,396.7,54.9,178.0,-1,-1,-1,-1
198,13.0,470.7,342.2,61.2,161.8,-1,-1,-1,-1
198,12.0,729.4,358.0,58.5,164.0,-1,-1,-1,-1
198,11.0,626.4,447.3,62.1,150.3,-1,-1,-1,-1
198,9.0,197.7,485.1,93.9,183.6,-1,-1,-1,-1
198,8.0,577.3,407.9,70.2,178.4,-1,-1,-1,-1
198,5.0,193.9,453.4,59.6,153.7,-1,-1,-1,-1
198,4.0,871.2,447.1,71.1,182.9,-1,-1,-1,-1
198,3.0,231.3,391.9,63.5,181.8,-1,-1,-1,-1
198,2.0,26.6,398.5,78.2,174.8,-1,-1,-1,-1
198,1.0,1202.4,413.5,70.2,188.1,-1,-1,-1,-1
199,32.0,250.6,422.3,73.8,178.4,-1,-1,-1,-1
199,30.0,798.3,460.1,70.2,188.8,-1,-1,-1,-1
199,27.0,605.7,486.0,57.6,189.9,-1,-1,-1,-1
199,21.0,748.3,395.1,51.3,179.1,-1,-1,-1,-1
199,13.0,473.4,342.4,58.5,161.1,-1,-1,-1,-1
199,12.0,729.4,357.7,57.6,158.9,-1,-1,-1,-1
199,11.0,623.2,448.6,80.1,147.6,-1,-1,-1,-1
199,9.0,197.9,486.0,91.2,182.7,-1,-1,-1,-1
199,8.0,576.9,406.8,61.2,179.1,-1,-1,-1,-1
199,5.0,193.2,456.1,68.1,150.5,-1,-1,-1,-1
199,4.0,867.1,445.5,77.0,184.5,-1,-1,-1,-1
199,3.0,230.4,392.8,59.9,170.1,-1,-1,-1,-1
199,2.0,24.8,397.3,81.3,175.5,-1,-1,-1,-1
199,1.0,1207.8,415.3,72.0,187.2,-1,-1,-1,-1
200,32.0,257.2,421.4,72.0,179.8,-1,-1,-1,-1
200,30.0,789.7,465.3,73.8,182.7,-1,-1,-1,-1
200,27.0,607.0,486.9,55.8,188.1,-1,-1,-1,-1
200,21.0,759.1,396.9,55.8,178.2,-1,-1,-1,-1
200,13.0,478.8,340.6,54.0,160.2,-1,-1,-1,-1
200,12.0,729.9,354.8,61.2,151.9,-1,-1,-1,-1
200,11.0,615.1,455.2,87.3,141.5,-1,-1,-1,-1
200,9.0,197.8,487.8,81.9,181.8,-1,-1,-1,-1
200,8.0,575.5,409.9,65.7,175.5,-1,-1,-1,-1
200,4.0,868.0,443.7,76.9,181.8,-1,-1,-1,-1
200,3.0,203.7,396.9,70.3,175.5,-1,-1,-1,-1
200,2.0,23.5,389.7,79.6,180.9,-1,-1,-1,-1
200,1.0,1219.5,420.1,59.4,182.5,-1,-1,-1,-1
201,32.0,263.2,422.1,67.9,179.1,-1,-1,-1,-1
201,30.0,780.7,464.8,81.0,183.6,-1,-1,-1,-1
201,27.0,606.1,486.0,55.8,189.0,-1,-1,-1,-1
201,21.0,764.5,397.1,52.2,178.0,-1,-1,-1,-1
201,13.0,479.2,339.1,53.1,160.4,-1,-1,-1,-1
201,12.0,731.7,352.6,58.5,151.4,-1,-1,-1,-1
201,11.0,613.8,457.6,90.0,139.5,-1,-1,-1,-1
201,10.0,139.3,421.2,100.8,180.9,-1,-1,-1,-1
201,9.0,196.2,480.1,79.2,190.8,-1,-1,-1,-1
201,8.0,577.3,412.2,67.5,173.7,-1,-1,-1,-1
201,4.0,866.2,443.7,77.9,186.3,-1,-1,-1,-1
201,3.0,195.4,397.6,80.9,178.0,-1,-1,-1,-1
201,2.0,24.5,389.2,76.4,173.7,-1,-1,-1,-1
201,1.0,1224.9,420.5,54.0,182.5,-1,-1,-1,-1
202,32.0,269.5,423.0,66.6,176.4,-1,-1,-1,-1
202,30.0,781.2,456.5,75.6,190.6,-1,-1,-1,-1
202,27.0,607.0,483.3,55.8,189.9,-1,-1,-1,-1
202,21.0,765.9,405.9,90.0,170.1,-1,-1,-1,-1
202,13.0,480.1,335.0,52.2,160.4,-1,-1,-1,-1
202,12.0,733.9,351.2,54.9,152.3,-1,-1,-1,-1
202,11.0,622.3,462.1,81.0,135.0,-1,-1,-1,-1
202,10.0,149.4,414.2,83.0,186.1,-1,-1,-1,-1
202,9.0,196.4,486.0,67.0,185.4,-1,-1,-1,-1
202,8.0,581.4,409.9,52.2,177.3,-1,-1,-1,-1
202,3.0,188.8,409.7,64.1,165.4,-1,-1,-1,-1
202,2.0,25.8,389.5,69.5,163.6,-1,-1,-1,-1
202,1.0,1230.3,420.5,48.6,182.5,-1,-1,-1,-1
203,32.0,272.7,422.5,68.0,174.6,-1,-1,-1,-1
203,30.0,772.2,453.4,78.3,192.4,-1,-1,-1,-1
203,27.0,606.6,482.8,53.1,189.9,-1,-1,-1,-1
203,21.0,760.9,412.0,75.6,164.0,-1,-1,-1,-1
203,13.0,480.1,334.1,53.1,160.4,-1,-1,-1,-1
203,12.0,733.9,351.2,54.9,152.3,-1,-1,-1,-1
203,11.0,625.0,461.7,77.4,135.0,-1,-1,-1,-1
203,10.0,153.4,412.2,71.1,186.3,-1,-1,-1,-1
203,9.0,196.9,485.1,59.8,186.3,-1,-1,-1,-1
203,8.0,579.6,410.4,54.0,176.4,-1,-1,-1,-1
203,3.0,202.2,407.2,55.0,172.8,-1,-1,-1,-1
203,2.0,23.3,390.1,66.5,162.0,-1,-1,-1,-1
203,1.0,1230.3,415.6,48.6,186.5,-1,-1,-1,-1
204,33.0,809.5,438.7,53.1,176.4,-1,-1,-1,-1
204,32.0,278.3,419.6,73.4,175.3,-1,-1,-1,-1
204,30.0,761.4,454.9,72.0,182.7,-1,-1,-1,-1
204,27.0,606.6,481.9,53.1,190.8,-1,-1,-1,-1
204,13.0,479.7,332.5,54.9,161.5,-1,-1,-1,-1
204,12.0,734.4,351.0,54.0,153.0,-1,-1,-1,-1
204,11.0,632.7,458.1,65.7,144.0,-1,-1,-1,-1
204,10.0,162.0,410.8,61.7,184.5,-1,-1,-1,-1
204,9.0,197.0,484.6,53.2,187.2,-1,-1,-1,-1
204,8.0,575.1,411.7,65.7,175.5,-1,-1,-1,-1
204,6.0,866.2,465.3,54.0,171.0,-1,-1,-1,-1
204,3.0,218.9,407.0,54.0,173.5,-1,-1,-1,-1
204,2.0,23.3,391.0,65.0,160.2,-1,-1,-1,-1
204,1.0,1232.1,415.3,46.8,185.4,-1,-1,-1,-1
205,34.0,533.7,391.0,64.8,180.0,-1,-1,-1,-1
205,33.0,809.5,438.7,57.6,177.3,-1,-1,-1,-1
205,32.0,283.7,417.1,74.7,177.3,-1,-1,-1,-1
205,30.0,766.8,451.1,67.5,186.1,-1,-1,-1,-1
205,27.0,605.7,480.6,54.0,191.7,-1,-1,-1,-1
205,13.0,478.8,332.3,55.8,161.8,-1,-1,-1,-1
205,12.0,733.9,351.2,54.9,152.8,-1,-1,-1,-1
205,11.0,633.1,456.5,63.0,149.6,-1,-1,-1,-1
205,10.0,170.0,413.1,53.6,181.8,-1,-1,-1,-1
205,9.0,194.4,484.2,53.1,189.0,-1,-1,-1,-1
205,8.0,577.3,411.5,64.8,176.2,-1,-1,-1,-1
205,6.0,859.9,465.7,65.2,171.0,-1,-1,-1,-1
205,3.0,221.6,407.7,57.6,163.8,-1,-1,-1,-1
205,2.0,25.0,388.8,66.6,162.0,-1,-1,-1,-1
205,1.0,1239.3,411.1,39.6,186.1,-1,-1,-1,-1
206,34.0,504.4,403.2,95.4,169.2,-1,-1,-1,-1
206,33.0,810.0,438.5,60.3,169.0,-1,-1,-1,-1
206,32.0,303.1,416.2,95.9,177.3,-1,-1,-1,-1
206,30.0,756.9,447.1,74.7,178.4,-1,-1,-1,-1
206,27.0,603.0,479.2,57.6,190.8,-1,-1,-1,-1
206,13.0,475.6,333.2,60.3,160.9,-1,-1,-1,-1
206,12.0,735.3,351.0,53.1,156.1,-1,-1,-1,-1
206,11.0,640.8,459.4,56.7,155.7,-1,-1,-1,-1
206,10.0,174.7,417.1,55.3,179.1,-1,-1,-1,-1
206,9.0,194.8,484.6,49.1,192.6,-1,-1,-1,-1
206,8.0,581.4,412.6,60.3,176.4,-1,-1,-1,-1
206,6.0,870.7,467.1,63.5,171.0,-1,-1,-1,-1
206,5.0,229.5,481.9,58.1,143.1,-1,-1,-1,-1
206,3.0,243.7,415.8,58.0,160.2,-1,-1,-1,-1
206,2.0,31.9,377.3,61.0,169.0,-1,-1,-1,-1
206,1.0,1248.3,406.3,30.6,185.4,-1,-1,-1,-1
207,34.0,500.4,403.6,90.9,169.2,-1,-1,-1,-1
207,33.0,813.1,438.3,60.3,170.1,-1,-1,-1,-1
207,32.0,309.6,417.6,100.4,175.5,-1,-1,-1,-1
207,30.0,751.0,444.6,78.3,171.9,-1,-1,-1,-1
207,27.0,601.6,479.7,57.6,188.1,-1,-1,-1,-1
207,13.0,474.7,333.9,54.9,159.3,-1,-1,-1,-1
207,12.0,741.1,350.1,47.7,166.5,-1,-1,-1,-1
207,11.0,643.9,463.0,55.8,153.9,-1,-1,-1,-1
207,10.0,172.8,414.7,59.6,179.3,-1,-1,-1,-1
207,9.0,191.8,486.4,55.2,191.7,-1,-1,-1,-1
207,8.0,582.3,412.6,61.2,175.5,-1,-1,-1,-1
207,6.0,873.0,466.6,62.1,171.9,-1,-1,-1,-1
207,5.0,233.5,478.8,54.9,149.4,-1,-1,-1,-1
207,4.0,835.2,440.1,71.1,179.1,-1,-1,-1,-1
207,3.0,254.5,416.5,63.4,157.7,-1,-1,-1,-1
207,2.0,33.1,375.1,61.8,166.3,-1,-1,-1,-1
207,1.0,1250.1,405.7,28.8,184.7,-1,-1,-1,-1
208,34.0,499.0,403.0,82.8,171.2,-1,-1,-1,-1
208,33.0,805.0,441.2,71.1,160.0,-1,-1,-1,-1
208,32.0,312.5,422.8,106.6,170.8,-1,-1,-1,-1
208,30.0,743.4,441.2,81.9,177.1,-1,-1,-1,-1
208,27.0,599.4,478.8,59.4,186.3,-1,-1,-1,-1
208,13.0,472.0,333.7,56.7,153.2,-1,-1,-1,-1
208,12.0,740.2,347.4,49.5,156.1,-1,-1,-1,-1
208,11.0,642.6,467.1,62.1,150.3,-1,-1,-1,-1
208,10.0,175.0,411.3,70.4,180.9,-1,-1,-1,-1
208,9.0,190.5,486.9,57.5,192.6,-1,-1,-1,-1
208,8.0,583.2,413.1,61.2,176.4,-1,-1,-1,-1
208,6.0,879.7,463.5,55.4,175.5,-1,-1,-1,-1
208,5.0,238.7,478.3,55.3,154.8,-1,-1,-1,-1
208,4.0,803.2,442.3,99.0,176.4,-1,-1,-1,-1
208,3.0,261.2,414.0,90.9,155.7,-1,-1,-1,-1
208,2.0,39.4,376.0,59.6,159.5,-1,-1,-1,-1
208,1.0,1253.7,406.6,25.2,147.8,-1,-1,-1,-1
209,35.0,152.3,391.7,77.2,179.8,-1,-1,-1,-1
209,34.0,495.0,401.8,77.4,172.8,-1,-1,-1,-1
209,33.0,797.8,441.0,76.5,164.7,-1,-1,-1,-1
209,32.0,312.8,423.0,107.1,170.1,-1,-1,-1,-1
209,30.0,736.6,440.3,75.6,177.1,-1,-1,-1,-1
209,27.0,593.1,477.9,66.6,185.4,-1,-1,-1,-1
209,13.0,470.7,333.0,57.6,162.9,-1,-1,-1,-1
209,12.0,739.8,346.3,50.4,155.0,-1,-1,-1,-1
209,11.0,646.2,468.0,61.2,149.4,-1,-1,-1,-1
209,10.0,177.3,411.1,79.4,180.2,-1,-1,-1,-1
209,9.0,182.5,487.8,62.8,192.6,-1,-1,-1,-1
209,8.0,584.1,414.0,63.0,173.7,-1,-1,-1,-1
209,6.0,884.2,462.6,51.8,174.6,-1,-1,-1,-1
209,5.0,236.0,477.4,62.1,160.2,-1,-1,-1,-1
209,4.0,815.8,441.4,88.2,177.3,-1,-1,-1,-1
209,3.0,265.0,412.2,93.6,155.7,-1,-1,-1,-1
209,2.0,44.2,377.1,57.0,157.5,-1,-1,-1,-1
210,35.0,152.7,391.9,72.4,178.2,-1,-1,-1,-1
210,34.0,490.0,401.4,62.1,172.8,-1,-1,-1,-1
210,32.0,314.3,422.8,106.6,169.4,-1,-1,-1,-1
210,30.0,724.5,428.8,72.0,187.2,-1,-1,-1,-1
210,27.0,599.4,477.4,58.5,184.5,-1,-1,-1,-1
210,21.0,856.3,399.1,57.6,168.3,-1,-1,-1,-1
210,13.0,468.0,331.2,57.6,165.6,-1,-1,-1,-1
210,12.0,735.7,344.5,54.9,150.5,-1,-1,-1,-1
210,11.0,655.2,467.1,55.8,160.2,-1,-1,-1,-1
210,10.0,187.4,409.9,56.0,183.6,-1,-1,-1,-1
210,9.0,189.4,489.6,54.2,191.7,-1,-1,-1,-1
210,8.0,585.4,414.4,63.0,177.3,-1,-1,-1,-1
210,6.0,891.4,460.1,49.0,177.1,-1,-1,-1,-1
210,5.0,238.0,479.2,69.8,162.9,-1,-1,-1,-1
210,4.0,799.6,440.1,99.9,180.0,-1,-1,-1,-1
210,3.0,281.0,409.5,86.4,160.2,-1,-1,-1,-1
210,2.0,60.0,375.3,54.3,158.0,-1,-1,-1,-1
211,35.0,152.5,391.0,69.3,179.1,-1,-1,-1,-1
211,34.0,492.7,400.0,47.7,174.6,-1,-1,-1,-1
211,32.0,322.4,420.1,99.4,171.2,-1,-1,-1,-1
211,30.0,715.5,423.0,74.7,191.7,-1,-1,-1,-1
211,27.0,604.3,477.0,54.0,185.4,-1,-1,-1,-1
211,21.0,862.2,401.4,81.9,169.2,-1,-1,-1,-1
211,13.0,469.8,330.7,54.9,156.6,-1,-1,-1,-1
211,12.0,737.1,344.0,54.9,150.5,-1,-1,-1,-1
211,11.0,655.6,467.1,57.6,162.9,-1,-1,-1,-1
211,10.0,189.4,409.5,56.2,188.1,-1,-1,-1,-1
211,9.0,189.4,488.7,53.8,192.6,-1,-1,-1,-1
211,8.0,586.3,414.4,64.8,179.1,-1,-1,-1,-1
211,6.0,891.0,460.8,58.5,177.3,-1,-1,-1,-1
211,5.0,246.1,481.9,66.1,162.9,-1,-1,-1,-1
211,4.0,800.5,411.7,97.2,209.7,-1,-1,-1,-1
211,3.0,303.5,409.3,77.8,159.5,-1,-1,-1,-1
211,2.0,65.9,371.0,54.7,161.8,-1,-1,-1,-1
212,35.0,152.5,388.1,62.3,182.5,-1,-1,-1,-1
212,34.0,478.8,400.9,45.9,173.7,-1,-1,-1,-1
212,32.0,345.4,418.3,76.1,173.5,-1,-1,-1,-1
212,30.0,704.2,415.8,78.3,192.6,-1,-1,-1,-1
212,27.0,606.6,476.1,54.0,186.3,-1,-1,-1,-1
212,21.0,861.7,404.5,114.8,164.7,-1,-1,-1,-1
212,13.0,465.7,328.3,57.6,160.4,-1,-1,-1,-1
212,12.0,735.7,343.6,56.7,150.5,-1,-1,-1,-1
212,11.0,653.4,471.1,65.7,167.4,-1,-1,-1,-1
212,10.0,193.6,405.4,55.7,185.4,-1,-1,-1,-1
212,9.0,189.0,489.6,54.0,191.7,-1,-1,-1,-1
212,8.0,587.7,416.2,66.6,180.9,-1,-1,-1,-1
212,6.0,888.7,464.8,83.2,172.8,-1,-1,-1,-1
212,5.0,255.8,486.4,64.8,160.2,-1,-1,-1,-1
212,4.0,800.1,411.5,86.4,211.3,-1,-1,-1,-1
212,3.0,332.3,404.3,60.3,163.6,-1,-1,-1,-1
212,2.0,69.2,364.3,58.6,167.2,-1,-1,-1,-1
213,36.0,417.4,385.0,73.1,146.9,-1,-1,-1,-1
213,35.0,152.2,387.9,57.6,181.8,-1,-1,-1,-1
213,34.0,462.1,403.0,62.1,172.1,-1,-1,-1,-1
213,32.0,357.5,416.5,63.9,174.8,-1,-1,-1,-1
213,30.0,698.8,414.2,76.5,190.6,-1,-1,-1,-1
213,27.0,606.6,475.2,54.9,187.2,-1,-1,-1,-1
213,21.0,859.0,406.3,115.6,162.9,-1,-1,-1,-1
213,13.0,467.5,326.9,55.8,169.9,-1,-1,-1,-1
213,12.0,734.8,343.6,59.4,150.5,-1,-1,-1,-1
213,11.0,657.4,475.2,64.8,165.6,-1,-1,-1,-1
213,10.0,196.0,402.7,54.4,186.3,-1,-1,-1,-1
213,9.0,188.5,489.6,54.2,191.7,-1,-1,-1,-1
213,8.0,587.7,418.3,68.4,178.0,-1,-1,-1,-1
213,6.0,887.8,469.8,96.8,169.2,-1,-1,-1,-1
213,5.0,267.8,486.9,54.9,159.3,-1,-1,-1,-1
213,4.0,800.1,409.5,76.5,213.3,-1,-1,-1,-1
213,3.0,335.7,400.9,62.1,167.4,-1,-1,-1,-1
213,2.0,71.3,360.9,63.4,166.9,-1,-1,-1,-1
214,36.0,412.0,386.3,41.9,143.3,-1,-1,-1,-1
214,35.0,151.6,387.4,53.1,182.7,-1,-1,-1,-1
214,34.0,431.8,403.6,92.0,171.9,-1,-1,-1,-1
214,33.0,843.3,426.8,58.5,171.2,-1,-1,-1,-1
214,32.0,363.8,416.2,63.9,175.5,-1,-1,-1,-1
214,30.0,681.7,413.1,73.8,185.4,-1,-1,-1,-1
214,27.0,607.9,474.7,53.1,187.2,-1,-1,-1,-1
214,21.0,879.3,409.5,99.0,161.1,-1,-1,-1,-1
214,13.0,468.4,326.0,54.9,169.4,-1,-1,-1,-1
214,12.0,733.9,343.6,63.9,150.5,-1,-1,-1,-1
214,11.0,666.9,479.2,61.2,162.9,-1,-1,-1,-1
214,10.0,205.1,400.7,49.6,175.3,-1,-1,-1,-1
214,9.0,189.0,490.5,53.3,190.8,-1,-1,-1,-1
214,8.0,592.2,422.5,66.6,168.3,-1,-1,-1,-1
214,6.0,887.8,478.3,112.9,161.1,-1,-1,-1,-1
214,5.0,277.2,485.5,55.8,167.4,-1,-1,-1,-1
214,4.0,800.5,409.5,68.4,213.3,-1,-1,-1,-1
214,3.0,338.8,398.7,86.0,170.1,-1,-1,-1,-1
214,2.0,73.3,358.9,64.8,161.8,-1,-1,-1,-1
215,35.0,151.0,387.7,52.2,182.5,-1,-1,-1,-1
215,34.0,420.7,404.5,103.5,171.0,-1,-1,-1,-1
215,33.0,847.8,424.8,56.7,170.1,-1,-1,-1,-1
215,32.0,366.5,414.7,63.0,176.6,-1,-1,-1,-1
215,30.0,671.4,414.7,73.8,184.3,-1,-1,-1,-1
215,27.0,608.8,474.7,52.2,187.2,-1,-1,-1,-1
215,21.0,894.1,410.4,86.0,160.2,-1,-1,-1,-1
215,13.0,468.4,326.2,54.9,153.0,-1,-1,-1,-1
215,12.0,733.5,343.6,65.7,149.6,-1,-1,-1,-1
215,11.0,672.3,480.1,59.4,162.0,-1,-1,-1,-1
215,10.0,206.5,399.1,48.6,176.4,-1,-1,-1,-1
215,9.0,188.9,488.7,54.1,192.6,-1,-1,-1,-1
215,8.0,594.4,423.4,66.6,171.9,-1,-1,-1,-1
215,6.0,887.8,481.0,116.5,159.3,-1,-1,-1,-1
215,5.0,278.5,485.1,68.4,171.0,-1,-1,-1,-1
215,4.0,796.9,412.6,54.0,210.6,-1,-1,-1,-1
215,2.0,75.0,359.1,65.5,158.8,-1,-1,-1,-1
216,35.0,150.9,387.0,49.7,183.6,-1,-1,-1,-1
216,34.0,412.2,406.3,111.6,174.6,-1,-1,-1,-1
216,33.0,847.8,426.1,63.0,168.3,-1,-1,-1,-1
216,32.0,364.7,414.7,70.6,176.6,-1,-1,-1,-1
216,30.0,651.1,418.5,91.8,179.1,-1,-1,-1,-1
216,27.0,608.8,474.3,52.2,187.2,-1,-1,-1,-1
216,21.0,917.5,409.0,59.9,165.6,-1,-1,-1,-1
216,13.0,469.8,326.7,53.1,155.7,-1,-1,-1,-1
216,12.0,732.6,343.3,64.8,149.9,-1,-1,-1,-1
216,11.0,683.1,476.5,53.1,174.6,-1,-1,-1,-1
216,10.0,209.9,399.6,51.3,177.3,-1,-1,-1,-1
216,9.0,188.8,488.7,53.8,192.6,-1,-1,-1,-1
216,8.0,600.3,428.8,62.1,166.5,-1,-1,-1,-1
216,6.0,890.1,480.6,115.2,159.3,-1,-1,-1,-1
216,5.0,285.3,488.7,76.0,173.7,-1,-1,-1,-1
216,4.0,783.9,411.7,63.0,210.6,-1,-1,-1,-1
216,2.0,84.4,361.6,59.5,153.2,-1,-1,-1,-1
217,35.0,151.5,387.0,47.9,183.6,-1,-1,-1,-1
217,34.0,407.7,406.8,114.3,180.0,-1,-1,-1,-1
217,33.0,848.2,426.1,66.6,168.3,-1,-1,-1,-1
217,32.0,372.1,414.9,66.1,175.5,-1,-1,-1,-1
217,30.0,647.1,420.3,94.5,177.3,-1,-1,-1,-1
217,27.0,608.8,473.8,53.1,187.2,-1,-1,-1,-1
217,21.0,935.1,406.6,46.8,169.4,-1,-1,-1,-1
217,13.0,470.7,326.7,52.2,157.0,-1,-1,-1,-1
217,12.0,731.2,343.1,63.0,149.6,-1,-1,-1,-1
217,11.0,684.4,477.4,59.4,175.5,-1,-1,-1,-1
217,10.0,212.1,400.3,49.8,176.6,-1,-1,-1,-1
217,9.0,188.5,487.8,54.7,193.5,-1,-1,-1,-1
217,8.0,602.1,431.1,61.2,165.6,-1,-1,-1,-1
217,6.0,893.2,479.7,113.0,160.2,-1,-1,-1,-1
217,5.0,290.2,493.6,70.6,174.6,-1,-1,-1,-1
217,4.0,777.1,408.1,66.6,215.1,-1,-1,-1,-1
217,2.0,91.1,359.8,53.5,154.1,-1,-1,-1,-1
218,35.0,152.3,386.8,47.2,184.3,-1,-1,-1,-1
218,34.0,410.2,402.3,103.3,186.3,-1,-1,-1,-1
218,33.0,855.4,425.7,62.1,166.5,-1,-1,-1,-1
218,32.0,376.6,414.2,65.2,176.2,-1,-1,-1,-1
218,30.0,647.1,421.0,77.4,176.6,-1,-1,-1,-1
218,27.0,610.6,475.2,54.0,185.4,-1,-1,-1,-1
218,21.0,941.4,404.3,48.6,169.9,-1,-1,-1,-1
218,13.0,471.1,327.6,52.2,156.1,-1,-1,-1,-1
218,12.0,730.8,341.5,58.5,151.2,-1,-1,-1,-1
218,11.0,691.2,480.6,67.5,179.1,-1,-1,-1,-1
218,10.0,216.1,403.6,46.9,174.6,-1,-1,-1,-1
218,9.0,188.5,487.8,58.3,193.5,-1,-1,-1,-1
218,8.0,607.5,432.2,61.2,163.1,-1,-1,-1,-1
218,6.0,913.5,477.4,93.6,163.8,-1,-1,-1,-1
218,5.0,308.2,498.1,52.6,171.9,-1,-1,-1,-1
218,4.0,752.4,402.7,87.3,220.5,-1,-1,-1,-1
218,2.0,108.0,358.9,38.9,154.1,-1,-1,-1,-1
219,35.0,152.8,386.8,46.1,184.3,-1,-1,-1,-1
219,34.0,409.3,408.6,95.2,180.0,-1,-1,-1,-1
219,33.0,860.4,423.9,57.6,164.7,-1,-1,-1,-1
219,32.0,380.5,415.8,67.1,172.8,-1,-1,-1,-1
219,30.0,645.7,420.1,70.2,176.6,-1,-1,-1,-1
219,27.0,610.2,473.8,54.0,185.4,-1,-1,-1,-1
219,21.0,945.9,402.7,48.6,169.2,-1,-1,-1,-1
219,13.0,471.6,328.7,51.3,154.6,-1,-1,-1,-1
219,12.0,729.9,340.2,57.6,149.4,-1,-1,-1,-1
219,11.0,695.2,484.6,63.9,179.1,-1,-1,-1,-1
219,10.0,218.5,404.1,45.0,172.8,-1,-1,-1,-1
219,9.0,188.8,486.4,57.6,194.4,-1,-1,-1,-1
219,8.0,608.4,433.3,64.8,166.5,-1,-1,-1,-1
219,6.0,929.7,478.3,77.4,162.9,-1,-1,-1,-1
219,5.0,316.8,501.7,46.8,169.2,-1,-1,-1,-1
219,4.0,746.5,400.9,89.1,221.4,-1,-1,-1,-1
219,2.0,110.5,358.4,40.0,153.7,-1,-1,-1,-1
220,36.0,345.1,387.9,45.9,141.3,-1,-1,-1,-1
220,35.0,152.8,386.5,46.6,184.5,-1,-1,-1,-1
220,33.0,873.9,421.2,41.4,160.2,-1,-1,-1,-1
220,32.0,386.1,414.9,69.3,173.7,-1,-1,-1,-1
220,30.0,640.8,414.7,62.1,176.2,-1,-1,-1,-1
220,27.0,611.5,474.3,54.0,183.6,-1,-1,-1,-1
220,21.0,953.1,401.6,55.8,167.6,-1,-1,-1,-1
220,13.0,472.0,330.1,51.3,153.7,-1,-1,-1,-1
220,12.0,729.4,338.4,52.2,150.3,-1,-1,-1,-1
220,11.0,708.3,492.7,57.6,176.4,-1,-1,-1,-1
220,10.0,220.6,403.0,46.0,173.5,-1,-1,-1,-1
220,9.0,188.3,487.8,51.7,193.5,-1,-1,-1,-1
220,8.0,610.6,431.1,64.8,165.6,-1,-1,-1,-1
220,6.0,962.1,475.2,61.2,165.6,-1,-1,-1,-1
220,5.0,328.9,503.5,45.5,171.9,-1,-1,-1,-1
220,4.0,737.5,403.9,91.8,218.5,-1,-1,-1,-1
220,2.0,114.4,351.9,44.5,155.7,-1,-1,-1,-1
221,36.0,325.1,386.5,60.8,142.6,-1,-1,-1,-1
221,35.0,152.4,387.2,47.2,184.3,-1,-1,-1,-1
221,33.0,880.6,420.1,40.5,160.4,-1,-1,-1,-1
221,32.0,389.2,414.4,69.8,173.7,-1,-1,-1,-1
221,27.0,612.4,474.3,53.1,182.7,-1,-1,-1,-1
221,21.0,954.0,401.6,63.0,167.6,-1,-1,-1,-1
221,13.0,471.6,329.6,52.2,152.3,-1,-1,-1,-1
221,12.0,729.0,338.2,53.1,149.6,-1,-1,-1,-1
221,11.0,717.3,494.1,56.7,175.5,-1,-1,-1,-1
221,10.0,220.5,402.3,47.3,171.9,-1,-1,-1,-1
221,9.0,188.1,487.8,51.5,193.5,-1,-1,-1,-1
221,8.0,613.8,426.1,75.6,170.1,-1,-1,-1,-1
221,6.0,980.1,473.8,55.8,166.5,-1,-1,-1,-1
221,5.0,329.8,508.9,56.7,170.1,-1,-1,-1,-1
221,4.0,744.7,407.2,81.9,215.1,-1,-1,-1,-1
221,2.0,115.8,351.4,50.4,153.4,-1,-1,-1,-1
222,36.0,308.2,386.1,67.9,145.3,-1,-1,-1,-1
222,35.0,151.9,389.0,47.9,182.5,-1,-1,-1,-1
222,33.0,885.1,415.1,43.6,164.0,-1,-1,-1,-1
222,32.0,394.2,405.2,75.1,183.4,-1,-1,-1,-1
222,27.0,612.9,471.6,54.9,185.4,-1,-1,-1,-1
222,21.0,956.7,405.4,75.6,163.8,-1,-1,-1,-1
222,13.0,473.4,328.9,50.4,162.0,-1,-1,-1,-1
222,12.0,729.0,337.5,52.2,147.6,-1,-1,-1,-1
222,11.0,725.4,494.1,56.7,178.2,-1,-1,-1,-1
222,10.0,222.5,400.3,53.5,170.8,-1,-1,-1,-1
222,9.0,188.3,487.3,50.2,193.5,-1,-1,-1,-1
222,8.0,618.3,428.4,72.9,168.3,-1,-1,-1,-1
222,6.0,984.6,470.7,70.2,169.2,-1,-1,-1,-1
222,5.0,334.1,508.5,62.1,177.3,-1,-1,-1,-1
222,4.0,739.3,416.7,81.9,206.1,-1,-1,-1,-1
222,3.0,464.8,391.3,101.7,157.7,-1,-1,-1,-1
222,2.0,118.1,351.0,53.8,151.6,-1,-1,-1,-1
223,36.0,306.0,386.5,66.6,145.3,-1,-1,-1,-1
223,35.0,153.8,389.2,45.9,181.8,-1,-1,-1,-1
223,33.0,885.1,412.2,50.8,168.3,-1,-1,-1,-1
223,32.0,397.6,399.4,72.2,189.2,-1,-1,-1,-1
223,27.0,612.9,471.1,54.0,185.4,-1,-1,-1,-1
223,21.0,956.7,407.9,86.4,160.9,-1,-1,-1,-1
223,13.0,474.3,328.0,49.5,155.2,-1,-1,-1,-1
223,12.0,729.4,337.5,51.3,147.6,-1,-1,-1,-1
223,11.0,725.4,494.1,57.6,183.6,-1,-1,-1,-1
223,10.0,224.3,399.4,56.2,168.5,-1,-1,-1,-1
223,9.0,188.2,487.8,49.2,192.6,-1,-1,-1,-1
223,8.0,622.8,430.6,85.5,165.6,-1,-1,-1,-1
223,6.0,991.8,471.1,75.6,169.2,-1,-1,-1,-1
223,5.0,330.7,508.9,66.6,179.1,-1,-1,-1,-1
223,4.0,731.7,437.6,87.3,185.2,-1,-1,-1,-1
223,3.0,473.8,394.0,106.2,154.1,-1,-1,-1,-1
223,2.0,120.0,351.9,57.6,150.3,-1,-1,-1,-1
224,36.0,305.1,386.5,56.2,146.2,-1,-1,-1,-1
224,35.0,157.0,388.8,43.2,180.9,-1,-1,-1,-1
224,33.0,885.6,415.3,72.0,164.7,-1,-1,-1,-1
224,32.0,401.8,414.7,67.0,173.9,-1,-1,-1,-1
224,27.0,612.0,474.3,54.9,182.7,-1,-1,-1,-1
224,21.0,961.2,414.9,79.2,153.0,-1,-1,-1,-1
224,13.0,474.3,326.2,49.5,151.6,-1,-1,-1,-1
224,12.0,729.4,336.6,50.4,150.8,-1,-1,-1,-1
224,11.0,739.3,498.6,51.3,184.5,-1,-1,-1,-1
224,10.0,225.8,397.8,66.3,167.4,-1,-1,-1,-1
224,9.0,186.1,487.3,49.3,191.7,-1,-1,-1,-1
224,8.0,621.4,434.9,116.1,161.8,-1,-1,-1,-1
224,6.0,1010.7,474.3,66.6,166.5,-1,-1,-1,-1
224,5.0,328.3,513.0,70.6,176.4,-1,-1,-1,-1
224,4.0,719.1,442.8,98.1,181.8,-1,-1,-1,-1
224,3.0,495.9,400.5,94.5,151.2,-1,-1,-1,-1
224,2.0,123.4,351.4,62.8,150.3,-1,-1,-1,-1
225,36.0,304.9,384.7,52.6,147.6,-1,-1,-1,-1
225,35.0,158.5,387.9,42.3,183.6,-1,-1,-1,-1
225,33.0,886.5,415.8,77.4,163.8,-1,-1,-1,-1
225,32.0,404.1,415.1,64.8,173.5,-1,-1,-1,-1
225,30.0,578.7,398.2,79.2,175.5,-1,-1,-1,-1
225,27.0,612.9,472.9,54.0,183.6,-1,-1,-1,-1
225,21.0,963.0,416.7,81.0,150.3,-1,-1,-1,-1
225,13.0,474.3,324.9,49.5,151.6,-1,-1,-1,-1
225,12.0,729.9,336.6,49.5,155.2,-1,-1,-1,-1
225,11.0,745.2,503.5,53.1,184.5,-1,-1,-1,-1
225,10.0,226.6,398.2,68.9,166.5,-1,-1,-1,-1
225,9.0,184.5,487.3,50.2,189.9,-1,-1,-1,-1
225,8.0,630.4,437.8,105.3,158.4,-1,-1,-1,-1
225,6.0,1016.1,476.1,61.2,165.6,-1,-1,-1,-1
225,5.0,331.4,513.4,69.8,175.5,-1,-1,-1,-1
225,4.0,715.5,443.9,101.7,180.2,-1,-1,-1,-1
225,3.0,508.0,400.9,81.9,151.2,-1,-1,-1,-1
225,2.0,128.2,348.3,61.0,153.0,-1,-1,-1,-1
226,36.0,300.1,384.1,51.3,147.8,-1,-1,-1,-1
226,35.0,160.4,387.0,40.9,187.2,-1,-1,-1,-1
226,34.0,376.9,406.1,53.1,167.6,-1,-1,-1,-1
226,33.0,888.3,418.7,77.4,160.9,-1,-1,-1,-1
226,32.0,404.8,414.0,65.5,174.6,-1,-1,-1,-1
226,30.0,566.5,402.5,75.6,173.9,-1,-1,-1,-1
226,27.0,611.5,471.6,54.9,184.5,-1,-1,-1,-1
226,21.0,965.7,421.4,88.2,144.2,-1,-1,-1,-1
226,13.0,473.8,323.1,49.5,153.0,-1,-1,-1,-1
226,12.0,730.3,337.3,48.6,159.5,-1,-1,-1,-1
226,11.0,756.4,510.7,59.4,180.0,-1,-1,-1,-1
226,10.0,230.4,396.4,65.7,168.3,-1,-1,-1,-1
226,9.0,178.5,486.9,55.0,187.2,-1,-1,-1,-1
226,8.0,636.3,440.3,109.8,156.8,-1,-1,-1,-1
226,6.0,1024.2,473.4,57.6,168.3,-1,-1,-1,-1
226,5.0,349.2,514.8,54.9,175.5,-1,-1,-1,-1
226,4.0,718.6,447.3,90.9,176.4,-1,-1,-1,-1
226,3.0,526.0,401.4,58.5,151.2,-1,-1,-1,-1
226,2.0,130.8,340.9,61.0,155.9,-1,-1,-1,-1
227,36.0,294.3,383.6,53.1,148.7,-1,-1,-1,-1
227,35.0,160.6,388.1,40.9,187.0,-1,-1,-1,-1
227,34.0,377.1,408.1,48.6,166.5,-1,-1,-1,-1
227,33.0,891.4,418.7,74.2,160.0,-1,-1,-1,-1
227,32.0,405.4,414.9,64.8,173.7,-1,-1,-1,-1
227,30.0,564.8,404.1,71.1,174.6,-1,-1,-1,-1
227,27.0,612.4,472.0,54.0,184.5,-1,-1,-1,-1
227,21.0,965.7,418.7,82.8,146.5,-1,-1,-1,-1
227,13.0,473.4,322.4,50.4,153.7,-1,-1,-1,-1
227,12.0,730.3,337.9,47.7,159.3,-1,-1,-1,-1
227,11.0,758.7,510.7,56.7,180.9,-1,-1,-1,-1
227,10.0,231.3,395.5,64.4,169.2,-1,-1,-1,-1
227,9.0,170.4,486.4,63.1,187.2,-1,-1,-1,-1
227,8.0,643.9,438.7,111.6,158.4,-1,-1,-1,-1
227,6.0,1026.0,471.6,66.6,169.2,-1,-1,-1,-1
227,5.0,352.6,515.2,51.8,179.1,-1,-1,-1,-1
227,4.0,718.6,448.4,94.5,176.2,-1,-1,-1,-1
227,3.0,528.8,398.9,59.4,153.2,-1,-1,-1,-1
227,2.0,133.0,342.4,60.5,153.4,-1,-1,-1,-1
228,36.0,281.2,382.0,60.3,150.3,-1,-1,-1,-1
228,35.0,152.5,389.2,49.7,180.0,-1,-1,-1,-1
228,34.0,366.7,408.1,55.8,171.0,-1,-1,-1,-1
228,33.0,899.1,418.5,66.6,156.6,-1,-1,-1,-1
228,32.0,399.6,414.7,72.0,173.9,-1,-1,-1,-1
228,30.0,561.1,409.3,70.2,165.8,-1,-1,-1,-1
228,27.0,613.3,472.0,53.1,184.5,-1,-1,-1,-1
228,21.0,965.7,419.4,84.6,144.0,-1,-1,-1,-1
228,13.0,473.8,322.0,49.5,154.6,-1,-1,-1,-1
228,12.0,730.3,340.0,47.7,155.9,-1,-1,-1,-1
228,11.0,759.6,514.8,65.7,177.3,-1,-1,-1,-1
228,10.0,234.2,396.0,61.2,169.2,-1,-1,-1,-1
228,9.0,170.2,485.5,62.4,186.3,-1,-1,-1,-1
228,8.0,646.6,434.7,112.5,162.0,-1,-1,-1,-1
228,6.0,1029.6,468.4,73.8,171.9,-1,-1,-1,-1
228,5.0,355.9,518.8,51.3,185.4,-1,-1,-1,-1
228,4.0,719.1,448.2,75.6,175.5,-1,-1,-1,-1
228,3.0,534.6,394.4,59.4,160.9,-1,-1,-1,-1
228,2.0,138.1,345.6,60.3,148.5,-1,-1,-1,-1
229,36.0,278.1,382.9,58.5,149.4,-1,-1,-1,-1
229,35.0,164.6,390.4,39.6,178.0,-1,-1,-1,-1
229,34.0,366.3,407.0,54.0,173.5,-1,-1,-1,-1
229,33.0,904.5,418.9,61.2,154.8,-1,-1,-1,-1
229,32.0,399.1,415.3,72.9,173.7,-1,-1,-1,-1
229,30.0,558.4,409.0,69.3,166.5,-1,-1,-1,-1
229,27.0,611.5,471.6,54.9,184.5,-1,-1,-1,-1
229,21.0,964.8,420.7,86.4,142.2,-1,-1,-1,-1
229,13.0,472.9,321.7,50.4,154.4,-1,-1,-1,-1
229,12.0,730.3,340.4,47.7,156.8,-1,-1,-1,-1
229,11.0,758.2,514.8,67.5,179.1,-1,-1,-1,-1
229,10.0,235.6,395.5,59.9,170.1,-1,-1,-1,-1
229,9.0,170.3,484.6,61.9,186.3,-1,-1,-1,-1
229,8.0,647.1,432.2,112.5,166.3,-1,-1,-1,-1
229,6.0,1035.0,467.5,68.4,173.7,-1,-1,-1,-1
229,5.0,356.4,521.1,53.5,182.7,-1,-1,-1,-1
229,4.0,717.7,447.7,74.7,175.5,-1,-1,-1,-1
229,3.0,542.2,392.2,56.7,173.5,-1,-1,-1,-1
229,2.0,140.8,344.2,60.3,151.6,-1,-1,-1,-1
230,36.0,277.9,383.8,54.0,148.5,-1,-1,-1,-1
230,35.0,163.8,390.6,46.6,175.5,-1,-1,-1,-1
230,34.0,361.6,406.3,57.6,177.3,-1,-1,-1,-1
230,33.0,913.5,414.7,52.2,158.6,-1,-1,-1,-1
230,32.0,390.4,414.7,81.7,173.9,-1,-1,-1,-1
230,30.0,552.1,411.7,71.1,162.0,-1,-1,-1,-1
230,27.0,612.0,471.1,52.2,185.4,-1,-1,-1,-1
230,21.0,965.7,420.7,86.4,141.3,-1,-1,-1,-1
230,13.0,472.0,321.3,51.3,155.2,-1,-1,-1,-1
230,12.0,729.9,339.3,45.9,154.3,-1,-1,-1,-1
230,11.0,768.6,518.4,60.3,179.1,-1,-1,-1,-1
230,10.0,235.6,396.0,60.8,169.2,-1,-1,-1,-1
230,9.0,173.2,483.3,58.7,186.3,-1,-1,-1,-1
230,8.0,651.6,424.6,108.9,173.9,-1,-1,-1,-1
230,6.0,1044.9,467.1,59.4,173.7,-1,-1,-1,-1
230,5.0,357.7,522.4,61.7,183.6,-1,-1,-1,-1
230,4.0,717.3,449.8,62.1,172.1,-1,-1,-1,-1
230,3.0,549.0,391.5,54.9,170.1,-1,-1,-1,-1
230,2.0,149.1,342.0,59.6,159.3,-1,-1,-1,-1
231,36.0,278.3,384.3,50.9,148.5,-1,-1,-1,-1
231,35.0,164.2,391.0,44.6,175.5,-1,-1,-1,-1
231,34.0,355.9,406.6,62.5,170.8,-1,-1,-1,-1
231,33.0,918.0,414.0,46.8,159.3,-1,-1,-1,-1
231,32.0,389.0,414.7,82.6,173.9,-1,-1,-1,-1
231,30.0,551.2,412.2,67.5,158.4,-1,-1,-1,-1
231,27.0,611.5,471.1,52.2,185.4,-1,-1,-1,-1
231,21.0,966.6,420.7,86.4,141.3,-1,-1,-1,-1
231,13.0,472.5,321.1,50.4,155.0,-1,-1,-1,-1
231,12.0,729.4,338.4,45.9,156.6,-1,-1,-1,-1
231,11.0,774.4,519.8,58.5,178.2,-1,-1,-1,-1
231,10.0,235.6,395.8,61.6,168.5,-1,-1,-1,-1
231,9.0,173.2,483.3,58.5,187.2,-1,-1,-1,-1
231,8.0,672.3,424.8,81.9,172.8,-1,-1,-1,-1
231,6.0,1048.5,468.0,55.8,173.7,-1,-1,-1,-1
231,5.0,357.5,523.3,66.6,183.6,-1,-1,-1,-1
231,4.0,716.4,448.0,63.9,173.5,-1,-1,-1,-1
231,3.0,551.7,391.0,47.7,171.0,-1,-1,-1,-1
231,2.0,153.6,340.0,57.4,163.6,-1,-1,-1,-1
232,36.0,278.1,384.1,47.2,148.7,-1,-1,-1,-1
232,35.0,164.6,391.5,45.2,173.7,-1,-1,-1,-1
232,34.0,348.5,406.1,68.4,173.5,-1,-1,-1,-1
232,33.0,924.3,412.4,41.4,160.9,-1,-1,-1,-1
232,32.0,390.1,416.0,80.1,172.6,-1,-1,-1,-1
232,30.0,540.0,411.3,77.4,155.7,-1,-1,-1,-1
232,27.0,611.1,470.7,52.2,185.4,-1,-1,-1,-1
232,21.0,966.6,419.4,86.4,142.2,-1,-1,-1,-1
232,13.0,471.1,320.6,51.3,155.9,-1,-1,-1,-1
232,12.0,727.6,337.0,47.7,154.3,-1,-1,-1,-1
232,11.0,780.3,519.8,54.0,178.2,-1,-1,-1,-1
232,10.0,233.8,395.1,62.5,168.3,-1,-1,-1,-1
232,9.0,173.0,481.9,58.7,188.1,-1,-1,-1,-1
232,8.0,691.6,421.6,63.9,172.8,-1,-1,-1,-1
232,6.0,1053.9,468.4,50.4,174.6,-1,-1,-1,-1
232,5.0,360.7,524.2,70.6,182.7,-1,-1,-1,-1
232,4.0,715.5,443.2,48.6,179.1,-1,-1,-1,-1
232,2.0,160.9,333.7,56.0,169.9,-1,-1,-1,-1
233,36.0,275.8,384.7,48.1,147.1,-1,-1,-1,-1
233,35.0,165.0,391.3,47.5,173.5,-1,-1,-1,-1
233,34.0,346.3,405.7,70.2,176.6,-1,-1,-1,-1
233,33.0,926.1,412.4,39.6,160.9,-1,-1,-1,-1
233,32.0,392.4,416.5,77.4,172.1,-1,-1,-1,-1
233,30.0,535.9,410.2,82.8,155.9,-1,-1,-1,-1
233,27.0,610.2,471.1,52.2,184.5,-1,-1,-1,-1
233,21.0,966.6,418.5,86.4,143.1,-1,-1,-1,-1
233,13.0,470.7,320.8,51.3,155.7,-1,-1,-1,-1
233,12.0,727.2,336.4,47.7,157.7,-1,-1,-1,-1
233,11.0,781.2,518.4,56.7,180.9,-1,-1,-1,-1
233,10.0,228.4,395.5,67.9,168.3,-1,-1,-1,-1
233,9.0,173.2,482.4,58.5,187.2,-1,-1,-1,-1
233,8.0,695.7,421.9,63.0,176.6,-1,-1,-1,-1
233,6.0,1054.8,468.0,50.4,174.6,-1,-1,-1,-1
233,5.0,362.2,523.3,72.0,183.6,-1,-1,-1,-1
233,4.0,712.8,442.8,47.7,179.1,-1,-1,-1,-1
233,2.0,163.1,333.0,56.7,167.4,-1,-1,-1,-1
234,36.0,273.6,381.1,47.2,150.3,-1,-1,-1,-1
234,35.0,165.6,390.6,45.9,180.9,-1,-1,-1,-1
234,34.0,347.6,406.1,65.2,178.0,-1,-1,-1,-1
234,33.0,927.9,412.2,37.8,160.2,-1,-1,-1,-1
234,32.0,394.6,415.8,75.1,172.8,-1,-1,-1,-1
234,30.0,530.5,406.1,81.0,160.9,-1,-1,-1,-1
234,27.0,609.3,471.1,53.1,184.5,-1,-1,-1,-1
234,21.0,967.5,419.4,84.6,142.2,-1,-1,-1,-1
234,13.0,469.3,320.8,51.3,155.7,-1,-1,-1,-1
234,12.0,726.3,336.1,47.7,151.2,-1,-1,-1,-1
234,11.0,783.9,517.5,59.4,185.4,-1,-1,-1,-1
234,10.0,223.1,395.5,73.0,168.3,-1,-1,-1,-1
234,9.0,173.1,482.8,59.7,186.3,-1,-1,-1,-1
234,8.0,702.9,421.4,62.1,167.6,-1,-1,-1,-1
234,6.0,1059.3,467.1,46.8,175.5,-1,-1,-1,-1
234,5.0,367.2,524.7,70.6,188.1,-1,-1,-1,-1
234,4.0,714.1,442.3,47.7,180.0,-1,-1,-1,-1
234,2.0,166.0,340.2,59.2,147.6,-1,-1,-1,-1
235,36.0,272.5,380.9,47.7,150.5,-1,-1,-1,-1
235,35.0,165.7,390.1,43.9,182.7,-1,-1,-1,-1
235,34.0,347.8,406.1,63.0,179.8,-1,-1,-1,-1
235,33.0,928.8,412.6,36.0,160.2,-1,-1,-1,-1
235,32.0,395.3,415.1,74.5,173.5,-1,-1,-1,-1
235,30.0,529.2,404.8,84.6,161.8,-1,-1,-1,-1
235,27.0,607.9,471.1,54.0,184.5,-1,-1,-1,-1
235,21.0,967.5,418.3,84.6,143.3,-1,-1,-1,-1
235,13.0,468.9,320.8,51.3,155.7,-1,-1,-1,-1
235,12.0,725.4,335.9,47.7,152.8,-1,-1,-1,-1
235,11.0,785.2,518.4,58.5,187.2,-1,-1,-1,-1
235,10.0,223.0,395.5,72.9,168.3,-1,-1,-1,-1
235,9.0,173.2,482.8,63.0,185.4,-1,-1,-1,-1
235,6.0,1060.2,467.1,46.8,176.4,-1,-1,-1,-1
235,5.0,369.0,526.9,70.7,189.9,-1,-1,-1,-1
235,4.0,709.2,440.5,57.6,181.8,-1,-1,-1,-1
235,2.0,175.2,343.3,52.2,137.7,-1,-1,-1,-1
236,36.0,271.3,380.5,46.8,154.1,-1,-1,-1,-1
236,35.0,165.7,391.5,46.1,184.5,-1,-1,-1,-1
236,34.0,348.1,406.8,57.6,179.1,-1,-1,-1,-1
236,33.0,930.6,413.3,34.2,159.1,-1,-1,-1,-1
236,32.0,394.0,415.3,75.8,173.7,-1,-1,-1,-1
236,30.0,530.5,404.3,85.5,161.8,-1,-1,-1,-1
236,27.0,603.0,470.7,58.5,183.6,-1,-1,-1,-1
236,21.0,968.4,419.2,81.0,142.4,-1,-1,-1,-1
236,13.0,468.4,320.8,50.4,155.7,-1,-1,-1,-1
236,12.0,723.1,335.7,48.6,161.5,-1,-1,-1,-1
236,11.0,785.7,522.0,57.6,187.2,-1,-1,-1,-1
236,10.0,223.9,396.4,72.0,166.5,-1,-1,-1,-1
236,9.0,173.2,482.4,73.6,186.3,-1,-1,-1,-1
236,6.0,1062.0,467.5,46.8,177.3,-1,-1,-1,-1
236,5.0,375.3,529.6,64.4,191.7,-1,-1,-1,-1
236,4.0,708.7,441.4,67.5,180.9,-1,-1,-1,-1
236,3.0,580.5,389.9,61.2,160.0,-1,-1,-1,-1
236,2.0,184.0,343.1,48.4,140.6,-1,-1,-1,-1
237,36.0,270.7,381.1,46.8,153.4,-1,-1,-1,-1
237,35.0,166.0,392.8,46.8,180.9,-1,-1,-1,-1
237,34.0,348.1,407.7,54.0,178.2,-1,-1,-1,-1
237,33.0,931.5,413.3,34.2,159.1,-1,-1,-1,-1
237,32.0,393.1,416.2,76.7,172.8,-1,-1,-1,-1
237,30.0,529.6,404.5,76.5,161.1,-1,-1,-1,-1
237,27.0,599.4,471.1,63.9,182.7,-1,-1,-1,-1
237,21.0,967.5,416.9,81.0,144.7,-1,-1,-1,-1
237,13.0,467.5,320.6,50.4,155.9,-1,-1,-1,-1
237,12.0,721.8,335.2,49.5,159.8,-1,-1,-1,-1
237,11.0,786.1,522.0,58.5,188.1,-1,-1,-1,-1
237,10.0,224.1,397.1,72.0,166.3,-1,-1,-1,-1
237,9.0,173.9,482.8,69.3,185.4,-1,-1,-1,-1
237,6.0,1062.0,467.5,48.6,178.2,-1,-1,-1,-1
237,5.0,377.8,530.1,60.8,190.8,-1,-1,-1,-1
237,4.0,706.0,442.8,47.7,180.0,-1,-1,-1,-1
237,3.0,581.8,390.1,55.8,160.2,-1,-1,-1,-1
237,2.0,187.4,343.3,47.9,137.7,-1,-1,-1,-1
238,36.0,269.8,381.8,47.2,151.9,-1,-1,-1,-1
238,35.0,166.7,393.3,44.6,179.1,-1,-1,-1,-1
238,34.0,347.4,408.4,56.2,178.0,-1,-1,-1,-1
238,33.0,931.5,413.3,34.2,159.1,-1,-1,-1,-1
238,32.0,391.7,415.3,78.1,172.8,-1,-1,-1,-1
238,30.0,528.3,405.0,70.2,161.1,-1,-1,-1,-1
238,27.0,597.1,471.1,66.6,182.7,-1,-1,-1,-1
238,21.0,968.4,417.6,79.2,144.0,-1,-1,-1,-1
238,13.0,467.1,320.8,50.4,155.7,-1,-1,-1,-1
238,12.0,721.3,335.0,48.6,160.0,-1,-1,-1,-1
238,11.0,786.1,522.9,61.2,188.1,-1,-1,-1,-1
238,10.0,223.4,396.9,72.9,166.5,-1,-1,-1,-1
238,9.0,173.5,482.8,73.3,185.4,-1,-1,-1,-1
238,8.0,732.6,423.2,59.4,172.6,-1,-1,-1,-1
238,6.0,1060.2,467.1,54.0,178.2,-1,-1,-1,-1
238,5.0,380.0,529.6,57.1,190.8,-1,-1,-1,-1
238,4.0,704.2,442.8,45.0,180.0,-1,-1,-1,-1
238,3.0,586.8,390.6,50.4,160.2,-1,-1,-1,-1
238,2.0,190.7,340.9,45.6,138.4,-1,-1,-1,-1
239,36.0,268.0,381.6,49.1,151.7,-1,-1,-1,-1
239,35.0,166.5,393.5,43.0,179.8,-1,-1,-1,-1
239,34.0,347.2,409.0,57.1,177.3,-1,-1,-1,-1
239,33.0,929.7,413.1,37.8,158.4,-1,-1,-1,-1
239,32.0,391.5,414.7,77.0,171.2,-1,-1,-1,-1
239,30.0,527.4,404.5,60.3,161.1,-1,-1,-1,-1
239,27.0,596.2,471.6,67.5,180.0,-1,-1,-1,-1
239,21.0,968.4,418.0,79.2,144.0,-1,-1,-1,-1
239,13.0,466.2,320.8,50.4,155.2,-1,-1,-1,-1
239,12.0,720.0,335.2,48.6,159.3,-1,-1,-1,-1
239,11.0,780.7,522.4,73.8,189.0,-1,-1,-1,-1
239,10.0,222.0,399.1,74.8,163.8,-1,-1,-1,-1
239,9.0,174.4,481.9,67.1,186.3,-1,-1,-1,-1
239,8.0,735.7,420.3,64.8,173.7,-1,-1,-1,-1
239,6.0,1056.6,467.5,63.0,177.3,-1,-1,-1,-1
239,5.0,375.7,528.8,65.2,192.6,-1,-1,-1,-1
239,4.0,703.8,442.8,45.0,180.0,-1,-1,-1,-1
239,3.0,587.7,390.6,53.1,159.3,-1,-1,-1,-1
239,2.0,195.4,333.9,46.7,146.2,-1,-1,-1,-1
240,36.0,268.0,381.4,49.1,152.3,-1,-1,-1,-1
240,35.0,166.7,394.6,43.2,178.2,-1,-1,-1,-1
240,34.0,347.2,409.0,53.5,177.3,-1,-1,-1,-1
240,33.0,929.7,411.7,39.6,159.3,-1,-1,-1,-1
240,32.0,392.4,411.7,75.6,174.6,-1,-1,-1,-1
240,30.0,527.4,403.4,59.4,162.7,-1,-1,-1,-1
240,27.0,597.1,471.6,65.7,180.0,-1,-1,-1,-1
240,21.0,966.6,416.2,81.0,145.8,-1,-1,-1,-1
240,13.0,465.7,320.6,50.4,155.5,-1,-1,-1,-1
240,12.0,719.1,335.2,48.6,158.0,-1,-1,-1,-1
240,11.0,782.1,521.5,75.6,189.0,-1,-1,-1,-1
240,10.0,221.6,400.3,78.3,162.7,-1,-1,-1,-1
240,9.0,175.0,482.4,67.7,185.4,-1,-1,-1,-1
240,8.0,732.6,418.9,71.1,174.6,-1,-1,-1,-1
240,6.0,1056.6,467.5,63.0,177.3,-1,-1,-1,-1
240,5.0,373.9,529.6,70.2,191.7,-1,-1,-1,-1
240,4.0,703.8,442.3,48.6,180.0,-1,-1,-1,-1
240,3.0,589.0,390.8,53.1,157.7,-1,-1,-1,-1
240,2.0,196.5,332.3,45.8,147.4,-1,-1,-1,-1
241,36.0,266.8,381.1,50.0,152.1,-1,-1,-1,-1
241,35.0,166.7,394.9,43.9,178.4,-1,-1,-1,-1
241,34.0,347.4,407.2,52.2,179.1,-1,-1,-1,-1
241,33.0,927.9,409.5,41.4,160.2,-1,-1,-1,-1
241,32.0,393.7,411.7,73.4,174.6,-1,-1,-1,-1
241,30.0,527.4,401.6,54.0,163.6,-1,-1,-1,-1
241,27.0,596.7,468.9,64.8,181.8,-1,-1,-1,-1
241,21.0,966.6,416.2,81.0,144.9,-1,-1,-1,-1
241,13.0,464.8,319.7,50.4,155.0,-1,-1,-1,-1
241,12.0,716.8,335.2,48.6,158.0,-1,-1,-1,-1
241,11.0,780.3,520.6,79.2,189.9,-1,-1,-1,-1
241,10.0,220.9,401.2,86.8,162.7,-1,-1,-1,-1
241,9.0,174.6,482.4,64.8,185.4,-1,-1,-1,-1
241,8.0,732.1,420.3,93.6,172.8,-1,-1,-1,-1
241,6.0,1057.5,466.6,61.2,178.2,-1,-1,-1,-1
241,5.0,374.8,530.1,69.8,192.6,-1,-1,-1,-1
241,4.0,703.8,441.0,54.9,180.9,-1,-1,-1,-1
241,3.0,590.4,391.5,54.0,157.5,-1,-1,-1,-1
241,2.0,198.1,332.5,48.5,146.7,-1,-1,-1,-1
242,36.0,265.7,381.1,50.4,152.1,-1,-1,-1,-1
242,35.0,166.6,394.9,43.9,178.0,-1,-1,-1,-1
242,34.0,347.4,406.8,52.2,179.1,-1,-1,-1,-1
242,33.0,928.8,409.5,41.4,159.3,-1,-1,-1,-1
242,32.0,393.7,411.7,73.8,174.6,-1,-1,-1,-1
242,30.0,527.4,399.8,50.4,164.0,-1,-1,-1,-1
242,27.0,596.2,468.0,63.9,182.7,-1,-1,-1,-1
242,21.0,967.5,416.2,81.0,144.9,-1,-1,-1,-1
242,13.0,464.8,319.3,50.4,155.0,-1,-1,-1,-1
242,12.0,715.5,334.8,49.5,156.6,-1,-1,-1,-1
242,11.0,781.6,520.6,77.4,189.9,-1,-1,-1,-1
242,10.0,219.8,402.3,89.1,159.3,-1,-1,-1,-1
242,9.0,175.0,482.4,62.1,185.4,-1,-1,-1,-1
242,8.0,732.1,421.4,106.2,172.6,-1,-1,-1,-1
242,6.0,1060.2,467.1,57.6,177.3,-1,-1,-1,-1
242,5.0,376.0,530.5,67.1,190.8,-1,-1,-1,-1
242,4.0,703.8,441.0,59.4,180.9,-1,-1,-1,-1
242,3.0,590.8,392.2,54.0,155.9,-1,-1,-1,-1
242,2.0,199.9,333.7,48.9,144.7,-1,-1,-1,-1
243,37.0,1242.9,378.2,36.0,158.6,-1,-1,-1,-1
243,36.0,267.1,381.8,49.1,151.9,-1,-1,-1,-1
243,35.0,166.7,395.1,44.8,177.3,-1,-1,-1,-1
243,34.0,348.1,407.0,54.0,178.4,-1,-1,-1,-1
243,33.0,928.8,409.5,41.4,159.3,-1,-1,-1,-1
243,32.0,395.5,416.5,71.1,170.8,-1,-1,-1,-1
243,30.0,526.9,397.8,50.4,164.7,-1,-1,-1,-1
243,27.0,597.6,467.1,57.6,183.6,-1,-1,-1,-1
243,21.0,967.5,416.5,84.6,144.2,-1,-1,-1,-1
243,13.0,465.3,318.1,50.4,155.2,-1,-1,-1,-1
243,12.0,715.0,335.2,47.7,150.3,-1,-1,-1,-1
243,11.0,784.8,520.2,65.7,190.8,-1,-1,-1,-1
243,10.0,220.9,406.3,87.7,158.4,-1,-1,-1,-1
243,9.0,173.9,482.4,72.7,186.3,-1,-1,-1,-1
243,8.0,736.2,424.8,95.4,169.2,-1,-1,-1,-1
243,6.0,1053.0,466.6,61.2,178.2,-1,-1,-1,-1
243,5.0,380.5,531.4,60.3,190.8,-1,-1,-1,-1
243,4.0,703.3,439.9,57.6,181.1,-1,-1,-1,-1
243,3.0,590.8,393.1,54.0,154.1,-1,-1,-1,-1
243,2.0,207.0,339.5,46.1,138.4,-1,-1,-1,-1
244,37.0,1242.0,378.9,37.8,157.5,-1,-1,-1,-1
244,36.0,267.1,382.0,48.6,152.1,-1,-1,-1,-1
244,35.0,166.6,395.1,43.4,174.6,-1,-1,-1,-1
244,34.0,347.8,407.7,57.6,178.2,-1,-1,-1,-1
244,33.0,927.0,409.0,43.2,159.3,-1,-1,-1,-1
244,32.0,396.2,415.3,70.4,171.0,-1,-1,-1,-1
244,30.0,527.8,397.8,50.4,164.7,-1,-1,-1,-1
244,27.0,596.7,467.1,57.6,183.6,-1,-1,-1,-1
244,21.0,967.5,416.5,84.6,144.2,-1,-1,-1,-1
244,13.0,465.3,317.7,52.2,154.8,-1,-1,-1,-1
244,12.0,714.1,335.0,48.6,153.7,-1,-1,-1,-1
244,11.0,783.0,520.2,64.8,194.4,-1,-1,-1,-1
244,10.0,222.0,410.6,87.0,154.1,-1,-1,-1,-1
244,9.0,174.1,482.8,69.8,185.4,-1,-1,-1,-1
244,8.0,739.3,430.9,89.1,163.1,-1,-1,-1,-1
244,6.0,1054.8,467.1,61.2,178.2,-1,-1,-1,-1
244,5.0,384.3,531.4,57.1,189.9,-1,-1,-1,-1
244,4.0,703.3,439.6,45.0,181.8,-1,-1,-1,-1
244,3.0,590.8,394.9,54.9,157.7,-1,-1,-1,-1
244,2.0,210.8,339.1,45.4,139.7,-1,-1,-1,-1
245,37.0,1245.6,379.1,34.2,156.8,-1,-1,-1,-1
245,36.0,268.0,382.0,46.8,151.6,-1,-1,-1,-1
245,35.0,166.9,395.3,43.6,178.0,-1,-1,-1,-1
245,34.0,347.2,410.4,58.0,175.5,-1,-1,-1,-1
245,33.0,927.9,409.0,41.4,160.2,-1,-1,-1,-1
245,32.0,397.8,423.0,68.8,163.8,-1,-1,-1,-1
245,30.0,526.0,397.6,51.3,164.0,-1,-1,-1,-1
245,27.0,594.9,468.0,61.2,182.7,-1,-1,-1,-1
245,21.0,967.5,416.5,82.8,144.2,-1,-1,-1,-1
245,13.0,465.7,317.7,57.6,153.9,-1,-1,-1,-1
245,12.0,713.2,335.0,49.5,150.1,-1,-1,-1,-1
245,11.0,782.1,521.5,65.7,194.4,-1,-1,-1,-1
245,10.0,219.8,414.7,89.1,149.6,-1,-1,-1,-1
245,9.0,173.9,483.7,61.0,184.5,-1,-1,-1,-1
245,8.0,747.0,439.9,90.0,154.1,-1,-1,-1,-1
245,6.0,1062.9,468.0,55.8,177.3,-1,-1,-1,-1
245,5.0,382.5,532.3,64.8,189.9,-1,-1,-1,-1
245,4.0,703.3,440.5,39.6,181.8,-1,-1,-1,-1
245,3.0,590.8,395.5,54.9,166.5,-1,-1,-1,-1
245,2.0,215.3,338.8,43.2,138.6,-1,-1,-1,-1
246,37.0,1245.6,374.8,34.2,164.7,-1,-1,-1,-1
246,36.0,267.8,380.7,46.3,152.6,-1,-1,-1,-1
246,35.0,167.3,395.1,43.9,174.6,-1,-1,-1,-1
246,34.0,347.6,412.4,60.8,173.5,-1,-1,-1,-1
246,33.0,924.3,409.5,45.0,159.3,-1,-1,-1,-1
246,32.0,398.2,423.2,68.4,163.6,-1,-1,-1,-1
246,30.0,524.2,398.7,51.3,162.9,-1,-1,-1,-1
246,27.0,598.9,468.4,54.9,182.7,-1,-1,-1,-1
246,21.0,966.6,416.7,84.6,144.0,-1,-1,-1,-1
246,13.0,466.2,317.2,60.3,154.3,-1,-1,-1,-1
246,12.0,713.7,334.8,48.6,146.2,-1,-1,-1,-1
246,11.0,784.8,523.8,63.0,190.8,-1,-1,-1,-1
246,10.0,219.9,421.6,89.2,143.1,-1,-1,-1,-1
246,9.0,174.0,483.3,58.8,185.4,-1,-1,-1,-1
246,8.0,751.9,442.8,88.2,151.2,-1,-1,-1,-1
246,6.0,1066.5,467.5,50.4,177.3,-1,-1,-1,-1
246,5.0,383.4,533.2,64.3,189.0,-1,-1,-1,-1
246,4.0,702.4,441.0,40.5,180.9,-1,-1,-1,-1
246,3.0,591.8,397.3,54.0,152.1,-1,-1,-1,-1
246,2.0,215.2,334.3,45.1,143.5,-1,-1,-1,-1
247,37.0,1233.0,370.6,46.8,165.8,-1,-1,-1,-1
247,36.0,266.8,381.1,46.8,152.1,-1,-1,-1,-1
247,35.0,166.9,394.4,43.4,175.3,-1,-1,-1,-1
247,34.0,347.8,411.5,60.8,173.9,-1,-1,-1,-1
247,33.0,920.7,409.7,46.8,159.1,-1,-1,-1,-1
247,32.0,398.2,423.2,68.4,163.6,-1,-1,-1,-1
247,30.0,522.4,400.3,50.4,161.8,-1,-1,-1,-1
247,27.0,594.9,468.9,60.3,182.7,-1,-1,-1,-1
247,21.0,967.5,419.4,82.8,141.3,-1,-1,-1,-1
247,13.0,467.5,317.2,60.3,153.4,-1,-1,-1,-1
247,12.0,713.7,335.0,48.6,148.7,-1,-1,-1,-1
247,11.0,781.6,525.1,66.6,186.3,-1,-1,-1,-1
247,10.0,220.0,423.4,89.5,141.3,-1,-1,-1,-1
247,9.0,173.7,482.8,63.4,185.4,-1,-1,-1,-1
247,8.0,752.4,445.9,88.2,148.5,-1,-1,-1,-1
247,6.0,1061.1,467.1,59.4,178.2,-1,-1,-1,-1
247,5.0,385.2,532.8,65.2,189.9,-1,-1,-1,-1
247,4.0,702.4,440.8,40.5,181.1,-1,-1,-1,-1
247,3.0,591.8,400.0,54.0,154.8,-1,-1,-1,-1
247,2.0,215.3,334.3,50.4,144.5,-1,-1,-1,-1
248,37.0,1227.6,370.3,52.2,164.7,-1,-1,-1,-1
248,36.0,267.3,380.9,46.4,152.3,-1,-1,-1,-1
248,35.0,166.9,394.2,43.9,176.4,-1,-1,-1,-1
248,34.0,348.3,410.8,60.8,174.6,-1,-1,-1,-1
248,33.0,921.1,409.9,46.3,159.3,-1,-1,-1,-1
248,32.0,398.9,423.2,67.7,163.6,-1,-1,-1,-1
248,30.0,521.5,400.9,49.5,161.1,-1,-1,-1,-1
248,27.0,593.5,468.0,62.1,183.6,-1,-1,-1,-1
248,21.0,966.6,419.4,84.6,141.3,-1,-1,-1,-1
248,13.0,468.4,317.5,62.1,153.2,-1,-1,-1,-1
248,12.0,713.7,334.8,48.6,148.5,-1,-1,-1,-1
248,11.0,779.8,522.9,67.5,188.1,-1,-1,-1,-1
248,10.0,221.6,424.8,87.8,140.4,-1,-1,-1,-1
248,9.0,174.0,482.8,65.4,185.4,-1,-1,-1,-1
248,8.0,752.4,447.3,87.3,145.8,-1,-1,-1,-1
248,6.0,1055.7,467.5,66.6,178.2,-1,-1,-1,-1
248,5.0,385.4,531.9,67.0,190.8,-1,-1,-1,-1
248,4.0,702.0,440.1,40.5,181.8,-1,-1,-1,-1
248,3.0,590.8,399.8,54.9,160.0,-1,-1,-1,-1
248,2.0,215.4,334.3,54.8,146.2,-1,-1,-1,-1
249,37.0,1206.9,371.9,72.0,164.9,-1,-1,-1,-1
249,36.0,266.4,381.4,47.2,152.3,-1,-1,-1,-1
249,35.0,167.2,394.4,42.8,178.0,-1,-1,-1,-1
249,34.0,350.8,409.3,59.8,176.2,-1,-1,-1,-1
249,33.0,920.2,410.6,45.5,159.1,-1,-1,-1,-1
249,32.0,398.2,422.1,68.4,164.7,-1,-1,-1,-1
249,30.0,521.1,400.9,46.8,160.2,-1,-1,-1,-1
249,27.0,595.8,468.0,56.7,183.6,-1,-1,-1,-1
249,21.0,966.6,418.7,86.4,142.0,-1,-1,-1,-1
249,13.0,469.8,317.7,70.2,152.5,-1,-1,-1,-1
249,12.0,715.0,335.2,47.7,149.4,-1,-1,-1,-1
249,11.0,776.7,522.0,69.3,194.4,-1,-1,-1,-1
249,10.0,220.9,425.7,88.6,139.5,-1,-1,-1,-1
249,9.0,173.9,482.4,79.9,185.4,-1,-1,-1,-1
249,8.0,752.8,448.0,94.5,144.7,-1,-1,-1,-1
249,6.0,1047.6,468.0,75.6,177.3,-1,-1,-1,-1
249,5.0,385.4,531.9,70.6,190.8,-1,-1,-1,-1
249,4.0,698.4,439.6,45.0,181.8,-1,-1,-1,-1
249,3.0,588.6,399.1,56.7,158.4,-1,-1,-1,-1
249,2.0,215.8,335.7,57.1,144.0,-1,-1,-1,-1
250,37.0,1196.1,373.5,82.8,162.0,-1,-1,-1,-1
250,36.0,266.2,381.1,47.2,152.1,-1,-1,-1,-1
250,35.0,166.7,394.4,46.8,177.1,-1,-1,-1,-1
250,34.0,351.0,409.0,59.9,175.5,-1,-1,-1,-1
250,33.0,920.2,411.7,44.5,157.5,-1,-1,-1,-1
250,32.0,399.1,420.1,67.9,167.2,-1,-1,-1,-1
250,30.0,521.1,401.2,45.9,159.5,-1,-1,-1,-1
250,27.0,596.7,468.0,54.9,183.6,-1,-1,-1,-1
250,21.0,967.5,418.0,88.2,141.3,-1,-1,-1,-1
250,13.0,471.1,317.5,69.3,153.2,-1,-1,-1,-1
250,12.0,715.5,335.7,48.6,147.6,-1,-1,-1,-1
250,11.0,774.4,521.5,72.0,192.6,-1,-1,-1,-1
250,10.0,220.8,426.1,88.5,138.6,-1,-1,-1,-1
250,9.0,173.9,481.9,63.0,186.3,-1,-1,-1,-1
250,8.0,752.8,448.0,94.5,144.2,-1,-1,-1,-1
250,6.0,1046.7,468.0,73.8,177.3,-1,-1,-1,-1
250,5.0,387.9,531.9,71.5,191.7,-1,-1,-1,-1
250,4.0,699.3,439.9,43.2,181.1,-1,-1,-1,-1
250,3.0,587.7,399.4,57.6,159.5,-1,-1,-1,-1
250,2.0,214.0,342.0,60.3,138.6,-1,-1,-1,-1
251,37.0,1188.9,374.8,90.0,161.5,-1,-1,-1,-1
251,36.0,265.7,383.4,46.8,150.3,-1,-1,-1,-1
251,35.0,165.9,394.0,44.1,180.2,-1,-1,-1,-1
251,34.0,350.5,407.7,60.3,174.6,-1,-1,-1,-1
251,33.0,919.8,411.5,43.2,157.7,-1,-1,-1,-1
251,32.0,399.8,419.4,67.3,167.4,-1,-1,-1,-1
251,30.0,522.0,401.2,44.1,159.5,-1,-1,-1,-1
251,27.0,597.1,467.5,53.1,183.6,-1,-1,-1,-1
251,21.0,968.4,419.4,90.0,138.6,-1,-1,-1,-1
251,13.0,473.8,317.7,66.6,152.5,-1,-1,-1,-1
251,12.0,716.4,336.4,50.4,148.7,-1,-1,-1,-1
251,11.0,775.8,522.4,72.9,190.8,-1,-1,-1,-1
251,10.0,221.4,426.8,87.8,138.4,-1,-1,-1,-1
251,9.0,174.1,481.5,96.3,186.3,-1,-1,-1,-1
251,8.0,752.4,447.7,95.4,144.9,-1,-1,-1,-1
251,6.0,1049.4,468.0,68.4,176.4,-1,-1,-1,-1
251,5.0,391.3,531.9,72.7,191.7,-1,-1,-1,-1
251,4.0,700.2,439.6,43.2,180.9,-1,-1,-1,-1
251,3.0,586.3,397.1,61.2,163.1,-1,-1,-1,-1
251,2.0,215.5,343.3,63.9,137.7,-1,-1,-1,-1
252,37.0,1187.1,373.9,91.8,162.4,-1,-1,-1,-1
252,36.0,265.3,385.2,47.2,148.5,-1,-1,-1,-1
252,35.0,165.7,394.2,45.2,180.9,-1,-1,-1,-1
252,34.0,350.3,407.2,60.8,174.6,-1,-1,-1,-1
252,33.0,920.2,411.7,42.8,157.5,-1,-1,-1,-1
252,32.0,399.8,418.3,67.3,168.5,-1,-1,-1,-1
252,30.0,522.0,401.2,44.1,159.5,-1,-1,-1,-1
252,27.0,597.6,468.4,51.3,182.7,-1,-1,-1,-1
252,21.0,968.4,419.8,91.8,137.7,-1,-1,-1,-1
252,13.0,474.7,317.7,63.0,151.6,-1,-1,-1,-1
252,12.0,716.8,336.1,52.2,148.9,-1,-1,-1,-1
252,11.0,784.8,522.9,53.1,193.5,-1,-1,-1,-1
252,10.0,221.2,427.0,88.2,137.7,-1,-1,-1,-1
252,9.0,175.4,479.7,91.5,188.1,-1,-1,-1,-1
252,8.0,752.4,447.7,95.4,144.9,-1,-1,-1,-1
252,6.0,1052.1,467.5,63.0,177.3,-1,-1,-1,-1
252,5.0,391.9,531.4,71.5,192.6,-1,-1,-1,-1
252,4.0,700.6,439.9,43.2,181.1,-1,-1,-1,-1
252,3.0,586.3,396.4,63.0,156.6,-1,-1,-1,-1
252,2.0,215.3,343.8,62.1,139.0,-1,-1,-1,-1
253,37.0,1186.2,371.9,91.8,164.0,-1,-1,-1,-1
253,36.0,264.1,386.3,48.6,147.4,-1,-1,-1,-1
253,35.0,164.1,394.2,48.4,183.6,-1,-1,-1,-1
253,34.0,350.1,406.8,61.6,174.6,-1,-1,-1,-1
253,33.0,918.9,412.6,43.2,156.6,-1,-1,-1,-1
253,32.0,399.6,416.7,67.5,169.2,-1,-1,-1,-1
253,30.0,521.5,401.4,45.0,159.3,-1,-1,-1,-1
253,27.0,598.9,468.9,47.7,182.7,-1,-1,-1,-1
253,21.0,968.4,418.5,93.6,137.7,-1,-1,-1,-1
253,13.0,475.6,318.4,62.1,151.4,-1,-1,-1,-1
253,12.0,716.8,336.4,54.9,152.3,-1,-1,-1,-1
253,11.0,787.0,516.1,49.5,200.7,-1,-1,-1,-1
253,10.0,216.0,426.4,93.2,138.4,-1,-1,-1,-1
253,9.0,176.8,480.1,61.9,188.1,-1,-1,-1,-1
253,8.0,751.9,449.5,95.4,143.1,-1,-1,-1,-1
253,6.0,1055.7,465.7,57.6,179.1,-1,-1,-1,-1
253,5.0,391.9,531.4,57.1,191.7,-1,-1,-1,-1
253,4.0,702.0,441.9,41.4,179.1,-1,-1,-1,-1
253,3.0,586.8,396.0,67.5,157.5,-1,-1,-1,-1
253,2.0,216.9,346.9,60.3,135.0,-1,-1,-1,-1
254,37.0,1185.3,369.2,88.2,165.8,-1,-1,-1,-1
254,36.0,263.5,387.0,49.1,146.7,-1,-1,-1,-1
254,35.0,163.3,395.8,48.4,179.3,-1,-1,-1,-1
254,34.0,349.9,406.8,60.3,174.6,-1,-1,-1,-1
254,33.0,918.9,412.9,43.2,155.9,-1,-1,-1,-1
254,32.0,399.6,416.5,67.5,169.4,-1,-1,-1,-1
254,30.0,519.8,400.9,46.8,160.2,-1,-1,-1,-1
254,27.0,598.5,456.7,48.6,194.4,-1,-1,-1,-1
254,21.0,968.4,418.5,93.6,137.7,-1,-1,-1,-1
254,13.0,476.1,318.4,62.1,150.5,-1,-1,-1,-1
254,12.0,716.8,337.0,55.8,153.9,-1,-1,-1,-1
254,11.0,787.9,521.1,46.8,195.3,-1,-1,-1,-1
254,10.0,216.9,426.6,92.2,137.7,-1,-1,-1,-1
254,9.0,178.5,479.7,55.5,188.1,-1,-1,-1,-1
254,8.0,752.4,448.9,95.4,143.3,-1,-1,-1,-1
254,6.0,1058.4,467.1,54.0,178.2,-1,-1,-1,-1
254,5.0,391.7,531.4,57.6,190.8,-1,-1,-1,-1
254,4.0,702.4,441.9,41.4,179.1,-1,-1,-1,-1
254,3.0,587.2,396.4,68.4,154.8,-1,-1,-1,-1
254,2.0,217.2,348.5,61.1,134.3,-1,-1,-1,-1
255,37.0,1185.3,366.5,68.4,161.8,-1,-1,-1,-1
255,36.0,263.7,388.1,48.1,146.5,-1,-1,-1,-1
255,35.0,162.0,397.3,49.5,178.2,-1,-1,-1,-1
255,34.0,349.9,406.8,60.8,174.6,-1,-1,-1,-1
255,33.0,918.0,412.9,43.2,155.9,-1,-1,-1,-1
255,32.0,400.0,415.8,67.0,170.1,-1,-1,-1,-1
255,30.0,519.3,400.9,47.7,160.2,-1,-1,-1,-1
255,27.0,599.8,468.4,46.8,182.7,-1,-1,-1,-1
255,21.0,968.4,418.0,93.6,137.7,-1,-1,-1,-1
255,13.0,476.5,319.7,63.9,149.6,-1,-1,-1,-1
255,12.0,716.4,338.4,55.8,154.3,-1,-1,-1,-1
255,11.0,787.9,519.8,46.8,196.2,-1,-1,-1,-1
255,10.0,217.9,426.8,92.1,137.0,-1,-1,-1,-1
255,9.0,176.5,479.2,59.3,189.0,-1,-1,-1,-1
255,8.0,751.9,448.4,96.3,144.7,-1,-1,-1,-1
255,6.0,1064.7,467.5,46.8,177.3,-1,-1,-1,-1
255,5.0,392.2,531.0,55.8,191.7,-1,-1,-1,-1
255,4.0,702.9,441.9,43.2,179.1,-1,-1,-1,-1
255,3.0,592.2,396.2,63.0,152.3,-1,-1,-1,-1
255,2.0,219.0,351.0,60.4,134.1,-1,-1,-1,-1
256,37.0,1179.0,364.7,64.8,163.6,-1,-1,-1,-1
256,36.0,262.3,389.0,49.1,145.6,-1,-1,-1,-1
256,35.0,161.2,399.1,52.4,176.4,-1,-1,-1,-1
256,34.0,349.9,407.2,60.3,174.6,-1,-1,-1,-1
256,33.0,918.0,412.9,43.2,155.9,-1,-1,-1,-1
256,32.0,400.5,416.2,66.6,169.2,-1,-1,-1,-1
256,30.0,519.3,400.9,47.7,160.2,-1,-1,-1,-1
256,27.0,598.9,468.4,47.7,182.7,-1,-1,-1,-1
256,21.0,968.4,418.5,93.6,137.7,-1,-1,-1,-1
256,13.0,477.4,319.9,65.7,148.9,-1,-1,-1,-1
256,12.0,715.9,339.5,56.7,155.9,-1,-1,-1,-1
256,11.0,788.4,522.0,45.9,192.6,-1,-1,-1,-1
256,10.0,216.9,426.1,93.1,137.7,-1,-1,-1,-1
256,9.0,178.2,479.7,56.9,188.1,-1,-1,-1,-1
256,8.0,751.9,448.4,95.4,143.3,-1,-1,-1,-1
256,6.0,1067.4,467.5,43.2,177.3,-1,-1,-1,-1
256,5.0,392.2,531.0,54.0,191.7,-1,-1,-1,-1
256,4.0,702.9,441.9,44.1,179.1,-1,-1,-1,-1
256,3.0,592.6,395.1,62.1,154.8,-1,-1,-1,-1
256,2.0,218.4,348.7,61.8,138.6,-1,-1,-1,-1
257,37.0,1175.4,361.3,41.4,166.5,-1,-1,-1,-1
257,36.0,263.2,390.6,48.1,143.1,-1,-1,-1,-1
257,35.0,159.2,403.6,56.2,171.9,-1,-1,-1,-1
257,34.0,349.4,407.2,56.7,174.6,-1,-1,-1,-1
257,33.0,917.1,413.1,43.2,155.7,-1,-1,-1,-1
257,32.0,401.6,415.8,65.5,170.1,-1,-1,-1,-1
257,30.0,516.6,400.9,51.3,160.2,-1,-1,-1,-1
257,27.0,601.2,468.4,46.8,182.7,-1,-1,-1,-1
257,21.0,968.4,420.3,93.6,135.9,-1,-1,-1,-1
257,13.0,481.9,320.2,60.3,150.5,-1,-1,-1,-1
257,12.0,715.5,342.2,55.8,155.9,-1,-1,-1,-1
257,11.0,788.4,525.6,46.8,189.0,-1,-1,-1,-1
257,10.0,219.8,427.7,90.4,136.6,-1,-1,-1,-1
257,9.0,171.7,491.4,61.6,176.4,-1,-1,-1,-1
257,8.0,751.0,448.4,96.3,144.2,-1,-1,-1,-1
257,6.0,1070.1,468.4,39.6,176.4,-1,-1,-1,-1
257,5.0,392.4,531.4,51.8,190.8,-1,-1,-1,-1
257,4.0,701.5,446.8,45.9,174.6,-1,-1,-1,-1
257,3.0,596.7,394.9,57.6,153.2,-1,-1,-1,-1
257,2.0,221.3,349.6,61.5,137.7,-1,-1,-1,-1
258,37.0,1169.1,361.6,43.2,166.3,-1,-1,-1,-1
258,36.0,263.9,391.0,47.7,143.1,-1,-1,-1,-1
258,35.0,158.2,405.2,57.4,170.8,-1,-1,-1,-1
258,34.0,349.4,408.1,54.9,172.8,-1,-1,-1,-1
258,33.0,916.6,413.5,41.8,155.7,-1,-1,-1,-1
258,32.0,402.7,415.3,63.9,170.1,-1,-1,-1,-1
258,30.0,515.2,400.7,54.0,160.9,-1,-1,-1,-1
258,27.0,598.5,468.0,49.5,182.7,-1,-1,-1,-1
258,21.0,968.4,419.4,93.6,136.8,-1,-1,-1,-1
258,13.0,484.6,320.8,59.4,149.4,-1,-1,-1,-1
258,12.0,715.0,343.3,55.8,154.4,-1,-1,-1,-1
258,11.0,786.6,529.2,47.7,180.9,-1,-1,-1,-1
258,10.0,218.6,430.2,92.1,134.1,-1,-1,-1,-1
258,9.0,172.2,495.0,61.1,172.8,-1,-1,-1,-1
258,8.0,751.9,449.1,96.3,144.0,-1,-1,-1,-1
258,6.0,1069.2,469.8,41.4,174.6,-1,-1,-1,-1
258,5.0,391.9,531.9,52.2,190.8,-1,-1,-1,-1
258,4.0,701.1,448.2,47.7,173.7,-1,-1,-1,-1
258,3.0,598.0,394.2,55.8,156.6,-1,-1,-1,-1
258,2.0,221.8,349.2,60.7,139.5,-1,-1,-1,-1
259,37.0,1145.7,361.3,66.6,167.0,-1,-1,-1,-1
259,36.0,265.7,393.5,45.9,142.0,-1,-1,-1,-1
259,35.0,155.8,414.0,61.4,162.9,-1,-1,-1,-1
259,34.0,349.2,409.0,54.5,171.9,-1,-1,-1,-1
259,33.0,916.2,413.1,41.4,155.7,-1,-1,-1,-1
259,32.0,402.5,416.7,64.1,169.2,-1,-1,-1,-1
259,30.0,514.8,400.3,56.7,160.4,-1,-1,-1,-1
259,27.0,600.3,466.6,50.4,184.5,-1,-1,-1,-1
259,21.0,969.3,418.9,90.0,136.8,-1,-1,-1,-1
259,13.0,488.2,321.3,55.8,151.6,-1,-1,-1,-1
259,12.0,714.1,344.5,54.9,155.0,-1,-1,-1,-1
259,11.0,786.1,542.2,46.8,169.2,-1,-1,-1,-1
259,10.0,218.6,431.3,92.4,132.5,-1,-1,-1,-1
259,9.0,179.9,505.3,52.5,162.9,-1,-1,-1,-1
259,8.0,751.5,449.8,97.2,143.3,-1,-1,-1,-1
259,6.0,1068.3,475.2,41.4,169.2,-1,-1,-1,-1
259,5.0,391.0,532.8,55.8,189.0,-1,-1,-1,-1
259,4.0,701.1,457.9,50.4,164.0,-1,-1,-1,-1
259,3.0,599.4,393.5,54.9,170.8,-1,-1,-1,-1
259,2.0,221.6,347.6,60.8,139.3,-1,-1,-1,-1
260,37.0,1131.3,361.8,81.0,167.0,-1,-1,-1,-1
260,36.0,265.5,393.7,46.8,141.3,-1,-1,-1,-1
260,35.0,154.8,415.3,63.2,161.1,-1,-1,-1,-1
260,34.0,348.7,409.3,54.5,171.2,-1,-1,-1,-1
260,33.0,916.2,413.1,41.4,155.7,-1,-1,-1,-1
260,32.0,402.3,416.2,64.3,169.2,-1,-1,-1,-1
260,30.0,515.2,399.6,56.7,161.1,-1,-1,-1,-1
260,27.0,596.2,466.6,59.4,184.5,-1,-1,-1,-1
260,21.0,969.3,419.2,88.2,136.1,-1,-1,-1,-1
260,13.0,489.1,321.1,54.9,152.3,-1,-1,-1,-1
260,12.0,714.1,344.0,54.0,152.3,-1,-1,-1,-1
260,11.0,785.7,546.8,46.8,168.3,-1,-1,-1,-1
260,10.0,218.4,431.1,92.6,133.2,-1,-1,-1,-1
260,9.0,177.0,511.2,57.5,157.5,-1,-1,-1,-1
260,8.0,751.5,450.7,97.2,142.4,-1,-1,-1,-1
260,6.0,1065.6,479.7,45.0,164.7,-1,-1,-1,-1
260,5.0,384.1,533.2,71.5,189.0,-1,-1,-1,-1
260,4.0,700.6,461.7,51.3,160.2,-1,-1,-1,-1
260,3.0,599.4,393.3,53.1,169.2,-1,-1,-1,-1
260,2.0,222.1,346.9,57.1,138.1,-1,-1,-1,-1
261,37.0,1116.0,366.5,95.4,161.8,-1,-1,-1,-1
261,36.0,265.7,394.0,46.8,140.6,-1,-1,-1,-1
261,35.0,153.4,422.3,65.0,153.7,-1,-1,-1,-1
261,34.0,348.3,409.5,54.0,171.9,-1,-1,-1,-1
261,33.0,915.3,413.1,41.4,155.7,-1,-1,-1,-1
261,32.0,401.8,418.5,65.2,168.3,-1,-1,-1,-1
261,30.0,515.2,399.1,57.6,160.2,-1,-1,-1,-1
261,27.0,591.8,467.1,72.9,183.6,-1,-1,-1,-1
261,21.0,969.3,418.9,86.4,136.8,-1,-1,-1,-1
261,13.0,490.5,323.5,54.9,153.0,-1,-1,-1,-1
261,12.0,714.1,343.1,54.0,144.7,-1,-1,-1,-1
261,11.0,773.5,552.6,63.9,163.8,-1,-1,-1,-1
261,10.0,218.0,431.5,93.1,133.2,-1,-1,-1,-1
261,9.0,165.9,512.5,75.3,156.6,-1,-1,-1,-1
261,8.0,751.5,450.9,97.2,142.2,-1,-1,-1,-1
261,6.0,1059.3,482.8,57.6,162.0,-1,-1,-1,-1
261,5.0,368.5,531.0,104.4,190.8,-1,-1,-1,-1
261,4.0,700.2,471.1,53.1,150.3,-1,-1,-1,-1
261,3.0,599.4,393.3,52.2,172.8,-1,-1,-1,-1
261,2.0,221.5,345.6,57.3,136.8,-1,-1,-1,-1
262,37.0,1113.3,364.9,97.2,162.4,-1,-1,-1,-1
262,36.0,265.0,394.0,47.7,140.6,-1,-1,-1,-1
262,35.0,152.4,425.2,66.6,150.3,-1,-1,-1,-1
262,34.0,347.4,409.9,55.8,171.0,-1,-1,-1,-1
262,33.0,915.3,413.1,41.4,155.7,-1,-1,-1,-1
262,32.0,401.6,417.6,65.5,169.2,-1,-1,-1,-1
262,30.0,515.2,398.7,57.6,160.2,-1,-1,-1,-1
262,27.0,591.3,467.5,76.5,183.6,-1,-1,-1,-1
262,21.0,968.4,420.7,86.4,135.0,-1,-1,-1,-1
262,13.0,490.9,325.6,54.9,152.3,-1,-1,-1,-1
262,12.0,714.1,341.8,54.0,145.6,-1,-1,-1,-1
262,11.0,772.6,552.6,69.3,164.7,-1,-1,-1,-1
262,10.0,216.8,430.9,94.2,133.9,-1,-1,-1,-1
262,9.0,160.4,512.1,84.1,156.6,-1,-1,-1,-1
262,8.0,751.5,450.9,97.2,142.2,-1,-1,-1,-1
262,6.0,1057.5,484.2,68.4,161.1,-1,-1,-1,-1
262,5.0,360.4,531.0,119.7,188.1,-1,-1,-1,-1
262,4.0,699.3,474.3,54.0,147.6,-1,-1,-1,-1
262,3.0,599.8,392.6,51.3,175.3,-1,-1,-1,-1
262,2.0,221.4,345.1,56.7,137.2,-1,-1,-1,-1
263,37.0,1111.5,364.7,90.0,162.7,-1,-1,-1,-1
263,36.0,261.2,394.2,51.8,140.4,-1,-1,-1,-1
263,35.0,152.1,427.7,68.9,152.8,-1,-1,-1,-1
263,34.0,346.0,409.5,55.8,171.9,-1,-1,-1,-1
263,33.0,915.3,413.3,41.4,155.0,-1,-1,-1,-1
263,32.0,400.3,418.9,68.2,169.2,-1,-1,-1,-1
263,30.0,515.2,398.9,57.6,160.9,-1,-1,-1,-1
263,27.0,593.5,469.8,77.4,182.7,-1,-1,-1,-1
263,21.0,968.4,420.1,84.6,135.7,-1,-1,-1,-1
263,13.0,490.9,330.5,54.9,148.3,-1,-1,-1,-1
263,12.0,713.7,340.6,54.0,145.3,-1,-1,-1,-1
263,11.0,772.6,549.4,78.3,166.5,-1,-1,-1,-1
263,10.0,219.9,430.6,91.0,134.1,-1,-1,-1,-1
263,9.0,153.9,507.6,95.8,160.2,-1,-1,-1,-1
263,8.0,751.5,450.9,97.2,141.3,-1,-1,-1,-1
263,6.0,1054.8,486.0,82.8,158.4,-1,-1,-1,-1
263,5.0,352.1,526.5,135.7,186.3,-1,-1,-1,-1
263,4.0,697.9,480.6,56.7,141.3,-1,-1,-1,-1
263,3.0,598.5,391.7,51.3,170.8,-1,-1,-1,-1
263,2.0,221.3,345.8,52.3,135.2,-1,-1,-1,-1
264,37.0,1110.6,364.0,82.8,161.1,-1,-1,-1,-1
264,36.0,259.6,394.4,53.5,144.2,-1,-1,-1,-1
264,35.0,152.1,427.5,69.5,153.0,-1,-1,-1,-1
264,34.0,345.8,409.9,55.4,171.9,-1,-1,-1,-1
264,33.0,914.4,413.3,41.4,155.0,-1,-1,-1,-1
264,32.0,400.3,419.2,69.5,167.2,-1,-1,-1,-1
264,30.0,515.2,398.7,57.6,161.1,-1,-1,-1,-1
264,27.0,594.9,471.1,76.5,180.9,-1,-1,-1,-1
264,21.0,969.3,420.7,82.8,135.0,-1,-1,-1,-1
264,13.0,490.9,332.5,54.9,149.4,-1,-1,-1,-1
264,12.0,713.7,340.2,54.0,145.8,-1,-1,-1,-1
264,11.0,775.3,547.2,77.4,169.2,-1,-1,-1,-1
264,10.0,219.4,429.5,91.3,134.8,-1,-1,-1,-1
264,9.0,153.9,506.2,94.9,162.0,-1,-1,-1,-1
264,8.0,751.9,450.9,98.1,143.1,-1,-1,-1,-1
264,6.0,1053.9,485.5,86.4,159.3,-1,-1,-1,-1
264,5.0,350.8,526.5,133.9,183.6,-1,-1,-1,-1
264,4.0,697.5,481.5,56.7,140.4,-1,-1,-1,-1
264,3.0,598.5,391.0,51.3,171.0,-1,-1,-1,-1
264,2.0,221.5,346.7,52.1,138.4,-1,-1,-1,-1
265,37.0,1108.8,363.4,61.2,160.4,-1,-1,-1,-1
265,36.0,257.4,394.2,55.8,152.1,-1,-1,-1,-1
265,35.0,152.1,427.3,70.0,150.5,-1,-1,-1,-1
265,34.0,344.9,410.2,56.7,171.2,-1,-1,-1,-1
265,33.0,914.4,413.1,41.4,155.7,-1,-1,-1,-1
265,32.0,400.3,419.4,72.7,166.5,-1,-1,-1,-1
265,30.0,515.7,398.5,56.7,161.8,-1,-1,-1,-1
265,27.0,597.6,471.6,71.1,180.0,-1,-1,-1,-1
265,21.0,969.3,420.7,82.8,135.0,-1,-1,-1,-1
265,13.0,490.0,336.1,55.8,147.6,-1,-1,-1,-1
265,12.0,713.2,340.2,55.8,146.7,-1,-1,-1,-1
265,11.0,778.5,540.4,71.1,174.6,-1,-1,-1,-1
265,10.0,221.2,429.3,89.5,135.0,-1,-1,-1,-1
265,9.0,155.2,501.3,92.2,167.4,-1,-1,-1,-1
265,8.0,751.5,450.9,98.1,142.2,-1,-1,-1,-1
265,6.0,1051.2,486.0,90.0,158.4,-1,-1,-1,-1
265,5.0,353.7,525.1,121.9,184.5,-1,-1,-1,-1
265,4.0,696.6,483.3,58.5,138.6,-1,-1,-1,-1
265,3.0,598.0,390.6,51.3,171.9,-1,-1,-1,-1
265,2.0,220.6,347.6,51.9,139.7,-1,-1,-1,-1
266,37.0,1109.7,364.5,48.6,157.5,-1,-1,-1,-1
266,36.0,262.3,394.6,50.4,148.5,-1,-1,-1,-1
266,35.0,152.0,427.5,69.8,150.3,-1,-1,-1,-1
266,34.0,344.9,410.6,57.1,172.6,-1,-1,-1,-1
266,33.0,913.9,412.9,41.8,155.9,-1,-1,-1,-1
266,32.0,400.3,420.5,73.1,166.3,-1,-1,-1,-1
266,30.0,517.5,397.6,54.0,162.7,-1,-1,-1,-1
266,27.0,598.0,471.6,69.3,180.0,-1,-1,-1,-1
266,21.0,969.3,420.7,82.8,135.0,-1,-1,-1,-1
266,13.0,490.0,337.0,55.8,147.6,-1,-1,-1,-1
266,12.0,713.7,341.3,55.8,145.6,-1,-1,-1,-1
266,11.0,783.9,533.7,64.8,180.0,-1,-1,-1,-1
266,10.0,221.6,428.8,89.1,135.0,-1,-1,-1,-1
266,9.0,159.2,500.4,86.7,168.3,-1,-1,-1,-1
266,8.0,751.9,451.1,95.4,141.1,-1,-1,-1,-1
266,6.0,1050.3,485.1,95.4,159.3,-1,-1,-1,-1
266,5.0,353.9,525.6,116.3,181.8,-1,-1,-1,-1
266,4.0,697.0,483.3,58.5,138.6,-1,-1,-1,-1
266,3.0,597.6,390.1,51.3,169.2,-1,-1,-1,-1
266,2.0,221.6,348.7,49.5,137.7,-1,-1,-1,-1
267,37.0,1094.4,358.2,43.2,163.4,-1,-1,-1,-1
267,36.0,260.3,394.9,51.8,150.5,-1,-1,-1,-1
267,35.0,151.9,427.5,69.7,149.4,-1,-1,-1,-1
267,34.0,344.7,410.2,58.0,171.2,-1,-1,-1,-1
267,33.0,913.9,412.9,42.8,155.9,-1,-1,-1,-1
267,32.0,400.5,421.6,73.8,164.7,-1,-1,-1,-1
267,30.0,519.8,397.1,51.3,163.1,-1,-1,-1,-1
267,27.0,595.3,472.5,73.8,178.2,-1,-1,-1,-1
267,21.0,968.4,420.5,82.8,135.2,-1,-1,-1,-1
267,13.0,489.6,337.7,54.0,143.8,-1,-1,-1,-1
267,12.0,714.1,344.0,56.7,144.7,-1,-1,-1,-1
267,11.0,783.4,523.8,64.8,192.6,-1,-1,-1,-1
267,10.0,218.5,429.3,93.2,135.0,-1,-1,-1,-1
267,9.0,162.3,497.2,77.5,171.0,-1,-1,-1,-1
267,8.0,751.9,451.8,92.7,140.4,-1,-1,-1,-1
267,6.0,1049.4,482.4,86.4,162.0,-1,-1,-1,-1
267,5.0,360.0,526.5,101.2,178.2,-1,-1,-1,-1
267,4.0,697.9,482.4,57.6,139.5,-1,-1,-1,-1
267,3.0,596.2,390.4,53.1,163.6,-1,-1,-1,-1
267,2.0,217.3,349.2,53.1,139.5,-1,-1,-1,-1
268,37.0,1086.3,358.6,50.4,162.0,-1,-1,-1,-1
268,36.0,259.6,394.6,51.8,151.2,-1,-1,-1,-1
268,35.0,151.9,427.5,69.7,150.3,-1,-1,-1,-1
268,34.0,344.7,410.2,57.1,171.2,-1,-1,-1,-1
268,33.0,913.9,412.2,42.8,156.6,-1,-1,-1,-1
268,32.0,400.5,421.4,73.4,165.4,-1,-1,-1,-1
268,30.0,520.6,396.7,50.4,163.6,-1,-1,-1,-1
268,27.0,592.2,472.0,76.5,178.2,-1,-1,-1,-1
268,21.0,968.4,420.7,82.8,135.0,-1,-1,-1,-1
268,13.0,489.1,337.5,54.9,143.6,-1,-1,-1,-1
268,12.0,714.1,345.4,56.7,143.3,-1,-1,-1,-1
268,11.0,782.1,528.8,66.6,187.2,-1,-1,-1,-1
268,10.0,216.9,429.7,94.5,135.0,-1,-1,-1,-1
268,9.0,165.9,494.5,72.1,172.8,-1,-1,-1,-1
268,8.0,751.5,451.8,96.3,140.4,-1,-1,-1,-1
268,6.0,1048.5,482.4,86.4,161.1,-1,-1,-1,-1
268,5.0,360.4,526.5,92.2,177.3,-1,-1,-1,-1
268,4.0,698.8,481.9,56.7,139.5,-1,-1,-1,-1
268,3.0,596.7,390.4,52.2,164.0,-1,-1,-1,-1
268,2.0,217.3,349.4,52.7,139.3,-1,-1,-1,-1
269,37.0,1062.0,359.1,75.6,161.5,-1,-1,-1,-1
269,36.0,260.1,394.9,50.0,153.2,-1,-1,-1,-1
269,35.0,152.0,427.7,69.8,149.6,-1,-1,-1,-1
269,34.0,344.7,410.4,56.7,171.0,-1,-1,-1,-1
269,33.0,913.0,411.3,42.8,157.5,-1,-1,-1,-1
269,32.0,401.4,422.1,74.2,164.7,-1,-1,-1,-1
269,30.0,522.4,396.2,48.6,164.0,-1,-1,-1,-1
269,27.0,584.5,471.6,82.8,178.2,-1,-1,-1,-1
269,21.0,969.3,420.7,82.8,135.0,-1,-1,-1,-1
269,13.0,488.7,335.7,53.1,144.4,-1,-1,-1,-1
269,12.0,715.0,347.4,56.7,146.7,-1,-1,-1,-1
269,11.0,772.2,552.1,77.4,163.8,-1,-1,-1,-1
269,10.0,212.4,431.5,98.1,133.2,-1,-1,-1,-1
269,9.0,175.0,487.3,62.8,178.2,-1,-1,-1,-1
269,8.0,751.5,452.0,98.1,140.6,-1,-1,-1,-1
269,6.0,1051.2,481.0,77.4,161.1,-1,-1,-1,-1
269,5.0,367.6,526.0,79.2,175.5,-1,-1,-1,-1
269,4.0,698.8,480.1,55.8,141.3,-1,-1,-1,-1
269,3.0,596.7,390.1,52.2,170.1,-1,-1,-1,-1
269,2.0,216.3,348.3,53.7,139.9,-1,-1,-1,-1
270,37.0,1048.5,362.2,88.2,157.9,-1,-1,-1,-1
270,36.0,258.8,394.6,50.4,153.9,-1,-1,-1,-1
270,35.0,152.1,427.9,69.5,151.2,-1,-1,-1,-1
270,34.0,344.9,410.6,59.4,170.8,-1,-1,-1,-1
270,33.0,913.0,410.4,42.8,158.4,-1,-1,-1,-1
270,32.0,402.3,422.8,73.8,164.0,-1,-1,-1,-1
270,30.0,522.9,396.4,48.6,163.8,-1,-1,-1,-1
270,27.0,576.9,471.6,89.1,177.3,-1,-1,-1,-1
270,21.0,969.3,420.5,82.8,135.7,-1,-1,-1,-1
270,13.0,487.8,335.0,54.0,144.7,-1,-1,-1,-1
270,12.0,716.4,348.7,56.7,148.5,-1,-1,-1,-1
270,11.0,769.5,554.4,81.0,162.0,-1,-1,-1,-1
270,10.0,216.2,432.4,94.1,132.3,-1,-1,-1,-1
270,9.0,181.9,484.2,62.9,180.0,-1,-1,-1,-1
270,8.0,751.5,452.2,97.2,141.3,-1,-1,-1,-1
270,6.0,1052.1,478.8,73.8,162.0,-1,-1,-1,-1
270,5.0,371.9,524.7,78.3,177.3,-1,-1,-1,-1
270,4.0,699.3,478.8,54.9,143.1,-1,-1,-1,-1
270,3.0,597.1,389.7,52.2,166.5,-1,-1,-1,-1
270,2.0,216.2,348.7,54.0,139.1,-1,-1,-1,-1
271,37.0,1035.9,364.5,99.0,157.1,-1,-1,-1,-1
271,36.0,260.8,395.1,47.2,154.8,-1,-1,-1,-1
271,35.0,152.2,427.9,69.5,151.2,-1,-1,-1,-1
271,34.0,345.8,410.2,56.2,171.2,-1,-1,-1,-1
271,33.0,913.0,408.8,41.9,160.0,-1,-1,-1,-1
271,32.0,402.3,422.5,74.2,164.7,-1,-1,-1,-1
271,30.0,525.1,396.2,45.9,164.0,-1,-1,-1,-1
271,27.0,567.9,469.3,96.3,179.1,-1,-1,-1,-1
271,21.0,968.4,420.5,84.6,135.7,-1,-1,-1,-1
271,13.0,486.4,333.0,55.8,148.1,-1,-1,-1,-1
271,12.0,717.3,349.9,57.6,149.6,-1,-1,-1,-1
271,11.0,771.3,554.4,75.6,160.2,-1,-1,-1,-1
271,10.0,215.8,431.1,94.5,134.1,-1,-1,-1,-1
271,9.0,184.5,481.0,73.1,174.6,-1,-1,-1,-1
271,8.0,751.5,452.2,97.2,141.3,-1,-1,-1,-1
271,6.0,1044.0,475.6,82.8,163.8,-1,-1,-1,-1
271,5.0,386.8,522.9,78.5,176.4,-1,-1,-1,-1
271,4.0,701.1,473.8,54.9,147.6,-1,-1,-1,-1
271,3.0,597.1,389.0,52.2,157.7,-1,-1,-1,-1
271,2.0,215.9,349.2,53.7,139.9,-1,-1,-1,-1
272,37.0,1035.0,364.5,97.2,157.9,-1,-1,-1,-1
272,36.0,258.3,394.9,49.0,155.9,-1,-1,-1,-1
272,35.0,152.1,427.9,69.5,152.1,-1,-1,-1,-1
272,34.0,346.3,409.7,58.0,171.2,-1,-1,-1,-1
272,33.0,913.5,408.8,41.4,160.0,-1,-1,-1,-1
272,32.0,403.2,422.8,72.9,164.0,-1,-1,-1,-1
272,30.0,527.4,396.2,43.2,164.0,-1,-1,-1,-1
272,27.0,560.7,468.0,102.6,180.0,-1,-1,-1,-1
272,21.0,968.4,420.5,82.8,135.2,-1,-1,-1,-1
272,13.0,486.0,332.3,56.7,148.7,-1,-1,-1,-1
272,12.0,718.2,349.9,56.7,149.6,-1,-1,-1,-1
272,11.0,777.1,551.7,66.6,160.2,-1,-1,-1,-1
272,10.0,222.2,430.9,88.1,133.9,-1,-1,-1,-1
272,9.0,187.9,481.0,56.2,173.7,-1,-1,-1,-1
272,8.0,751.5,451.6,97.2,141.5,-1,-1,-1,-1
272,6.0,1040.4,470.7,86.4,162.0,-1,-1,-1,-1
272,5.0,385.9,521.5,84.8,175.5,-1,-1,-1,-1
272,4.0,702.0,471.1,54.9,150.3,-1,-1,-1,-1
272,3.0,597.6,389.7,52.2,157.5,-1,-1,-1,-1
272,2.0,215.7,351.0,54.1,138.6,-1,-1,-1,-1
273,37.0,1031.4,367.4,95.4,152.8,-1,-1,-1,-1
273,36.0,252.4,394.9,53.1,156.8,-1,-1,-1,-1
273,35.0,151.9,427.3,69.3,150.5,-1,-1,-1,-1
273,34.0,348.3,409.5,53.5,171.9,-1,-1,-1,-1
273,33.0,913.0,407.7,41.9,161.1,-1,-1,-1,-1
273,32.0,404.1,422.1,72.0,164.7,-1,-1,-1,-1
273,30.0,528.8,395.8,42.3,164.9,-1,-1,-1,-1
273,27.0,540.9,465.3,114.3,179.1,-1,-1,-1,-1
273,21.0,968.4,420.7,84.6,135.0,-1,-1,-1,-1
273,13.0,485.5,330.7,57.6,150.8,-1,-1,-1,-1
273,12.0,719.5,348.7,55.8,150.8,-1,-1,-1,-1
273,11.0,782.1,541.8,66.6,167.4,-1,-1,-1,-1
273,10.0,222.3,430.4,87.8,133.9,-1,-1,-1,-1
273,9.0,192.9,472.0,69.0,180.9,-1,-1,-1,-1
273,8.0,751.5,451.3,97.2,141.3,-1,-1,-1,-1
273,6.0,1024.2,468.4,100.8,161.1,-1,-1,-1,-1
273,5.0,385.2,514.3,71.5,171.0,-1,-1,-1,-1
273,4.0,704.2,461.7,50.4,160.2,-1,-1,-1,-1
273,3.0,598.0,388.8,52.2,156.6,-1,-1,-1,-1
273,2.0,215.4,351.0,55.2,151.2,-1,-1,-1,-1
274,37.0,1029.6,364.0,54.0,156.6,-1,-1,-1,-1
274,36.0,253.8,395.1,51.3,155.7,-1,-1,-1,-1
274,35.0,151.6,427.5,69.5,150.3,-1,-1,-1,-1
274,34.0,348.7,408.8,51.8,173.5,-1,-1,-1,-1
274,33.0,913.0,407.0,41.9,161.8,-1,-1,-1,-1
274,32.0,403.6,421.4,71.1,165.4,-1,-1,-1,-1
274,30.0,526.5,396.0,45.0,164.7,-1,-1,-1,-1
274,27.0,539.5,466.2,129.6,171.9,-1,-1,-1,-1
274,21.0,968.4,420.7,82.8,135.0,-1,-1,-1,-1
274,13.0,485.1,330.7,60.3,151.2,-1,-1,-1,-1
274,12.0,719.5,348.7,55.8,151.2,-1,-1,-1,-1
274,11.0,781.2,531.9,68.4,176.4,-1,-1,-1,-1
274,10.0,203.4,429.3,106.6,135.0,-1,-1,-1,-1
274,9.0,191.5,463.5,51.3,188.1,-1,-1,-1,-1
274,8.0,751.0,450.4,96.3,142.2,-1,-1,-1,-1
274,6.0,1026.9,460.8,95.4,169.2,-1,-1,-1,-1
274,5.0,386.3,511.2,69.3,171.9,-1,-1,-1,-1
274,4.0,705.1,459.4,46.8,162.9,-1,-1,-1,-1
274,3.0,598.0,389.0,52.2,156.8,-1,-1,-1,-1
274,2.0,215.2,352.8,55.9,152.1,-1,-1,-1,-1
275,37.0,1026.9,358.6,46.8,161.5,-1,-1,-1,-1
275,36.0,247.5,395.1,56.7,155.7,-1,-1,-1,-1
275,35.0,152.0,426.6,73.8,152.1,-1,-1,-1,-1
275,34.0,348.5,408.4,54.4,173.5,-1,-1,-1,-1
275,33.0,913.5,407.0,41.4,161.8,-1,-1,-1,-1
275,32.0,405.4,421.4,68.4,165.4,-1,-1,-1,-1
275,30.0,526.9,396.2,45.0,164.0,-1,-1,-1,-1
275,27.0,572.4,463.5,84.6,171.0,-1,-1,-1,-1
275,21.0,968.4,420.3,86.4,135.9,-1,-1,-1,-1
275,13.0,483.7,331.4,63.0,155.9,-1,-1,-1,-1
275,12.0,720.0,347.8,55.8,152.1,-1,-1,-1,-1
275,11.0,780.3,494.5,74.7,209.7,-1,-1,-1,-1
275,10.0,195.6,427.9,114.6,135.9,-1,-1,-1,-1
275,9.0,194.3,454.9,45.3,193.5,-1,-1,-1,-1
275,8.0,751.5,448.4,95.4,144.2,-1,-1,-1,-1
275,6.0,1053.0,438.7,59.4,189.0,-1,-1,-1,-1
275,5.0,383.4,497.2,60.3,183.6,-1,-1,-1,-1
275,4.0,706.5,455.4,43.2,166.5,-1,-1,-1,-1
275,3.0,598.5,389.2,51.3,156.6,-1,-1,-1,-1
275,2.0,214.9,357.5,57.6,146.5,-1,-1,-1,-1
276,37.0,1026.9,356.6,41.4,163.6,-1,-1,-1,-1
276,36.0,245.5,395.3,58.1,155.0,-1,-1,-1,-1
276,35.0,152.5,424.6,74.7,154.6,-1,-1,-1,-1
276,34.0,347.8,407.5,56.7,173.9,-1,-1,-1,-1
276,33.0,912.6,406.3,41.4,162.9,-1,-1,-1,-1
276,32.0,405.4,421.4,67.0,165.4,-1,-1,-1,-1
276,30.0,525.6,395.5,45.0,164.7,-1,-1,-1,-1
276,27.0,594.9,453.4,69.3,179.3,-1,-1,-1,-1
276,21.0,968.4,418.5,84.6,137.7,-1,-1,-1,-1
276,13.0,483.7,332.5,63.9,157.0,-1,-1,-1,-1
276,12.0,720.0,347.8,55.8,152.1,-1,-1,-1,-1
276,11.0,779.4,486.0,79.2,209.7,-1,-1,-1,-1
276,10.0,207.4,426.6,102.6,137.7,-1,-1,-1,-1
276,9.0,194.2,450.9,45.7,194.4,-1,-1,-1,-1
276,8.0,751.5,447.5,91.8,145.6,-1,-1,-1,-1
276,6.0,1043.1,428.4,68.4,194.4,-1,-1,-1,-1
276,5.0,380.2,493.6,53.6,185.4,-1,-1,-1,-1
276,4.0,706.9,454.0,41.4,167.4,-1,-1,-1,-1
276,3.0,597.6,389.2,53.1,158.4,-1,-1,-1,-1
276,2.0,214.2,358.6,58.9,145.3,-1,-1,-1,-1
277,37.0,1013.4,355.5,46.8,162.0,-1,-1,-1,-1
277,36.0,247.3,395.5,55.8,155.7,-1,-1,-1,-1
277,35.0,152.4,416.5,65.2,161.8,-1,-1,-1,-1
277,34.0,346.3,407.2,59.4,173.7,-1,-1,-1,-1
277,33.0,912.6,405.9,41.4,162.9,-1,-1,-1,-1
277,32.0,398.5,421.9,72.7,164.0,-1,-1,-1,-1
277,30.0,524.7,395.5,45.9,164.7,-1,-1,-1,-1
277,27.0,600.8,447.3,61.2,184.5,-1,-1,-1,-1
277,21.0,968.4,417.8,90.0,138.4,-1,-1,-1,-1
277,13.0,483.3,334.1,64.8,157.7,-1,-1,-1,-1
277,12.0,720.4,349.0,56.7,153.7,-1,-1,-1,-1
277,11.0,791.1,484.2,74.7,198.9,-1,-1,-1,-1
277,10.0,205.3,423.9,104.3,141.3,-1,-1,-1,-1
277,9.0,195.5,439.2,46.8,192.6,-1,-1,-1,-1
277,8.0,751.0,445.0,90.9,147.6,-1,-1,-1,-1
277,6.0,1053.9,417.4,54.0,197.8,-1,-1,-1,-1
277,5.0,384.3,486.0,46.8,180.9,-1,-1,-1,-1
277,4.0,706.5,446.4,43.2,174.6,-1,-1,-1,-1
277,3.0,598.0,388.8,54.0,162.9,-1,-1,-1,-1
277,2.0,214.1,358.4,57.5,147.4,-1,-1,-1,-1
278,37.0,999.9,355.9,54.0,161.6,-1,-1,-1,-1
278,36.0,245.9,395.1,57.1,155.7,-1,-1,-1,-1
278,35.0,152.5,415.3,62.6,162.9,-1,-1,-1,-1
278,34.0,344.7,407.2,63.5,172.8,-1,-1,-1,-1
278,33.0,912.6,405.7,41.4,163.1,-1,-1,-1,-1
278,32.0,396.2,422.3,74.0,164.0,-1,-1,-1,-1
278,30.0,526.0,395.5,44.1,164.7,-1,-1,-1,-1
278,27.0,600.8,426.8,53.1,204.1,-1,-1,-1,-1
278,21.0,968.4,416.9,82.8,139.3,-1,-1,-1,-1
278,13.0,483.3,335.2,64.8,158.0,-1,-1,-1,-1
278,12.0,720.4,349.9,56.7,154.1,-1,-1,-1,-1
278,11.0,783.9,489.1,82.8,191.7,-1,-1,-1,-1
278,10.0,205.0,423.4,104.8,141.3,-1,-1,-1,-1
278,9.0,195.0,432.0,47.1,196.2,-1,-1,-1,-1
278,8.0,750.1,444.6,93.6,147.6,-1,-1,-1,-1
278,6.0,1030.5,417.1,77.4,194.4,-1,-1,-1,-1
278,5.0,385.2,483.3,47.2,181.8,-1,-1,-1,-1
278,4.0,706.0,445.5,45.9,172.8,-1,-1,-1,-1
278,3.0,597.6,388.8,54.9,164.7,-1,-1,-1,-1
278,2.0,213.0,358.0,58.4,147.4,-1,-1,-1,-1
279,37.0,990.9,363.4,57.6,154.1,-1,-1,-1,-1
279,36.0,241.2,394.9,62.1,154.6,-1,-1,-1,-1
279,35.0,152.1,414.9,65.7,162.9,-1,-1,-1,-1
279,34.0,341.5,406.1,66.1,173.9,-1,-1,-1,-1
279,33.0,911.7,405.2,41.4,163.1,-1,-1,-1,-1
279,32.0,392.8,425.5,75.1,161.8,-1,-1,-1,-1
279,30.0,525.6,395.1,43.2,164.7,-1,-1,-1,-1
279,27.0,601.2,429.1,54.0,191.0,-1,-1,-1,-1
279,21.0,968.4,416.7,84.6,139.5,-1,-1,-1,-1
279,13.0,483.3,336.1,64.8,158.8,-1,-1,-1,-1
279,12.0,720.4,351.4,56.7,155.7,-1,-1,-1,-1
279,11.0,779.8,495.0,89.1,180.0,-1,-1,-1,-1
279,10.0,207.2,424.3,103.1,140.4,-1,-1,-1,-1
279,9.0,197.5,436.0,44.1,188.1,-1,-1,-1,-1
279,8.0,752.4,443.7,92.7,150.3,-1,-1,-1,-1
279,6.0,1044.9,415.3,59.4,193.5,-1,-1,-1,-1
279,5.0,384.1,482.4,50.4,175.5,-1,-1,-1,-1
279,4.0,705.6,445.7,49.5,170.8,-1,-1,-1,-1
279,3.0,598.0,388.8,54.0,162.9,-1,-1,-1,-1
279,2.0,212.5,357.3,56.6,146.2,-1,-1,-1,-1
280,37.0,961.2,362.9,91.8,155.9,-1,-1,-1,-1
280,36.0,246.8,394.4,55.8,154.1,-1,-1,-1,-1
280,35.0,151.4,414.7,61.7,163.6,-1,-1,-1,-1
280,34.0,340.6,406.6,65.7,173.5,-1,-1,-1,-1
280,33.0,912.6,405.2,41.4,163.1,-1,-1,-1,-1
280,32.0,394.4,426.6,72.7,160.2,-1,-1,-1,-1
280,30.0,523.8,395.3,44.1,165.4,-1,-1,-1,-1
280,27.0,600.8,430.2,48.6,188.1,-1,-1,-1,-1
280,21.0,966.6,416.5,84.6,139.7,-1,-1,-1,-1
280,13.0,482.8,336.1,63.9,158.4,-1,-1,-1,-1
280,12.0,720.4,351.7,56.7,155.9,-1,-1,-1,-1
280,11.0,782.5,499.0,85.5,173.7,-1,-1,-1,-1
280,10.0,207.4,424.3,102.6,140.4,-1,-1,-1,-1
280,9.0,197.3,433.6,47.5,190.6,-1,-1,-1,-1
280,8.0,752.8,444.1,90.9,150.3,-1,-1,-1,-1
280,6.0,1043.1,417.8,57.6,189.2,-1,-1,-1,-1
280,5.0,382.7,485.1,58.5,172.8,-1,-1,-1,-1
280,4.0,704.7,445.9,50.4,170.1,-1,-1,-1,-1
280,3.0,597.1,389.2,54.0,163.8,-1,-1,-1,-1
280,2.0,209.1,358.2,58.6,149.4,-1,-1,-1,-1
281,37.0,953.1,363.1,97.2,159.3,-1,-1,-1,-1
281,36.0,244.3,394.4,58.5,154.6,-1,-1,-1,-1
281,35.0,149.8,416.9,68.9,161.8,-1,-1,-1,-1
281,34.0,340.6,406.6,68.8,173.9,-1,-1,-1,-1
281,33.0,910.8,405.2,43.2,163.6,-1,-1,-1,-1
281,32.0,382.5,429.3,84.6,158.4,-1,-1,-1,-1
281,30.0,522.9,394.6,45.0,165.6,-1,-1,-1,-1
281,27.0,601.2,440.5,51.3,171.9,-1,-1,-1,-1
281,21.0,969.3,415.8,82.8,140.4,-1,-1,-1,-1
281,13.0,482.4,335.0,65.7,160.0,-1,-1,-1,-1
281,12.0,720.9,352.1,55.8,155.0,-1,-1,-1,-1
281,11.0,783.0,506.7,84.6,169.2,-1,-1,-1,-1
281,10.0,200.6,424.8,109.5,139.5,-1,-1,-1,-1
281,9.0,195.7,438.5,49.9,192.4,-1,-1,-1,-1
281,8.0,752.4,444.6,93.6,150.3,-1,-1,-1,-1
281,6.0,1036.8,435.8,55.8,172.6,-1,-1,-1,-1
281,5.0,374.4,490.5,61.2,166.5,-1,-1,-1,-1
281,4.0,703.3,447.7,54.0,167.4,-1,-1,-1,-1
281,3.0,598.0,388.6,53.1,163.6,-1,-1,-1,-1
281,2.0,210.3,358.6,55.2,150.7,-1,-1,-1,-1
282,37.0,949.5,363.6,99.0,158.8,-1,-1,-1,-1
282,36.0,249.3,394.6,53.1,153.0,-1,-1,-1,-1
282,35.0,149.6,416.5,65.0,161.8,-1,-1,-1,-1
282,34.0,340.6,406.6,62.5,173.9,-1,-1,-1,-1
282,33.0,910.8,405.2,43.2,163.6,-1,-1,-1,-1
282,32.0,380.9,432.0,86.6,155.7,-1,-1,-1,-1
282,30.0,521.5,394.9,46.8,164.9,-1,-1,-1,-1
282,27.0,602.5,442.1,57.6,170.8,-1,-1,-1,-1
282,21.0,968.4,414.7,82.8,141.1,-1,-1,-1,-1
282,13.0,482.4,334.8,63.0,160.2,-1,-1,-1,-1
282,12.0,720.9,352.6,55.8,154.1,-1,-1,-1,-1
282,11.0,783.4,509.8,87.3,167.4,-1,-1,-1,-1
282,10.0,202.5,424.3,107.6,140.4,-1,-1,-1,-1
282,9.0,197.9,447.3,49.8,185.4,-1,-1,-1,-1
282,8.0,752.8,444.4,93.6,150.5,-1,-1,-1,-1
282,6.0,1034.1,436.3,55.8,173.5,-1,-1,-1,-1
282,5.0,379.3,494.1,56.2,162.0,-1,-1,-1,-1
282,4.0,702.9,449.1,56.7,166.5,-1,-1,-1,-1
282,3.0,598.0,388.1,54.0,164.0,-1,-1,-1,-1
282,2.0,205.4,361.8,59.9,148.9,-1,-1,-1,-1
283,37.0,949.5,365.6,88.2,157.7,-1,-1,-1,-1
283,36.0,246.6,394.4,57.2,155.9,-1,-1,-1,-1
283,35.0,149.4,415.8,61.9,162.0,-1,-1,-1,-1
283,34.0,340.6,406.6,63.0,173.9,-1,-1,-1,-1
283,33.0,909.9,404.8,41.4,163.6,-1,-1,-1,-1
283,32.0,374.8,434.9,92.2,153.7,-1,-1,-1,-1
283,30.0,519.8,395.5,48.6,164.7,-1,-1,-1,-1
283,27.0,598.9,456.5,68.4,159.1,-1,-1,-1,-1
283,21.0,968.4,414.0,82.8,142.2,-1,-1,-1,-1
283,13.0,481.5,334.6,61.2,160.9,-1,-1,-1,-1
283,12.0,721.3,352.1,55.8,151.9,-1,-1,-1,-1
283,11.0,791.5,518.4,81.0,158.4,-1,-1,-1,-1
283,10.0,211.7,426.4,98.1,138.4,-1,-1,-1,-1
283,9.0,198.6,457.6,58.6,175.5,-1,-1,-1,-1
283,8.0,752.4,444.1,91.8,151.2,-1,-1,-1,-1
283,6.0,1022.4,459.0,66.6,150.3,-1,-1,-1,-1
283,5.0,365.8,495.0,66.6,159.3,-1,-1,-1,-1
283,4.0,700.6,453.6,54.9,162.0,-1,-1,-1,-1
283,3.0,597.1,387.7,55.8,164.0,-1,-1,-1,-1
283,2.0,209.1,367.0,56.8,144.2,-1,-1,-1,-1
284,37.0,948.6,367.2,81.0,156.1,-1,-1,-1,-1
284,36.0,248.6,395.1,55.3,156.6,-1,-1,-1,-1
284,35.0,149.2,415.3,60.8,162.9,-1,-1,-1,-1
284,34.0,340.6,406.8,63.4,173.7,-1,-1,-1,-1
284,33.0,910.3,404.8,40.0,163.6,-1,-1,-1,-1
284,32.0,370.6,435.8,96.5,152.3,-1,-1,-1,-1
284,30.0,519.3,395.3,48.6,164.0,-1,-1,-1,-1
284,27.0,598.0,465.3,76.5,150.3,-1,-1,-1,-1
284,21.0,968.4,414.2,82.8,142.0,-1,-1,-1,-1
284,13.0,481.0,334.8,57.6,164.7,-1,-1,-1,-1
284,12.0,722.7,352.1,54.9,154.1,-1,-1,-1,-1
284,11.0,795.1,523.8,78.3,152.1,-1,-1,-1,-1
284,10.0,212.2,425.2,97.6,139.5,-1,-1,-1,-1
284,9.0,195.1,459.2,70.6,173.9,-1,-1,-1,-1
284,8.0,751.9,444.4,91.8,150.5,-1,-1,-1,-1
284,6.0,1008.9,470.2,81.0,139.5,-1,-1,-1,-1
284,5.0,378.7,494.5,49.9,159.3,-1,-1,-1,-1
284,4.0,699.3,455.4,57.6,160.2,-1,-1,-1,-1
284,3.0,596.2,387.2,54.0,163.1,-1,-1,-1,-1
284,2.0,209.5,368.5,54.9,145.8,-1,-1,-1,-1
285,37.0,948.6,366.7,61.2,156.1,-1,-1,-1,-1
285,36.0,246.1,395.1,58.5,158.4,-1,-1,-1,-1
285,35.0,147.7,416.0,60.5,162.7,-1,-1,-1,-1
285,34.0,340.2,407.2,62.5,172.8,-1,-1,-1,-1
285,33.0,910.8,403.9,39.6,163.1,-1,-1,-1,-1
285,32.0,365.8,435.4,101.2,151.4,-1,-1,-1,-1
285,30.0,519.8,395.8,48.6,163.6,-1,-1,-1,-1
285,27.0,587.2,471.6,84.6,143.1,-1,-1,-1,-1
285,21.0,968.4,416.2,77.4,139.5,-1,-1,-1,-1
285,13.0,479.2,337.9,56.7,164.7,-1,-1,-1,-1
285,12.0,723.6,352.3,54.9,156.6,-1,-1,-1,-1
285,11.0,798.3,529.2,76.5,145.8,-1,-1,-1,-1
285,10.0,207.9,425.2,101.7,139.5,-1,-1,-1,-1
285,9.0,176.6,465.3,91.3,166.5,-1,-1,-1,-1
285,8.0,752.4,443.9,94.5,150.5,-1,-1,-1,-1
285,6.0,1008.9,479.2,82.8,128.7,-1,-1,-1,-1
285,5.0,379.3,494.5,48.1,157.5,-1,-1,-1,-1
285,4.0,698.8,460.3,58.5,155.7,-1,-1,-1,-1
285,3.0,594.9,387.9,54.0,162.0,-1,-1,-1,-1
285,2.0,208.8,371.0,55.8,147.4,-1,-1,-1,-1
286,37.0,946.8,362.2,55.8,160.2,-1,-1,-1,-1
286,36.0,247.9,394.6,58.1,162.0,-1,-1,-1,-1
286,35.0,146.5,415.8,58.7,162.9,-1,-1,-1,-1
286,34.0,340.6,407.0,58.5,173.5,-1,-1,-1,-1
286,33.0,910.8,404.3,46.8,163.6,-1,-1,-1,-1
286,32.0,363.1,435.6,104.4,150.3,-1,-1,-1,-1
286,30.0,520.2,395.3,47.7,163.1,-1,-1,-1,-1
286,27.0,589.0,477.0,80.1,137.7,-1,-1,-1,-1
286,21.0,968.4,415.3,73.8,140.4,-1,-1,-1,-1
286,13.0,478.8,339.3,57.6,163.3,-1,-1,-1,-1
286,12.0,723.6,352.8,55.8,159.8,-1,-1,-1,-1
286,11.0,798.3,534.6,73.8,135.0,-1,-1,-1,-1
286,10.0,204.1,425.7,105.7,138.6,-1,-1,-1,-1
286,9.0,198.4,467.1,70.2,163.8,-1,-1,-1,-1
286,8.0,751.9,443.9,96.3,150.5,-1,-1,-1,-1
286,6.0,1016.1,498.1,86.4,97.2,-1,-1,-1,-1
286,5.0,380.0,497.2,46.8,154.8,-1,-1,-1,-1
286,4.0,698.4,463.5,59.4,152.1,-1,-1,-1,-1
286,3.0,594.9,388.8,54.0,161.1,-1,-1,-1,-1
286,2.0,208.5,371.7,56.4,152.1,-1,-1,-1,-1
287,37.0,942.3,359.3,55.8,166.3,-1,-1,-1,-1
287,36.0,252.2,394.6,54.4,157.5,-1,-1,-1,-1
287,35.0,142.8,415.3,60.1,162.9,-1,-1,-1,-1
287,34.0,340.4,407.0,52.2,173.9,-1,-1,-1,-1
287,33.0,911.7,404.3,39.6,163.6,-1,-1,-1,-1
287,32.0,361.3,433.1,99.5,150.5,-1,-1,-1,-1
287,30.0,520.2,395.8,46.8,161.8,-1,-1,-1,-1
287,21.0,969.3,417.1,72.0,137.7,-1,-1,-1,-1
287,13.0,477.4,342.7,60.3,163.1,-1,-1,-1,-1
287,12.0,724.9,354.4,56.7,159.5,-1,-1,-1,-1
287,11.0,797.8,545.8,57.6,112.5,-1,-1,-1,-1
287,10.0,200.7,427.5,109.8,136.8,-1,-1,-1,-1
287,9.0,205.5,463.0,53.7,162.0,-1,-1,-1,-1
287,8.0,752.4,443.9,97.2,150.5,-1,-1,-1,-1
287,6.0,1010.7,494.1,82.8,99.9,-1,-1,-1,-1
287,5.0,379.1,504.0,48.2,135.9,-1,-1,-1,-1
287,4.0,699.7,467.5,57.6,147.6,-1,-1,-1,-1
287,3.0,594.9,387.0,55.8,212.4,-1,-1,-1,-1
287,2.0,206.2,371.5,58.4,160.4,-1,-1,-1,-1
288,37.0,937.8,359.5,57.6,165.6,-1,-1,-1,-1
288,36.0,252.7,395.1,53.5,156.6,-1,-1,-1,-1
288,35.0,142.8,415.6,58.9,162.7,-1,-1,-1,-1
288,34.0,340.6,406.3,51.8,174.6,-1,-1,-1,-1
288,33.0,912.1,405.4,35.5,162.9,-1,-1,-1,-1
288,32.0,361.8,432.2,94.9,150.5,-1,-1,-1,-1
288,30.0,519.8,396.0,48.6,161.1,-1,-1,-1,-1
288,21.0,969.3,416.7,68.4,138.6,-1,-1,-1,-1
288,13.0,477.0,343.8,57.6,163.3,-1,-1,-1,-1
288,12.0,725.8,355.7,56.7,158.6,-1,-1,-1,-1
288,11.0,798.7,548.1,59.4,110.7,-1,-1,-1,-1
288,10.0,203.7,427.5,105.6,137.7,-1,-1,-1,-1
288,9.0,203.2,474.3,50.9,139.5,-1,-1,-1,-1
288,8.0,751.9,444.8,98.1,149.6,-1,-1,-1,-1
288,6.0,1011.6,466.2,66.6,127.8,-1,-1,-1,-1
288,5.0,374.8,512.1,53.1,119.7,-1,-1,-1,-1
288,4.0,699.7,468.0,57.6,147.6,-1,-1,-1,-1
288,3.0,594.9,388.1,55.8,164.0,-1,-1,-1,-1
288,2.0,206.1,370.8,59.4,180.9,-1,-1,-1,-1
289,37.0,928.8,362.7,64.8,161.1,-1,-1,-1,-1
289,36.0,255.8,394.6,50.4,159.3,-1,-1,-1,-1
289,35.0,142.2,415.8,58.0,162.0,-1,-1,-1,-1
289,34.0,340.2,406.1,50.4,173.9,-1,-1,-1,-1
289,33.0,911.7,404.8,34.2,163.6,-1,-1,-1,-1
289,32.0,364.5,432.4,84.6,149.4,-1,-1,-1,-1
289,30.0,518.8,397.3,54.0,159.3,-1,-1,-1,-1
289,21.0,968.4,416.9,75.6,139.3,-1,-1,-1,-1
289,13.0,476.1,345.1,56.7,162.4,-1,-1,-1,-1
289,12.0,727.6,357.3,57.6,158.4,-1,-1,-1,-1
289,11.0,796.0,492.3,68.4,163.8,-1,-1,-1,-1
289,10.0,202.5,427.5,99.9,135.0,-1,-1,-1,-1
289,9.0,211.5,511.2,38.7,101.7,-1,-1,-1,-1
289,8.0,751.9,445.9,89.1,149.4,-1,-1,-1,-1
289,6.0,1008.9,412.9,72.0,172.1,-1,-1,-1,-1
289,5.0,364.7,517.9,59.4,112.5,-1,-1,-1,-1
289,4.0,702.9,467.1,54.0,148.5,-1,-1,-1,-1
289,3.0,593.1,388.6,56.7,206.8,-1,-1,-1,-1
289,2.0,206.8,370.1,61.2,154.1,-1,-1,-1,-1
290,37.0,921.6,364.3,68.4,160.4,-1,-1,-1,-1
290,36.0,255.8,394.4,50.9,152.3,-1,-1,-1,-1
290,35.0,142.3,415.8,57.4,162.0,-1,-1,-1,-1
290,34.0,340.2,405.9,49.0,174.6,-1,-1,-1,-1
290,33.0,912.1,406.3,32.0,162.0,-1,-1,-1,-1
290,32.0,365.2,432.2,81.9,148.7,-1,-1,-1,-1
290,30.0,519.3,398.0,55.8,160.0,-1,-1,-1,-1
290,21.0,968.4,416.0,77.4,139.7,-1,-1,-1,-1
290,13.0,475.2,345.6,58.5,162.0,-1,-1,-1,-1
290,12.0,729.4,358.0,55.8,155.9,-1,-1,-1,-1
290,11.0,795.1,473.4,74.7,174.6,-1,-1,-1,-1
290,10.0,203.7,427.9,95.1,134.1,-1,-1,-1,-1
290,9.0,209.1,481.0,41.1,131.4,-1,-1,-1,-1
290,8.0,751.5,446.4,100.8,148.5,-1,-1,-1,-1
290,6.0,1004.4,409.0,79.2,176.4,-1,-1,-1,-1
290,5.0,365.6,527.4,57.2,102.6,-1,-1,-1,-1
290,4.0,704.2,464.8,53.1,150.3,-1,-1,-1,-1
290,3.0,592.2,388.3,57.6,205.2,-1,-1,-1,-1
290,2.0,207.9,369.4,63.9,166.5,-1,-1,-1,-1
291,37.0,909.4,365.8,74.2,159.8,-1,-1,-1,-1
291,36.0,257.2,394.6,50.0,153.0,-1,-1,-1,-1
291,35.0,142.2,415.8,55.8,162.0,-1,-1,-1,-1
291,34.0,340.4,405.2,50.4,176.2,-1,-1,-1,-1
291,33.0,905.8,406.6,37.3,161.8,-1,-1,-1,-1
291,32.0,369.0,435.4,78.3,144.7,-1,-1,-1,-1
291,30.0,519.8,398.5,59.4,159.5,-1,-1,-1,-1
291,21.0,957.6,404.5,88.2,149.4,-1,-1,-1,-1
291,13.0,474.3,344.2,58.5,163.4,-1,-1,-1,-1
291,12.0,731.7,357.7,54.9,158.4,-1,-1,-1,-1
291,11.0,801.9,450.9,72.9,186.3,-1,-1,-1,-1
291,10.0,203.3,427.5,91.5,158.4,-1,-1,-1,-1
291,8.0,751.9,445.7,103.5,148.7,-1,-1,-1,-1
291,6.0,999.0,405.9,70.2,180.0,-1,-1,-1,-1
291,5.0,365.2,445.3,54.0,182.5,-1,-1,-1,-1
291,4.0,705.6,460.6,70.2,154.1,-1,-1,-1,-1
291,3.0,585.0,390.1,68.4,171.0,-1,-1,-1,-1
291,2.0,210.4,368.5,60.8,181.8,-1,-1,-1,-1
292,37.0,905.4,366.7,75.6,161.1,-1,-1,-1,-1
292,36.0,256.9,394.4,50.4,152.3,-1,-1,-1,-1
292,35.0,142.2,416.0,54.9,161.8,-1,-1,-1,-1
292,34.0,340.4,405.4,50.9,174.6,-1,-1,-1,-1
292,33.0,905.4,406.8,37.8,161.1,-1,-1,-1,-1
292,32.0,368.1,436.7,79.2,144.2,-1,-1,-1,-1
292,30.0,519.8,398.2,62.1,159.3,-1,-1,-1,-1
292,21.0,948.6,413.1,97.2,140.4,-1,-1,-1,-1
292,13.0,473.8,344.0,58.5,163.6,-1,-1,-1,-1
292,12.0,731.7,357.5,55.8,160.4,-1,-1,-1,-1
292,11.0,800.5,447.7,75.6,189.9,-1,-1,-1,-1
292,10.0,205.9,427.0,86.8,177.3,-1,-1,-1,-1
292,8.0,753.3,444.1,103.5,150.3,-1,-1,-1,-1
292,6.0,995.4,413.1,57.6,172.8,-1,-1,-1,-1
292,5.0,364.0,436.7,70.6,183.4,-1,-1,-1,-1
292,4.0,705.6,456.7,75.6,158.4,-1,-1,-1,-1
292,3.0,583.6,389.5,67.5,182.5,-1,-1,-1,-1
292,2.0,206.1,367.4,67.5,191.0,-1,-1,-1,-1
293,37.0,900.4,366.7,71.5,164.7,-1,-1,-1,-1
293,36.0,256.3,393.7,50.4,153.0,-1,-1,-1,-1
293,35.0,142.4,416.0,53.3,161.8,-1,-1,-1,-1
293,34.0,340.0,405.0,50.4,174.6,-1,-1,-1,-1
293,33.0,904.9,406.6,55.3,161.8,-1,-1,-1,-1
293,32.0,366.5,436.9,79.2,143.1,-1,-1,-1,-1
293,30.0,522.0,396.7,62.1,160.4,-1,-1,-1,-1
293,21.0,939.6,414.0,102.6,141.3,-1,-1,-1,-1
293,13.0,473.4,343.8,62.1,164.2,-1,-1,-1,-1
293,12.0,733.9,357.1,54.0,159.5,-1,-1,-1,-1
293,11.0,802.8,447.7,73.8,189.9,-1,-1,-1,-1
293,10.0,206.8,426.8,90.4,177.1,-1,-1,-1,-1
293,8.0,753.3,438.5,105.3,155.0,-1,-1,-1,-1
293,6.0,988.2,412.0,63.0,173.5,-1,-1,-1,-1
293,5.0,360.9,438.5,50.8,178.4,-1,-1,-1,-1
293,4.0,707.8,454.7,63.9,160.0,-1,-1,-1,-1
293,3.0,582.8,389.2,67.5,190.8,-1,-1,-1,-1
293,2.0,209.1,367.6,64.9,195.3,-1,-1,-1,-1
294,37.0,900.9,366.7,70.2,165.6,-1,-1,-1,-1
294,36.0,255.8,393.7,50.4,152.1,-1,-1,-1,-1
294,35.0,142.1,415.8,53.6,161.1,-1,-1,-1,-1
294,34.0,340.0,404.1,50.4,174.6,-1,-1,-1,-1
294,33.0,905.4,406.8,46.8,162.0,-1,-1,-1,-1
294,32.0,365.8,435.4,79.6,144.7,-1,-1,-1,-1
294,30.0,523.8,395.1,62.1,162.0,-1,-1,-1,-1
294,21.0,937.8,414.9,102.6,140.4,-1,-1,-1,-1
294,13.0,473.8,344.5,63.9,165.8,-1,-1,-1,-1
294,12.0,734.4,356.8,54.0,161.1,-1,-1,-1,-1
294,11.0,806.4,446.8,69.3,189.9,-1,-1,-1,-1
294,10.0,204.2,426.1,91.2,178.2,-1,-1,-1,-1
294,8.0,755.5,436.3,100.8,154.6,-1,-1,-1,-1
294,6.0,981.9,416.5,66.6,168.5,-1,-1,-1,-1
294,5.0,357.7,448.2,55.8,170.1,-1,-1,-1,-1
294,4.0,712.8,451.6,64.8,162.7,-1,-1,-1,-1
294,3.0,593.5,390.1,57.6,189.9,-1,-1,-1,-1
294,2.0,207.1,367.4,73.2,195.1,-1,-1,-1,-1
295,37.0,897.3,367.9,59.4,169.4,-1,-1,-1,-1
295,36.0,253.1,393.7,52.2,152.1,-1,-1,-1,-1
295,35.0,142.5,415.6,53.6,161.8,-1,-1,-1,-1
295,34.0,339.3,404.5,52.2,173.7,-1,-1,-1,-1
295,33.0,902.7,408.1,41.4,160.2,-1,-1,-1,-1
295,32.0,365.6,433.3,80.1,146.7,-1,-1,-1,-1
295,30.0,530.5,392.8,59.4,164.7,-1,-1,-1,-1
295,21.0,935.1,416.9,93.6,139.7,-1,-1,-1,-1
295,13.0,474.3,346.5,69.3,165.6,-1,-1,-1,-1
295,12.0,736.2,357.3,52.2,156.6,-1,-1,-1,-1
295,11.0,809.1,449.5,66.6,188.1,-1,-1,-1,-1
295,10.0,205.4,424.3,88.6,175.5,-1,-1,-1,-1
295,8.0,769.5,433.6,86.4,154.1,-1,-1,-1,-1
295,6.0,981.9,467.5,63.0,112.5,-1,-1,-1,-1
295,5.0,358.6,448.9,51.3,169.4,-1,-1,-1,-1
295,4.0,727.6,452.7,63.9,156.6,-1,-1,-1,-1
295,3.0,583.6,385.9,70.2,164.0,-1,-1,-1,-1
295,2.0,219.5,369.0,60.4,176.4,-1,-1,-1,-1
296,37.0,895.5,367.2,59.4,169.6,-1,-1,-1,-1
296,36.0,248.8,393.1,54.9,153.2,-1,-1,-1,-1
296,35.0,142.4,414.4,53.6,162.9,-1,-1,-1,-1
296,34.0,338.6,403.6,55.4,174.6,-1,-1,-1,-1
296,33.0,898.2,408.1,45.9,160.2,-1,-1,-1,-1
296,32.0,367.2,432.0,79.6,148.5,-1,-1,-1,-1
296,30.0,534.6,391.9,57.6,165.6,-1,-1,-1,-1
296,21.0,934.2,423.0,93.6,135.9,-1,-1,-1,-1
296,13.0,474.7,348.1,69.3,164.9,-1,-1,-1,-1
296,12.0,737.1,357.7,51.3,156.6,-1,-1,-1,-1
296,11.0,810.0,466.6,65.7,171.0,-1,-1,-1,-1
296,10.0,204.3,420.5,89.5,179.8,-1,-1,-1,-1
296,8.0,779.4,433.8,77.4,153.0,-1,-1,-1,-1
296,6.0,984.6,467.1,63.0,110.7,-1,-1,-1,-1
296,5.0,361.1,439.6,48.2,179.1,-1,-1,-1,-1
296,4.0,729.4,448.6,66.6,158.4,-1,-1,-1,-1
296,3.0,584.5,385.6,69.3,167.4,-1,-1,-1,-1
296,2.0,218.9,369.0,63.0,173.3,-1,-1,-1,-1
297,37.0,886.5,366.1,63.9,165.8,-1,-1,-1,-1
297,36.0,246.1,391.9,55.8,156.6,-1,-1,-1,-1
297,35.0,142.9,412.6,52.9,164.7,-1,-1,-1,-1
297,34.0,336.8,403.0,57.1,178.4,-1,-1,-1,-1
297,33.0,905.8,407.7,41.8,161.1,-1,-1,-1,-1
297,32.0,365.8,433.6,77.9,146.9,-1,-1,-1,-1
297,30.0,541.3,391.5,54.9,166.5,-1,-1,-1,-1
297,27.0,600.3,425.7,45.0,148.5,-1,-1,-1,-1
297,21.0,935.1,434.2,81.0,129.6,-1,-1,-1,-1
297,13.0,475.6,350.5,68.4,166.0,-1,-1,-1,-1
297,12.0,738.0,357.5,50.4,157.7,-1,-1,-1,-1
297,11.0,796.5,502.2,69.3,122.4,-1,-1,-1,-1
297,10.0,204.2,387.9,89.2,176.4,-1,-1,-1,-1
297,8.0,785.7,438.7,80.1,152.1,-1,-1,-1,-1
297,6.0,983.7,468.0,77.4,103.5,-1,-1,-1,-1
297,5.0,361.6,450.4,47.2,166.5,-1,-1,-1,-1
297,4.0,734.8,453.1,72.0,152.1,-1,-1,-1,-1
297,3.0,584.5,384.7,69.3,162.9,-1,-1,-1,-1
297,2.0,216.3,367.9,68.7,183.4,-1,-1,-1,-1
298,37.0,876.1,365.8,73.3,167.0,-1,-1,-1,-1
298,36.0,249.5,392.6,51.8,154.1,-1,-1,-1,-1
298,35.0,143.4,412.6,60.3,164.7,-1,-1,-1,-1
298,34.0,335.2,403.0,57.2,179.3,-1,-1,-1,-1
298,33.0,908.1,407.7,37.8,161.1,-1,-1,-1,-1
298,32.0,363.4,436.5,77.9,145.8,-1,-1,-1,-1
298,30.0,542.2,391.5,54.9,166.5,-1,-1,-1,-1
298,27.0,598.5,431.5,47.7,136.8,-1,-1,-1,-1
298,21.0,935.1,438.5,90.0,128.0,-1,-1,-1,-1
298,13.0,476.5,351.4,67.5,166.5,-1,-1,-1,-1
298,12.0,738.4,357.7,49.5,157.9,-1,-1,-1,-1
298,10.0,205.0,406.3,72.4,187.2,-1,-1,-1,-1
298,8.0,788.8,443.7,77.4,171.9,-1,-1,-1,-1
298,6.0,968.4,459.0,99.0,111.6,-1,-1,-1,-1
298,5.0,360.4,466.6,52.2,146.7,-1,-1,-1,-1
298,4.0,736.2,452.5,73.8,152.3,-1,-1,-1,-1
298,3.0,585.9,386.3,67.5,160.9,-1,-1,-1,-1
298,2.0,224.1,367.9,60.7,176.6,-1,-1,-1,-1
299,37.0,862.2,366.7,84.6,166.5,-1,-1,-1,-1
299,36.0,246.1,394.2,54.0,151.2,-1,-1,-1,-1
299,35.0,148.5,414.9,62.8,162.0,-1,-1,-1,-1
299,34.0,331.6,400.9,63.0,179.1,-1,-1,-1,-1
299,33.0,906.7,408.6,38.2,160.2,-1,-1,-1,-1
299,32.0,352.3,443.7,88.6,144.0,-1,-1,-1,-1
299,30.0,543.1,396.0,53.1,161.1,-1,-1,-1,-1
299,21.0,934.2,446.2,82.8,122.6,-1,-1,-1,-1
299,13.0,479.2,352.3,65.7,165.6,-1,-1,-1,-1
299,12.0,738.4,358.2,49.5,156.1,-1,-1,-1,-1
299,10.0,205.2,419.8,88.2,151.2,-1,-1,-1,-1
299,8.0,800.1,456.1,62.1,152.8,-1,-1,-1,-1
299,4.0,739.3,458.5,78.3,146.7,-1,-1,-1,-1
299,3.0,588.1,391.9,66.6,161.1,-1,-1,-1,-1
299,2.0,228.6,367.6,55.8,171.4,-1,-1,-1,-1
300,37.0,860.4,367.9,87.3,165.8,-1,-1,-1,-1
300,36.0,243.2,394.0,56.7,151.4,-1,-1,-1,-1
300,35.0,149.6,416.5,51.1,160.4,-1,-1,-1,-1
300,34.0,328.5,400.9,68.9,180.9,-1,-1,-1,-1
300,33.0,907.2,408.8,36.0,160.0,-1,-1,-1,-1
300,32.0,351.7,449.5,88.6,140.4,-1,-1,-1,-1
300,30.0,542.7,398.9,52.2,157.7,-1,-1,-1,-1
300,21.0,935.1,447.7,79.2,118.8,-1,-1,-1,-1
300,13.0,479.2,352.1,64.8,165.4,-1,-1,-1,-1
300,12.0,738.4,358.4,48.6,157.7,-1,-1,-1,-1
300,10.0,206.0,421.0,87.9,170.8,-1,-1,-1,-1
300,8.0,802.3,463.5,62.1,144.0,-1,-1,-1,-1
300,4.0,741.1,462.1,77.4,143.1,-1,-1,-1,-1
300,3.0,589.5,394.2,64.8,154.8,-1,-1,-1,-1
300,2.0,228.6,367.6,59.4,171.9,-1,-1,-1,-1
301,37.0,854.1,369.9,84.6,167.9,-1,-1,-1,-1
301,36.0,238.0,394.6,61.2,150.3,-1,-1,-1,-1
301,35.0,147.9,425.0,74.5,152.8,-1,-1,-1,-1
301,34.0,325.3,399.8,67.5,184.3,-1,-1,-1,-1
301,33.0,910.8,409.0,34.2,159.3,-1,-1,-1,-1
301,32.0,357.1,463.0,81.9,134.1,-1,-1,-1,-1
301,30.0,543.1,411.1,57.6,147.8,-1,-1,-1,-1
301,21.0,936.9,449.8,81.0,111.4,-1,-1,-1,-1
301,13.0,480.6,351.4,62.1,166.5,-1,-1,-1,-1
301,12.0,738.0,358.9,48.6,157.7,-1,-1,-1,-1
301,10.0,209.4,431.3,71.7,148.7,-1,-1,-1,-1
301,8.0,797.8,473.8,72.0,134.1,-1,-1,-1,-1
301,4.0,746.5,477.4,84.6,128.7,-1,-1,-1,-1
301,3.0,587.2,405.9,58.5,145.8,-1,-1,-1,-1
301,2.0,227.5,370.3,60.7,163.3,-1,-1,-1,-1
302,37.0,850.5,370.3,84.6,168.3,-1,-1,-1,-1
302,36.0,236.0,393.3,63.4,152.1,-1,-1,-1,-1
302,35.0,146.8,428.4,77.2,149.4,-1,-1,-1,-1
302,34.0,323.5,403.2,67.5,178.2,-1,-1,-1,-1
302,33.0,910.8,409.0,34.2,159.3,-1,-1,-1,-1
302,32.0,355.3,469.3,82.8,124.2,-1,-1,-1,-1
302,30.0,543.6,417.8,62.1,141.1,-1,-1,-1,-1
302,21.0,936.9,449.1,81.0,114.3,-1,-1,-1,-1
302,13.0,480.6,351.0,62.1,166.9,-1,-1,-1,-1
302,12.0,738.0,359.1,48.6,156.6,-1,-1,-1,-1
302,10.0,215.8,439.2,60.3,140.4,-1,-1,-1,-1
302,8.0,797.4,469.3,72.0,138.6,-1,-1,-1,-1
302,6.0,961.2,372.1,54.0,194.4,-1,-1,-1,-1
302,4.0,747.9,483.3,77.4,123.3,-1,-1,-1,-1
302,3.0,590.4,411.7,60.3,143.1,-1,-1,-1,-1
302,2.0,226.6,374.2,61.6,167.2,-1,-1,-1,-1
303,37.0,849.6,372.4,76.5,164.0,-1,-1,-1,-1
303,36.0,232.0,394.2,67.1,152.1,-1,-1,-1,-1
303,35.0,145.9,441.9,77.2,135.9,-1,-1,-1,-1
303,34.0,321.1,406.8,66.6,175.5,-1,-1,-1,-1
303,33.0,911.7,408.4,39.6,159.5,-1,-1,-1,-1
303,32.0,349.9,477.0,88.2,116.1,-1,-1,-1,-1
303,30.0,545.8,427.5,68.4,131.4,-1,-1,-1,-1
303,21.0,936.9,427.7,81.0,132.5,-1,-1,-1,-1
303,13.0,480.1,350.8,60.3,167.6,-1,-1,-1,-1
303,12.0,736.6,360.0,49.5,156.1,-1,-1,-1,-1
303,10.0,210.0,460.6,62.4,119.5,-1,-1,-1,-1
303,8.0,794.7,439.2,72.0,166.5,-1,-1,-1,-1
303,6.0,950.4,371.7,64.8,165.1,-1,-1,-1,-1
303,4.0,751.5,482.4,80.1,123.3,-1,-1,-1,-1
303,3.0,592.2,423.2,59.4,139.3,-1,-1,-1,-1
303,2.0,227.9,374.4,57.6,142.6,-1,-1,-1,-1
304,37.0,850.0,373.3,75.1,164.0,-1,-1,-1,-1
304,36.0,231.3,394.0,65.7,169.4,-1,-1,-1,-1
304,35.0,146.9,447.5,80.6,130.7,-1,-1,-1,-1
304,34.0,319.5,407.2,64.8,178.2,-1,-1,-1,-1
304,33.0,911.2,409.0,43.7,159.3,-1,-1,-1,-1
304,32.0,347.2,470.7,90.9,120.6,-1,-1,-1,-1
304,30.0,547.2,427.0,70.2,132.3,-1,-1,-1,-1
304,21.0,936.9,421.6,82.8,138.6,-1,-1,-1,-1
304,13.0,480.1,351.0,60.3,168.3,-1,-1,-1,-1
304,12.0,736.2,360.7,50.4,155.9,-1,-1,-1,-1
304,10.0,220.8,450.2,48.7,130.3,-1,-1,-1,-1
304,8.0,794.7,406.8,72.9,200.7,-1,-1,-1,-1
304,6.0,945.9,373.3,70.2,151.4,-1,-1,-1,-1
304,4.0,753.3,478.8,78.3,126.9,-1,-1,-1,-1
304,3.0,590.4,423.0,56.7,138.6,-1,-1,-1,-1
304,2.0,223.9,376.9,60.3,144.2,-1,-1,-1,-1
305,37.0,854.1,374.6,78.3,175.3,-1,-1,-1,-1
305,36.0,226.0,392.2,68.5,153.2,-1,-1,-1,-1
305,35.0,149.6,449.3,76.7,129.4,-1,-1,-1,-1
305,34.0,318.8,409.9,68.9,174.6,-1,-1,-1,-1
305,33.0,912.1,408.1,51.8,160.2,-1,-1,-1,-1
305,32.0,344.9,444.1,93.1,152.1,-1,-1,-1,-1
305,30.0,551.7,424.1,75.6,135.2,-1,-1,-1,-1
305,21.0,936.9,398.0,81.0,162.7,-1,-1,-1,-1
305,13.0,479.7,352.3,63.9,170.5,-1,-1,-1,-1
305,12.0,734.8,361.8,51.3,155.2,-1,-1,-1,-1
305,10.0,220.4,441.0,53.4,139.5,-1,-1,-1,-1
305,8.0,793.3,384.3,78.3,210.6,-1,-1,-1,-1
305,4.0,757.3,468.4,68.4,137.7,-1,-1,-1,-1
305,3.0,596.2,381.8,50.4,180.2,-1,-1,-1,-1
306,37.0,852.7,374.2,66.6,167.2,-1,-1,-1,-1
306,36.0,224.2,389.0,68.5,166.3,-1,-1,-1,-1
306,35.0,151.3,449.1,75.4,129.6,-1,-1,-1,-1
306,34.0,319.0,410.6,68.4,173.9,-1,-1,-1,-1
306,33.0,912.1,407.7,57.1,160.2,-1,-1,-1,-1
306,32.0,344.9,458.1,93.6,130.5,-1,-1,-1,-1
306,30.0,553.5,422.3,54.9,137.0,-1,-1,-1,-1
306,21.0,936.9,379.3,79.2,180.9,-1,-1,-1,-1
306,13.0,477.9,353.7,65.7,169.2,-1,-1,-1,-1
306,12.0,734.8,362.0,52.2,154.1,-1,-1,-1,-1
306,10.0,206.2,424.8,64.5,155.7,-1,-1,-1,-1
306,8.0,792.9,381.8,78.3,211.3,-1,-1,-1,-1
306,4.0,760.5,462.1,65.7,144.0,-1,-1,-1,-1
306,3.0,596.7,369.4,46.8,193.5,-1,-1,-1,-1
307,37.0,850.0,373.5,63.9,168.8,-1,-1,-1,-1
307,36.0,228.5,391.7,63.6,153.2,-1,-1,-1,-1
307,35.0,154.8,445.9,71.3,133.2,-1,-1,-1,-1
307,34.0,317.9,411.7,67.5,172.8,-1,-1,-1,-1
307,33.0,912.1,407.7,60.8,160.2,-1,-1,-1,-1
307,32.0,342.4,444.8,95.9,144.2,-1,-1,-1,-1
307,30.0,558.0,413.5,54.0,145.8,-1,-1,-1,-1
307,21.0,946.8,362.7,70.2,197.1,-1,-1,-1,-1
307,13.0,476.5,357.1,67.5,169.4,-1,-1,-1,-1
307,12.0,734.4,362.7,53.1,154.4,-1,-1,-1,-1
307,10.0,216.2,384.3,50.4,197.1,-1,-1,-1,-1
307,8.0,783.9,373.3,80.1,166.3,-1,-1,-1,-1
307,5.0,351.4,385.2,62.1,182.7,-1,-1,-1,-1
307,4.0,765.4,447.3,60.3,159.3,-1,-1,-1,-1
307,3.0,592.6,364.5,61.2,186.3,-1,-1,-1,-1
308,37.0,849.6,373.3,63.0,171.2,-1,-1,-1,-1
308,36.0,224.9,378.7,65.8,173.9,-1,-1,-1,-1
308,35.0,157.5,439.9,69.7,138.8,-1,-1,-1,-1
308,34.0,316.6,412.4,68.0,172.6,-1,-1,-1,-1
308,33.0,911.7,407.7,61.2,160.2,-1,-1,-1,-1
308,32.0,343.1,438.3,95.4,150.3,-1,-1,-1,-1
308,30.0,559.8,406.6,54.9,153.7,-1,-1,-1,-1
308,21.0,955.8,350.8,59.4,208.6,-1,-1,-1,-1
308,13.0,476.5,358.4,67.5,169.4,-1,-1,-1,-1
308,12.0,734.8,363.1,52.2,154.4,-1,-1,-1,-1
308,11.0,801.9,420.3,69.3,177.3,-1,-1,-1,-1
308,10.0,219.7,376.9,48.7,198.2,-1,-1,-1,-1
308,8.0,779.4,371.0,84.6,154.1,-1,-1,-1,-1
308,5.0,336.8,384.3,87.8,157.5,-1,-1,-1,-1
308,4.0,765.0,440.3,59.4,165.4,-1,-1,-1,-1
308,3.0,587.7,360.9,67.5,190.8,-1,-1,-1,-1
308,2.0,238.5,383.6,81.4,152.3,-1,-1,-1,-1
309,37.0,846.4,371.9,69.3,171.2,-1,-1,-1,-1
309,35.0,162.1,430.9,65.5,147.8,-1,-1,-1,-1
309,34.0,315.4,412.2,65.2,172.8,-1,-1,-1,-1
309,33.0,910.8,406.8,59.4,161.1,-1,-1,-1,-1
309,32.0,346.9,418.5,90.9,170.1,-1,-1,-1,-1
309,30.0,555.3,395.3,68.4,163.6,-1,-1,-1,-1
309,21.0,957.6,351.4,50.4,210.6,-1,-1,-1,-1
309,13.0,476.1,360.0,68.4,167.9,-1,-1,-1,-1
309,12.0,734.8,363.6,54.0,154.8,-1,-1,-1,-1
309,11.0,798.3,391.7,72.9,206.8,-1,-1,-1,-1
309,10.0,218.6,379.8,54.1,187.2,-1,-1,-1,-1
309,4.0,767.2,429.5,59.4,169.9,-1,-1,-1,-1
309,3.0,591.8,375.1,63.9,176.6,-1,-1,-1,-1
309,2.0,244.3,384.5,78.7,156.8,-1,-1,-1,-1
310,37.0,846.0,372.1,81.9,173.2,-1,-1,-1,-1
310,35.0,163.1,424.6,64.6,154.1,-1,-1,-1,-1
310,34.0,315.0,410.8,63.0,174.6,-1,-1,-1,-1
310,33.0,910.3,407.2,52.6,161.1,-1,-1,-1,-1
310,32.0,349.6,409.9,88.2,179.1,-1,-1,-1,-1
310,30.0,553.5,389.5,72.9,168.5,-1,-1,-1,-1
310,21.0,959.4,350.5,48.6,216.5,-1,-1,-1,-1
310,13.0,476.5,360.4,67.5,167.4,-1,-1,-1,-1
310,12.0,734.8,364.3,56.7,154.1,-1,-1,-1,-1
310,11.0,805.5,381.6,64.8,215.1,-1,-1,-1,-1
310,10.0,218.5,382.0,56.7,184.5,-1,-1,-1,-1
310,4.0,766.8,404.5,61.2,197.1,-1,-1,-1,-1
310,3.0,594.0,371.7,61.2,181.8,-1,-1,-1,-1
310,2.0,250.9,384.5,74.2,156.8,-1,-1,-1,-1
311,37.0,846.0,372.4,81.9,171.2,-1,-1,-1,-1
311,35.0,163.1,411.7,66.6,166.5,-1,-1,-1,-1
311,34.0,315.2,412.2,62.6,173.7,-1,-1,-1,-1
311,33.0,909.4,406.3,59.8,162.0,-1,-1,-1,-1
311,32.0,348.3,386.1,89.5,203.4,-1,-1,-1,-1
311,30.0,551.2,367.2,70.2,188.1,-1,-1,-1,-1
311,21.0,957.6,350.8,50.4,218.0,-1,-1,-1,-1
311,13.0,477.9,360.7,65.7,167.6,-1,-1,-1,-1
311,12.0,735.3,365.4,63.0,154.4,-1,-1,-1,-1
311,11.0,810.4,376.9,57.6,218.5,-1,-1,-1,-1
311,10.0,218.1,384.1,57.0,182.5,-1,-1,-1,-1
311,4.0,769.5,395.1,65.7,208.8,-1,-1,-1,-1
311,3.0,563.8,320.8,112.5,233.1,-1,-1,-1,-1
311,2.0,252.4,381.6,73.4,159.3,-1,-1,-1,-1
312,37.0,846.4,371.5,83.2,172.6,-1,-1,-1,-1
312,35.0,162.2,404.5,79.9,171.9,-1,-1,-1,-1
312,34.0,314.1,411.3,64.4,174.6,-1,-1,-1,-1
312,33.0,909.9,405.9,57.6,162.0,-1,-1,-1,-1
312,32.0,351.4,383.4,85.0,204.3,-1,-1,-1,-1
312,30.0,551.7,357.7,70.2,197.1,-1,-1,-1,-1
312,21.0,956.7,356.6,52.2,211.3,-1,-1,-1,-1
312,13.0,479.7,360.2,63.9,167.6,-1,-1,-1,-1
312,12.0,735.7,366.5,63.9,153.7,-1,-1,-1,-1
312,11.0,808.6,379.8,56.7,216.0,-1,-1,-1,-1
312,10.0,217.8,380.7,58.0,185.4,-1,-1,-1,-1
312,4.0,772.6,390.4,57.6,212.6,-1,-1,-1,-1
312,3.0,566.5,315.0,110.7,237.1,-1,-1,-1,-1
312,2.0,251.1,381.6,74.2,157.0,-1,-1,-1,-1
313,37.0,847.3,373.0,82.3,174.6,-1,-1,-1,-1
313,35.0,162.9,392.4,70.6,180.9,-1,-1,-1,-1
313,34.0,313.2,411.7,61.6,173.7,-1,-1,-1,-1
313,33.0,907.2,400.0,57.6,167.4,-1,-1,-1,-1
313,32.0,360.4,379.3,69.3,209.7,-1,-1,-1,-1
313,30.0,554.8,351.7,64.8,203.2,-1,-1,-1,-1
313,21.0,952.2,362.0,55.8,205.4,-1,-1,-1,-1
313,13.0,479.2,360.0,64.8,168.3,-1,-1,-1,-1
313,12.0,740.2,368.8,59.4,156.8,-1,-1,-1,-1
313,11.0,809.5,371.2,56.7,228.6,-1,-1,-1,-1
313,10.0,215.3,362.5,63.9,203.2,-1,-1,-1,-1
313,4.0,782.1,396.4,52.2,206.1,-1,-1,-1,-1
313,3.0,595.8,338.2,63.0,209.0,-1,-1,-1,-1
313,2.0,252.4,379.6,72.9,157.7,-1,-1,-1,-1
314,39.0,349.4,303.8,72.4,96.3,-1,-1,-1,-1
314,38.0,944.1,281.2,64.8,148.9,-1,-1,-1,-1
314,37.0,846.9,373.9,81.0,174.6,-1,-1,-1,-1
314,35.0,162.8,387.0,76.2,184.5,-1,-1,-1,-1
314,34.0,311.8,412.0,76.1,173.5,-1,-1,-1,-1
314,33.0,907.2,385.2,63.0,181.8,-1,-1,-1,-1
314,32.0,360.7,375.3,64.8,216.0,-1,-1,-1,-1
314,30.0,558.0,340.4,63.0,213.5,-1,-1,-1,-1
314,21.0,951.3,362.7,55.8,204.3,-1,-1,-1,-1
314,13.0,479.2,360.0,64.8,168.3,-1,-1,-1,-1
314,12.0,741.6,370.6,58.5,155.9,-1,-1,-1,-1
314,11.0,804.1,377.1,63.9,224.1,-1,-1,-1,-1
314,10.0,213.2,361.6,63.1,203.2,-1,-1,-1,-1
314,4.0,783.0,393.5,49.5,209.0,-1,-1,-1,-1
314,3.0,599.8,336.8,62.1,212.2,-1,-1,-1,-1
314,2.0,255.4,375.5,70.2,160.9,-1,-1,-1,-1
315,39.0,352.6,292.5,60.3,108.4,-1,-1,-1,-1
315,37.0,851.8,376.2,74.2,166.5,-1,-1,-1,-1
315,35.0,166.0,347.4,68.9,224.1,-1,-1,-1,-1
315,34.0,311.4,412.6,70.6,172.8,-1,-1,-1,-1
315,33.0,906.3,385.6,61.2,180.9,-1,-1,-1,-1
315,32.0,351.9,384.3,67.9,207.9,-1,-1,-1,-1
315,30.0,564.3,345.4,60.3,212.6,-1,-1,-1,-1
315,21.0,953.1,354.1,50.4,211.9,-1,-1,-1,-1
315,13.0,479.7,360.0,64.8,167.9,-1,-1,-1,-1
315,12.0,742.9,372.6,60.3,156.2,-1,-1,-1,-1
315,11.0,801.9,385.6,71.1,216.9,-1,-1,-1,-1
315,10.0,215.9,349.9,59.5,211.3,-1,-1,-1,-1
315,4.0,783.0,395.1,58.5,203.4,-1,-1,-1,-1
315,3.0,594.0,344.9,72.0,206.8,-1,-1,-1,-1
315,2.0,261.7,371.5,64.8,163.1,-1,-1,-1,-1
316,39.0,353.9,294.3,57.6,104.9,-1,-1,-1,-1
316,37.0,851.4,377.1,73.8,166.0,-1,-1,-1,-1
316,35.0,167.4,346.0,61.9,225.5,-1,-1,-1,-1
316,34.0,310.0,412.9,71.1,173.5,-1,-1,-1,-1
316,33.0,902.7,386.5,63.0,180.0,-1,-1,-1,-1
316,32.0,351.9,385.2,67.5,207.0,-1,-1,-1,-1
316,30.0,567.0,350.8,57.6,206.8,-1,-1,-1,-1
316,21.0,952.2,353.2,50.4,212.9,-1,-1,-1,-1
316,13.0,479.7,360.0,64.8,167.9,-1,-1,-1,-1
316,12.0,742.5,373.3,61.2,155.9,-1,-1,-1,-1
316,11.0,804.1,387.7,69.3,213.5,-1,-1,-1,-1
316,10.0,215.3,346.0,59.8,215.5,-1,-1,-1,-1
316,4.0,781.2,392.8,52.2,210.6,-1,-1,-1,-1
316,3.0,593.1,347.2,72.0,205.0,-1,-1,-1,-1
316,2.0,262.6,369.4,65.2,164.7,-1,-1,-1,-1
317,37.0,847.8,379.8,76.5,163.8,-1,-1,-1,-1
317,35.0,168.4,344.2,58.9,227.7,-1,-1,-1,-1
317,34.0,308.7,414.0,72.5,177.3,-1,-1,-1,-1
317,33.0,900.9,382.5,59.4,184.5,-1,-1,-1,-1
317,32.0,352.6,384.5,66.1,208.6,-1,-1,-1,-1
317,30.0,566.5,353.5,60.3,203.6,-1,-1,-1,-1
317,21.0,951.3,362.2,52.2,205.2,-1,-1,-1,-1
317,13.0,480.1,360.4,64.8,167.4,-1,-1,-1,-1
317,12.0,743.4,373.7,62.1,155.5,-1,-1,-1,-1
317,11.0,810.0,387.4,62.1,212.4,-1,-1,-1,-1
317,10.0,215.0,340.2,61.3,225.0,-1,-1,-1,-1
317,4.0,777.1,395.5,55.8,205.2,-1,-1,-1,-1
317,3.0,594.9,353.7,70.2,198.9,-1,-1,-1,-1
317,2.0,267.1,367.0,63.0,165.4,-1,-1,-1,-1
318,37.0,851.8,380.5,72.4,162.7,-1,-1,-1,-1
318,35.0,172.6,347.8,51.7,225.0,-1,-1,-1,-1
318,34.0,308.5,414.7,68.4,176.2,-1,-1,-1,-1
318,33.0,903.6,381.8,57.6,185.2,-1,-1,-1,-1
318,32.0,356.2,384.1,59.4,208.1,-1,-1,-1,-1
318,30.0,567.0,352.8,59.4,204.3,-1,-1,-1,-1
318,21.0,951.3,364.7,54.0,201.8,-1,-1,-1,-1
318,13.0,480.1,360.9,64.8,166.9,-1,-1,-1,-1
318,12.0,745.2,373.7,60.3,155.5,-1,-1,-1,-1
318,11.0,813.6,385.2,54.9,214.2,-1,-1,-1,-1
318,10.0,219.1,340.2,58.9,229.5,-1,-1,-1,-1
318,4.0,769.9,397.8,63.0,202.5,-1,-1,-1,-1
318,3.0,595.3,354.1,70.2,199.8,-1,-1,-1,-1
318,2.0,275.8,367.0,53.6,164.9,-1,-1,-1,-1
319,38.0,942.3,223.2,88.2,164.7,-1,-1,-1,-1
319,37.0,852.3,382.5,72.9,160.2,-1,-1,-1,-1
319,35.0,178.1,346.5,49.9,225.9,-1,-1,-1,-1
319,34.0,308.7,414.9,67.0,176.4,-1,-1,-1,-1
319,33.0,904.5,381.6,54.0,185.4,-1,-1,-1,-1
319,32.0,363.4,379.6,50.0,212.6,-1,-1,-1,-1
319,30.0,564.8,377.1,69.3,178.2,-1,-1,-1,-1
319,21.0,945.9,365.8,61.2,201.6,-1,-1,-1,-1
319,13.0,481.0,360.9,63.9,166.9,-1,-1,-1,-1
319,12.0,745.2,373.7,63.9,155.5,-1,-1,-1,-1
319,11.0,816.7,384.1,49.5,214.4,-1,-1,-1,-1
319,10.0,217.3,353.5,64.3,219.8,-1,-1,-1,-1
319,4.0,762.7,394.2,72.0,205.2,-1,-1,-1,-1
319,3.0,596.7,349.2,68.4,199.4,-1,-1,-1,-1
319,2.0,277.9,367.9,54.4,163.6,-1,-1,-1,-1
320,40.0,800.1,274.9,66.6,116.5,-1,-1,-1,-1
320,38.0,941.4,192.4,82.8,196.2,-1,-1,-1,-1
320,37.0,852.7,382.5,72.5,160.2,-1,-1,-1,-1
320,36.0,230.8,376.2,61.2,167.9,-1,-1,-1,-1
320,35.0,182.4,351.0,47.9,220.5,-1,-1,-1,-1
320,34.0,308.7,414.2,66.6,176.2,-1,-1,-1,-1
320,33.0,907.2,381.4,52.2,186.1,-1,-1,-1,-1
320,32.0,364.7,381.6,48.6,210.6,-1,-1,-1,-1
320,30.0,564.3,365.2,72.0,190.1,-1,-1,-1,-1
320,21.0,943.2,365.8,64.8,201.6,-1,-1,-1,-1
320,13.0,481.5,360.9,63.9,166.9,-1,-1,-1,-1
320,12.0,745.6,373.7,62.1,155.5,-1,-1,-1,-1
320,11.0,819.0,382.5,47.7,216.0,-1,-1,-1,-1
320,10.0,215.5,357.7,63.0,216.0,-1,-1,-1,-1
320,4.0,765.0,388.8,70.2,210.6,-1,-1,-1,-1
320,3.0,598.9,345.4,65.7,200.9,-1,-1,-1,-1
320,2.0,280.3,370.6,56.7,157.7,-1,-1,-1,-1
321,40.0,791.5,265.7,65.7,139.1,-1,-1,-1,-1
321,39.0,358.6,303.1,70.6,105.8,-1,-1,-1,-1
321,38.0,941.4,215.8,77.4,174.1,-1,-1,-1,-1
321,37.0,851.4,381.6,73.8,161.1,-1,-1,-1,-1
321,36.0,225.9,376.6,68.9,167.4,-1,-1,-1,-1
321,35.0,181.5,343.3,53.7,227.7,-1,-1,-1,-1
321,34.0,308.9,414.9,64.4,175.5,-1,-1,-1,-1
321,33.0,902.7,381.8,57.6,185.2,-1,-1,-1,-1
321,32.0,361.6,386.3,54.0,205.4,-1,-1,-1,-1
321,30.0,562.9,364.7,72.0,188.8,-1,-1,-1,-1
321,21.0,943.2,366.7,64.8,199.8,-1,-1,-1,-1
321,13.0,481.5,360.9,63.9,166.5,-1,-1,-1,-1
321,12.0,745.2,373.7,60.3,155.0,-1,-1,-1,-1
321,11.0,818.1,387.4,49.5,211.5,-1,-1,-1,-1
321,10.0,217.8,362.2,58.0,211.5,-1,-1,-1,-1
321,4.0,765.4,396.4,65.7,202.5,-1,-1,-1,-1
321,3.0,605.7,340.2,60.3,212.9,-1,-1,-1,-1
321,2.0,278.3,374.2,61.2,154.6,-1,-1,-1,-1
322,41.0,603.0,245.0,47.7,104.4,-1,-1,-1,-1
322,40.0,790.6,265.0,68.4,144.4,-1,-1,-1,-1
322,39.0,362.2,301.3,69.8,116.1,-1,-1,-1,-1
322,38.0,941.4,218.8,75.6,171.8,-1,-1,-1,-1
322,37.0,851.8,382.9,76.0,160.2,-1,-1,-1,-1
322,36.0,228.4,376.2,67.1,167.9,-1,-1,-1,-1
322,35.0,181.1,336.6,58.1,234.5,-1,-1,-1,-1
322,34.0,308.9,414.4,64.4,175.5,-1,-1,-1,-1
322,33.0,901.8,381.4,59.4,184.7,-1,-1,-1,-1
322,32.0,359.3,390.4,59.0,200.9,-1,-1,-1,-1
322,30.0,562.0,381.6,72.9,174.6,-1,-1,-1,-1
322,21.0,943.2,366.7,64.8,199.8,-1,-1,-1,-1
322,13.0,481.5,360.9,63.9,166.5,-1,-1,-1,-1
322,12.0,745.2,374.2,59.4,154.6,-1,-1,-1,-1
322,11.0,812.7,392.6,55.8,205.4,-1,-1,-1,-1
322,10.0,220.4,363.6,54.8,210.6,-1,-1,-1,-1
322,4.0,768.1,398.5,62.1,200.9,-1,-1,-1,-1
322,3.0,606.1,340.4,57.6,211.7,-1,-1,-1,-1
322,2.0,277.6,376.9,61.6,152.8,-1,-1,-1,-1
323,41.0,602.5,240.3,50.4,121.9,-1,-1,-1,-1
323,40.0,789.7,253.6,78.3,170.1,-1,-1,-1,-1
323,39.0,360.9,290.2,76.0,141.7,-1,-1,-1,-1
323,38.0,939.6,221.8,79.2,169.2,-1,-1,-1,-1
323,37.0,852.3,382.7,75.6,160.0,-1,-1,-1,-1
323,36.0,230.8,379.8,63.9,163.8,-1,-1,-1,-1
323,35.0,180.7,336.1,61.9,234.0,-1,-1,-1,-1
323,34.0,307.1,410.4,67.5,180.0,-1,-1,-1,-1
323,33.0,907.2,382.3,50.4,184.7,-1,-1,-1,-1
323,32.0,355.0,404.5,70.2,187.2,-1,-1,-1,-1
323,30.0,561.1,382.9,70.2,172.8,-1,-1,-1,-1
323,21.0,942.3,367.9,64.8,198.2,-1,-1,-1,-1
323,13.0,481.5,360.4,63.9,166.9,-1,-1,-1,-1
323,12.0,745.2,374.2,59.4,154.1,-1,-1,-1,-1
323,11.0,810.9,403.6,64.8,195.3,-1,-1,-1,-1
323,10.0,224.0,358.6,51.6,214.2,-1,-1,-1,-1
323,4.0,765.9,405.0,63.9,194.4,-1,-1,-1,-1
323,3.0,608.4,350.1,52.2,202.5,-1,-1,-1,-1
323,2.0,290.5,380.0,50.9,149.6,-1,-1,-1,-1
324,41.0,602.1,231.7,50.4,135.0,-1,-1,-1,-1
324,40.0,787.5,253.3,82.8,171.4,-1,-1,-1,-1
324,39.0,352.1,286.2,86.4,149.0,-1,-1,-1,-1
324,38.0,937.8,223.4,81.0,167.4,-1,-1,-1,-1
324,37.0,852.3,383.6,76.5,159.1,-1,-1,-1,-1
324,36.0,232.6,369.7,56.7,174.8,-1,-1,-1,-1
324,35.0,181.1,338.4,67.7,231.3,-1,-1,-1,-1
324,34.0,302.4,408.1,72.0,181.8,-1,-1,-1,-1
324,33.0,905.4,380.5,52.2,186.1,-1,-1,-1,-1
324,32.0,351.2,409.5,75.1,184.5,-1,-1,-1,-1
324,30.0,560.7,367.4,70.2,189.2,-1,-1,-1,-1
324,21.0,943.2,366.1,64.8,200.5,-1,-1,-1,-1
324,13.0,481.5,360.2,63.9,167.2,-1,-1,-1,-1
324,12.0,745.2,374.2,58.5,155.0,-1,-1,-1,-1
324,11.0,809.1,403.2,65.7,196.2,-1,-1,-1,-1
324,10.0,224.3,355.7,50.9,213.5,-1,-1,-1,-1
324,4.0,765.0,404.3,63.9,195.1,-1,-1,-1,-1
324,3.0,607.5,353.5,52.2,200.0,-1,-1,-1,-1
324,2.0,292.5,386.1,53.1,144.5,-1,-1,-1,-1
325,42.0,185.4,251.5,102.1,123.8,-1,-1,-1,-1
325,41.0,599.8,223.4,57.6,149.4,-1,-1,-1,-1
325,40.0,785.2,252.7,85.5,165.6,-1,-1,-1,-1
325,39.0,349.6,279.0,90.4,164.2,-1,-1,-1,-1
325,38.0,937.8,222.7,79.2,166.5,-1,-1,-1,-1
325,37.0,852.3,383.4,79.2,160.2,-1,-1,-1,-1
325,36.0,234.7,371.5,52.6,171.2,-1,-1,-1,-1
325,35.0,182.0,352.8,59.4,217.8,-1,-1,-1,-1
325,34.0,302.8,401.2,73.8,189.2,-1,-1,-1,-1
325,33.0,907.2,381.6,52.2,185.4,-1,-1,-1,-1
325,32.0,356.4,418.7,73.8,178.0,-1,-1,-1,-1
325,30.0,560.2,365.4,70.2,191.7,-1,-1,-1,-1
325,21.0,942.3,367.4,64.8,193.7,-1,-1,-1,-1
325,13.0,481.5,360.4,63.9,166.9,-1,-1,-1,-1
325,12.0,745.2,373.9,59.4,155.2,-1,-1,-1,-1
325,11.0,808.2,403.2,67.5,196.2,-1,-1,-1,-1
325,10.0,226.3,360.2,49.5,206.8,-1,-1,-1,-1
325,4.0,762.7,404.8,66.6,195.1,-1,-1,-1,-1
325,3.0,605.7,361.1,54.0,192.8,-1,-1,-1,-1
325,2.0,293.2,387.9,55.8,142.2,-1,-1,-1,-1
326,42.0,182.5,247.3,100.8,139.9,-1,-1,-1,-1
326,41.0,600.3,221.2,60.3,154.4,-1,-1,-1,-1
326,40.0,788.4,253.6,82.8,165.6,-1,-1,-1,-1
326,39.0,348.7,272.9,93.6,166.9,-1,-1,-1,-1
326,38.0,938.7,223.4,77.4,166.0,-1,-1,-1,-1
326,37.0,852.3,383.8,76.5,159.3,-1,-1,-1,-1
326,36.0,233.8,371.9,53.5,171.2,-1,-1,-1,-1
326,35.0,183.4,353.7,57.4,216.9,-1,-1,-1,-1
326,34.0,305.5,402.1,70.6,188.3,-1,-1,-1,-1
326,33.0,906.3,381.6,50.4,185.4,-1,-1,-1,-1
326,32.0,353.5,422.3,77.0,175.3,-1,-1,-1,-1
326,30.0,559.8,365.4,69.3,191.7,-1,-1,-1,-1
326,21.0,942.3,366.3,63.0,194.4,-1,-1,-1,-1
326,13.0,481.5,360.0,63.9,167.4,-1,-1,-1,-1
326,12.0,745.2,373.9,59.4,154.8,-1,-1,-1,-1
326,11.0,805.9,403.6,69.3,196.2,-1,-1,-1,-1
326,10.0,225.4,369.7,50.4,195.5,-1,-1,-1,-1
326,4.0,765.0,405.0,63.9,194.4,-1,-1,-1,-1
326,3.0,603.0,363.6,58.5,190.8,-1,-1,-1,-1
326,2.0,293.6,388.3,54.9,141.3,-1,-1,-1,-1
327,42.0,178.6,243.2,106.6,146.7,-1,-1,-1,-1
327,41.0,600.3,217.9,65.7,161.4,-1,-1,-1,-1
327,40.0,789.3,250.6,81.9,166.5,-1,-1,-1,-1
327,39.0,349.4,266.8,95.4,184.0,-1,-1,-1,-1
327,38.0,936.0,220.6,81.0,166.8,-1,-1,-1,-1
327,37.0,850.9,384.7,77.8,158.4,-1,-1,-1,-1
327,35.0,186.0,350.1,54.8,221.0,-1,-1,-1,-1
327,34.0,295.6,401.2,76.5,191.0,-1,-1,-1,-1
327,33.0,906.3,382.0,50.4,184.5,-1,-1,-1,-1
327,32.0,349.6,416.2,77.4,180.9,-1,-1,-1,-1
327,30.0,559.3,366.5,66.6,190.6,-1,-1,-1,-1
327,21.0,940.5,362.5,63.0,200.5,-1,-1,-1,-1
327,13.0,481.5,360.4,63.9,166.9,-1,-1,-1,-1
327,12.0,745.2,373.7,58.5,154.6,-1,-1,-1,-1
327,11.0,805.9,402.7,68.4,197.1,-1,-1,-1,-1
327,10.0,222.5,375.3,57.6,187.2,-1,-1,-1,-1
327,4.0,771.7,403.4,57.6,196.0,-1,-1,-1,-1
327,3.0,600.8,366.3,66.6,187.6,-1,-1,-1,-1
327,2.0,295.0,389.9,54.9,139.7,-1,-1,-1,-1
328,42.0,177.9,242.1,104.7,149.4,-1,-1,-1,-1
328,41.0,599.8,212.8,68.4,167.4,-1,-1,-1,-1
328,40.0,781.2,245.7,90.0,171.5,-1,-1,-1,-1
328,39.0,351.2,264.4,96.8,193.9,-1,-1,-1,-1
328,38.0,935.1,216.7,82.8,166.9,-1,-1,-1,-1
328,37.0,850.9,384.7,78.8,158.4,-1,-1,-1,-1
328,35.0,183.9,336.6,56.4,234.5,-1,-1,-1,-1
328,34.0,295.4,399.1,77.4,192.6,-1,-1,-1,-1
328,33.0,905.8,378.2,49.0,188.8,-1,-1,-1,-1
328,32.0,351.4,409.9,73.8,187.2,-1,-1,-1,-1
328,30.0,558.9,367.0,69.3,190.6,-1,-1,-1,-1
328,21.0,938.7,360.9,64.8,201.6,-1,-1,-1,-1
328,13.0,481.5,360.4,63.9,166.9,-1,-1,-1,-1
328,12.0,745.2,373.5,59.4,155.3,-1,-1,-1,-1
328,11.0,804.1,401.8,70.2,198.0,-1,-1,-1,-1
328,10.0,222.5,376.0,57.6,186.1,-1,-1,-1,-1
328,4.0,767.2,403.2,61.2,195.3,-1,-1,-1,-1
328,3.0,600.3,366.3,68.4,187.6,-1,-1,-1,-1
328,2.0,295.6,391.0,56.7,138.6,-1,-1,-1,-1
329,42.0,182.9,232.2,99.0,162.5,-1,-1,-1,-1
329,41.0,599.4,207.7,68.4,173.2,-1,-1,-1,-1
329,40.0,785.7,239.2,86.4,181.8,-1,-1,-1,-1
329,39.0,347.4,265.5,107.1,184.9,-1,-1,-1,-1
329,38.0,936.0,207.4,79.2,175.9,-1,-1,-1,-1
329,37.0,850.9,384.7,80.5,158.4,-1,-1,-1,-1
329,35.0,187.1,352.6,51.9,218.0,-1,-1,-1,-1
329,34.0,302.6,403.6,74.7,188.1,-1,-1,-1,-1
329,33.0,904.0,368.1,49.1,198.9,-1,-1,-1,-1
329,32.0,348.7,423.2,78.8,173.5,-1,-1,-1,-1
329,30.0,558.4,367.6,73.8,189.9,-1,-1,-1,-1
329,21.0,938.7,361.3,63.0,200.7,-1,-1,-1,-1
329,13.0,481.5,360.4,63.9,166.9,-1,-1,-1,-1
329,12.0,745.2,373.5,60.3,154.4,-1,-1,-1,-1
329,11.0,808.6,398.7,65.7,200.7,-1,-1,-1,-1
329,10.0,222.5,379.3,58.0,180.9,-1,-1,-1,-1
329,4.0,766.8,401.2,60.3,197.8,-1,-1,-1,-1
329,3.0,602.1,366.3,70.2,187.6,-1,-1,-1,-1
329,2.0,296.3,391.5,58.5,138.6,-1,-1,-1,-1
330,42.0,185.5,229.7,95.3,165.1,-1,-1,-1,-1
330,41.0,597.6,206.3,70.2,173.2,-1,-1,-1,-1
330,40.0,786.1,234.0,87.3,180.4,-1,-1,-1,-1
330,39.0,347.4,267.3,108.0,185.8,-1,-1,-1,-1
330,38.0,936.0,204.3,79.2,180.0,-1,-1,-1,-1
330,37.0,850.5,384.3,81.0,160.2,-1,-1,-1,-1
330,35.0,187.0,349.9,50.2,220.7,-1,-1,-1,-1
330,34.0,302.8,401.8,76.1,189.9,-1,-1,-1,-1
330,33.0,905.4,369.0,48.6,198.0,-1,-1,-1,-1
330,32.0,349.2,423.4,79.6,172.8,-1,-1,-1,-1
330,30.0,558.0,376.0,77.4,181.1,-1,-1,-1,-1
330,21.0,936.9,360.2,63.0,201.8,-1,-1,-1,-1
330,13.0,481.9,360.9,63.9,166.5,-1,-1,-1,-1
330,12.0,744.7,373.3,59.4,155.9,-1,-1,-1,-1
330,11.0,808.2,395.1,65.7,204.3,-1,-1,-1,-1
330,10.0,223.0,378.4,58.9,181.8,-1,-1,-1,-1
330,4.0,772.6,397.6,53.1,200.5,-1,-1,-1,-1
330,3.0,601.6,366.3,70.2,187.6,-1,-1,-1,-1
330,2.0,297.0,391.9,57.1,137.7,-1,-1,-1,-1
331,42.0,187.5,224.2,92.6,170.4,-1,-1,-1,-1
331,41.0,596.7,203.3,72.0,177.4,-1,-1,-1,-1
331,40.0,787.9,228.8,87.3,180.0,-1,-1,-1,-1
331,39.0,348.5,270.9,103.0,180.4,-1,-1,-1,-1
331,38.0,936.0,199.1,75.6,179.6,-1,-1,-1,-1
331,37.0,850.5,384.7,79.2,158.4,-1,-1,-1,-1
331,35.0,183.3,360.0,53.7,211.5,-1,-1,-1,-1
331,34.0,300.6,400.7,78.3,191.0,-1,-1,-1,-1
331,33.0,905.8,358.6,46.3,207.9,-1,-1,-1,-1
331,32.0,351.2,419.4,77.9,175.5,-1,-1,-1,-1
331,30.0,559.3,367.6,71.1,189.9,-1,-1,-1,-1
331,21.0,937.8,356.8,61.2,205.7,-1,-1,-1,-1
331,13.0,481.9,361.1,63.9,166.3,-1,-1,-1,-1
331,12.0,745.2,372.8,58.5,157.7,-1,-1,-1,-1
331,11.0,808.2,389.2,64.8,209.7,-1,-1,-1,-1
331,10.0,222.4,378.4,60.0,181.8,-1,-1,-1,-1
331,4.0,778.9,396.4,55.8,201.6,-1,-1,-1,-1
331,3.0,604.3,367.2,67.5,186.3,-1,-1,-1,-1
331,2.0,297.2,392.2,54.9,136.1,-1,-1,-1,-1
332,42.0,187.8,224.3,91.9,169.6,-1,-1,-1,-1
332,41.0,596.7,202.5,72.9,178.2,-1,-1,-1,-1
332,40.0,788.8,225.4,88.2,186.3,-1,-1,-1,-1
332,39.0,348.1,270.9,99.5,180.9,-1,-1,-1,-1
332,38.0,934.2,196.6,77.4,184.9,-1,-1,-1,-1
332,37.0,850.9,385.2,77.8,158.4,-1,-1,-1,-1
332,35.0,182.7,364.3,54.7,205.4,-1,-1,-1,-1
332,34.0,300.1,400.9,79.6,189.9,-1,-1,-1,-1
332,33.0,905.4,367.6,45.0,198.9,-1,-1,-1,-1
332,32.0,353.0,416.2,76.9,178.2,-1,-1,-1,-1
332,30.0,559.3,365.8,71.1,191.7,-1,-1,-1,-1
332,21.0,937.8,357.5,61.2,205.0,-1,-1,-1,-1
332,13.0,482.8,361.1,63.0,166.3,-1,-1,-1,-1
332,12.0,745.6,372.8,57.6,156.8,-1,-1,-1,-1
332,11.0,806.8,384.7,66.6,214.2,-1,-1,-1,-1
332,10.0,221.7,379.1,61.3,181.6,-1,-1,-1,-1
332,4.0,779.8,399.6,57.6,198.9,-1,-1,-1,-1
332,3.0,605.2,365.8,66.6,187.7,-1,-1,-1,-1
332,2.0,297.2,391.9,56.7,136.4,-1,-1,-1,-1
333,42.0,191.0,221.7,89.5,170.2,-1,-1,-1,-1
333,41.0,597.6,200.7,72.0,178.6,-1,-1,-1,-1
333,40.0,791.5,220.0,86.4,181.8,-1,-1,-1,-1
333,39.0,348.7,266.6,90.5,176.8,-1,-1,-1,-1
333,38.0,933.3,194.6,77.4,191.7,-1,-1,-1,-1
333,37.0,850.5,384.7,76.5,162.0,-1,-1,-1,-1
333,35.0,182.5,362.2,55.3,207.9,-1,-1,-1,-1
333,34.0,313.0,396.4,66.6,194.4,-1,-1,-1,-1
333,33.0,904.0,380.0,47.2,187.0,-1,-1,-1,-1
333,32.0,355.0,411.1,76.9,181.1,-1,-1,-1,-1
333,30.0,563.4,364.5,63.9,193.5,-1,-1,-1,-1
333,21.0,937.8,356.2,59.4,206.8,-1,-1,-1,-1
333,13.0,483.3,361.6,63.0,165.8,-1,-1,-1,-1
333,12.0,745.2,372.6,61.2,156.6,-1,-1,-1,-1
333,11.0,808.6,384.7,66.6,213.3,-1,-1,-1,-1
333,10.0,222.3,377.5,63.9,180.9,-1,-1,-1,-1
333,4.0,778.0,407.9,63.0,190.6,-1,-1,-1,-1
333,3.0,606.1,364.3,65.7,188.8,-1,-1,-1,-1
333,2.0,296.5,391.9,60.8,137.7,-1,-1,-1,-1
334,42.0,191.7,219.4,92.7,172.8,-1,-1,-1,-1
334,41.0,598.0,199.3,72.0,179.6,-1,-1,-1,-1
334,40.0,792.4,220.0,84.6,180.4,-1,-1,-1,-1
334,39.0,349.0,265.9,86.0,177.3,-1,-1,-1,-1
334,38.0,932.4,195.1,77.4,191.7,-1,-1,-1,-1
334,37.0,848.7,385.0,78.3,167.6,-1,-1,-1,-1
334,35.0,182.2,363.6,54.7,207.0,-1,-1,-1,-1
334,34.0,310.0,395.8,74.7,195.5,-1,-1,-1,-1
334,33.0,904.5,379.3,46.8,187.2,-1,-1,-1,-1
334,32.0,355.7,410.8,77.0,180.9,-1,-1,-1,-1
334,30.0,560.7,362.7,65.7,194.9,-1,-1,-1,-1
334,21.0,937.8,357.7,59.4,205.6,-1,-1,-1,-1
334,13.0,483.3,361.8,63.0,165.6,-1,-1,-1,-1
334,12.0,745.2,372.4,76.5,155.9,-1,-1,-1,-1
334,11.0,809.5,384.1,64.8,213.5,-1,-1,-1,-1
334,10.0,222.5,373.3,63.9,184.7,-1,-1,-1,-1
334,4.0,770.8,411.3,65.7,187.2,-1,-1,-1,-1
334,3.0,606.6,362.9,65.7,190.6,-1,-1,-1,-1
334,2.0,296.3,391.5,62.5,143.1,-1,-1,-1,-1
335,42.0,194.4,212.4,90.4,178.6,-1,-1,-1,-1
335,41.0,598.0,197.5,71.1,182.7,-1,-1,-1,-1
335,40.0,795.6,217.1,81.0,184.5,-1,-1,-1,-1
335,39.0,348.7,259.4,82.8,181.8,-1,-1,-1,-1
335,38.0,931.5,194.8,79.2,193.5,-1,-1,-1,-1
335,37.0,848.2,384.7,82.4,171.0,-1,-1,-1,-1
335,35.0,185.2,358.6,53.6,211.5,-1,-1,-1,-1
335,34.0,308.5,392.4,71.1,198.9,-1,-1,-1,-1
335,33.0,904.9,377.5,45.5,189.0,-1,-1,-1,-1
335,32.0,353.7,405.9,79.6,185.4,-1,-1,-1,-1
335,30.0,561.1,361.1,63.0,196.0,-1,-1,-1,-1
335,21.0,937.8,358.2,59.4,204.3,-1,-1,-1,-1
335,13.0,484.2,361.6,62.1,165.8,-1,-1,-1,-1
335,12.0,744.7,372.1,77.4,152.5,-1,-1,-1,-1
335,11.0,809.1,383.8,60.3,216.0,-1,-1,-1,-1
335,10.0,222.5,369.9,63.9,189.0,-1,-1,-1,-1
335,4.0,772.2,413.3,49.5,185.2,-1,-1,-1,-1
335,3.0,607.9,360.2,63.9,193.3,-1,-1,-1,-1
335,2.0,296.8,391.5,59.8,144.9,-1,-1,-1,-1
336,42.0,199.9,213.6,86.5,174.3,-1,-1,-1,-1
336,41.0,598.5,196.4,70.2,180.4,-1,-1,-1,-1
336,40.0,794.7,216.9,82.8,184.5,-1,-1,-1,-1
336,39.0,348.7,256.7,81.9,171.9,-1,-1,-1,-1
336,38.0,930.6,194.6,81.0,191.7,-1,-1,-1,-1
336,37.0,849.1,383.8,78.8,164.7,-1,-1,-1,-1
336,35.0,185.4,345.6,54.7,222.8,-1,-1,-1,-1
336,34.0,313.9,394.6,65.7,197.1,-1,-1,-1,-1
336,33.0,904.9,372.6,45.5,192.6,-1,-1,-1,-1
336,32.0,352.3,402.3,81.0,188.1,-1,-1,-1,-1
336,30.0,561.6,371.7,59.4,185.4,-1,-1,-1,-1
336,21.0,936.9,358.0,61.2,203.6,-1,-1,-1,-1
336,13.0,483.7,361.6,62.1,165.8,-1,-1,-1,-1
336,12.0,745.2,371.9,78.3,149.6,-1,-1,-1,-1
336,11.0,809.1,385.0,58.5,214.4,-1,-1,-1,-1
336,10.0,223.9,367.0,63.0,192.4,-1,-1,-1,-1
336,4.0,774.0,413.1,43.2,185.4,-1,-1,-1,-1
336,3.0,608.4,360.0,63.0,193.5,-1,-1,-1,-1
336,2.0,296.8,390.8,62.1,143.3,-1,-1,-1,-1
337,42.0,203.1,204.3,86.7,180.4,-1,-1,-1,-1
337,41.0,598.5,193.7,70.2,180.9,-1,-1,-1,-1
337,40.0,795.6,217.2,83.7,187.3,-1,-1,-1,-1
337,39.0,348.3,249.7,83.2,171.4,-1,-1,-1,-1
337,38.0,929.7,194.2,82.8,193.5,-1,-1,-1,-1
337,37.0,847.8,383.8,79.2,166.5,-1,-1,-1,-1
337,35.0,191.9,349.0,49.3,218.9,-1,-1,-1,-1
337,34.0,314.1,383.4,64.4,207.9,-1,-1,-1,-1
337,33.0,905.4,369.2,43.2,196.0,-1,-1,-1,-1
337,32.0,356.4,392.8,77.4,198.0,-1,-1,-1,-1
337,30.0,562.0,366.1,56.7,190.6,-1,-1,-1,-1
337,21.0,936.0,357.7,63.0,204.3,-1,-1,-1,-1
337,13.0,484.6,361.6,61.2,165.8,-1,-1,-1,-1
337,12.0,745.2,372.1,77.4,148.0,-1,-1,-1,-1
337,11.0,809.5,386.3,59.4,214.4,-1,-1,-1,-1
337,10.0,222.4,362.7,65.6,196.2,-1,-1,-1,-1
337,4.0,773.5,398.7,44.1,199.8,-1,-1,-1,-1
337,3.0,609.3,357.7,62.1,195.3,-1,-1,-1,-1
337,2.0,296.8,390.1,63.9,139.0,-1,-1,-1,-1
338,42.0,204.4,197.8,86.3,182.2,-1,-1,-1,-1
338,41.0,597.6,192.5,72.0,181.9,-1,-1,-1,-1
338,40.0,795.6,217.2,83.7,187.3,-1,-1,-1,-1
338,39.0,347.4,245.7,84.1,178.2,-1,-1,-1,-1
338,38.0,929.7,194.4,82.8,189.9,-1,-1,-1,-1
338,37.0,847.3,383.2,77.8,167.6,-1,-1,-1,-1
338,35.0,190.0,332.5,51.2,234.9,-1,-1,-1,-1
338,34.0,314.3,387.4,64.4,203.4,-1,-1,-1,-1
338,33.0,904.9,367.0,44.5,197.8,-1,-1,-1,-1
338,32.0,357.3,388.6,76.5,203.2,-1,-1,-1,-1
338,30.0,562.5,363.8,56.7,192.4,-1,-1,-1,-1
338,21.0,936.0,356.2,63.0,205.0,-1,-1,-1,-1
338,13.0,484.6,361.8,61.2,165.6,-1,-1,-1,-1
338,12.0,744.7,371.9,63.0,148.7,-1,-1,-1,-1
338,11.0,810.0,385.6,59.4,216.0,-1,-1,-1,-1
338,10.0,222.4,357.5,65.8,201.4,-1,-1,-1,-1
338,4.0,774.0,405.0,43.2,193.5,-1,-1,-1,-1
338,3.0,608.8,357.1,63.0,196.0,-1,-1,-1,-1
338,2.0,296.5,390.1,63.4,139.0,-1,-1,-1,-1
339,42.0,198.3,189.9,90.8,186.8,-1,-1,-1,-1
339,41.0,597.6,190.1,72.0,182.2,-1,-1,-1,-1
339,40.0,797.8,215.9,83.7,187.8,-1,-1,-1,-1
339,39.0,346.5,238.5,85.1,175.1,-1,-1,-1,-1
339,38.0,930.6,194.3,82.8,185.5,-1,-1,-1,-1
339,37.0,846.4,383.8,81.5,155.7,-1,-1,-1,-1
339,35.0,191.0,354.6,48.8,213.3,-1,-1,-1,-1
339,34.0,313.6,395.5,74.7,196.2,-1,-1,-1,-1
339,33.0,905.8,363.4,44.5,198.2,-1,-1,-1,-1
339,32.0,357.7,382.5,76.1,207.9,-1,-1,-1,-1
339,30.0,562.9,356.6,57.6,197.8,-1,-1,-1,-1
339,21.0,934.2,354.1,64.8,206.5,-1,-1,-1,-1
339,13.0,484.6,361.6,60.3,165.8,-1,-1,-1,-1
339,12.0,744.7,371.5,60.3,148.7,-1,-1,-1,-1
339,11.0,812.2,384.5,60.3,217.6,-1,-1,-1,-1
339,10.0,221.3,354.6,66.5,204.3,-1,-1,-1,-1
339,4.0,772.2,419.6,43.2,178.0,-1,-1,-1,-1
339,3.0,610.6,353.7,61.2,199.4,-1,-1,-1,-1
339,2.0,296.8,388.8,64.8,139.5,-1,-1,-1,-1
340,42.0,198.1,182.2,96.0,202.1,-1,-1,-1,-1
340,41.0,597.1,189.2,72.9,182.7,-1,-1,-1,-1
340,40.0,797.8,215.5,85.5,185.9,-1,-1,-1,-1
340,39.0,347.6,237.6,83.2,163.3,-1,-1,-1,-1
340,38.0,930.6,195.1,82.8,183.6,-1,-1,-1,-1
340,37.0,846.0,383.4,87.3,154.8,-1,-1,-1,-1
340,35.0,194.1,358.4,45.6,209.0,-1,-1,-1,-1
340,34.0,315.2,392.4,70.6,199.8,-1,-1,-1,-1
340,33.0,904.9,362.2,45.5,198.9,-1,-1,-1,-1
340,32.0,358.2,382.9,74.2,207.0,-1,-1,-1,-1
340,30.0,563.4,354.1,56.7,199.8,-1,-1,-1,-1
340,21.0,936.0,359.5,63.0,199.8,-1,-1,-1,-1
340,13.0,484.6,361.6,60.3,165.8,-1,-1,-1,-1
340,12.0,745.2,371.2,59.4,149.4,-1,-1,-1,-1
340,11.0,811.8,383.2,60.3,218.9,-1,-1,-1,-1
340,10.0,221.8,354.6,65.7,204.3,-1,-1,-1,-1
340,4.0,772.6,416.5,40.5,180.2,-1,-1,-1,-1
340,3.0,610.6,352.6,61.2,200.5,-1,-1,-1,-1
340,2.0,297.4,388.6,63.5,140.6,-1,-1,-1,-1
341,42.0,199.9,171.6,97.3,206.0,-1,-1,-1,-1
341,41.0,596.2,186.5,74.7,183.1,-1,-1,-1,-1
341,40.0,798.3,212.1,87.3,188.0,-1,-1,-1,-1
341,39.0,340.2,228.6,88.2,171.0,-1,-1,-1,-1
341,38.0,930.6,194.8,82.8,181.8,-1,-1,-1,-1
341,37.0,845.5,382.9,78.7,155.2,-1,-1,-1,-1
341,35.0,190.7,357.7,48.9,210.6,-1,-1,-1,-1
341,34.0,317.9,385.9,58.9,206.8,-1,-1,-1,-1
341,33.0,904.0,358.6,46.4,202.9,-1,-1,-1,-1
341,32.0,361.1,379.6,69.8,209.0,-1,-1,-1,-1
341,30.0,564.3,351.0,57.6,202.1,-1,-1,-1,-1
341,21.0,933.3,358.0,66.6,200.5,-1,-1,-1,-1
341,13.0,484.6,361.6,59.4,165.8,-1,-1,-1,-1
341,12.0,744.7,371.5,59.4,148.7,-1,-1,-1,-1
341,11.0,812.2,381.6,59.4,220.5,-1,-1,-1,-1
341,10.0,220.7,353.7,66.2,206.6,-1,-1,-1,-1
341,4.0,771.7,421.2,38.7,175.5,-1,-1,-1,-1
341,3.0,610.6,349.6,60.3,202.9,-1,-1,-1,-1
341,2.0,297.4,387.0,63.0,142.2,-1,-1,-1,-1
342,42.0,198.6,172.1,98.9,208.8,-1,-1,-1,-1
342,41.0,596.2,186.9,73.8,182.1,-1,-1,-1,-1
342,40.0,798.7,212.2,87.3,186.3,-1,-1,-1,-1
342,39.0,338.2,227.2,89.5,169.2,-1,-1,-1,-1
342,38.0,931.5,195.7,82.8,179.1,-1,-1,-1,-1
342,37.0,845.5,383.4,79.6,157.5,-1,-1,-1,-1
342,35.0,188.5,356.8,51.3,211.5,-1,-1,-1,-1
342,34.0,319.0,382.9,57.1,209.7,-1,-1,-1,-1
342,33.0,906.3,356.2,45.0,207.2,-1,-1,-1,-1
342,32.0,362.7,378.9,66.6,209.7,-1,-1,-1,-1
342,30.0,564.8,350.5,56.7,203.0,-1,-1,-1,-1
342,21.0,935.1,355.0,64.8,202.5,-1,-1,-1,-1
342,13.0,484.6,361.6,59.4,165.8,-1,-1,-1,-1
342,12.0,745.2,371.2,59.4,148.9,-1,-1,-1,-1
342,11.0,812.2,381.1,59.4,221.4,-1,-1,-1,-1
342,10.0,222.0,352.8,64.2,210.6,-1,-1,-1,-1
342,4.0,771.7,421.4,38.7,178.0,-1,-1,-1,-1
342,3.0,610.6,348.3,60.3,204.8,-1,-1,-1,-1
342,2.0,297.2,386.1,63.5,143.5,-1,-1,-1,-1
343,42.0,200.7,170.5,99.0,206.5,-1,-1,-1,-1
343,41.0,595.3,185.8,73.8,183.6,-1,-1,-1,-1
343,40.0,800.5,210.1,85.5,188.1,-1,-1,-1,-1
343,39.0,352.8,227.7,70.6,164.2,-1,-1,-1,-1
343,38.0,932.4,195.1,82.8,181.8,-1,-1,-1,-1
343,37.0,845.1,382.9,80.1,159.3,-1,-1,-1,-1
343,35.0,188.3,354.1,54.0,214.2,-1,-1,-1,-1
343,34.0,320.8,378.0,57.1,212.4,-1,-1,-1,-1
343,33.0,906.7,356.2,46.4,206.8,-1,-1,-1,-1
343,32.0,362.9,375.7,63.0,211.5,-1,-1,-1,-1
343,30.0,566.1,352.3,53.1,201.2,-1,-1,-1,-1
343,21.0,933.3,352.1,64.8,205.0,-1,-1,-1,-1
343,13.0,485.1,360.9,58.5,166.9,-1,-1,-1,-1
343,12.0,745.2,371.5,59.4,148.7,-1,-1,-1,-1
343,11.0,811.8,380.9,58.5,221.2,-1,-1,-1,-1
343,10.0,224.2,352.8,62.0,210.6,-1,-1,-1,-1
343,4.0,772.6,413.1,36.9,187.2,-1,-1,-1,-1
343,3.0,610.6,346.5,60.3,205.2,-1,-1,-1,-1
343,2.0,297.4,383.4,58.5,146.2,-1,-1,-1,-1
344,42.0,199.1,169.1,103.1,210.7,-1,-1,-1,-1
344,41.0,595.8,185.4,72.0,184.9,-1,-1,-1,-1
344,40.0,801.0,209.2,84.6,188.1,-1,-1,-1,-1
344,39.0,353.7,226.6,68.9,165.1,-1,-1,-1,-1
344,38.0,932.4,195.1,82.8,180.4,-1,-1,-1,-1
344,37.0,845.5,382.7,80.5,157.7,-1,-1,-1,-1
344,35.0,187.8,353.7,54.8,214.2,-1,-1,-1,-1
344,34.0,321.1,376.4,58.0,213.5,-1,-1,-1,-1
344,33.0,907.2,358.0,45.0,205.4,-1,-1,-1,-1
344,32.0,363.6,374.6,61.2,212.2,-1,-1,-1,-1
344,30.0,566.5,352.3,53.1,201.2,-1,-1,-1,-1
344,21.0,932.4,352.8,66.6,204.3,-1,-1,-1,-1
344,13.0,484.6,360.9,58.5,166.9,-1,-1,-1,-1
344,12.0,744.7,371.5,63.0,148.7,-1,-1,-1,-1
344,11.0,811.8,380.0,58.5,221.6,-1,-1,-1,-1
344,10.0,225.4,352.8,61.2,211.0,-1,-1,-1,-1
344,4.0,773.1,412.2,40.5,188.1,-1,-1,-1,-1
344,3.0,610.6,346.9,60.3,204.7,-1,-1,-1,-1
344,2.0,297.9,381.6,56.7,152.5,-1,-1,-1,-1
345,42.0,199.2,171.9,102.3,204.3,-1,-1,-1,-1
345,41.0,596.7,185.2,71.1,182.2,-1,-1,-1,-1
345,40.0,804.6,210.9,81.0,185.5,-1,-1,-1,-1
345,39.0,354.1,225.4,67.9,163.8,-1,-1,-1,-1
345,38.0,931.5,195.5,82.8,177.8,-1,-1,-1,-1
345,37.0,845.1,382.5,82.8,161.1,-1,-1,-1,-1
345,35.0,186.3,355.9,55.6,212.4,-1,-1,-1,-1
345,34.0,322.9,374.8,56.7,213.3,-1,-1,-1,-1
345,33.0,907.6,357.7,44.5,205.6,-1,-1,-1,-1
345,32.0,365.2,373.5,57.6,213.3,-1,-1,-1,-1
345,30.0,567.4,351.9,53.1,202.0,-1,-1,-1,-1
345,21.0,931.5,352.3,66.6,204.3,-1,-1,-1,-1
345,13.0,485.1,360.7,58.5,167.2,-1,-1,-1,-1
345,12.0,744.7,371.5,66.6,147.8,-1,-1,-1,-1
345,11.0,811.8,379.3,57.6,222.3,-1,-1,-1,-1
345,10.0,225.7,353.7,62.1,209.7,-1,-1,-1,-1
345,4.0,772.6,408.6,47.7,192.6,-1,-1,-1,-1
345,3.0,610.6,347.4,60.3,204.3,-1,-1,-1,-1
345,2.0,298.1,378.7,54.9,156.8,-1,-1,-1,-1
346,42.0,199.5,180.1,101.1,196.5,-1,-1,-1,-1
346,41.0,597.1,185.1,71.1,182.1,-1,-1,-1,-1
346,40.0,805.5,211.9,80.1,183.6,-1,-1,-1,-1
346,39.0,353.7,224.3,68.4,164.7,-1,-1,-1,-1
346,38.0,932.4,195.3,82.8,178.6,-1,-1,-1,-1
346,37.0,846.0,382.7,79.2,155.9,-1,-1,-1,-1
346,35.0,183.4,356.4,58.9,212.4,-1,-1,-1,-1
346,34.0,323.5,374.2,56.7,213.5,-1,-1,-1,-1
346,33.0,907.6,358.4,43.6,204.1,-1,-1,-1,-1
346,32.0,363.1,372.8,59.4,214.4,-1,-1,-1,-1
346,30.0,568.3,351.4,53.1,202.5,-1,-1,-1,-1
346,21.0,933.3,354.1,64.8,202.9,-1,-1,-1,-1
346,13.0,485.1,360.7,58.5,167.2,-1,-1,-1,-1
346,12.0,745.2,371.5,63.9,148.7,-1,-1,-1,-1
346,11.0,812.2,380.0,57.6,221.6,-1,-1,-1,-1
346,10.0,225.7,353.9,63.5,209.0,-1,-1,-1,-1
346,4.0,772.6,406.3,41.4,194.4,-1,-1,-1,-1
346,3.0,610.2,347.2,60.3,204.5,-1,-1,-1,-1
346,2.0,298.6,377.8,54.0,157.7,-1,-1,-1,-1
347,42.0,202.0,176.7,98.5,199.5,-1,-1,-1,-1
347,41.0,598.0,184.6,70.2,182.1,-1,-1,-1,-1
347,40.0,806.8,211.5,79.2,183.6,-1,-1,-1,-1
347,39.0,353.7,223.9,68.4,164.7,-1,-1,-1,-1
347,38.0,932.4,195.5,84.6,178.2,-1,-1,-1,-1
347,37.0,843.7,382.7,82.4,153.2,-1,-1,-1,-1
347,35.0,183.8,357.7,59.2,210.6,-1,-1,-1,-1
347,34.0,323.5,373.9,57.1,212.4,-1,-1,-1,-1
347,33.0,907.6,358.6,44.5,204.3,-1,-1,-1,-1
347,32.0,364.7,372.6,57.6,215.1,-1,-1,-1,-1
347,30.0,568.3,351.0,53.1,202.9,-1,-1,-1,-1
347,21.0,932.4,355.5,64.8,202.1,-1,-1,-1,-1
347,13.0,485.1,360.2,58.5,167.2,-1,-1,-1,-1
347,12.0,744.7,371.7,68.4,148.1,-1,-1,-1,-1
347,11.0,812.2,379.3,58.5,222.3,-1,-1,-1,-1
347,10.0,225.3,353.7,64.5,209.7,-1,-1,-1,-1
347,4.0,773.5,403.6,50.4,197.1,-1,-1,-1,-1
347,3.0,611.1,347.6,59.4,203.6,-1,-1,-1,-1
347,2.0,298.6,375.5,53.5,159.1,-1,-1,-1,-1
348,42.0,201.6,182.2,97.7,193.5,-1,-1,-1,-1
348,41.0,598.0,184.8,70.2,181.9,-1,-1,-1,-1
348,40.0,805.9,211.3,80.1,183.6,-1,-1,-1,-1
348,39.0,353.9,223.2,67.9,165.6,-1,-1,-1,-1
348,38.0,932.4,195.3,84.6,178.2,-1,-1,-1,-1
348,37.0,842.4,382.3,83.7,152.3,-1,-1,-1,-1
348,35.0,184.0,356.8,59.4,211.5,-1,-1,-1,-1
348,34.0,324.0,373.0,56.7,214.2,-1,-1,-1,-1
348,33.0,908.1,361.3,43.2,201.6,-1,-1,-1,-1
348,32.0,364.3,372.6,57.6,215.1,-1,-1,-1,-1
348,30.0,568.8,351.4,52.2,202.5,-1,-1,-1,-1
348,21.0,931.5,354.6,64.8,202.5,-1,-1,-1,-1
348,13.0,485.1,360.2,58.5,167.2,-1,-1,-1,-1
348,12.0,745.2,371.0,63.0,148.7,-1,-1,-1,-1
348,11.0,812.2,380.0,57.6,221.2,-1,-1,-1,-1
348,10.0,225.7,353.2,64.8,210.1,-1,-1,-1,-1
348,4.0,774.4,413.1,60.3,188.1,-1,-1,-1,-1
348,3.0,611.1,348.3,59.4,203.0,-1,-1,-1,-1
348,2.0,298.8,374.2,52.6,159.5,-1,-1,-1,-1
349,42.0,199.1,185.6,100.3,187.2,-1,-1,-1,-1
349,41.0,598.0,184.8,71.1,183.7,-1,-1,-1,-1
349,40.0,806.4,211.5,80.1,184.1,-1,-1,-1,-1
349,39.0,353.7,223.2,68.0,165.1,-1,-1,-1,-1
349,38.0,932.4,194.5,88.2,179.0,-1,-1,-1,-1
349,37.0,839.2,381.8,87.8,153.7,-1,-1,-1,-1
349,35.0,183.6,356.8,61.6,211.5,-1,-1,-1,-1
349,34.0,326.0,371.2,54.9,216.9,-1,-1,-1,-1
349,33.0,908.1,356.8,43.2,206.5,-1,-1,-1,-1
349,32.0,363.6,372.4,57.6,214.4,-1,-1,-1,-1
349,30.0,569.7,352.3,52.2,201.2,-1,-1,-1,-1
349,21.0,935.1,356.8,61.2,199.8,-1,-1,-1,-1
349,13.0,485.1,360.2,58.5,167.2,-1,-1,-1,-1
349,12.0,745.6,371.2,58.5,148.1,-1,-1,-1,-1
349,11.0,810.9,378.2,60.3,223.4,-1,-1,-1,-1
349,10.0,225.9,353.2,64.8,209.7,-1,-1,-1,-1
349,4.0,777.1,389.2,57.6,212.4,-1,-1,-1,-1
349,3.0,611.1,348.3,59.4,203.0,-1,-1,-1,-1
349,2.0,298.8,371.5,54.4,163.1,-1,-1,-1,-1
350,42.0,199.2,185.3,100.0,187.8,-1,-1,-1,-1
350,41.0,596.2,185.8,72.9,183.6,-1,-1,-1,-1
350,40.0,805.5,210.3,81.9,185.7,-1,-1,-1,-1
350,39.0,353.5,223.0,68.4,165.6,-1,-1,-1,-1
350,38.0,932.4,195.1,86.4,178.2,-1,-1,-1,-1
350,37.0,841.9,381.4,86.0,156.8,-1,-1,-1,-1
350,35.0,186.1,356.8,59.4,211.5,-1,-1,-1,-1
350,34.0,327.6,371.2,53.1,216.9,-1,-1,-1,-1
350,33.0,908.1,356.8,43.2,206.5,-1,-1,-1,-1
350,32.0,365.4,370.8,55.3,215.1,-1,-1,-1,-1
350,30.0,569.7,351.9,53.1,201.6,-1,-1,-1,-1
350,21.0,935.1,355.5,61.2,201.6,-1,-1,-1,-1
350,13.0,485.1,360.2,58.5,167.2,-1,-1,-1,-1
350,12.0,745.2,371.5,56.7,148.7,-1,-1,-1,-1
350,11.0,811.3,378.7,59.4,222.5,-1,-1,-1,-1
350,10.0,226.1,352.8,64.8,209.7,-1,-1,-1,-1
350,4.0,777.1,391.0,55.8,210.6,-1,-1,-1,-1
350,3.0,610.6,348.7,60.3,202.1,-1,-1,-1,-1
350,2.0,298.8,369.2,56.2,165.4,-1,-1,-1,-1
351,42.0,199.3,185.1,100.3,188.0,-1,-1,-1,-1
351,41.0,596.2,185.8,72.9,182.7,-1,-1,-1,-1
351,40.0,803.2,208.2,83.7,187.3,-1,-1,-1,-1
351,39.0,351.7,223.2,71.1,164.7,-1,-1,-1,-1
351,38.0,932.4,195.1,86.4,178.6,-1,-1,-1,-1
351,37.0,841.5,380.9,85.5,155.0,-1,-1,-1,-1
351,35.0,188.0,356.8,57.7,211.5,-1,-1,-1,-1
351,34.0,328.7,371.2,52.2,216.9,-1,-1,-1,-1
351,33.0,908.5,356.8,43.7,206.1,-1,-1,-1,-1
351,32.0,366.7,371.2,54.9,215.1,-1,-1,-1,-1
351,30.0,571.0,351.4,52.2,202.1,-1,-1,-1,-1
351,21.0,936.0,352.8,59.4,204.3,-1,-1,-1,-1
351,13.0,485.1,360.2,58.5,167.2,-1,-1,-1,-1
351,12.0,745.6,371.0,54.9,149.6,-1,-1,-1,-1
351,11.0,809.5,380.9,62.1,221.2,-1,-1,-1,-1
351,10.0,226.1,353.2,63.9,209.3,-1,-1,-1,-1
351,4.0,774.0,384.1,54.9,217.6,-1,-1,-1,-1
351,3.0,610.6,348.3,60.3,203.0,-1,-1,-1,-1
351,2.0,299.7,369.0,55.4,165.1,-1,-1,-1,-1
352,42.0,199.1,184.7,99.9,188.1,-1,-1,-1,-1
352,41.0,596.2,185.3,72.0,183.7,-1,-1,-1,-1
352,40.0,803.2,208.2,83.7,187.3,-1,-1,-1,-1
352,39.0,349.9,223.9,74.2,163.3,-1,-1,-1,-1
352,38.0,932.4,194.7,86.4,177.4,-1,-1,-1,-1
352,37.0,841.5,380.2,84.6,155.7,-1,-1,-1,-1
352,35.0,185.2,357.3,60.3,210.6,-1,-1,-1,-1
352,34.0,329.8,372.1,51.3,216.0,-1,-1,-1,-1
352,33.0,908.5,357.3,43.7,205.6,-1,-1,-1,-1
352,32.0,366.7,371.2,54.9,215.1,-1,-1,-1,-1
352,30.0,571.9,351.0,52.2,202.5,-1,-1,-1,-1
352,21.0,936.0,354.8,59.4,201.8,-1,-1,-1,-1
352,13.0,485.1,360.2,58.5,167.2,-1,-1,-1,-1
352,12.0,745.6,371.2,54.9,149.4,-1,-1,-1,-1
352,11.0,810.9,378.7,60.3,222.5,-1,-1,-1,-1
352,10.0,226.9,352.3,62.4,210.2,-1,-1,-1,-1
352,4.0,774.0,381.6,54.0,219.6,-1,-1,-1,-1
352,3.0,610.6,348.7,60.3,202.5,-1,-1,-1,-1
352,2.0,299.5,368.8,57.6,165.8,-1,-1,-1,-1
353,42.0,199.1,182.9,100.3,192.1,-1,-1,-1,-1
353,41.0,596.2,185.4,71.1,183.1,-1,-1,-1,-1
353,40.0,803.7,208.8,82.8,185.9,-1,-1,-1,-1
353,39.0,337.5,223.9,92.7,163.3,-1,-1,-1,-1
353,38.0,932.4,194.6,86.4,175.9,-1,-1,-1,-1
353,37.0,841.9,378.7,83.2,155.9,-1,-1,-1,-1
353,35.0,186.3,358.0,58.9,209.0,-1,-1,-1,-1
353,34.0,329.6,371.2,51.8,216.9,-1,-1,-1,-1
353,33.0,908.1,354.1,43.2,209.2,-1,-1,-1,-1
353,32.0,365.8,369.9,55.4,216.9,-1,-1,-1,-1
353,30.0,573.8,351.2,49.5,201.8,-1,-1,-1,-1
353,21.0,936.0,353.5,61.2,203.6,-1,-1,-1,-1
353,13.0,485.5,360.2,57.6,167.2,-1,-1,-1,-1
353,12.0,745.6,371.2,57.6,150.3,-1,-1,-1,-1
353,11.0,808.6,379.8,63.0,221.4,-1,-1,-1,-1
353,10.0,225.7,352.3,62.5,210.2,-1,-1,-1,-1
353,4.0,770.4,383.2,62.1,218.5,-1,-1,-1,-1
353,3.0,610.6,348.7,60.3,202.5,-1,-1,-1,-1
353,2.0,300.6,369.0,57.6,165.1,-1,-1,-1,-1
354,42.0,199.1,183.4,100.3,190.3,-1,-1,-1,-1
354,41.0,596.2,185.8,68.4,182.2,-1,-1,-1,-1
354,40.0,803.7,209.0,83.7,184.9,-1,-1,-1,-1
354,39.0,337.0,223.9,95.9,163.3,-1,-1,-1,-1
354,38.0,933.3,194.6,86.4,175.9,-1,-1,-1,-1
354,37.0,841.9,378.2,81.5,159.5,-1,-1,-1,-1
354,35.0,186.5,357.3,58.9,209.7,-1,-1,-1,-1
354,34.0,329.2,371.0,51.8,217.6,-1,-1,-1,-1
354,33.0,907.6,353.2,43.6,209.7,-1,-1,-1,-1
354,32.0,365.2,369.9,56.7,216.9,-1,-1,-1,-1
354,30.0,574.6,351.4,48.6,201.1,-1,-1,-1,-1
354,21.0,936.9,352.1,63.0,205.0,-1,-1,-1,-1
354,13.0,485.5,360.2,57.6,167.2,-1,-1,-1,-1
354,12.0,745.6,371.2,57.6,151.2,-1,-1,-1,-1
354,11.0,809.5,380.5,61.2,220.7,-1,-1,-1,-1
354,10.0,225.3,352.3,62.7,209.7,-1,-1,-1,-1
354,4.0,772.2,381.6,57.6,219.6,-1,-1,-1,-1
354,3.0,610.2,348.7,60.3,202.5,-1,-1,-1,-1
354,2.0,300.8,368.1,56.7,166.5,-1,-1,-1,-1
355,42.0,198.4,185.5,100.8,188.0,-1,-1,-1,-1
355,41.0,596.2,185.4,68.4,183.6,-1,-1,-1,-1
355,40.0,801.9,211.3,83.7,183.1,-1,-1,-1,-1
355,39.0,328.9,226.1,112.5,160.2,-1,-1,-1,-1
355,38.0,932.4,193.0,88.2,175.9,-1,-1,-1,-1
355,37.0,842.4,376.6,79.2,169.2,-1,-1,-1,-1
355,35.0,189.4,358.4,55.1,206.8,-1,-1,-1,-1
355,34.0,329.8,372.1,51.8,216.0,-1,-1,-1,-1
355,33.0,908.1,354.6,43.2,208.3,-1,-1,-1,-1
355,32.0,363.1,370.8,59.4,214.2,-1,-1,-1,-1
355,30.0,576.4,352.8,46.8,198.5,-1,-1,-1,-1
355,21.0,936.9,354.6,70.2,202.5,-1,-1,-1,-1
355,13.0,485.5,360.2,57.6,167.2,-1,-1,-1,-1
355,12.0,745.2,371.2,59.4,150.3,-1,-1,-1,-1
355,11.0,810.4,380.7,59.4,220.5,-1,-1,-1,-1
355,10.0,226.1,353.2,62.6,208.4,-1,-1,-1,-1
355,4.0,770.8,380.5,59.4,220.7,-1,-1,-1,-1
355,3.0,609.8,349.0,61.2,201.4,-1,-1,-1,-1
355,2.0,300.8,368.3,56.7,166.3,-1,-1,-1,-1
356,42.0,198.8,182.1,99.6,191.8,-1,-1,-1,-1
356,41.0,595.3,184.8,72.0,183.7,-1,-1,-1,-1
356,40.0,800.1,215.1,85.5,179.6,-1,-1,-1,-1
356,39.0,327.1,228.4,115.6,159.3,-1,-1,-1,-1
356,38.0,932.4,193.7,91.8,175.9,-1,-1,-1,-1
356,37.0,845.1,376.0,75.6,168.5,-1,-1,-1,-1
356,35.0,189.2,359.8,54.9,205.4,-1,-1,-1,-1
356,34.0,329.4,373.0,51.3,215.1,-1,-1,-1,-1
356,33.0,908.1,355.3,45.0,207.7,-1,-1,-1,-1
356,32.0,362.5,372.1,60.8,213.3,-1,-1,-1,-1
356,30.0,576.0,351.4,46.8,199.8,-1,-1,-1,-1
356,21.0,936.0,349.2,72.0,208.4,-1,-1,-1,-1
356,13.0,485.5,360.2,57.6,167.2,-1,-1,-1,-1
356,12.0,745.2,371.7,61.2,148.9,-1,-1,-1,-1
356,11.0,810.9,380.7,59.4,220.5,-1,-1,-1,-1
356,10.0,227.4,355.0,61.1,206.1,-1,-1,-1,-1
356,4.0,766.8,381.8,63.0,220.3,-1,-1,-1,-1
356,3.0,609.8,349.6,61.2,199.4,-1,-1,-1,-1
356,2.0,300.8,368.1,56.7,166.5,-1,-1,-1,-1
357,42.0,192.1,207.7,107.5,169.6,-1,-1,-1,-1
357,41.0,589.0,196.9,90.0,172.3,-1,-1,-1,-1
357,40.0,796.0,227.5,85.5,169.2,-1,-1,-1,-1
357,39.0,328.9,235.1,109.4,156.2,-1,-1,-1,-1
357,38.0,930.6,213.0,95.4,164.6,-1,-1,-1,-1
357,37.0,845.1,374.8,74.7,166.0,-1,-1,-1,-1
357,35.0,186.3,362.9,56.5,201.8,-1,-1,-1,-1
357,34.0,327.1,376.6,52.6,211.5,-1,-1,-1,-1
357,33.0,908.5,360.0,50.0,202.5,-1,-1,-1,-1
357,32.0,360.0,375.7,64.8,209.7,-1,-1,-1,-1
357,30.0,576.0,351.7,48.6,200.0,-1,-1,-1,-1
357,21.0,937.8,354.6,68.4,205.2,-1,-1,-1,-1
357,13.0,485.5,360.2,57.6,167.2,-1,-1,-1,-1
357,12.0,744.7,371.5,63.9,149.6,-1,-1,-1,-1
357,11.0,809.5,382.9,63.9,216.9,-1,-1,-1,-1
357,10.0,227.1,357.3,61.3,204.3,-1,-1,-1,-1
357,4.0,766.3,382.9,64.8,217.8,-1,-1,-1,-1
357,3.0,605.2,350.8,65.7,197.8,-1,-1,-1,-1
357,2.0,300.6,368.5,55.4,165.6,-1,-1,-1,-1
358,42.0,189.3,209.7,110.8,167.4,-1,-1,-1,-1
358,41.0,585.9,201.8,99.0,169.2,-1,-1,-1,-1
358,40.0,795.1,230.6,86.4,168.7,-1,-1,-1,-1
358,39.0,331.0,239.4,105.8,153.9,-1,-1,-1,-1
358,38.0,930.6,215.7,95.4,162.3,-1,-1,-1,-1
358,37.0,846.0,374.4,74.7,170.5,-1,-1,-1,-1
358,35.0,193.5,366.3,48.8,198.9,-1,-1,-1,-1
358,34.0,327.4,379.6,52.7,208.1,-1,-1,-1,-1
358,33.0,907.6,363.6,50.8,198.9,-1,-1,-1,-1
358,32.0,360.9,378.4,64.8,207.0,-1,-1,-1,-1
358,30.0,576.0,352.3,47.7,199.3,-1,-1,-1,-1
358,21.0,939.6,356.2,66.6,204.5,-1,-1,-1,-1
358,13.0,485.5,360.2,57.6,167.2,-1,-1,-1,-1
358,12.0,744.7,370.8,63.0,150.8,-1,-1,-1,-1
358,11.0,810.0,384.3,64.8,215.1,-1,-1,-1,-1
358,10.0,227.4,359.1,61.3,203.0,-1,-1,-1,-1
358,4.0,767.2,385.2,63.0,215.1,-1,-1,-1,-1
358,3.0,604.8,351.9,66.6,196.6,-1,-1,-1,-1
358,2.0,300.1,368.5,55.3,165.6,-1,-1,-1,-1
359,42.0,195.0,219.6,108.3,165.6,-1,-1,-1,-1
359,41.0,576.9,205.9,111.6,168.7,-1,-1,-1,-1
359,40.0,792.9,239.6,87.3,167.4,-1,-1,-1,-1
359,39.0,343.6,249.7,85.0,151.2,-1,-1,-1,-1
359,38.0,931.5,222.7,91.8,164.2,-1,-1,-1,-1
359,37.0,844.6,374.4,74.7,163.4,-1,-1,-1,-1
359,35.0,186.6,371.2,55.0,194.4,-1,-1,-1,-1
359,34.0,326.0,387.0,54.0,199.8,-1,-1,-1,-1
359,33.0,908.1,368.8,50.4,193.7,-1,-1,-1,-1
359,32.0,362.9,384.7,66.1,200.7,-1,-1,-1,-1
359,30.0,576.4,356.2,45.9,195.5,-1,-1,-1,-1
359,21.0,940.5,361.3,66.6,199.8,-1,-1,-1,-1
359,13.0,485.5,360.4,57.6,166.9,-1,-1,-1,-1
359,12.0,744.7,370.6,67.5,150.5,-1,-1,-1,-1
359,11.0,807.7,389.0,70.2,213.5,-1,-1,-1,-1
359,10.0,227.4,366.5,61.1,196.0,-1,-1,-1,-1
359,4.0,765.4,391.0,64.8,209.7,-1,-1,-1,-1
359,3.0,602.1,355.7,69.3,193.7,-1,-1,-1,-1
359,2.0,300.1,368.3,54.4,165.4,-1,-1,-1,-1
360,42.0,195.2,224.3,98.0,162.5,-1,-1,-1,-1
360,41.0,585.4,209.0,102.6,165.6,-1,-1,-1,-1
360,40.0,792.9,245.5,87.3,165.1,-1,-1,-1,-1
360,39.0,349.6,255.8,72.4,151.2,-1,-1,-1,-1
360,38.0,941.4,224.9,77.4,162.1,-1,-1,-1,-1
360,37.0,842.8,373.9,77.4,159.3,-1,-1,-1,-1
360,35.0,184.0,373.9,57.8,191.7,-1,-1,-1,-1
360,34.0,325.6,390.4,54.5,197.8,-1,-1,-1,-1
360,33.0,908.1,372.1,50.4,190.8,-1,-1,-1,-1
360,32.0,363.8,389.9,65.7,196.0,-1,-1,-1,-1
360,30.0,575.1,358.2,46.8,193.5,-1,-1,-1,-1
360,21.0,940.5,362.2,66.6,198.9,-1,-1,-1,-1
360,13.0,485.5,360.4,57.6,166.9,-1,-1,-1,-1
360,12.0,745.6,370.6,66.6,151.4,-1,-1,-1,-1
360,11.0,808.2,394.2,72.9,208.8,-1,-1,-1,-1
360,10.0,227.0,369.4,63.9,192.6,-1,-1,-1,-1
360,4.0,764.1,399.6,65.7,202.5,-1,-1,-1,-1
360,3.0,601.6,358.0,70.2,191.5,-1,-1,-1,-1
360,2.0,300.1,368.1,54.9,165.6,-1,-1,-1,-1
361,42.0,201.4,234.0,90.9,162.4,-1,-1,-1,-1
361,41.0,591.3,216.0,81.0,165.6,-1,-1,-1,-1
361,40.0,800.5,255.4,72.9,165.2,-1,-1,-1,-1
361,39.0,359.5,267.3,63.0,148.0,-1,-1,-1,-1
361,38.0,948.6,233.3,59.4,161.5,-1,-1,-1,-1
361,37.0,842.8,373.9,78.8,159.7,-1,-1,-1,-1
361,35.0,182.7,382.3,58.9,182.9,-1,-1,-1,-1
361,34.0,326.7,407.2,52.6,180.9,-1,-1,-1,-1
361,33.0,907.6,383.2,46.3,180.2,-1,-1,-1,-1
361,32.0,363.1,398.2,72.9,187.2,-1,-1,-1,-1
361,30.0,574.2,364.0,46.8,187.6,-1,-1,-1,-1
361,21.0,945.0,374.6,61.2,187.0,-1,-1,-1,-1
361,13.0,485.1,360.4,58.5,166.9,-1,-1,-1,-1
361,12.0,747.0,370.3,64.8,151.7,-1,-1,-1,-1
361,11.0,808.6,399.6,75.6,204.3,-1,-1,-1,-1
361,10.0,227.1,380.2,69.4,181.8,-1,-1,-1,-1
361,4.0,764.1,403.9,64.8,198.2,-1,-1,-1,-1
361,3.0,600.3,364.3,71.1,184.7,-1,-1,-1,-1
361,2.0,299.9,368.3,54.4,165.4,-1,-1,-1,-1
362,42.0,223.8,241.2,64.9,158.0,-1,-1,-1,-1
362,41.0,597.1,220.3,70.2,165.6,-1,-1,-1,-1
362,40.0,805.0,263.7,68.4,162.0,-1,-1,-1,-1
362,39.0,362.9,272.9,59.9,147.6,-1,-1,-1,-1
362,38.0,951.3,230.4,54.0,170.5,-1,-1,-1,-1
362,37.0,844.6,373.9,77.8,158.9,-1,-1,-1,-1
362,35.0,182.2,384.3,59.4,180.9,-1,-1,-1,-1
362,34.0,327.4,408.4,53.1,179.3,-1,-1,-1,-1
362,33.0,907.6,384.1,43.6,179.3,-1,-1,-1,-1
362,32.0,364.0,404.5,72.4,180.9,-1,-1,-1,-1
362,30.0,573.8,367.6,46.8,184.0,-1,-1,-1,-1
362,21.0,949.5,376.9,57.6,184.7,-1,-1,-1,-1
362,13.0,485.1,360.4,58.5,166.9,-1,-1,-1,-1
362,12.0,747.9,370.1,63.9,152.3,-1,-1,-1,-1
362,11.0,811.8,397.1,72.0,206.8,-1,-1,-1,-1
362,10.0,225.7,383.8,72.9,179.1,-1,-1,-1,-1
362,4.0,765.4,407.7,63.0,194.4,-1,-1,-1,-1
362,3.0,600.3,368.1,71.1,180.5,-1,-1,-1,-1
362,2.0,299.9,368.1,54.4,165.6,-1,-1,-1,-1
363,42.0,227.1,255.4,60.4,163.3,-1,-1,-1,-1
363,41.0,605.7,229.9,52.2,165.6,-1,-1,-1,-1
363,40.0,816.3,280.1,58.5,152.5,-1,-1,-1,-1
363,39.0,364.5,283.5,58.5,160.2,-1,-1,-1,-1
363,38.0,951.3,230.2,54.0,183.6,-1,-1,-1,-1
363,37.0,844.2,373.3,77.4,158.6,-1,-1,-1,-1
363,35.0,182.4,387.4,60.2,178.2,-1,-1,-1,-1
363,34.0,328.3,412.0,52.6,176.2,-1,-1,-1,-1
363,33.0,908.1,385.4,52.2,178.0,-1,-1,-1,-1
363,32.0,358.6,412.0,77.4,173.5,-1,-1,-1,-1
363,30.0,573.8,381.1,50.4,170.1,-1,-1,-1,-1
363,21.0,951.3,376.6,55.8,184.5,-1,-1,-1,-1
363,13.0,485.1,360.4,58.5,166.9,-1,-1,-1,-1
363,12.0,748.8,370.1,63.0,152.3,-1,-1,-1,-1
363,11.0,815.8,404.5,68.4,198.9,-1,-1,-1,-1
363,10.0,227.9,388.6,72.9,173.9,-1,-1,-1,-1
363,4.0,770.4,417.4,63.0,184.7,-1,-1,-1,-1
363,3.0,601.2,376.6,66.6,172.8,-1,-1,-1,-1
363,2.0,299.9,368.5,55.4,164.7,-1,-1,-1,-1
364,42.0,228.4,260.5,59.8,165.6,-1,-1,-1,-1
364,41.0,607.5,234.9,47.7,165.6,-1,-1,-1,-1
364,40.0,819.4,288.2,56.7,153.5,-1,-1,-1,-1
364,39.0,365.2,288.0,58.5,154.3,-1,-1,-1,-1
364,38.0,951.3,235.8,54.0,177.3,-1,-1,-1,-1
364,37.0,842.8,373.5,82.3,158.9,-1,-1,-1,-1
364,35.0,182.2,388.8,61.7,177.3,-1,-1,-1,-1
364,34.0,329.4,414.0,52.2,174.6,-1,-1,-1,-1
364,33.0,907.6,385.4,56.2,178.0,-1,-1,-1,-1
364,32.0,360.2,415.3,76.5,170.1,-1,-1,-1,-1
364,30.0,572.4,383.2,49.5,167.6,-1,-1,-1,-1
364,21.0,951.3,381.6,55.8,180.0,-1,-1,-1,-1
364,13.0,485.1,360.4,58.5,166.9,-1,-1,-1,-1
364,12.0,748.8,370.3,62.1,153.0,-1,-1,-1,-1
364,11.0,816.7,421.0,67.5,182.5,-1,-1,-1,-1
364,10.0,229.9,390.1,70.6,172.8,-1,-1,-1,-1
364,4.0,770.8,416.9,62.1,185.2,-1,-1,-1,-1
364,3.0,601.6,380.7,65.7,169.2,-1,-1,-1,-1
364,2.0,300.1,368.8,54.0,164.9,-1,-1,-1,-1
365,42.0,229.2,270.2,60.6,163.4,-1,-1,-1,-1
365,41.0,607.0,245.5,45.9,170.6,-1,-1,-1,-1
365,40.0,820.3,302.8,55.8,154.4,-1,-1,-1,-1
365,39.0,365.8,293.6,59.0,153.9,-1,-1,-1,-1
365,38.0,951.3,264.8,54.0,154.8,-1,-1,-1,-1
365,37.0,843.3,373.9,80.1,157.1,-1,-1,-1,-1
365,35.0,183.4,394.4,63.4,171.2,-1,-1,-1,-1
365,34.0,331.2,416.5,51.3,172.1,-1,-1,-1,-1
365,33.0,907.2,386.1,54.0,177.3,-1,-1,-1,-1
365,32.0,374.8,419.4,64.8,166.5,-1,-1,-1,-1
365,30.0,571.9,384.5,52.2,166.3,-1,-1,-1,-1
365,21.0,950.4,393.5,55.8,167.6,-1,-1,-1,-1
365,13.0,485.5,360.4,58.5,166.9,-1,-1,-1,-1
365,12.0,748.8,370.3,63.0,151.2,-1,-1,-1,-1
365,11.0,816.7,431.1,64.8,171.9,-1,-1,-1,-1
365,10.0,232.0,392.8,67.9,170.1,-1,-1,-1,-1
365,4.0,778.0,433.3,54.9,169.2,-1,-1,-1,-1
365,3.0,601.2,387.9,65.7,162.0,-1,-1,-1,-1
365,2.0,300.6,368.3,55.4,165.4,-1,-1,-1,-1
366,42.0,230.1,272.2,58.6,161.5,-1,-1,-1,-1
366,41.0,607.0,249.7,45.9,173.2,-1,-1,-1,-1
366,40.0,819.9,308.9,59.4,154.6,-1,-1,-1,-1
366,39.0,366.5,297.0,57.1,152.1,-1,-1,-1,-1
366,38.0,952.2,268.9,52.2,155.7,-1,-1,-1,-1
366,37.0,841.5,373.9,82.8,156.6,-1,-1,-1,-1
366,35.0,185.2,395.5,61.0,170.1,-1,-1,-1,-1
366,34.0,333.0,418.7,50.4,169.9,-1,-1,-1,-1
366,33.0,907.2,388.1,52.2,173.9,-1,-1,-1,-1
366,32.0,365.8,420.7,74.2,165.6,-1,-1,-1,-1
366,30.0,571.9,384.3,50.4,165.6,-1,-1,-1,-1
366,21.0,950.4,397.3,55.8,164.7,-1,-1,-1,-1
366,13.0,485.5,360.9,58.5,166.5,-1,-1,-1,-1
366,12.0,748.8,370.3,63.9,151.2,-1,-1,-1,-1
366,11.0,816.7,434.7,63.9,168.3,-1,-1,-1,-1
366,10.0,231.1,395.8,69.3,167.2,-1,-1,-1,-1
366,4.0,779.4,436.9,55.8,165.6,-1,-1,-1,-1
366,3.0,600.3,392.2,66.6,155.9,-1,-1,-1,-1
366,2.0,300.6,367.9,55.4,165.8,-1,-1,-1,-1
367,42.0,230.4,276.3,59.4,157.5,-1,-1,-1,-1
367,41.0,607.5,260.1,45.9,165.6,-1,-1,-1,-1
367,40.0,820.3,319.0,60.3,151.2,-1,-1,-1,-1
367,39.0,367.4,300.6,58.0,150.3,-1,-1,-1,-1
367,38.0,952.2,276.1,52.2,154.4,-1,-1,-1,-1
367,37.0,847.8,374.2,76.5,155.9,-1,-1,-1,-1
367,35.0,187.1,396.0,59.5,169.2,-1,-1,-1,-1
367,34.0,333.4,421.2,50.0,167.4,-1,-1,-1,-1
367,33.0,907.6,391.7,50.8,170.8,-1,-1,-1,-1
367,32.0,367.2,423.2,74.2,163.6,-1,-1,-1,-1
367,30.0,572.4,387.2,56.7,162.7,-1,-1,-1,-1
367,21.0,950.4,400.7,55.8,161.8,-1,-1,-1,-1
367,13.0,485.5,360.9,58.5,166.5,-1,-1,-1,-1
367,12.0,748.8,370.8,63.0,150.8,-1,-1,-1,-1
367,11.0,817.6,439.6,62.1,163.8,-1,-1,-1,-1
367,10.0,232.0,400.5,68.8,162.0,-1,-1,-1,-1
367,4.0,780.3,445.5,55.8,157.5,-1,-1,-1,-1
367,3.0,599.8,396.0,68.4,151.2,-1,-1,-1,-1
367,2.0,300.4,367.9,55.3,165.4,-1,-1,-1,-1
368,42.0,228.3,276.3,61.8,159.8,-1,-1,-1,-1
368,41.0,607.5,263.7,45.9,162.5,-1,-1,-1,-1
368,40.0,819.0,323.1,63.9,152.5,-1,-1,-1,-1
368,39.0,367.6,301.5,57.6,149.4,-1,-1,-1,-1
368,38.0,951.3,278.8,52.2,153.4,-1,-1,-1,-1
368,37.0,846.9,374.6,78.3,155.5,-1,-1,-1,-1
368,35.0,187.8,396.7,61.5,168.5,-1,-1,-1,-1
368,34.0,333.9,421.4,49.5,167.2,-1,-1,-1,-1
368,33.0,908.1,390.6,48.6,171.9,-1,-1,-1,-1
368,32.0,366.7,423.2,74.7,163.1,-1,-1,-1,-1
368,30.0,572.8,389.9,52.2,160.9,-1,-1,-1,-1
368,21.0,950.4,400.9,55.8,161.1,-1,-1,-1,-1
368,13.0,485.5,360.9,58.5,166.5,-1,-1,-1,-1
368,12.0,748.3,370.8,63.0,150.8,-1,-1,-1,-1
368,11.0,816.3,442.1,63.9,161.8,-1,-1,-1,-1
368,10.0,232.2,398.9,68.4,163.6,-1,-1,-1,-1
368,4.0,780.3,447.3,55.8,155.7,-1,-1,-1,-1
368,3.0,600.3,397.8,68.4,148.5,-1,-1,-1,-1
368,2.0,300.8,367.6,54.0,165.6,-1,-1,-1,-1
369,42.0,228.7,274.3,62.9,164.7,-1,-1,-1,-1
369,41.0,607.0,268.4,45.9,168.3,-1,-1,-1,-1
369,40.0,820.3,326.0,61.2,151.4,-1,-1,-1,-1
369,39.0,368.5,299.0,56.7,151.2,-1,-1,-1,-1
369,38.0,951.3,280.6,54.0,154.4,-1,-1,-1,-1
369,37.0,848.2,374.6,75.2,155.5,-1,-1,-1,-1
369,35.0,187.6,395.8,63.9,169.4,-1,-1,-1,-1
369,34.0,333.7,421.4,50.4,167.2,-1,-1,-1,-1
369,33.0,907.6,390.8,53.5,172.6,-1,-1,-1,-1
369,32.0,369.7,422.3,71.5,164.0,-1,-1,-1,-1
369,30.0,574.6,393.3,49.5,157.5,-1,-1,-1,-1
369,21.0,950.4,399.6,55.8,162.0,-1,-1,-1,-1
369,13.0,485.5,360.9,58.5,166.5,-1,-1,-1,-1
369,12.0,748.8,370.8,62.1,149.8,-1,-1,-1,-1
369,11.0,815.8,443.7,64.8,159.3,-1,-1,-1,-1
369,10.0,236.7,390.6,63.9,171.9,-1,-1,-1,-1
369,4.0,780.7,449.8,72.9,153.2,-1,-1,-1,-1
369,3.0,598.0,395.1,71.1,151.2,-1,-1,-1,-1
369,2.0,300.6,368.3,54.5,164.0,-1,-1,-1,-1
370,42.0,229.5,272.0,62.1,165.1,-1,-1,-1,-1
370,41.0,606.6,269.8,46.8,170.1,-1,-1,-1,-1
370,40.0,819.4,325.8,62.1,151.6,-1,-1,-1,-1
370,39.0,369.4,295.9,56.2,152.5,-1,-1,-1,-1
370,38.0,951.3,281.2,54.0,148.5,-1,-1,-1,-1
370,37.0,849.1,374.4,77.0,156.1,-1,-1,-1,-1
370,35.0,188.9,395.5,66.3,170.1,-1,-1,-1,-1
370,34.0,333.9,419.4,50.4,169.2,-1,-1,-1,-1
370,33.0,907.2,398.5,57.6,164.9,-1,-1,-1,-1
370,32.0,371.0,419.6,67.9,167.2,-1,-1,-1,-1
370,30.0,575.1,395.1,50.4,155.7,-1,-1,-1,-1
370,21.0,948.6,401.4,57.6,160.2,-1,-1,-1,-1
370,13.0,485.5,360.9,58.5,166.5,-1,-1,-1,-1
370,12.0,748.8,370.8,60.3,151.2,-1,-1,-1,-1
370,11.0,815.8,444.1,64.8,159.3,-1,-1,-1,-1
370,10.0,238.5,389.5,62.1,173.5,-1,-1,-1,-1
370,4.0,780.3,448.9,74.7,154.6,-1,-1,-1,-1
370,3.0,596.7,393.1,72.0,154.6,-1,-1,-1,-1
370,2.0,300.6,368.5,54.9,164.2,-1,-1,-1,-1
371,42.0,232.2,267.5,60.3,153.9,-1,-1,-1,-1
371,41.0,605.2,268.6,48.6,157.9,-1,-1,-1,-1
371,40.0,820.3,322.6,61.2,154.3,-1,-1,-1,-1
371,39.0,370.1,289.8,57.6,152.1,-1,-1,-1,-1
371,38.0,947.7,279.0,59.4,151.6,-1,-1,-1,-1
371,37.0,847.8,374.8,79.2,157.0,-1,-1,-1,-1
371,35.0,188.1,392.8,64.8,172.8,-1,-1,-1,-1
371,34.0,334.3,416.2,51.8,171.9,-1,-1,-1,-1
371,33.0,904.0,400.5,68.0,164.7,-1,-1,-1,-1
371,32.0,371.2,411.7,65.2,174.6,-1,-1,-1,-1
371,30.0,574.6,395.3,49.5,155.0,-1,-1,-1,-1
371,21.0,948.6,399.8,59.4,161.8,-1,-1,-1,-1
371,13.0,485.5,360.9,58.5,166.5,-1,-1,-1,-1
371,12.0,748.8,370.8,57.6,156.1,-1,-1,-1,-1
371,11.0,817.6,441.2,63.9,161.8,-1,-1,-1,-1
371,10.0,236.7,389.9,64.4,173.5,-1,-1,-1,-1
371,4.0,780.3,447.3,74.7,155.7,-1,-1,-1,-1
371,3.0,596.7,398.9,71.1,147.4,-1,-1,-1,-1
371,2.0,301.0,367.9,52.6,165.4,-1,-1,-1,-1
372,42.0,231.7,265.5,60.3,149.4,-1,-1,-1,-1
372,41.0,604.3,265.9,50.4,161.5,-1,-1,-1,-1
372,40.0,819.9,319.7,59.4,154.1,-1,-1,-1,-1
372,39.0,370.6,287.3,58.0,143.5,-1,-1,-1,-1
372,38.0,950.4,277.6,57.6,154.3,-1,-1,-1,-1
372,37.0,848.2,375.1,77.9,156.8,-1,-1,-1,-1
372,35.0,188.2,389.9,65.6,175.3,-1,-1,-1,-1
372,34.0,333.0,414.0,53.6,174.6,-1,-1,-1,-1
372,33.0,902.7,401.6,70.2,163.1,-1,-1,-1,-1
372,32.0,369.4,407.2,67.5,179.1,-1,-1,-1,-1
372,30.0,574.6,395.1,49.5,155.7,-1,-1,-1,-1
372,21.0,953.1,397.1,55.8,164.0,-1,-1,-1,-1
372,13.0,485.5,360.9,57.6,166.5,-1,-1,-1,-1
372,12.0,748.8,371.0,56.7,155.0,-1,-1,-1,-1
372,11.0,819.9,439.6,61.2,163.8,-1,-1,-1,-1
372,10.0,236.7,386.1,64.4,177.3,-1,-1,-1,-1
372,4.0,780.7,445.9,74.7,157.5,-1,-1,-1,-1
372,3.0,597.1,397.8,70.2,146.7,-1,-1,-1,-1
372,2.0,301.0,367.4,51.8,166.3,-1,-1,-1,-1
373,42.0,238.5,233.8,54.0,160.6,-1,-1,-1,-1
373,41.0,602.5,260.3,53.1,158.0,-1,-1,-1,-1
373,40.0,816.7,311.4,61.2,153.4,-1,-1,-1,-1
373,39.0,371.7,287.3,59.4,126.5,-1,-1,-1,-1
373,38.0,954.0,279.7,55.8,139.0,-1,-1,-1,-1
373,37.0,841.9,374.8,82.3,156.2,-1,-1,-1,-1
373,35.0,189.6,380.2,65.6,183.6,-1,-1,-1,-1
373,34.0,333.0,398.2,54.9,189.9,-1,-1,-1,-1
373,33.0,909.0,398.0,72.0,167.6,-1,-1,-1,-1
373,32.0,373.9,391.7,63.5,192.4,-1,-1,-1,-1
373,30.0,574.6,390.1,49.5,160.2,-1,-1,-1,-1
373,21.0,952.2,389.0,57.6,171.2,-1,-1,-1,-1
373,13.0,485.5,360.9,57.6,166.5,-1,-1,-1,-1
373,12.0,748.8,370.8,55.8,157.0,-1,-1,-1,-1
373,11.0,823.9,431.5,58.5,172.8,-1,-1,-1,-1
373,10.0,243.7,375.3,57.6,185.4,-1,-1,-1,-1
373,4.0,780.3,440.3,57.6,162.7,-1,-1,-1,-1
373,3.0,599.4,390.6,67.5,153.0,-1,-1,-1,-1
373,2.0,300.4,367.6,53.5,166.9,-1,-1,-1,-1
374,42.0,237.8,229.8,55.4,155.4,-1,-1,-1,-1
374,41.0,601.6,258.3,52.2,154.4,-1,-1,-1,-1
374,40.0,818.1,307.8,61.2,145.3,-1,-1,-1,-1
374,39.0,372.4,290.0,59.9,109.3,-1,-1,-1,-1
374,38.0,957.6,272.7,57.6,124.6,-1,-1,-1,-1
374,37.0,842.8,374.6,78.3,155.9,-1,-1,-1,-1
374,35.0,190.2,370.1,68.5,192.4,-1,-1,-1,-1
374,34.0,334.1,388.3,55.8,198.9,-1,-1,-1,-1
374,33.0,909.4,383.8,64.3,182.7,-1,-1,-1,-1
374,32.0,371.7,383.4,65.7,199.8,-1,-1,-1,-1
374,30.0,573.3,385.6,58.5,164.7,-1,-1,-1,-1
374,21.0,953.1,384.5,59.4,176.2,-1,-1,-1,-1
374,13.0,485.5,360.9,57.6,166.5,-1,-1,-1,-1
374,12.0,749.2,370.8,54.9,157.5,-1,-1,-1,-1
374,11.0,824.4,426.6,59.4,177.3,-1,-1,-1,-1
374,10.0,242.5,365.8,59.4,193.5,-1,-1,-1,-1
374,4.0,780.3,435.1,58.5,168.3,-1,-1,-1,-1
374,3.0,598.5,385.6,69.3,162.0,-1,-1,-1,-1
374,2.0,301.0,367.4,52.6,167.2,-1,-1,-1,-1
375,42.0,242.3,263.2,53.6,100.3,-1,-1,-1,-1
375,41.0,601.6,259.4,48.6,128.2,-1,-1,-1,-1
375,40.0,820.8,301.9,65.7,122.9,-1,-1,-1,-1
375,38.0,958.5,222.6,64.8,159.0,-1,-1,-1,-1
375,37.0,843.7,369.4,77.4,161.1,-1,-1,-1,-1
375,35.0,191.6,349.9,67.8,214.0,-1,-1,-1,-1
375,34.0,335.7,372.1,54.0,213.3,-1,-1,-1,-1
375,33.0,913.5,366.7,61.2,199.8,-1,-1,-1,-1
375,32.0,373.3,366.5,63.4,214.4,-1,-1,-1,-1
375,30.0,568.8,376.2,55.8,173.7,-1,-1,-1,-1
375,21.0,954.9,361.8,63.0,199.8,-1,-1,-1,-1
375,13.0,485.5,361.1,57.6,166.3,-1,-1,-1,-1
375,12.0,749.2,371.2,56.7,157.1,-1,-1,-1,-1
375,11.0,819.4,412.9,64.8,190.6,-1,-1,-1,-1
375,10.0,245.0,346.3,56.2,211.7,-1,-1,-1,-1
375,4.0,781.2,411.1,57.6,190.6,-1,-1,-1,-1
375,3.0,589.9,371.7,77.4,174.1,-1,-1,-1,-1
375,2.0,301.0,368.8,51.8,165.4,-1,-1,-1,-1
376,41.0,601.2,263.7,73.8,114.8,-1,-1,-1,-1
376,40.0,819.9,300.1,64.8,117.4,-1,-1,-1,-1
376,38.0,960.3,220.3,61.2,157.9,-1,-1,-1,-1
376,37.0,845.1,352.6,75.6,178.4,-1,-1,-1,-1
376,35.0,193.8,337.9,66.5,226.8,-1,-1,-1,-1
376,34.0,334.8,361.6,53.1,223.4,-1,-1,-1,-1
376,33.0,916.6,358.9,60.8,207.7,-1,-1,-1,-1
376,32.0,373.9,368.5,62.5,210.6,-1,-1,-1,-1
376,30.0,567.4,366.5,58.5,183.4,-1,-1,-1,-1
376,21.0,958.5,359.5,57.6,202.5,-1,-1,-1,-1
376,13.0,485.5,361.3,57.6,166.0,-1,-1,-1,-1
376,12.0,749.2,371.5,60.3,157.7,-1,-1,-1,-1
376,11.0,819.0,402.7,66.6,199.8,-1,-1,-1,-1
376,10.0,245.7,342.0,55.4,216.9,-1,-1,-1,-1
376,4.0,779.8,403.6,56.7,196.2,-1,-1,-1,-1
376,3.0,586.8,361.8,81.0,184.5,-1,-1,-1,-1
376,2.0,300.4,369.9,54.4,164.2,-1,-1,-1,-1
377,41.0,600.3,256.0,77.4,97.2,-1,-1,-1,-1
377,40.0,821.7,290.9,61.2,98.5,-1,-1,-1,-1
377,37.0,845.1,374.8,75.6,155.7,-1,-1,-1,-1
377,35.0,197.4,330.3,62.0,234.0,-1,-1,-1,-1
377,34.0,333.9,362.9,53.5,220.3,-1,-1,-1,-1
377,33.0,924.3,362.5,57.6,201.8,-1,-1,-1,-1
377,32.0,375.3,358.2,60.8,221.4,-1,-1,-1,-1
377,30.0,565.6,344.2,61.2,206.6,-1,-1,-1,-1
377,21.0,962.1,358.0,52.2,204.5,-1,-1,-1,-1
377,13.0,485.5,361.3,58.5,166.0,-1,-1,-1,-1
377,12.0,748.8,371.7,60.3,157.1,-1,-1,-1,-1
377,11.0,823.9,378.9,60.3,224.1,-1,-1,-1,-1
377,10.0,241.0,334.8,59.4,222.8,-1,-1,-1,-1
377,4.0,782.1,380.0,54.9,220.3,-1,-1,-1,-1
377,3.0,586.3,344.2,83.7,199.4,-1,-1,-1,-1
377,2.0,299.2,369.4,54.4,163.4,-1,-1,-1,-1
378,41.0,600.8,247.5,45.0,105.3,-1,-1,-1,-1
378,40.0,822.6,283.3,63.0,97.2,-1,-1,-1,-1
378,37.0,844.6,375.5,75.6,155.0,-1,-1,-1,-1
378,35.0,199.1,337.0,60.5,228.1,-1,-1,-1,-1
378,34.0,334.1,365.4,54.0,216.9,-1,-1,-1,-1
378,33.0,928.8,357.7,52.2,207.9,-1,-1,-1,-1
378,32.0,377.1,358.4,58.1,221.2,-1,-1,-1,-1
378,30.0,565.2,342.9,61.2,207.9,-1,-1,-1,-1
378,21.0,963.9,357.1,50.4,204.5,-1,-1,-1,-1
378,13.0,486.0,361.3,57.6,166.0,-1,-1,-1,-1
378,12.0,749.2,372.1,60.3,156.1,-1,-1,-1,-1
378,11.0,826.2,373.5,56.7,229.5,-1,-1,-1,-1
378,10.0,241.4,335.0,58.5,223.4,-1,-1,-1,-1
378,4.0,784.3,374.8,53.1,225.9,-1,-1,-1,-1
378,3.0,600.3,340.9,69.3,201.8,-1,-1,-1,-1
378,2.0,298.8,370.1,56.2,161.8,-1,-1,-1,-1
379,41.0,599.4,236.9,46.8,118.8,-1,-1,-1,-1
379,40.0,825.7,268.9,57.6,110.2,-1,-1,-1,-1
379,39.0,376.0,272.7,56.7,108.9,-1,-1,-1,-1
379,37.0,845.1,373.5,76.5,157.1,-1,-1,-1,-1
379,35.0,198.4,334.8,63.7,230.8,-1,-1,-1,-1
379,34.0,337.0,369.9,54.9,212.4,-1,-1,-1,-1
379,33.0,936.9,354.4,45.0,212.2,-1,-1,-1,-1
379,32.0,377.8,364.0,57.6,215.1,-1,-1,-1,-1
379,30.0,565.2,346.5,62.1,203.9,-1,-1,-1,-1
379,21.0,964.8,351.0,54.0,210.6,-1,-1,-1,-1
379,13.0,485.5,361.6,57.6,165.8,-1,-1,-1,-1
379,12.0,749.2,372.6,59.4,156.2,-1,-1,-1,-1
379,11.0,831.6,376.6,52.2,226.8,-1,-1,-1,-1
379,10.0,241.9,339.3,58.9,219.6,-1,-1,-1,-1
379,4.0,789.3,381.6,47.7,218.7,-1,-1,-1,-1
379,3.0,599.8,341.5,70.2,199.8,-1,-1,-1,-1
379,2.0,296.3,368.3,57.6,162.7,-1,-1,-1,-1
380,42.0,231.5,223.6,73.8,135.0,-1,-1,-1,-1
380,41.0,598.5,236.5,46.8,115.6,-1,-1,-1,-1
380,40.0,829.8,264.6,52.2,117.5,-1,-1,-1,-1
380,39.0,376.0,275.4,54.9,106.6,-1,-1,-1,-1
380,37.0,842.8,372.8,78.3,158.6,-1,-1,-1,-1
380,35.0,198.9,333.0,62.5,231.3,-1,-1,-1,-1
380,34.0,337.7,372.4,55.4,211.3,-1,-1,-1,-1
380,33.0,938.7,348.1,45.0,218.9,-1,-1,-1,-1
380,32.0,376.6,367.6,61.2,211.5,-1,-1,-1,-1
380,30.0,567.9,344.5,59.4,208.1,-1,-1,-1,-1
380,21.0,966.6,350.3,54.0,211.3,-1,-1,-1,-1
380,13.0,485.1,361.6,58.5,165.8,-1,-1,-1,-1
380,12.0,749.2,372.6,60.3,156.2,-1,-1,-1,-1
380,11.0,832.5,374.4,50.4,228.6,-1,-1,-1,-1
380,10.0,240.1,342.0,62.6,216.0,-1,-1,-1,-1
380,4.0,790.2,379.8,48.6,221.4,-1,-1,-1,-1
380,3.0,600.3,340.2,70.2,202.5,-1,-1,-1,-1
380,2.0,293.6,369.0,60.3,161.6,-1,-1,-1,-1
381,42.0,234.4,211.4,68.4,156.3,-1,-1,-1,-1
381,41.0,594.4,239.4,51.3,118.3,-1,-1,-1,-1
381,40.0,832.5,261.4,44.1,125.5,-1,-1,-1,-1
381,39.0,377.1,262.1,54.5,120.1,-1,-1,-1,-1
381,37.0,843.3,367.4,78.3,164.0,-1,-1,-1,-1
381,35.0,200.0,330.3,61.6,234.5,-1,-1,-1,-1
381,34.0,338.4,370.3,55.3,213.3,-1,-1,-1,-1
381,33.0,939.6,344.5,46.8,223.4,-1,-1,-1,-1
381,32.0,376.6,369.9,72.0,209.7,-1,-1,-1,-1
381,30.0,567.4,344.9,59.4,208.6,-1,-1,-1,-1
381,21.0,967.5,354.1,55.8,207.4,-1,-1,-1,-1
381,13.0,485.1,361.6,58.5,165.8,-1,-1,-1,-1
381,12.0,748.8,372.1,62.1,157.0,-1,-1,-1,-1
381,11.0,832.9,372.6,50.4,229.5,-1,-1,-1,-1
381,10.0,242.5,337.3,71.5,221.2,-1,-1,-1,-1
381,4.0,793.8,373.0,48.6,227.7,-1,-1,-1,-1
381,3.0,598.9,340.2,71.1,201.6,-1,-1,-1,-1
381,2.0,292.0,368.1,61.6,161.5,-1,-1,-1,-1
382,42.0,236.9,220.9,61.2,153.4,-1,-1,-1,-1
382,41.0,593.5,233.3,49.5,135.9,-1,-1,-1,-1
382,40.0,833.4,262.3,44.1,133.6,-1,-1,-1,-1
382,39.0,378.7,254.2,58.0,136.3,-1,-1,-1,-1
382,37.0,843.3,372.1,78.3,159.3,-1,-1,-1,-1
382,35.0,199.6,334.8,61.0,228.6,-1,-1,-1,-1
382,34.0,338.8,370.6,55.4,212.6,-1,-1,-1,-1
382,33.0,939.6,352.3,46.8,214.7,-1,-1,-1,-1
382,32.0,377.3,376.4,77.9,203.2,-1,-1,-1,-1
382,30.0,566.1,345.8,60.3,207.7,-1,-1,-1,-1
382,21.0,967.5,361.6,61.2,201.8,-1,-1,-1,-1
382,13.0,486.0,361.6,57.6,165.8,-1,-1,-1,-1
382,12.0,748.8,371.7,61.2,157.5,-1,-1,-1,-1
382,11.0,832.9,375.3,51.3,225.9,-1,-1,-1,-1
382,10.0,245.7,344.5,69.3,214.0,-1,-1,-1,-1
382,4.0,794.2,372.1,50.4,228.6,-1,-1,-1,-1
382,3.0,597.6,341.5,72.0,198.9,-1,-1,-1,-1
382,2.0,291.8,366.7,61.6,162.4,-1,-1,-1,-1
383,42.0,244.1,213.5,57.2,179.1,-1,-1,-1,-1
383,41.0,591.3,209.2,52.2,160.2,-1,-1,-1,-1
383,40.0,833.4,247.7,43.2,156.6,-1,-1,-1,-1
383,39.0,377.8,243.4,63.9,185.9,-1,-1,-1,-1
383,37.0,846.4,374.2,74.7,156.8,-1,-1,-1,-1
383,35.0,201.9,335.2,64.9,223.6,-1,-1,-1,-1
383,34.0,339.7,376.9,59.4,206.8,-1,-1,-1,-1
383,33.0,939.6,355.5,50.4,210.6,-1,-1,-1,-1
383,32.0,380.2,384.7,75.1,194.4,-1,-1,-1,-1
383,30.0,563.4,349.4,63.0,204.1,-1,-1,-1,-1
383,21.0,970.2,372.4,63.0,192.8,-1,-1,-1,-1
383,13.0,486.0,361.1,57.6,166.3,-1,-1,-1,-1
383,12.0,751.9,371.2,57.6,157.5,-1,-1,-1,-1
383,11.0,832.5,377.5,53.1,225.0,-1,-1,-1,-1
383,10.0,242.5,360.4,71.1,198.9,-1,-1,-1,-1
383,4.0,791.5,379.1,52.2,221.2,-1,-1,-1,-1
383,3.0,594.9,347.6,65.7,203.6,-1,-1,-1,-1
383,2.0,292.0,363.1,62.1,163.8,-1,-1,-1,-1
384,42.0,245.5,212.2,58.9,179.1,-1,-1,-1,-1
384,41.0,590.8,201.8,54.9,166.9,-1,-1,-1,-1
384,40.0,832.5,242.1,45.9,164.7,-1,-1,-1,-1
384,39.0,382.9,240.5,59.0,175.0,-1,-1,-1,-1
384,38.0,963.9,234.7,61.2,204.3,-1,-1,-1,-1
384,37.0,846.0,373.5,75.6,157.5,-1,-1,-1,-1
384,35.0,201.7,352.6,70.1,207.2,-1,-1,-1,-1
384,34.0,340.2,360.4,62.5,223.2,-1,-1,-1,-1
384,33.0,939.6,353.5,54.0,212.6,-1,-1,-1,-1
384,32.0,381.1,388.1,74.2,190.6,-1,-1,-1,-1
384,30.0,562.0,347.4,58.5,206.5,-1,-1,-1,-1
384,21.0,968.4,389.7,64.8,175.5,-1,-1,-1,-1
384,13.0,486.0,360.9,57.6,166.5,-1,-1,-1,-1
384,12.0,754.6,370.8,54.0,158.0,-1,-1,-1,-1
384,11.0,831.1,380.0,54.0,223.4,-1,-1,-1,-1
384,10.0,243.4,367.4,69.8,187.0,-1,-1,-1,-1
384,4.0,791.5,380.5,52.2,219.8,-1,-1,-1,-1
384,3.0,593.5,350.1,61.2,200.2,-1,-1,-1,-1
384,2.0,295.6,354.6,58.9,171.5,-1,-1,-1,-1
385,42.0,247.3,218.2,54.4,244.3,-1,-1,-1,-1
385,41.0,590.8,198.0,60.3,186.3,-1,-1,-1,-1
385,40.0,831.1,235.8,53.1,206.5,-1,-1,-1,-1
385,39.0,386.5,240.7,37.4,150.7,-1,-1,-1,-1
385,38.0,964.8,233.1,59.4,219.1,-1,-1,-1,-1
385,37.0,846.4,374.2,74.7,155.9,-1,-1,-1,-1
385,35.0,194.8,323.5,80.6,238.0,-1,-1,-1,-1
385,34.0,340.6,365.2,65.2,218.9,-1,-1,-1,-1
385,33.0,941.4,359.5,54.0,206.1,-1,-1,-1,-1
385,32.0,385.6,396.9,70.2,181.8,-1,-1,-1,-1
385,30.0,558.9,342.0,52.2,210.6,-1,-1,-1,-1
385,21.0,963.9,369.7,70.2,195.5,-1,-1,-1,-1
385,13.0,486.0,361.3,57.6,166.0,-1,-1,-1,-1
385,12.0,754.6,371.0,53.1,156.8,-1,-1,-1,-1
385,11.0,829.3,381.4,56.7,222.5,-1,-1,-1,-1
385,10.0,247.3,344.2,66.6,210.6,-1,-1,-1,-1
385,4.0,792.0,374.4,52.2,225.9,-1,-1,-1,-1
385,3.0,592.2,363.1,63.0,188.1,-1,-1,-1,-1
385,2.0,297.0,360.9,58.9,166.0,-1,-1,-1,-1
386,42.0,249.3,219.4,55.4,244.1,-1,-1,-1,-1
386,41.0,593.1,198.7,56.7,186.3,-1,-1,-1,-1
386,40.0,832.0,234.2,57.6,205.2,-1,-1,-1,-1
386,39.0,386.5,243.4,38.2,156.1,-1,-1,-1,-1
386,38.0,963.9,233.3,61.2,222.3,-1,-1,-1,-1
386,37.0,848.2,372.8,72.9,157.7,-1,-1,-1,-1
386,35.0,204.1,357.5,73.8,204.1,-1,-1,-1,-1
386,34.0,340.9,369.9,64.4,214.2,-1,-1,-1,-1
386,33.0,942.3,363.8,55.8,200.5,-1,-1,-1,-1
386,32.0,386.8,377.3,69.3,201.8,-1,-1,-1,-1
386,30.0,557.5,340.9,52.2,212.6,-1,-1,-1,-1
386,21.0,962.1,384.3,72.0,181.8,-1,-1,-1,-1
386,13.0,486.0,361.3,57.6,166.0,-1,-1,-1,-1
386,12.0,755.1,370.8,52.2,157.5,-1,-1,-1,-1
386,11.0,831.6,388.3,54.9,216.0,-1,-1,-1,-1
386,10.0,249.3,343.1,64.8,209.0,-1,-1,-1,-1
386,4.0,791.5,378.0,53.1,222.3,-1,-1,-1,-1
386,3.0,594.0,368.3,61.2,181.6,-1,-1,-1,-1
386,2.0,297.2,364.5,59.4,162.0,-1,-1,-1,-1
387,42.0,249.1,226.1,55.4,255.4,-1,-1,-1,-1
387,41.0,593.5,208.6,54.0,186.7,-1,-1,-1,-1
387,40.0,828.9,235.8,52.2,232.2,-1,-1,-1,-1
387,39.0,387.4,247.0,39.1,152.1,-1,-1,-1,-1
387,38.0,968.4,235.8,57.6,222.3,-1,-1,-1,-1
387,37.0,848.2,375.1,72.9,155.0,-1,-1,-1,-1
387,35.0,209.2,381.4,69.8,179.3,-1,-1,-1,-1
387,34.0,342.4,376.9,64.8,207.7,-1,-1,-1,-1
387,33.0,944.1,371.0,54.0,193.7,-1,-1,-1,-1
387,32.0,388.1,384.7,70.2,194.4,-1,-1,-1,-1
387,30.0,554.4,342.0,55.8,210.1,-1,-1,-1,-1
387,21.0,965.7,376.9,68.4,189.2,-1,-1,-1,-1
387,13.0,485.5,361.1,58.5,166.3,-1,-1,-1,-1
387,12.0,753.3,370.8,53.1,157.5,-1,-1,-1,-1
387,11.0,830.7,421.4,58.5,182.5,-1,-1,-1,-1
387,10.0,253.3,350.5,62.6,206.5,-1,-1,-1,-1
387,4.0,792.4,369.0,66.6,230.4,-1,-1,-1,-1
387,3.0,595.3,378.4,59.4,171.9,-1,-1,-1,-1
387,2.0,300.4,365.4,60.3,161.5,-1,-1,-1,-1
388,42.0,251.5,231.7,57.6,236.2,-1,-1,-1,-1
388,41.0,593.5,213.5,51.3,180.9,-1,-1,-1,-1
388,40.0,829.3,239.4,56.7,228.6,-1,-1,-1,-1
388,39.0,387.0,248.4,39.2,153.0,-1,-1,-1,-1
388,38.0,969.3,236.2,57.6,224.1,-1,-1,-1,-1
388,37.0,848.2,376.2,72.9,154.4,-1,-1,-1,-1
388,35.0,211.0,387.0,70.2,174.6,-1,-1,-1,-1
388,34.0,343.3,376.9,64.8,207.7,-1,-1,-1,-1
388,33.0,944.1,373.7,55.8,193.3,-1,-1,-1,-1
388,32.0,388.6,387.4,69.8,191.7,-1,-1,-1,-1
388,30.0,553.9,347.2,55.8,205.0,-1,-1,-1,-1
388,21.0,966.6,380.5,66.6,186.1,-1,-1,-1,-1
388,13.0,485.5,361.1,58.5,166.3,-1,-1,-1,-1
388,12.0,753.7,371.0,52.2,157.7,-1,-1,-1,-1
388,11.0,831.6,425.5,61.2,178.4,-1,-1,-1,-1
388,10.0,255.4,383.6,60.8,173.5,-1,-1,-1,-1
388,4.0,792.4,377.8,62.1,221.6,-1,-1,-1,-1
388,3.0,594.9,380.2,59.4,170.1,-1,-1,-1,-1
388,2.0,299.9,366.1,60.8,160.9,-1,-1,-1,-1
389,42.0,252.2,236.9,57.6,228.8,-1,-1,-1,-1
389,41.0,590.8,223.3,47.7,177.6,-1,-1,-1,-1
389,40.0,833.4,247.7,57.6,227.9,-1,-1,-1,-1
389,39.0,388.1,250.9,50.4,181.3,-1,-1,-1,-1
389,38.0,969.3,243.2,57.6,213.7,-1,-1,-1,-1
389,37.0,849.1,376.0,72.0,154.6,-1,-1,-1,-1
389,35.0,212.1,390.8,68.7,170.8,-1,-1,-1,-1
389,34.0,345.6,379.8,64.8,204.3,-1,-1,-1,-1
389,33.0,945.0,383.4,55.8,183.6,-1,-1,-1,-1
389,32.0,390.1,388.1,68.4,191.0,-1,-1,-1,-1
389,30.0,552.1,357.7,57.6,195.8,-1,-1,-1,-1
389,21.0,966.6,378.4,66.6,188.1,-1,-1,-1,-1
389,13.0,485.5,361.1,58.5,166.3,-1,-1,-1,-1
389,12.0,750.1,371.5,53.1,157.7,-1,-1,-1,-1
389,11.0,834.3,429.1,62.1,173.9,-1,-1,-1,-1
389,10.0,256.3,368.1,61.6,189.9,-1,-1,-1,-1
389,4.0,793.3,390.6,56.7,213.3,-1,-1,-1,-1
389,3.0,593.5,357.7,61.2,193.5,-1,-1,-1,-1
389,2.0,300.6,367.2,72.5,158.9,-1,-1,-1,-1
390,42.0,251.5,239.4,62.5,229.9,-1,-1,-1,-1
390,41.0,589.9,224.7,45.0,188.0,-1,-1,-1,-1
390,40.0,833.8,253.3,50.4,230.8,-1,-1,-1,-1
390,39.0,386.5,252.0,53.1,164.7,-1,-1,-1,-1
390,38.0,970.2,247.5,61.2,219.6,-1,-1,-1,-1
390,37.0,850.0,376.2,71.1,154.8,-1,-1,-1,-1
390,35.0,212.2,392.2,68.4,169.4,-1,-1,-1,-1
390,34.0,346.5,381.4,63.9,203.2,-1,-1,-1,-1
390,33.0,945.9,384.7,54.0,182.7,-1,-1,-1,-1
390,32.0,390.6,398.0,67.5,181.6,-1,-1,-1,-1
390,30.0,551.7,357.7,63.0,195.3,-1,-1,-1,-1
390,21.0,969.3,396.0,64.8,170.1,-1,-1,-1,-1
390,13.0,486.0,361.1,57.6,166.3,-1,-1,-1,-1
390,12.0,748.8,371.7,55.8,157.9,-1,-1,-1,-1
390,11.0,832.9,432.4,62.1,171.0,-1,-1,-1,-1
390,10.0,256.9,392.6,62.1,165.4,-1,-1,-1,-1
390,4.0,794.7,392.6,64.8,211.3,-1,-1,-1,-1
390,3.0,594.4,361.3,60.3,189.5,-1,-1,-1,-1
390,2.0,303.5,367.6,70.2,157.9,-1,-1,-1,-1
391,42.0,253.1,241.2,57.6,231.3,-1,-1,-1,-1
391,41.0,586.8,232.4,52.2,178.6,-1,-1,-1,-1
391,40.0,839.7,263.7,51.3,224.1,-1,-1,-1,-1
391,39.0,386.1,253.8,62.5,180.4,-1,-1,-1,-1
391,38.0,969.3,247.9,63.0,226.4,-1,-1,-1,-1
391,37.0,848.7,377.1,72.9,153.5,-1,-1,-1,-1
391,35.0,212.1,391.9,69.0,170.1,-1,-1,-1,-1
391,34.0,349.6,380.2,61.2,204.3,-1,-1,-1,-1
391,33.0,945.9,413.8,54.0,153.2,-1,-1,-1,-1
391,32.0,389.2,399.6,68.9,180.0,-1,-1,-1,-1
391,30.0,551.2,370.8,69.3,180.0,-1,-1,-1,-1
391,21.0,970.2,399.6,63.0,166.5,-1,-1,-1,-1
391,13.0,486.0,361.1,57.6,166.3,-1,-1,-1,-1
391,12.0,747.0,371.7,57.6,157.9,-1,-1,-1,-1
391,11.0,833.8,412.4,57.6,190.6,-1,-1,-1,-1
391,10.0,257.4,378.7,62.1,176.6,-1,-1,-1,-1
391,4.0,797.4,402.7,54.9,201.6,-1,-1,-1,-1
391,3.0,592.6,369.0,62.1,181.8,-1,-1,-1,-1
391,2.0,304.2,367.4,68.9,156.8,-1,-1,-1,-1
392,42.0,252.7,240.3,55.4,235.8,-1,-1,-1,-1
392,41.0,587.7,234.9,50.4,180.4,-1,-1,-1,-1
392,40.0,839.2,269.1,41.4,230.4,-1,-1,-1,-1
392,39.0,385.4,254.2,59.9,172.8,-1,-1,-1,-1
392,38.0,971.1,245.5,61.2,229.3,-1,-1,-1,-1
392,37.0,846.4,378.0,74.7,152.6,-1,-1,-1,-1
392,35.0,212.4,389.7,70.2,172.8,-1,-1,-1,-1
392,34.0,350.5,379.1,61.2,205.4,-1,-1,-1,-1
392,33.0,945.9,412.6,54.0,154.8,-1,-1,-1,-1
392,32.0,388.3,390.4,69.3,189.2,-1,-1,-1,-1
392,30.0,550.8,369.4,66.6,181.8,-1,-1,-1,-1
392,21.0,971.1,402.3,63.0,163.8,-1,-1,-1,-1
392,13.0,486.0,361.3,57.6,165.6,-1,-1,-1,-1
392,12.0,746.5,371.7,56.7,157.9,-1,-1,-1,-1
392,11.0,836.1,429.7,59.4,172.8,-1,-1,-1,-1
392,10.0,256.9,385.0,59.4,170.8,-1,-1,-1,-1
392,4.0,796.9,403.9,55.8,200.5,-1,-1,-1,-1
392,3.0,591.3,372.1,63.9,179.1,-1,-1,-1,-1
392,2.0,307.8,367.2,60.3,157.5,-1,-1,-1,-1
393,42.0,253.6,234.9,55.4,236.7,-1,-1,-1,-1
393,41.0,586.8,238.0,50.4,192.1,-1,-1,-1,-1
393,39.0,384.5,256.0,59.8,171.0,-1,-1,-1,-1
393,38.0,972.9,240.3,61.2,241.6,-1,-1,-1,-1
393,37.0,850.5,382.9,71.1,148.1,-1,-1,-1,-1
393,35.0,212.2,387.0,68.9,174.6,-1,-1,-1,-1
393,34.0,354.1,378.2,56.7,206.8,-1,-1,-1,-1
393,33.0,945.0,412.2,55.8,155.7,-1,-1,-1,-1
393,32.0,391.5,386.1,64.8,195.3,-1,-1,-1,-1
393,30.0,551.7,371.2,67.5,180.9,-1,-1,-1,-1
393,21.0,976.5,411.7,57.6,153.9,-1,-1,-1,-1
393,13.0,486.0,361.3,57.6,165.6,-1,-1,-1,-1
393,12.0,746.1,371.9,53.1,157.7,-1,-1,-1,-1
393,11.0,839.2,443.7,57.6,159.3,-1,-1,-1,-1
393,10.0,256.5,359.8,58.0,195.5,-1,-1,-1,-1
393,4.0,796.5,413.1,56.7,190.8,-1,-1,-1,-1
393,3.0,582.3,370.1,72.9,181.6,-1,-1,-1,-1
393,2.0,309.4,365.4,63.9,157.9,-1,-1,-1,-1
394,42.0,254.5,234.4,54.4,229.5,-1,-1,-1,-1
394,41.0,589.9,237.6,43.2,194.4,-1,-1,-1,-1
394,39.0,384.5,256.9,60.8,156.1,-1,-1,-1,-1
394,38.0,974.7,246.1,61.2,225.0,-1,-1,-1,-1
394,37.0,849.1,382.9,72.0,148.1,-1,-1,-1,-1
394,35.0,212.4,367.9,67.5,192.8,-1,-1,-1,-1
394,34.0,355.7,369.0,55.4,216.0,-1,-1,-1,-1
394,33.0,945.0,382.3,63.0,186.1,-1,-1,-1,-1
394,32.0,391.5,391.3,64.4,188.3,-1,-1,-1,-1
394,30.0,551.2,374.2,67.5,178.0,-1,-1,-1,-1
394,21.0,972.0,398.0,63.0,167.6,-1,-1,-1,-1
394,13.0,486.0,361.3,57.6,165.6,-1,-1,-1,-1
394,12.0,745.2,372.1,54.0,157.9,-1,-1,-1,-1
394,11.0,839.7,444.6,57.6,158.4,-1,-1,-1,-1
394,10.0,257.4,355.0,56.2,196.6,-1,-1,-1,-1
394,4.0,796.9,414.7,55.8,189.2,-1,-1,-1,-1
394,3.0,580.5,371.2,74.7,179.1,-1,-1,-1,-1
394,2.0,311.6,364.9,58.5,157.1,-1,-1,-1,-1
395,42.0,254.5,250.6,52.7,205.2,-1,-1,-1,-1
395,41.0,586.8,234.7,44.1,182.2,-1,-1,-1,-1
395,39.0,383.4,264.4,64.3,156.1,-1,-1,-1,-1
395,38.0,973.8,243.4,63.0,189.9,-1,-1,-1,-1
395,37.0,844.6,383.4,77.0,147.6,-1,-1,-1,-1
395,35.0,213.5,357.3,66.1,202.5,-1,-1,-1,-1
395,34.0,357.5,389.0,57.6,195.1,-1,-1,-1,-1
395,33.0,945.9,372.4,63.0,195.1,-1,-1,-1,-1
395,32.0,391.9,382.5,62.1,196.2,-1,-1,-1,-1
395,30.0,550.3,373.0,66.6,179.1,-1,-1,-1,-1
395,21.0,969.3,376.9,66.6,190.6,-1,-1,-1,-1
395,13.0,486.0,361.6,57.6,165.4,-1,-1,-1,-1
395,12.0,743.4,372.1,54.9,157.9,-1,-1,-1,-1
395,11.0,839.2,445.5,57.6,157.5,-1,-1,-1,-1
395,10.0,255.6,350.5,58.9,200.2,-1,-1,-1,-1
395,4.0,795.6,415.8,60.3,188.1,-1,-1,-1,-1
395,3.0,581.8,370.6,72.9,178.4,-1,-1,-1,-1
395,2.0,310.7,364.9,68.9,154.4,-1,-1,-1,-1
396,42.0,252.2,228.7,51.7,163.2,-1,-1,-1,-1
396,41.0,584.1,232.9,54.9,195.3,-1,-1,-1,-1
396,39.0,381.6,270.9,63.5,123.3,-1,-1,-1,-1
396,37.0,843.7,385.6,77.9,145.4,-1,-1,-1,-1
396,35.0,214.0,342.9,64.3,216.4,-1,-1,-1,-1
396,34.0,358.4,376.9,54.4,207.7,-1,-1,-1,-1
396,33.0,945.9,365.8,61.2,197.1,-1,-1,-1,-1
396,32.0,391.5,374.2,58.5,200.5,-1,-1,-1,-1
396,30.0,550.8,367.2,64.8,184.9,-1,-1,-1,-1
396,21.0,969.3,369.4,66.6,198.0,-1,-1,-1,-1
396,13.0,485.5,361.8,57.6,165.6,-1,-1,-1,-1
396,12.0,743.4,372.1,54.0,157.9,-1,-1,-1,-1
396,11.0,839.2,444.6,56.7,158.4,-1,-1,-1,-1
396,10.0,257.2,341.1,56.7,210.6,-1,-1,-1,-1
396,4.0,794.2,409.9,63.0,193.5,-1,-1,-1,-1
396,3.0,581.8,368.5,72.9,179.1,-1,-1,-1,-1
396,2.0,312.3,364.5,67.5,154.4,-1,-1,-1,-1
397,42.0,257.4,234.9,54.0,119.2,-1,-1,-1,-1
397,41.0,586.8,225.7,47.7,200.2,-1,-1,-1,-1
397,39.0,381.8,296.8,61.6,88.6,-1,-1,-1,-1
397,37.0,849.6,386.3,72.0,144.7,-1,-1,-1,-1
397,35.0,218.0,329.4,60.8,229.0,-1,-1,-1,-1
397,34.0,357.3,377.3,54.9,206.8,-1,-1,-1,-1
397,33.0,952.2,353.5,55.8,208.1,-1,-1,-1,-1
397,32.0,388.3,362.2,62.1,213.3,-1,-1,-1,-1
397,30.0,551.2,359.1,63.9,192.6,-1,-1,-1,-1
397,21.0,972.9,371.9,64.8,195.1,-1,-1,-1,-1
397,13.0,485.5,362.0,57.6,165.4,-1,-1,-1,-1
397,12.0,742.9,372.6,54.0,158.0,-1,-1,-1,-1
397,11.0,822.1,400.0,75.6,204.3,-1,-1,-1,-1
397,10.0,253.3,335.2,60.7,218.3,-1,-1,-1,-1
397,4.0,797.4,406.3,58.5,197.1,-1,-1,-1,-1
397,3.0,580.9,361.8,73.8,185.4,-1,-1,-1,-1
397,2.0,310.7,363.4,66.1,155.0,-1,-1,-1,-1
398,41.0,581.4,223.6,55.8,186.8,-1,-1,-1,-1
398,39.0,380.2,301.0,64.8,82.4,-1,-1,-1,-1
398,37.0,847.8,387.0,73.8,144.0,-1,-1,-1,-1
398,35.0,222.1,319.5,58.1,238.9,-1,-1,-1,-1
398,34.0,357.3,368.5,54.4,216.0,-1,-1,-1,-1
398,33.0,952.2,344.9,55.8,217.1,-1,-1,-1,-1
398,32.0,383.6,369.9,68.0,206.1,-1,-1,-1,-1
398,30.0,551.2,353.0,63.9,198.7,-1,-1,-1,-1
398,21.0,973.8,387.2,64.8,178.4,-1,-1,-1,-1
398,13.0,485.1,362.0,58.5,165.4,-1,-1,-1,-1
398,12.0,742.9,372.6,54.0,158.0,-1,-1,-1,-1
398,11.0,835.2,387.9,62.1,212.4,-1,-1,-1,-1
398,10.0,253.1,344.2,60.8,208.4,-1,-1,-1,-1
398,4.0,798.7,401.6,55.8,201.8,-1,-1,-1,-1
398,3.0,580.9,355.5,73.8,189.4,-1,-1,-1,-1
398,2.0,310.7,363.1,65.7,155.7,-1,-1,-1,-1
399,41.0,585.4,224.8,54.0,168.3,-1,-1,-1,-1
399,40.0,840.6,270.9,45.9,197.5,-1,-1,-1,-1
399,39.0,377.3,303.8,74.2,80.5,-1,-1,-1,-1
399,37.0,848.2,384.7,72.9,146.7,-1,-1,-1,-1
399,35.0,225.8,337.0,55.0,222.8,-1,-1,-1,-1
399,34.0,356.4,374.6,58.5,209.0,-1,-1,-1,-1
399,33.0,955.8,345.1,57.6,217.4,-1,-1,-1,-1
399,32.0,371.5,381.1,80.1,195.3,-1,-1,-1,-1
399,30.0,552.6,341.1,61.2,210.6,-1,-1,-1,-1
399,21.0,978.3,374.4,61.2,191.7,-1,-1,-1,-1
399,13.0,485.1,362.0,58.5,165.4,-1,-1,-1,-1
399,12.0,742.5,372.6,54.0,158.0,-1,-1,-1,-1
399,11.0,831.1,426.1,64.8,174.6,-1,-1,-1,-1
399,10.0,248.8,348.1,65.7,200.9,-1,-1,-1,-1
399,4.0,799.6,387.0,61.2,216.9,-1,-1,-1,-1
399,3.0,582.3,373.3,71.1,172.1,-1,-1,-1,-1
399,2.0,308.7,364.5,59.0,153.4,-1,-1,-1,-1
400,41.0,586.3,225.0,53.1,152.6,-1,-1,-1,-1
400,40.0,838.3,274.3,57.6,190.6,-1,-1,-1,-1
400,39.0,376.0,305.3,79.2,80.1,-1,-1,-1,-1
400,37.0,850.0,385.0,71.1,146.9,-1,-1,-1,-1
400,35.0,228.6,336.4,52.7,221.6,-1,-1,-1,-1
400,34.0,356.4,375.5,56.2,208.6,-1,-1,-1,-1
400,33.0,955.8,352.8,55.8,209.7,-1,-1,-1,-1
400,32.0,365.6,384.3,86.4,193.5,-1,-1,-1,-1
400,30.0,553.0,335.7,61.2,215.6,-1,-1,-1,-1
400,21.0,980.1,364.7,57.6,201.4,-1,-1,-1,-1
400,13.0,485.1,362.0,58.5,165.4,-1,-1,-1,-1
400,12.0,742.5,372.6,54.9,158.4,-1,-1,-1,-1
400,11.0,831.6,404.5,63.9,198.9,-1,-1,-1,-1
400,10.0,249.5,346.9,65.2,202.1,-1,-1,-1,-1
400,4.0,796.9,378.0,65.7,225.9,-1,-1,-1,-1
400,3.0,580.9,367.2,72.9,178.6,-1,-1,-1,-1
400,2.0,308.0,366.3,60.3,152.1,-1,-1,-1,-1
401,42.0,251.1,210.1,91.8,153.9,-1,-1,-1,-1
401,41.0,583.6,234.2,59.4,131.4,-1,-1,-1,-1
401,40.0,835.2,285.8,54.9,123.3,-1,-1,-1,-1
401,39.0,376.2,302.6,81.9,127.3,-1,-1,-1,-1
401,37.0,850.9,387.4,70.2,143.6,-1,-1,-1,-1
401,35.0,229.4,348.7,55.7,210.6,-1,-1,-1,-1
401,34.0,354.6,387.9,60.3,195.3,-1,-1,-1,-1
401,33.0,954.9,336.6,55.8,227.2,-1,-1,-1,-1
401,32.0,373.9,396.9,77.9,181.8,-1,-1,-1,-1
401,30.0,554.8,348.5,61.2,201.8,-1,-1,-1,-1
401,21.0,981.9,353.5,54.0,212.6,-1,-1,-1,-1
401,13.0,485.1,362.2,58.5,164.7,-1,-1,-1,-1
401,12.0,742.9,372.4,54.0,158.6,-1,-1,-1,-1
401,11.0,831.1,393.1,62.1,209.0,-1,-1,-1,-1
401,10.0,252.9,354.1,61.2,197.1,-1,-1,-1,-1
401,4.0,796.0,394.4,62.1,208.6,-1,-1,-1,-1
401,3.0,585.4,352.8,68.4,191.7,-1,-1,-1,-1
401,2.0,306.2,368.8,61.6,149.6,-1,-1,-1,-1
402,42.0,231.3,228.4,116.5,142.7,-1,-1,-1,-1
402,41.0,584.1,240.1,59.4,123.3,-1,-1,-1,-1
402,40.0,836.1,291.1,52.2,109.8,-1,-1,-1,-1
402,39.0,375.3,299.7,81.9,129.1,-1,-1,-1,-1
402,37.0,849.6,387.9,72.0,143.1,-1,-1,-1,-1
402,35.0,229.3,351.0,57.1,206.6,-1,-1,-1,-1
402,34.0,354.4,389.5,59.0,195.1,-1,-1,-1,-1
402,33.0,954.9,357.7,55.8,207.9,-1,-1,-1,-1
402,32.0,374.4,400.0,77.8,177.3,-1,-1,-1,-1
402,30.0,554.4,350.5,63.9,200.2,-1,-1,-1,-1
402,21.0,981.9,350.1,54.0,216.0,-1,-1,-1,-1
402,13.0,485.1,362.5,58.5,164.9,-1,-1,-1,-1
402,12.0,743.4,372.6,53.1,158.4,-1,-1,-1,-1
402,11.0,832.5,393.1,55.8,208.1,-1,-1,-1,-1
402,10.0,254.2,358.6,60.3,189.4,-1,-1,-1,-1
402,4.0,799.2,391.3,57.6,212.2,-1,-1,-1,-1
402,3.0,587.2,348.3,66.6,194.8,-1,-1,-1,-1
402,2.0,305.1,369.9,61.6,148.5,-1,-1,-1,-1
403,42.0,218.6,235.6,132.9,144.5,-1,-1,-1,-1
403,40.0,831.6,295.9,55.8,100.3,-1,-1,-1,-1
403,39.0,371.2,283.5,75.6,151.6,-1,-1,-1,-1
403,37.0,849.6,380.9,72.0,149.6,-1,-1,-1,-1
403,35.0,229.2,359.5,59.5,196.6,-1,-1,-1,-1
403,34.0,357.5,390.8,58.0,195.1,-1,-1,-1,-1
403,33.0,954.9,359.5,55.8,203.4,-1,-1,-1,-1
403,32.0,376.2,402.3,75.6,173.7,-1,-1,-1,-1
403,30.0,553.0,355.3,67.5,197.8,-1,-1,-1,-1
403,21.0,982.8,355.5,55.8,210.1,-1,-1,-1,-1
403,13.0,485.1,362.2,58.5,165.1,-1,-1,-1,-1
403,12.0,743.4,372.1,53.1,158.4,-1,-1,-1,-1
403,11.0,833.4,392.4,57.6,209.7,-1,-1,-1,-1
403,10.0,250.9,361.3,63.9,189.0,-1,-1,-1,-1
403,4.0,799.6,391.9,64.8,209.7,-1,-1,-1,-1
403,3.0,589.9,353.9,63.9,190.6,-1,-1,-1,-1
403,2.0,306.4,371.7,60.8,148.5,-1,-1,-1,-1
404,42.0,206.1,231.5,142.6,155.2,-1,-1,-1,-1
404,40.0,826.6,298.3,65.7,86.9,-1,-1,-1,-1
404,39.0,370.8,278.1,69.3,155.7,-1,-1,-1,-1
404,37.0,849.6,385.4,72.0,145.6,-1,-1,-1,-1
404,35.0,229.7,361.8,59.4,193.5,-1,-1,-1,-1
404,34.0,358.0,399.6,55.4,186.3,-1,-1,-1,-1
404,33.0,954.0,365.4,57.6,198.9,-1,-1,-1,-1
404,32.0,374.4,407.2,77.4,169.2,-1,-1,-1,-1
404,30.0,553.5,351.2,64.8,201.8,-1,-1,-1,-1
404,21.0,982.8,364.3,57.6,200.9,-1,-1,-1,-1
404,13.0,485.1,362.7,58.5,164.7,-1,-1,-1,-1
404,12.0,743.4,372.1,53.1,158.4,-1,-1,-1,-1
404,11.0,833.8,394.6,55.8,206.1,-1,-1,-1,-1
404,10.0,251.8,360.9,63.0,189.0,-1,-1,-1,-1
404,4.0,796.9,393.7,72.0,202.5,-1,-1,-1,-1
404,3.0,589.5,350.5,64.8,192.1,-1,-1,-1,-1
404,2.0,307.6,372.6,61.6,150.3,-1,-1,-1,-1
405,42.0,205.2,229.3,136.3,154.3,-1,-1,-1,-1
405,40.0,810.0,295.0,90.9,113.9,-1,-1,-1,-1
405,39.0,368.3,276.3,77.4,161.5,-1,-1,-1,-1
405,37.0,847.8,391.3,73.8,139.7,-1,-1,-1,-1
405,35.0,229.8,363.8,62.2,193.7,-1,-1,-1,-1
405,34.0,358.6,401.4,53.1,184.5,-1,-1,-1,-1
405,33.0,954.0,373.0,63.0,191.7,-1,-1,-1,-1
405,32.0,374.6,404.3,77.4,171.2,-1,-1,-1,-1
405,30.0,560.7,344.9,55.8,208.6,-1,-1,-1,-1
405,21.0,981.9,371.2,61.2,198.0,-1,-1,-1,-1
405,13.0,485.1,362.7,58.5,164.7,-1,-1,-1,-1
405,12.0,743.4,372.6,53.1,157.5,-1,-1,-1,-1
405,11.0,833.8,394.6,58.5,206.1,-1,-1,-1,-1
405,10.0,254.2,362.2,59.4,186.3,-1,-1,-1,-1
405,4.0,799.2,391.9,69.3,207.9,-1,-1,-1,-1
405,3.0,588.6,344.7,65.7,199.8,-1,-1,-1,-1
405,2.0,308.7,373.7,63.9,152.8,-1,-1,-1,-1
406,42.0,207.4,227.7,128.2,158.0,-1,-1,-1,-1
406,40.0,801.0,295.4,103.5,122.9,-1,-1,-1,-1
406,39.0,367.6,279.0,83.2,160.2,-1,-1,-1,-1
406,38.0,980.1,273.1,102.6,123.8,-1,-1,-1,-1
406,37.0,847.8,391.0,73.8,140.4,-1,-1,-1,-1
406,35.0,229.7,364.9,62.6,192.6,-1,-1,-1,-1
406,34.0,354.8,409.7,56.7,176.2,-1,-1,-1,-1
406,33.0,954.0,378.7,61.2,186.5,-1,-1,-1,-1
406,32.0,374.4,402.3,77.8,172.8,-1,-1,-1,-1
406,30.0,564.8,344.5,51.3,205.4,-1,-1,-1,-1
406,21.0,981.9,378.0,63.0,191.7,-1,-1,-1,-1
406,13.0,485.1,362.7,58.5,164.7,-1,-1,-1,-1
406,12.0,743.4,372.8,53.1,157.7,-1,-1,-1,-1
406,11.0,829.3,397.1,63.0,204.1,-1,-1,-1,-1
406,10.0,255.6,364.9,59.8,182.7,-1,-1,-1,-1
406,4.0,798.3,396.4,71.1,197.1,-1,-1,-1,-1
406,3.0,586.8,349.9,67.5,197.3,-1,-1,-1,-1
406,2.0,309.6,375.7,64.4,149.9,-1,-1,-1,-1
407,42.0,213.7,219.8,112.5,177.3,-1,-1,-1,-1
407,41.0,561.6,253.8,79.2,120.1,-1,-1,-1,-1
407,40.0,799.2,288.0,107.1,135.0,-1,-1,-1,-1
407,39.0,360.7,283.7,92.7,153.5,-1,-1,-1,-1
407,38.0,976.5,268.2,106.2,137.2,-1,-1,-1,-1
407,37.0,846.4,391.5,75.2,139.5,-1,-1,-1,-1
407,35.0,231.7,352.8,63.0,205.2,-1,-1,-1,-1
407,34.0,352.6,403.4,58.0,182.5,-1,-1,-1,-1
407,33.0,953.1,385.9,59.4,179.3,-1,-1,-1,-1
407,32.0,375.1,405.7,77.4,169.4,-1,-1,-1,-1
407,30.0,567.9,339.3,51.3,210.1,-1,-1,-1,-1
407,21.0,980.1,384.3,66.6,186.3,-1,-1,-1,-1
407,13.0,484.6,363.1,59.4,164.2,-1,-1,-1,-1
407,12.0,743.8,373.5,53.1,157.1,-1,-1,-1,-1
407,11.0,833.8,409.7,60.3,189.2,-1,-1,-1,-1
407,10.0,255.1,316.3,60.3,234.0,-1,-1,-1,-1
407,4.0,798.3,410.4,64.8,184.5,-1,-1,-1,-1
407,3.0,583.2,353.7,71.1,188.1,-1,-1,-1,-1
407,2.0,311.8,373.7,67.5,154.6,-1,-1,-1,-1
408,42.0,217.1,214.0,105.7,184.1,-1,-1,-1,-1
408,41.0,562.9,248.4,78.3,127.3,-1,-1,-1,-1
408,40.0,785.7,287.5,118.8,142.6,-1,-1,-1,-1
408,39.0,357.3,285.3,93.6,151.2,-1,-1,-1,-1
408,38.0,973.8,265.3,106.2,141.8,-1,-1,-1,-1
408,37.0,846.0,391.9,76.5,139.5,-1,-1,-1,-1
408,35.0,233.3,323.1,62.6,234.5,-1,-1,-1,-1
408,34.0,350.1,402.1,60.3,184.3,-1,-1,-1,-1
408,33.0,954.0,386.5,59.4,178.2,-1,-1,-1,-1
408,32.0,378.9,405.2,73.3,170.8,-1,-1,-1,-1
408,30.0,567.9,340.4,54.9,208.1,-1,-1,-1,-1
408,21.0,981.0,385.2,66.6,185.4,-1,-1,-1,-1
408,13.0,484.6,363.1,59.4,164.2,-1,-1,-1,-1
408,12.0,744.3,373.7,53.1,157.7,-1,-1,-1,-1
408,11.0,837.4,415.3,58.5,185.4,-1,-1,-1,-1
408,10.0,253.6,314.5,62.1,235.8,-1,-1,-1,-1
408,4.0,798.3,416.0,63.9,181.6,-1,-1,-1,-1
408,3.0,581.4,349.6,72.9,192.1,-1,-1,-1,-1
408,2.0,313.2,374.8,67.5,155.2,-1,-1,-1,-1
409,42.0,220.7,215.4,97.2,181.9,-1,-1,-1,-1
409,41.0,562.5,243.4,95.4,135.0,-1,-1,-1,-1
409,40.0,788.4,287.1,106.2,152.6,-1,-1,-1,-1
409,39.0,353.2,279.0,90.0,150.3,-1,-1,-1,-1
409,38.0,971.1,258.8,100.8,156.6,-1,-1,-1,-1
409,37.0,847.3,392.4,74.2,139.5,-1,-1,-1,-1
409,35.0,234.4,362.9,60.8,195.1,-1,-1,-1,-1
409,34.0,344.7,400.0,67.0,186.3,-1,-1,-1,-1
409,33.0,953.1,387.9,61.2,178.2,-1,-1,-1,-1
409,32.0,376.6,402.7,75.6,172.8,-1,-1,-1,-1
409,30.0,568.8,346.9,57.6,202.1,-1,-1,-1,-1
409,21.0,982.8,387.0,64.8,183.6,-1,-1,-1,-1
409,13.0,484.6,363.1,59.4,164.2,-1,-1,-1,-1
409,12.0,744.7,374.4,53.1,158.4,-1,-1,-1,-1
409,11.0,840.6,423.7,57.6,176.2,-1,-1,-1,-1
409,10.0,256.3,324.0,59.4,225.4,-1,-1,-1,-1
409,4.0,800.1,425.5,62.1,173.5,-1,-1,-1,-1
409,3.0,581.4,358.2,72.0,185.9,-1,-1,-1,-1
409,2.0,315.4,376.0,66.6,154.1,-1,-1,-1,-1
410,42.0,222.5,214.0,92.7,182.2,-1,-1,-1,-1
410,41.0,566.5,242.5,100.8,148.9,-1,-1,-1,-1
410,40.0,792.0,286.4,96.3,155.2,-1,-1,-1,-1
410,39.0,353.0,276.8,85.5,149.8,-1,-1,-1,-1
410,38.0,966.6,231.7,100.8,180.0,-1,-1,-1,-1
410,37.0,846.9,391.7,74.7,140.6,-1,-1,-1,-1
410,35.0,235.3,360.4,60.3,197.6,-1,-1,-1,-1
410,34.0,339.1,399.4,71.5,186.1,-1,-1,-1,-1
410,33.0,954.0,388.3,59.4,178.2,-1,-1,-1,-1
410,32.0,374.4,402.3,77.4,172.8,-1,-1,-1,-1
410,30.0,571.0,354.6,64.8,194.4,-1,-1,-1,-1
410,21.0,982.8,387.9,64.8,182.7,-1,-1,-1,-1
410,13.0,484.6,363.1,59.4,164.2,-1,-1,-1,-1
410,12.0,744.7,374.6,53.1,158.6,-1,-1,-1,-1
410,11.0,840.1,425.0,58.5,177.1,-1,-1,-1,-1
410,10.0,253.1,312.8,63.0,238.5,-1,-1,-1,-1
410,4.0,800.5,427.0,62.1,170.1,-1,-1,-1,-1
410,3.0,578.2,360.0,77.4,185.4,-1,-1,-1,-1
410,2.0,315.0,376.6,67.9,151.6,-1,-1,-1,-1
411,42.0,224.5,213.7,90.0,177.3,-1,-1,-1,-1
411,41.0,556.2,241.2,108.9,163.8,-1,-1,-1,-1
411,40.0,795.1,274.5,89.1,172.8,-1,-1,-1,-1
411,39.0,353.0,272.7,73.3,151.2,-1,-1,-1,-1
411,38.0,967.5,232.6,91.8,179.1,-1,-1,-1,-1
411,37.0,847.8,392.4,73.8,139.5,-1,-1,-1,-1
411,35.0,234.9,354.8,61.6,203.2,-1,-1,-1,-1
411,34.0,336.8,401.6,73.8,184.3,-1,-1,-1,-1
411,33.0,952.2,387.7,61.2,178.4,-1,-1,-1,-1
411,32.0,370.6,399.1,77.9,176.4,-1,-1,-1,-1
411,30.0,574.2,360.2,71.1,191.0,-1,-1,-1,-1
411,21.0,989.1,388.1,57.6,182.5,-1,-1,-1,-1
411,13.0,484.6,363.4,59.4,164.9,-1,-1,-1,-1
411,12.0,744.7,375.3,53.1,157.5,-1,-1,-1,-1
411,11.0,837.0,429.3,61.2,172.8,-1,-1,-1,-1
411,10.0,253.8,307.3,62.5,241.7,-1,-1,-1,-1
411,4.0,801.9,428.2,63.0,169.4,-1,-1,-1,-1
411,3.0,576.0,378.0,95.4,172.8,-1,-1,-1,-1
411,2.0,316.1,376.4,68.4,145.6,-1,-1,-1,-1
412,42.0,227.1,212.6,87.4,179.1,-1,-1,-1,-1
412,41.0,565.2,237.4,92.7,169.7,-1,-1,-1,-1
412,40.0,797.8,271.6,84.6,177.8,-1,-1,-1,-1
412,39.0,353.0,270.9,70.2,150.3,-1,-1,-1,-1
412,38.0,968.4,234.2,88.2,177.3,-1,-1,-1,-1
412,37.0,847.3,392.6,74.2,139.3,-1,-1,-1,-1
412,35.0,234.9,356.8,61.6,201.2,-1,-1,-1,-1
412,34.0,331.2,393.3,77.4,191.7,-1,-1,-1,-1
412,33.0,952.2,389.2,61.2,176.4,-1,-1,-1,-1
412,32.0,373.0,400.5,71.1,174.6,-1,-1,-1,-1
412,30.0,576.4,362.7,68.4,190.8,-1,-1,-1,-1
412,21.0,989.1,388.8,57.6,181.8,-1,-1,-1,-1
412,13.0,484.6,363.4,59.4,164.9,-1,-1,-1,-1
412,12.0,745.2,375.5,52.2,157.7,-1,-1,-1,-1
412,11.0,832.9,430.2,65.7,171.9,-1,-1,-1,-1
412,10.0,253.3,306.4,63.0,243.4,-1,-1,-1,-1
412,4.0,802.8,428.2,62.1,171.2,-1,-1,-1,-1
412,3.0,576.9,389.9,93.6,155.9,-1,-1,-1,-1
412,2.0,321.7,375.3,60.3,147.6,-1,-1,-1,-1
413,42.0,232.4,214.4,84.1,133.2,-1,-1,-1,-1
413,41.0,587.2,241.9,69.3,157.5,-1,-1,-1,-1
413,40.0,801.9,264.6,82.8,185.4,-1,-1,-1,-1
413,39.0,351.7,266.6,69.8,154.3,-1,-1,-1,-1
413,38.0,966.6,234.7,84.6,171.9,-1,-1,-1,-1
413,37.0,847.3,392.4,74.2,139.5,-1,-1,-1,-1
413,35.0,235.1,360.0,59.4,197.1,-1,-1,-1,-1
413,34.0,332.3,396.0,62.5,187.2,-1,-1,-1,-1
413,33.0,952.2,389.0,57.6,177.1,-1,-1,-1,-1
413,32.0,371.9,400.3,61.6,176.6,-1,-1,-1,-1
413,30.0,574.2,385.4,71.1,169.0,-1,-1,-1,-1
413,21.0,990.0,388.1,57.6,182.5,-1,-1,-1,-1
413,13.0,484.6,363.6,59.4,164.2,-1,-1,-1,-1
413,12.0,744.7,376.4,52.2,156.4,-1,-1,-1,-1
413,11.0,836.5,430.4,63.0,171.2,-1,-1,-1,-1
413,10.0,254.9,363.1,61.6,189.9,-1,-1,-1,-1
413,4.0,802.3,432.2,64.8,167.2,-1,-1,-1,-1
413,3.0,584.1,397.6,87.3,154.6,-1,-1,-1,-1
413,2.0,323.5,373.7,53.1,148.7,-1,-1,-1,-1
414,42.0,234.2,214.4,83.2,173.2,-1,-1,-1,-1
414,41.0,588.6,246.8,72.0,158.0,-1,-1,-1,-1
414,40.0,803.2,263.0,82.8,185.8,-1,-1,-1,-1
414,39.0,350.3,263.9,70.2,154.8,-1,-1,-1,-1
414,38.0,966.6,234.0,81.0,169.2,-1,-1,-1,-1
414,37.0,848.7,392.8,72.9,138.6,-1,-1,-1,-1
414,35.0,234.9,358.4,59.4,198.7,-1,-1,-1,-1
414,34.0,324.9,390.1,65.2,193.5,-1,-1,-1,-1
414,33.0,951.3,387.2,57.6,178.4,-1,-1,-1,-1
414,32.0,371.9,400.3,59.9,176.6,-1,-1,-1,-1
414,30.0,574.6,375.5,71.1,179.8,-1,-1,-1,-1
414,21.0,987.3,385.2,59.4,185.4,-1,-1,-1,-1
414,13.0,485.1,363.6,59.4,164.7,-1,-1,-1,-1
414,12.0,745.6,376.9,51.3,155.9,-1,-1,-1,-1
414,11.0,836.1,429.7,63.9,171.9,-1,-1,-1,-1
414,10.0,256.3,366.3,60.3,188.5,-1,-1,-1,-1
414,4.0,802.8,432.7,63.9,165.8,-1,-1,-1,-1
414,3.0,586.8,389.9,84.6,161.8,-1,-1,-1,-1
414,2.0,323.8,373.9,50.8,149.9,-1,-1,-1,-1
415,42.0,235.8,210.1,85.9,177.8,-1,-1,-1,-1
415,41.0,587.7,252.4,75.6,164.7,-1,-1,-1,-1
415,40.0,803.7,261.7,83.7,185.9,-1,-1,-1,-1
415,39.0,347.4,257.4,72.9,164.2,-1,-1,-1,-1
415,38.0,963.9,225.3,79.2,172.9,-1,-1,-1,-1
415,37.0,849.1,392.4,73.3,139.5,-1,-1,-1,-1
415,35.0,235.3,363.4,57.2,194.6,-1,-1,-1,-1
415,34.0,326.2,379.8,60.8,204.3,-1,-1,-1,-1
415,33.0,950.4,387.0,57.6,179.1,-1,-1,-1,-1
415,32.0,371.7,401.2,59.9,176.2,-1,-1,-1,-1
415,30.0,574.6,389.9,71.1,163.1,-1,-1,-1,-1
415,21.0,982.8,382.0,64.8,188.1,-1,-1,-1,-1
415,13.0,485.1,364.0,59.4,164.2,-1,-1,-1,-1
415,12.0,746.1,378.9,51.3,154.4,-1,-1,-1,-1
415,11.0,836.1,429.7,63.9,171.9,-1,-1,-1,-1
415,10.0,260.8,367.6,56.7,185.9,-1,-1,-1,-1
415,4.0,802.8,432.4,63.9,162.9,-1,-1,-1,-1
415,3.0,588.6,396.2,82.8,154.1,-1,-1,-1,-1
416,42.0,236.0,209.5,87.3,177.7,-1,-1,-1,-1
416,41.0,586.3,255.1,73.8,172.8,-1,-1,-1,-1
416,40.0,802.3,260.1,84.6,186.8,-1,-1,-1,-1
416,39.0,346.3,256.9,75.1,165.1,-1,-1,-1,-1
416,38.0,964.8,224.1,75.6,173.2,-1,-1,-1,-1
416,37.0,850.0,392.2,71.5,139.7,-1,-1,-1,-1
416,35.0,234.7,364.9,58.5,191.7,-1,-1,-1,-1
416,34.0,324.9,386.1,62.1,198.9,-1,-1,-1,-1
416,33.0,949.5,385.0,57.6,180.2,-1,-1,-1,-1
416,32.0,371.5,400.7,59.9,177.1,-1,-1,-1,-1
416,30.0,573.3,393.3,72.9,159.3,-1,-1,-1,-1
416,21.0,981.0,378.0,66.6,192.6,-1,-1,-1,-1
416,13.0,485.1,363.6,59.4,164.7,-1,-1,-1,-1
416,12.0,746.5,379.6,51.3,153.2,-1,-1,-1,-1
416,11.0,836.1,429.3,64.8,172.8,-1,-1,-1,-1
416,10.0,263.9,368.3,54.5,186.1,-1,-1,-1,-1
416,4.0,802.8,431.8,64.8,163.1,-1,-1,-1,-1
416,3.0,589.5,400.0,81.9,152.1,-1,-1,-1,-1
417,42.0,238.7,210.6,83.7,177.7,-1,-1,-1,-1
417,41.0,580.9,257.8,80.1,165.6,-1,-1,-1,-1
417,40.0,799.6,258.5,88.2,183.1,-1,-1,-1,-1
417,39.0,341.3,249.7,85.0,175.5,-1,-1,-1,-1
417,38.0,963.0,220.3,75.6,178.2,-1,-1,-1,-1
417,37.0,851.4,391.9,71.1,140.4,-1,-1,-1,-1
417,35.0,234.2,361.8,57.2,195.8,-1,-1,-1,-1
417,34.0,331.6,380.9,54.4,201.8,-1,-1,-1,-1
417,33.0,947.7,382.0,59.4,183.6,-1,-1,-1,-1
417,32.0,371.0,402.5,60.8,175.3,-1,-1,-1,-1
417,30.0,573.8,391.9,71.1,161.1,-1,-1,-1,-1
417,21.0,979.2,378.4,68.4,191.7,-1,-1,-1,-1
417,13.0,485.1,363.6,59.4,164.7,-1,-1,-1,-1
417,12.0,746.1,380.2,52.2,152.6,-1,-1,-1,-1
417,11.0,836.5,427.0,65.7,174.6,-1,-1,-1,-1
417,10.0,265.9,366.3,53.1,186.8,-1,-1,-1,-1
417,4.0,802.8,428.6,64.8,164.0,-1,-1,-1,-1
417,3.0,586.8,398.0,89.1,150.5,-1,-1,-1,-1
418,42.0,239.4,210.6,79.6,176.4,-1,-1,-1,-1
418,41.0,571.9,258.3,90.0,163.8,-1,-1,-1,-1
418,40.0,797.4,258.3,93.6,182.2,-1,-1,-1,-1
418,39.0,340.2,250.0,89.5,175.9,-1,-1,-1,-1
418,38.0,963.0,215.5,75.6,182.2,-1,-1,-1,-1
418,37.0,850.9,391.7,70.7,140.6,-1,-1,-1,-1
418,35.0,234.0,361.3,57.6,196.2,-1,-1,-1,-1
418,34.0,332.5,380.0,53.5,204.1,-1,-1,-1,-1
418,33.0,946.8,382.5,59.4,182.7,-1,-1,-1,-1
418,32.0,370.1,402.5,61.2,176.2,-1,-1,-1,-1
418,30.0,573.8,378.4,71.1,174.6,-1,-1,-1,-1
418,21.0,981.0,380.2,66.6,189.9,-1,-1,-1,-1
418,13.0,485.1,363.8,59.4,164.9,-1,-1,-1,-1
418,12.0,746.1,380.9,52.2,152.3,-1,-1,-1,-1
418,11.0,837.4,423.4,64.8,178.2,-1,-1,-1,-1
418,10.0,267.5,365.2,51.8,188.3,-1,-1,-1,-1
418,4.0,803.7,425.5,63.0,171.2,-1,-1,-1,-1
418,3.0,586.8,397.3,89.1,151.2,-1,-1,-1,-1
419,42.0,240.1,207.9,67.1,176.4,-1,-1,-1,-1
419,41.0,562.9,255.4,100.8,165.6,-1,-1,-1,-1
419,40.0,796.5,256.0,97.2,182.7,-1,-1,-1,-1
419,39.0,338.8,248.6,97.2,171.0,-1,-1,-1,-1
419,38.0,963.0,215.0,73.8,178.8,-1,-1,-1,-1
419,37.0,850.9,391.3,71.5,141.1,-1,-1,-1,-1
419,35.0,234.0,360.4,58.5,196.6,-1,-1,-1,-1
419,34.0,330.5,363.8,56.2,220.3,-1,-1,-1,-1
419,33.0,945.9,381.1,61.2,183.6,-1,-1,-1,-1
419,32.0,368.1,400.9,64.8,176.4,-1,-1,-1,-1
419,30.0,574.2,391.9,63.9,159.3,-1,-1,-1,-1
419,21.0,975.6,377.5,70.2,192.6,-1,-1,-1,-1
419,13.0,485.1,363.1,59.4,164.7,-1,-1,-1,-1
419,12.0,744.3,380.9,54.9,152.8,-1,-1,-1,-1
419,11.0,838.3,420.5,63.0,181.6,-1,-1,-1,-1
419,10.0,267.5,364.5,53.5,188.1,-1,-1,-1,-1
419,4.0,803.7,424.1,63.0,173.5,-1,-1,-1,-1
419,3.0,598.0,395.8,78.3,154.6,-1,-1,-1,-1
420,42.0,240.1,206.5,67.1,175.5,-1,-1,-1,-1
420,41.0,562.9,251.5,105.3,171.4,-1,-1,-1,-1
420,40.0,796.5,253.8,92.7,183.6,-1,-1,-1,-1
420,39.0,337.5,248.4,99.0,170.1,-1,-1,-1,-1
420,38.0,961.2,215.8,73.8,178.6,-1,-1,-1,-1
420,37.0,850.9,390.8,71.5,140.6,-1,-1,-1,-1
420,35.0,233.3,359.5,57.1,198.9,-1,-1,-1,-1
420,34.0,329.6,357.3,60.3,225.0,-1,-1,-1,-1
420,33.0,945.9,382.7,57.6,183.4,-1,-1,-1,-1
420,32.0,368.5,400.0,67.0,177.3,-1,-1,-1,-1
420,30.0,572.8,391.3,63.0,159.5,-1,-1,-1,-1
420,21.0,977.4,377.1,66.6,192.6,-1,-1,-1,-1
420,13.0,485.1,363.1,59.4,163.4,-1,-1,-1,-1
420,12.0,743.8,381.4,55.8,152.3,-1,-1,-1,-1
420,11.0,836.5,420.3,64.8,181.8,-1,-1,-1,-1
420,10.0,269.8,364.9,51.3,187.6,-1,-1,-1,-1
420,4.0,803.7,420.1,63.0,174.8,-1,-1,-1,-1
420,3.0,592.6,394.0,81.9,154.1,-1,-1,-1,-1
421,42.0,237.6,199.9,70.2,177.6,-1,-1,-1,-1
421,41.0,546.8,255.1,123.3,173.2,-1,-1,-1,-1
421,40.0,805.5,251.5,78.3,180.4,-1,-1,-1,-1
421,39.0,336.1,248.2,98.5,166.5,-1,-1,-1,-1
421,38.0,958.5,214.9,59.4,179.6,-1,-1,-1,-1
421,37.0,850.0,389.9,72.4,142.0,-1,-1,-1,-1
421,35.0,233.3,357.3,55.4,201.1,-1,-1,-1,-1
421,34.0,328.3,354.6,63.4,228.6,-1,-1,-1,-1
421,33.0,942.3,381.1,54.0,184.5,-1,-1,-1,-1
421,32.0,368.1,400.0,71.1,179.1,-1,-1,-1,-1
421,30.0,572.8,391.9,67.5,160.2,-1,-1,-1,-1
421,21.0,977.4,378.2,59.4,190.6,-1,-1,-1,-1
421,13.0,483.3,364.7,62.1,160.9,-1,-1,-1,-1
421,12.0,740.7,381.4,60.3,152.3,-1,-1,-1,-1
421,11.0,837.4,415.3,63.9,187.2,-1,-1,-1,-1
421,10.0,269.1,359.3,51.8,194.6,-1,-1,-1,-1
421,4.0,803.2,416.7,62.1,179.1,-1,-1,-1,-1
421,3.0,598.0,394.4,78.3,156.8,-1,-1,-1,-1
422,42.0,235.6,198.9,73.8,175.0,-1,-1,-1,-1
422,41.0,540.4,255.1,130.5,174.6,-1,-1,-1,-1
422,40.0,809.1,250.2,74.7,180.5,-1,-1,-1,-1
422,39.0,335.9,247.9,96.3,165.6,-1,-1,-1,-1
422,38.0,957.6,215.7,61.2,179.0,-1,-1,-1,-1
422,37.0,849.1,389.2,73.3,142.2,-1,-1,-1,-1
422,35.0,233.1,356.8,54.4,201.6,-1,-1,-1,-1
422,34.0,327.1,356.8,64.8,225.0,-1,-1,-1,-1
422,33.0,942.3,381.6,50.4,185.4,-1,-1,-1,-1
422,32.0,367.4,399.6,71.5,179.1,-1,-1,-1,-1
422,30.0,571.0,391.7,71.1,160.0,-1,-1,-1,-1
422,21.0,976.5,377.3,55.8,191.0,-1,-1,-1,-1
422,13.0,481.9,366.3,63.9,159.3,-1,-1,-1,-1
422,12.0,738.0,381.6,63.9,151.7,-1,-1,-1,-1
422,11.0,837.0,412.6,63.0,189.9,-1,-1,-1,-1
422,10.0,269.1,358.6,51.8,194.9,-1,-1,-1,-1
422,4.0,803.7,413.8,61.2,182.5,-1,-1,-1,-1
422,3.0,599.8,394.6,76.5,156.6,-1,-1,-1,-1
423,42.0,236.5,199.2,77.4,171.6,-1,-1,-1,-1
423,41.0,530.1,254.2,144.9,171.4,-1,-1,-1,-1
423,40.0,805.5,240.7,79.2,183.6,-1,-1,-1,-1
423,39.0,335.2,246.1,90.0,166.9,-1,-1,-1,-1
423,38.0,952.2,215.5,61.2,175.5,-1,-1,-1,-1
423,37.0,848.7,388.3,72.9,143.1,-1,-1,-1,-1
423,35.0,232.4,355.9,53.5,201.1,-1,-1,-1,-1
423,34.0,326.2,359.1,58.5,224.1,-1,-1,-1,-1
423,33.0,941.4,383.8,52.2,182.7,-1,-1,-1,-1
423,32.0,368.5,399.8,69.8,181.6,-1,-1,-1,-1
423,30.0,569.2,389.7,67.5,161.1,-1,-1,-1,-1
423,21.0,972.9,376.2,55.8,193.5,-1,-1,-1,-1
423,13.0,481.5,369.7,68.4,155.9,-1,-1,-1,-1
423,12.0,734.4,382.0,69.3,151.6,-1,-1,-1,-1
423,11.0,836.5,409.9,63.9,191.7,-1,-1,-1,-1
423,10.0,268.9,357.3,52.2,195.3,-1,-1,-1,-1
423,4.0,804.6,408.6,63.9,187.2,-1,-1,-1,-1
423,3.0,601.2,394.4,76.5,156.8,-1,-1,-1,-1
424,42.0,234.7,197.4,79.2,174.3,-1,-1,-1,-1
424,41.0,531.0,253.8,144.0,174.6,-1,-1,-1,-1
424,40.0,805.5,239.2,79.2,184.9,-1,-1,-1,-1
424,39.0,335.0,247.3,88.6,163.3,-1,-1,-1,-1
424,38.0,950.4,215.1,61.2,175.1,-1,-1,-1,-1
424,37.0,849.6,388.8,72.0,142.6,-1,-1,-1,-1
424,35.0,232.9,355.5,52.7,201.6,-1,-1,-1,-1
424,34.0,325.3,373.0,57.6,209.7,-1,-1,-1,-1
424,33.0,942.3,380.7,50.4,186.3,-1,-1,-1,-1
424,32.0,369.9,397.6,68.8,184.3,-1,-1,-1,-1
424,30.0,568.3,389.7,69.3,161.1,-1,-1,-1,-1
424,21.0,972.9,376.2,55.8,193.5,-1,-1,-1,-1
424,13.0,481.0,370.3,71.1,155.7,-1,-1,-1,-1
424,12.0,733.5,381.8,70.2,150.5,-1,-1,-1,-1
424,11.0,837.0,406.3,63.9,197.1,-1,-1,-1,-1
424,10.0,269.1,356.8,52.2,195.8,-1,-1,-1,-1
424,4.0,805.0,406.6,65.7,190.6,-1,-1,-1,-1
424,3.0,599.4,394.2,78.3,155.7,-1,-1,-1,-1
425,42.0,234.4,194.6,80.6,177.3,-1,-1,-1,-1
425,41.0,529.6,252.4,146.7,172.4,-1,-1,-1,-1
425,40.0,807.7,231.3,77.4,190.8,-1,-1,-1,-1
425,39.0,335.9,244.6,85.9,174.6,-1,-1,-1,-1
425,38.0,944.1,214.2,66.6,175.0,-1,-1,-1,-1
425,37.0,848.2,388.1,73.4,143.8,-1,-1,-1,-1
425,35.0,231.3,354.4,54.0,204.5,-1,-1,-1,-1
425,34.0,325.1,388.1,60.3,195.1,-1,-1,-1,-1
425,33.0,940.5,378.0,50.4,189.0,-1,-1,-1,-1
425,32.0,367.0,401.4,71.6,180.9,-1,-1,-1,-1
425,30.0,565.2,389.9,69.3,151.4,-1,-1,-1,-1
425,21.0,970.2,375.1,57.6,195.1,-1,-1,-1,-1
425,13.0,481.9,370.3,78.3,155.7,-1,-1,-1,-1
425,12.0,731.7,382.0,72.0,148.0,-1,-1,-1,-1
425,11.0,836.5,402.7,63.9,204.3,-1,-1,-1,-1
425,10.0,269.5,356.4,51.8,196.6,-1,-1,-1,-1
425,4.0,806.4,403.2,66.6,191.7,-1,-1,-1,-1
425,3.0,600.3,394.2,76.5,153.9,-1,-1,-1,-1
426,42.0,238.3,196.3,76.9,173.1,-1,-1,-1,-1
426,41.0,529.2,245.7,146.7,182.2,-1,-1,-1,-1
426,40.0,807.3,228.9,79.2,191.8,-1,-1,-1,-1
426,39.0,336.4,243.0,85.5,173.7,-1,-1,-1,-1
426,38.0,943.2,213.5,66.6,176.8,-1,-1,-1,-1
426,37.0,848.2,387.7,73.4,144.7,-1,-1,-1,-1
426,35.0,231.3,355.7,54.5,201.4,-1,-1,-1,-1
426,34.0,324.2,391.7,60.3,191.0,-1,-1,-1,-1
426,33.0,938.7,377.8,50.4,189.2,-1,-1,-1,-1
426,32.0,367.6,403.2,70.6,179.1,-1,-1,-1,-1
426,30.0,562.0,388.8,72.0,152.1,-1,-1,-1,-1
426,21.0,959.4,377.3,68.4,193.3,-1,-1,-1,-1
426,13.0,485.1,370.1,76.5,155.9,-1,-1,-1,-1
426,12.0,730.3,382.3,72.9,146.9,-1,-1,-1,-1
426,11.0,837.0,402.7,62.1,204.3,-1,-1,-1,-1
426,10.0,268.9,356.8,52.6,196.7,-1,-1,-1,-1
426,4.0,807.3,401.8,64.8,194.4,-1,-1,-1,-1
426,3.0,598.5,392.6,78.3,154.1,-1,-1,-1,-1
427,42.0,235.8,193.8,79.6,177.4,-1,-1,-1,-1
427,41.0,519.3,236.5,156.6,178.6,-1,-1,-1,-1
427,40.0,805.9,226.2,81.9,191.8,-1,-1,-1,-1
427,39.0,337.3,239.4,84.6,177.8,-1,-1,-1,-1
427,38.0,941.4,212.2,66.6,178.6,-1,-1,-1,-1
427,37.0,844.2,387.4,78.3,145.4,-1,-1,-1,-1
427,35.0,231.7,355.0,54.9,202.0,-1,-1,-1,-1
427,34.0,323.3,389.7,62.1,194.4,-1,-1,-1,-1
427,33.0,932.4,379.8,55.8,188.1,-1,-1,-1,-1
427,32.0,367.0,399.6,70.6,182.7,-1,-1,-1,-1
427,30.0,556.2,362.2,72.0,178.6,-1,-1,-1,-1
427,21.0,962.1,378.0,64.8,191.7,-1,-1,-1,-1
427,13.0,487.3,369.9,73.8,156.1,-1,-1,-1,-1
427,12.0,727.6,382.5,75.6,144.9,-1,-1,-1,-1
427,11.0,837.0,400.9,61.2,206.1,-1,-1,-1,-1
427,10.0,268.9,357.3,53.1,196.6,-1,-1,-1,-1
427,4.0,809.1,400.3,62.1,195.1,-1,-1,-1,-1
427,3.0,592.6,389.9,75.6,153.7,-1,-1,-1,-1
428,42.0,236.7,194.4,77.4,175.0,-1,-1,-1,-1
428,41.0,509.8,233.8,165.6,181.8,-1,-1,-1,-1
428,40.0,805.0,226.2,82.8,191.8,-1,-1,-1,-1
428,39.0,337.7,237.8,84.6,178.6,-1,-1,-1,-1
428,38.0,939.6,212.2,68.4,179.5,-1,-1,-1,-1
428,37.0,843.7,387.2,77.9,145.6,-1,-1,-1,-1
428,35.0,231.7,355.3,54.4,201.4,-1,-1,-1,-1
428,34.0,323.1,391.5,64.8,191.7,-1,-1,-1,-1
428,33.0,929.7,379.8,57.6,188.1,-1,-1,-1,-1
428,32.0,368.5,399.6,67.9,183.6,-1,-1,-1,-1
428,30.0,556.2,358.2,71.1,183.1,-1,-1,-1,-1
428,21.0,961.2,376.9,64.8,192.8,-1,-1,-1,-1
428,13.0,487.8,369.0,73.8,156.1,-1,-1,-1,-1
428,12.0,725.8,382.3,77.4,144.2,-1,-1,-1,-1
428,11.0,836.5,400.3,61.2,206.8,-1,-1,-1,-1
428,10.0,268.6,357.5,54.0,196.0,-1,-1,-1,-1
428,4.0,809.1,399.8,63.0,196.0,-1,-1,-1,-1
428,3.0,590.8,387.9,71.1,153.9,-1,-1,-1,-1
429,42.0,236.7,194.8,79.2,175.5,-1,-1,-1,-1
429,41.0,517.9,229.0,141.3,179.5,-1,-1,-1,-1
429,40.0,804.1,225.9,83.7,190.3,-1,-1,-1,-1
429,39.0,338.2,235.8,85.0,178.6,-1,-1,-1,-1
429,38.0,936.9,212.2,70.2,180.4,-1,-1,-1,-1
429,37.0,840.6,386.1,81.9,149.0,-1,-1,-1,-1
429,35.0,231.7,354.1,54.9,202.9,-1,-1,-1,-1
429,34.0,323.1,392.4,65.2,191.7,-1,-1,-1,-1
429,33.0,929.7,379.8,55.8,187.2,-1,-1,-1,-1
429,32.0,370.1,398.7,64.4,187.2,-1,-1,-1,-1
429,30.0,556.2,355.9,70.2,183.6,-1,-1,-1,-1
429,21.0,963.9,377.5,61.2,192.6,-1,-1,-1,-1
429,13.0,489.6,367.2,72.0,153.0,-1,-1,-1,-1
429,12.0,723.6,382.3,79.2,144.2,-1,-1,-1,-1
429,11.0,835.2,397.1,63.0,209.0,-1,-1,-1,-1
429,10.0,268.2,356.8,52.2,196.2,-1,-1,-1,-1
429,4.0,810.4,395.5,62.1,199.8,-1,-1,-1,-1
429,3.0,586.8,385.4,73.8,155.9,-1,-1,-1,-1
430,42.0,237.4,198.2,77.8,165.1,-1,-1,-1,-1
430,41.0,529.2,226.8,120.6,178.6,-1,-1,-1,-1
430,40.0,805.0,227.5,82.8,187.2,-1,-1,-1,-1
430,39.0,338.8,237.1,85.1,175.9,-1,-1,-1,-1
430,38.0,936.0,212.6,70.2,179.6,-1,-1,-1,-1
430,37.0,841.0,386.1,80.5,147.2,-1,-1,-1,-1
430,35.0,231.5,353.5,54.9,203.6,-1,-1,-1,-1
430,34.0,323.1,391.5,67.1,191.7,-1,-1,-1,-1
430,33.0,927.9,384.5,57.6,182.5,-1,-1,-1,-1
430,32.0,370.8,400.9,63.4,185.4,-1,-1,-1,-1
430,30.0,555.3,351.4,70.2,189.0,-1,-1,-1,-1
430,21.0,962.1,377.3,63.0,192.4,-1,-1,-1,-1
430,13.0,491.8,366.7,70.2,152.1,-1,-1,-1,-1
430,12.0,722.2,381.4,80.1,145.1,-1,-1,-1,-1
430,11.0,835.6,396.4,62.1,209.7,-1,-1,-1,-1
430,10.0,268.4,355.9,53.1,197.1,-1,-1,-1,-1
430,4.0,810.9,395.1,61.2,199.8,-1,-1,-1,-1
430,3.0,585.0,384.3,74.7,157.5,-1,-1,-1,-1
431,42.0,234.7,191.9,80.5,176.4,-1,-1,-1,-1
431,41.0,535.0,223.0,108.9,172.8,-1,-1,-1,-1
431,40.0,803.7,222.3,84.6,189.9,-1,-1,-1,-1
431,39.0,340.0,237.1,84.1,177.3,-1,-1,-1,-1
431,38.0,933.3,212.4,70.2,179.5,-1,-1,-1,-1
431,37.0,841.9,385.4,80.5,148.7,-1,-1,-1,-1
431,35.0,231.1,353.0,56.7,204.1,-1,-1,-1,-1
431,34.0,323.5,392.4,66.6,191.7,-1,-1,-1,-1
431,33.0,927.9,380.2,54.0,186.3,-1,-1,-1,-1
431,32.0,373.0,400.5,61.6,186.3,-1,-1,-1,-1
431,30.0,558.4,348.7,65.7,191.7,-1,-1,-1,-1
431,21.0,962.1,378.7,63.0,190.6,-1,-1,-1,-1
431,13.0,495.4,365.4,67.5,151.6,-1,-1,-1,-1
431,12.0,720.9,377.5,77.4,148.5,-1,-1,-1,-1
431,11.0,835.6,394.6,62.1,211.5,-1,-1,-1,-1
431,10.0,268.6,356.4,54.0,196.6,-1,-1,-1,-1
431,4.0,810.4,393.1,62.1,201.8,-1,-1,-1,-1
431,3.0,582.3,381.6,75.6,161.1,-1,-1,-1,-1
432,42.0,235.6,192.1,78.3,179.5,-1,-1,-1,-1
432,41.0,539.1,220.7,100.8,167.8,-1,-1,-1,-1
432,40.0,804.6,220.5,83.7,188.6,-1,-1,-1,-1
432,39.0,340.2,235.8,84.1,178.2,-1,-1,-1,-1
432,38.0,931.5,212.4,72.0,179.5,-1,-1,-1,-1
432,37.0,844.2,385.6,77.4,146.7,-1,-1,-1,-1
432,35.0,231.5,353.5,54.4,203.6,-1,-1,-1,-1
432,34.0,323.8,394.9,67.0,189.2,-1,-1,-1,-1
432,33.0,927.9,382.0,52.2,183.6,-1,-1,-1,-1
432,32.0,374.4,401.2,60.3,186.1,-1,-1,-1,-1
432,30.0,562.5,347.2,62.1,192.8,-1,-1,-1,-1
432,21.0,960.3,380.2,64.8,189.9,-1,-1,-1,-1
432,13.0,496.8,364.9,66.6,152.1,-1,-1,-1,-1
432,12.0,720.9,376.9,72.9,149.6,-1,-1,-1,-1
432,11.0,835.6,393.7,62.1,212.4,-1,-1,-1,-1
432,10.0,268.6,356.8,53.1,196.7,-1,-1,-1,-1
432,4.0,811.8,393.3,60.3,201.6,-1,-1,-1,-1
432,3.0,580.5,381.1,76.5,162.0,-1,-1,-1,-1
433,42.0,233.3,190.1,75.1,181.3,-1,-1,-1,-1
433,41.0,549.0,222.1,90.0,152.1,-1,-1,-1,-1
433,40.0,805.9,219.8,82.8,192.1,-1,-1,-1,-1
433,39.0,340.9,236.2,84.2,176.4,-1,-1,-1,-1
433,38.0,927.9,213.3,73.8,179.1,-1,-1,-1,-1
433,37.0,847.3,385.9,73.8,146.0,-1,-1,-1,-1
433,35.0,232.6,352.3,52.2,206.1,-1,-1,-1,-1
433,34.0,324.4,395.1,66.6,189.9,-1,-1,-1,-1
433,33.0,926.1,381.8,52.2,185.2,-1,-1,-1,-1
433,32.0,374.6,398.7,61.2,189.0,-1,-1,-1,-1
433,30.0,553.0,349.2,58.5,192.1,-1,-1,-1,-1
433,21.0,963.0,382.5,63.0,187.2,-1,-1,-1,-1
433,13.0,499.5,364.3,64.8,152.3,-1,-1,-1,-1
433,12.0,720.9,374.2,62.1,153.2,-1,-1,-1,-1
433,11.0,835.2,393.3,62.1,213.3,-1,-1,-1,-1
433,10.0,268.4,355.9,49.0,197.1,-1,-1,-1,-1
433,4.0,812.7,393.3,59.4,202.5,-1,-1,-1,-1
433,3.0,585.4,363.8,67.5,178.0,-1,-1,-1,-1
433,2.0,342.9,380.2,50.8,153.4,-1,-1,-1,-1
434,42.0,233.8,190.3,73.8,178.2,-1,-1,-1,-1
434,41.0,555.3,212.8,83.7,161.6,-1,-1,-1,-1
434,40.0,806.8,218.5,81.9,192.6,-1,-1,-1,-1
434,39.0,341.1,236.0,84.6,176.8,-1,-1,-1,-1
434,38.0,927.9,213.1,72.0,180.4,-1,-1,-1,-1
434,37.0,847.3,385.4,73.8,146.9,-1,-1,-1,-1
434,35.0,232.2,352.8,54.5,204.3,-1,-1,-1,-1
434,34.0,324.9,395.3,66.6,189.2,-1,-1,-1,-1
434,33.0,926.1,382.0,52.2,185.4,-1,-1,-1,-1
434,32.0,375.3,397.6,60.3,190.6,-1,-1,-1,-1
434,30.0,551.7,351.7,70.2,188.3,-1,-1,-1,-1
434,21.0,963.0,382.0,63.0,188.1,-1,-1,-1,-1
434,13.0,499.5,364.3,64.8,152.8,-1,-1,-1,-1
434,12.0,721.3,373.9,58.5,153.0,-1,-1,-1,-1
434,11.0,834.7,393.1,63.0,213.5,-1,-1,-1,-1
434,10.0,268.6,356.4,53.5,197.1,-1,-1,-1,-1
434,4.0,813.1,392.8,60.3,202.5,-1,-1,-1,-1
434,3.0,581.8,365.2,68.4,176.6,-1,-1,-1,-1
434,2.0,342.9,380.2,51.3,153.4,-1,-1,-1,-1
435,42.0,235.1,191.4,71.6,177.6,-1,-1,-1,-1
435,41.0,564.8,206.1,74.7,172.8,-1,-1,-1,-1
435,40.0,807.3,219.1,81.9,190.8,-1,-1,-1,-1
435,39.0,341.3,236.7,85.0,176.0,-1,-1,-1,-1
435,38.0,925.2,212.6,73.8,181.8,-1,-1,-1,-1
435,37.0,846.9,385.0,74.7,147.4,-1,-1,-1,-1
435,35.0,232.0,352.3,54.4,205.2,-1,-1,-1,-1
435,34.0,326.2,394.6,67.5,189.9,-1,-1,-1,-1
435,33.0,923.4,381.8,54.0,185.2,-1,-1,-1,-1
435,32.0,375.3,397.1,59.9,190.6,-1,-1,-1,-1
435,30.0,546.3,364.9,82.8,176.9,-1,-1,-1,-1
435,21.0,959.4,380.7,66.6,189.9,-1,-1,-1,-1
435,13.0,499.0,364.3,63.9,152.8,-1,-1,-1,-1
435,12.0,721.3,372.8,56.7,154.6,-1,-1,-1,-1
435,11.0,833.4,393.1,63.9,213.5,-1,-1,-1,-1
435,10.0,268.4,355.7,50.0,197.3,-1,-1,-1,-1
435,4.0,814.0,392.2,60.3,205.4,-1,-1,-1,-1
435,3.0,583.6,365.8,64.8,172.8,-1,-1,-1,-1
435,2.0,342.9,380.0,52.2,154.6,-1,-1,-1,-1
436,42.0,235.8,191.5,72.5,179.6,-1,-1,-1,-1
436,41.0,566.5,205.8,74.7,174.5,-1,-1,-1,-1
436,40.0,807.3,219.1,81.9,187.2,-1,-1,-1,-1
436,39.0,341.1,235.8,85.5,176.4,-1,-1,-1,-1
436,38.0,924.3,205.2,73.8,189.4,-1,-1,-1,-1
436,37.0,846.9,385.0,74.7,147.8,-1,-1,-1,-1
436,35.0,232.0,352.6,54.4,204.5,-1,-1,-1,-1
436,34.0,326.5,394.6,67.5,189.9,-1,-1,-1,-1
436,33.0,924.3,380.9,50.4,186.1,-1,-1,-1,-1
436,32.0,376.2,397.6,59.0,190.6,-1,-1,-1,-1
436,30.0,546.3,362.7,81.9,178.6,-1,-1,-1,-1
436,21.0,956.7,380.7,70.2,189.9,-1,-1,-1,-1
436,13.0,497.7,364.0,67.5,152.5,-1,-1,-1,-1
436,12.0,721.8,372.6,55.8,154.8,-1,-1,-1,-1
436,11.0,833.4,393.3,63.9,213.3,-1,-1,-1,-1
436,10.0,268.6,355.5,50.4,197.1,-1,-1,-1,-1
436,4.0,814.0,392.6,59.4,205.4,-1,-1,-1,-1
436,3.0,573.8,363.8,75.6,176.2,-1,-1,-1,-1
436,2.0,343.6,379.1,51.3,155.9,-1,-1,-1,-1
437,42.0,232.9,188.8,77.8,183.1,-1,-1,-1,-1
437,41.0,567.4,206.4,62.1,172.9,-1,-1,-1,-1
437,40.0,807.3,219.0,82.8,185.5,-1,-1,-1,-1
437,39.0,340.6,235.8,87.3,168.8,-1,-1,-1,-1
437,38.0,922.5,209.7,75.6,184.0,-1,-1,-1,-1
437,37.0,847.8,384.7,73.8,148.1,-1,-1,-1,-1
437,35.0,233.1,352.3,54.0,205.2,-1,-1,-1,-1
437,34.0,327.4,392.2,68.9,192.8,-1,-1,-1,-1
437,33.0,922.5,383.4,52.2,183.6,-1,-1,-1,-1
437,32.0,376.6,395.3,58.5,192.4,-1,-1,-1,-1
437,30.0,546.3,361.1,77.4,177.1,-1,-1,-1,-1
437,21.0,951.3,382.5,73.8,188.1,-1,-1,-1,-1
437,13.0,495.4,362.9,72.9,153.7,-1,-1,-1,-1
437,12.0,723.1,372.4,54.9,155.0,-1,-1,-1,-1
437,11.0,833.4,394.0,63.9,212.6,-1,-1,-1,-1
437,10.0,267.3,356.4,51.3,194.4,-1,-1,-1,-1
437,4.0,814.5,392.8,59.4,205.2,-1,-1,-1,-1
437,3.0,564.3,361.3,81.9,180.5,-1,-1,-1,-1
437,2.0,342.7,378.2,51.8,154.6,-1,-1,-1,-1
438,42.0,232.2,189.2,77.4,184.5,-1,-1,-1,-1
438,41.0,567.0,205.0,65.7,174.1,-1,-1,-1,-1
438,40.0,807.3,218.9,82.8,184.0,-1,-1,-1,-1
438,39.0,341.1,235.3,87.3,170.1,-1,-1,-1,-1
438,38.0,922.5,209.4,75.6,183.9,-1,-1,-1,-1
438,37.0,847.8,384.5,73.8,148.3,-1,-1,-1,-1
438,35.0,232.2,352.8,54.9,204.8,-1,-1,-1,-1
438,34.0,328.5,390.6,68.0,194.4,-1,-1,-1,-1
438,33.0,921.6,383.2,52.2,184.3,-1,-1,-1,-1
438,32.0,376.9,394.2,58.1,193.5,-1,-1,-1,-1
438,30.0,544.5,361.8,71.1,177.8,-1,-1,-1,-1
438,21.0,951.3,382.5,73.8,188.1,-1,-1,-1,-1
438,13.0,494.1,362.5,72.0,154.1,-1,-1,-1,-1
438,12.0,723.6,372.1,54.0,155.2,-1,-1,-1,-1
438,11.0,833.4,393.3,63.9,213.3,-1,-1,-1,-1
438,10.0,267.5,356.8,50.9,194.0,-1,-1,-1,-1
438,4.0,814.5,392.4,59.4,205.2,-1,-1,-1,-1
438,3.0,574.2,361.8,71.1,179.1,-1,-1,-1,-1
438,2.0,343.8,377.8,51.8,155.0,-1,-1,-1,-1
439,42.0,232.2,189.4,78.8,184.5,-1,-1,-1,-1
439,41.0,563.4,200.9,63.0,176.4,-1,-1,-1,-1
439,40.0,807.3,218.9,82.8,182.2,-1,-1,-1,-1
439,39.0,340.0,232.2,88.6,171.9,-1,-1,-1,-1
439,38.0,921.6,212.6,75.6,181.3,-1,-1,-1,-1
439,37.0,847.8,384.5,73.8,148.3,-1,-1,-1,-1
439,35.0,230.4,352.6,56.2,204.5,-1,-1,-1,-1
439,34.0,330.7,387.7,66.2,197.8,-1,-1,-1,-1
439,33.0,920.2,383.4,52.7,183.6,-1,-1,-1,-1
439,32.0,376.2,389.2,59.0,198.0,-1,-1,-1,-1
439,30.0,539.5,361.1,78.3,181.1,-1,-1,-1,-1
439,21.0,952.2,383.4,68.4,187.2,-1,-1,-1,-1
439,13.0,494.1,360.9,70.2,155.7,-1,-1,-1,-1
439,12.0,725.4,371.7,52.2,155.7,-1,-1,-1,-1
439,11.0,832.9,395.1,63.9,211.5,-1,-1,-1,-1
439,10.0,266.6,357.1,50.8,193.7,-1,-1,-1,-1
439,4.0,814.9,393.7,58.5,204.3,-1,-1,-1,-1
439,3.0,582.8,360.4,58.5,178.2,-1,-1,-1,-1
440,42.0,232.2,189.4,77.4,184.5,-1,-1,-1,-1
440,41.0,560.2,199.5,65.7,177.6,-1,-1,-1,-1
440,40.0,808.2,218.5,81.9,183.1,-1,-1,-1,-1
440,39.0,340.0,231.1,88.6,171.5,-1,-1,-1,-1
440,38.0,921.6,213.1,75.6,183.1,-1,-1,-1,-1
440,37.0,846.9,384.7,74.7,147.6,-1,-1,-1,-1
440,35.0,231.1,352.8,55.8,204.3,-1,-1,-1,-1
440,34.0,331.6,387.0,65.2,198.0,-1,-1,-1,-1
440,33.0,920.2,380.7,52.7,186.3,-1,-1,-1,-1
440,32.0,375.5,387.9,59.8,198.9,-1,-1,-1,-1
440,30.0,538.2,360.7,72.9,180.2,-1,-1,-1,-1
440,21.0,950.4,379.8,66.6,189.9,-1,-1,-1,-1
440,13.0,493.6,360.2,69.3,155.0,-1,-1,-1,-1
440,12.0,725.4,371.5,52.2,155.9,-1,-1,-1,-1
440,11.0,832.9,396.0,63.9,210.6,-1,-1,-1,-1
440,10.0,266.6,357.3,50.8,194.4,-1,-1,-1,-1
440,4.0,815.4,394.9,57.6,203.2,-1,-1,-1,-1
440,3.0,566.1,360.4,73.8,180.9,-1,-1,-1,-1
441,42.0,232.4,190.1,80.1,184.1,-1,-1,-1,-1
441,41.0,557.1,197.8,68.4,178.6,-1,-1,-1,-1
441,40.0,810.0,216.2,80.1,189.9,-1,-1,-1,-1
441,39.0,339.1,229.7,90.5,171.0,-1,-1,-1,-1
441,38.0,920.7,213.1,75.6,184.0,-1,-1,-1,-1
441,37.0,847.8,384.5,73.8,147.4,-1,-1,-1,-1
441,35.0,229.9,353.0,57.6,204.1,-1,-1,-1,-1
441,34.0,332.5,385.2,65.2,199.8,-1,-1,-1,-1
441,33.0,920.2,380.0,52.7,187.0,-1,-1,-1,-1
441,32.0,375.7,386.3,59.4,201.4,-1,-1,-1,-1
441,30.0,537.3,361.1,72.9,181.6,-1,-1,-1,-1
441,21.0,949.5,380.7,59.4,189.9,-1,-1,-1,-1
441,13.0,494.1,359.5,66.6,155.7,-1,-1,-1,-1
441,12.0,725.4,371.2,52.2,156.1,-1,-1,-1,-1
441,11.0,833.4,395.1,63.9,211.5,-1,-1,-1,-1
441,10.0,266.8,357.5,49.5,194.6,-1,-1,-1,-1
441,4.0,815.8,394.2,57.6,203.4,-1,-1,-1,-1
441,3.0,563.8,360.9,75.6,180.0,-1,-1,-1,-1
442,42.0,232.6,190.1,80.1,183.6,-1,-1,-1,-1
442,41.0,556.2,197.5,69.3,179.5,-1,-1,-1,-1
442,40.0,812.2,215.5,77.4,189.0,-1,-1,-1,-1
442,39.0,339.1,230.4,91.4,170.5,-1,-1,-1,-1
442,38.0,920.2,213.1,76.0,183.6,-1,-1,-1,-1
442,37.0,848.2,384.7,72.9,147.6,-1,-1,-1,-1
442,35.0,229.9,353.0,58.1,204.1,-1,-1,-1,-1
442,34.0,333.0,383.8,65.7,200.7,-1,-1,-1,-1
442,33.0,919.8,381.6,52.2,185.4,-1,-1,-1,-1
442,32.0,376.2,385.2,58.5,202.5,-1,-1,-1,-1
442,30.0,538.2,361.1,72.0,181.6,-1,-1,-1,-1
442,21.0,948.6,382.9,57.6,188.1,-1,-1,-1,-1
442,13.0,492.7,359.8,66.6,158.6,-1,-1,-1,-1
442,12.0,725.4,371.2,52.2,156.1,-1,-1,-1,-1
442,11.0,833.4,395.1,63.9,211.5,-1,-1,-1,-1
442,10.0,265.7,357.3,50.9,194.4,-1,-1,-1,-1
442,4.0,816.3,394.2,57.6,203.4,-1,-1,-1,-1
442,3.0,565.2,360.2,73.8,180.2,-1,-1,-1,-1
443,42.0,232.0,189.7,83.2,184.0,-1,-1,-1,-1
443,41.0,555.3,197.3,68.4,180.0,-1,-1,-1,-1
443,40.0,814.5,213.1,75.6,190.3,-1,-1,-1,-1
443,39.0,338.4,223.4,94.0,175.0,-1,-1,-1,-1
443,38.0,920.2,213.0,77.9,183.9,-1,-1,-1,-1
443,37.0,850.0,384.7,71.1,147.6,-1,-1,-1,-1
443,35.0,229.9,352.8,58.1,205.6,-1,-1,-1,-1
443,34.0,336.4,383.6,62.1,201.4,-1,-1,-1,-1
443,33.0,919.3,382.3,59.8,186.1,-1,-1,-1,-1
443,32.0,375.3,384.3,59.9,203.4,-1,-1,-1,-1
443,30.0,541.3,361.8,71.1,180.9,-1,-1,-1,-1
443,21.0,948.6,382.0,57.6,189.9,-1,-1,-1,-1
443,13.0,493.2,360.0,66.6,160.6,-1,-1,-1,-1
443,12.0,725.4,371.0,54.0,156.4,-1,-1,-1,-1
443,11.0,834.3,395.5,63.0,210.6,-1,-1,-1,-1
443,10.0,265.0,356.6,51.8,195.1,-1,-1,-1,-1
443,4.0,815.8,394.6,57.6,202.5,-1,-1,-1,-1
443,3.0,550.8,361.6,88.2,182.5,-1,-1,-1,-1
443,2.0,338.8,369.0,47.7,155.7,-1,-1,-1,-1
444,42.0,232.2,189.3,83.2,183.7,-1,-1,-1,-1
444,41.0,554.8,197.4,68.4,178.8,-1,-1,-1,-1
444,40.0,815.4,211.0,74.7,193.5,-1,-1,-1,-1
444,39.0,337.7,221.2,98.1,176.9,-1,-1,-1,-1
444,38.0,920.7,213.9,79.2,183.9,-1,-1,-1,-1
444,37.0,849.1,384.3,72.0,148.5,-1,-1,-1,-1
444,35.0,229.5,353.5,59.4,203.6,-1,-1,-1,-1
444,34.0,336.1,382.9,62.5,201.6,-1,-1,-1,-1
444,33.0,919.8,381.6,68.4,187.2,-1,-1,-1,-1
444,32.0,375.7,383.8,59.4,203.4,-1,-1,-1,-1
444,30.0,543.6,361.8,72.9,181.8,-1,-1,-1,-1
444,21.0,946.8,381.4,59.4,191.0,-1,-1,-1,-1
444,13.0,493.2,360.0,66.6,161.1,-1,-1,-1,-1
444,12.0,725.8,370.8,54.9,157.0,-1,-1,-1,-1
444,11.0,833.8,395.5,63.9,210.6,-1,-1,-1,-1
444,10.0,265.3,356.4,51.8,194.9,-1,-1,-1,-1
444,4.0,815.4,395.1,57.6,202.5,-1,-1,-1,-1
444,3.0,552.1,360.9,86.4,181.8,-1,-1,-1,-1
444,2.0,338.2,368.1,48.1,156.2,-1,-1,-1,-1
445,42.0,236.2,190.1,79.7,180.9,-1,-1,-1,-1
445,41.0,554.4,197.7,69.3,179.0,-1,-1,-1,-1
445,40.0,819.9,209.4,70.2,194.3,-1,-1,-1,-1
445,39.0,338.2,216.0,102.1,180.4,-1,-1,-1,-1
445,38.0,921.6,210.0,84.6,185.5,-1,-1,-1,-1
445,37.0,850.0,384.5,71.1,147.4,-1,-1,-1,-1
445,35.0,229.5,353.9,60.8,203.6,-1,-1,-1,-1
445,34.0,337.5,380.2,60.8,204.3,-1,-1,-1,-1
445,33.0,918.9,383.4,57.6,184.5,-1,-1,-1,-1
445,32.0,372.1,380.7,62.5,206.1,-1,-1,-1,-1
445,30.0,542.7,364.3,80.1,178.4,-1,-1,-1,-1
445,21.0,946.8,383.2,59.4,189.2,-1,-1,-1,-1
445,13.0,493.2,360.0,66.6,161.6,-1,-1,-1,-1
445,12.0,725.8,371.0,56.7,155.9,-1,-1,-1,-1
445,11.0,834.7,395.3,63.9,211.3,-1,-1,-1,-1
445,10.0,263.5,355.9,55.4,196.6,-1,-1,-1,-1
445,4.0,817.2,393.1,57.6,203.6,-1,-1,-1,-1
445,3.0,553.9,361.1,85.5,184.7,-1,-1,-1,-1
445,2.0,337.9,368.1,48.1,156.2,-1,-1,-1,-1
446,42.0,238.7,191.6,76.9,178.8,-1,-1,-1,-1
446,41.0,555.3,197.3,71.1,178.6,-1,-1,-1,-1
446,40.0,821.2,208.6,68.4,196.2,-1,-1,-1,-1
446,39.0,340.2,215.1,102.1,182.2,-1,-1,-1,-1
446,38.0,925.2,207.4,81.0,187.2,-1,-1,-1,-1
446,37.0,852.3,384.5,68.4,147.4,-1,-1,-1,-1
446,35.0,229.0,353.5,61.2,203.6,-1,-1,-1,-1
446,34.0,338.6,382.0,59.0,202.5,-1,-1,-1,-1
446,33.0,919.8,381.6,52.2,186.3,-1,-1,-1,-1
446,32.0,369.0,381.6,65.7,205.2,-1,-1,-1,-1
446,30.0,544.9,361.3,70.2,179.5,-1,-1,-1,-1
446,21.0,945.9,382.9,59.4,189.9,-1,-1,-1,-1
446,13.0,492.3,360.2,66.6,160.9,-1,-1,-1,-1
446,12.0,725.8,370.3,57.6,157.0,-1,-1,-1,-1
446,11.0,834.7,396.0,63.0,210.6,-1,-1,-1,-1
446,10.0,261.9,356.8,57.6,195.8,-1,-1,-1,-1
446,4.0,817.2,392.6,58.5,204.1,-1,-1,-1,-1
446,3.0,551.2,360.4,88.2,185.4,-1,-1,-1,-1
446,2.0,338.4,368.1,47.2,155.7,-1,-1,-1,-1
447,42.0,244.3,194.6,69.3,175.5,-1,-1,-1,-1
447,41.0,560.7,194.1,74.7,180.8,-1,-1,-1,-1
447,40.0,823.9,207.7,65.7,197.1,-1,-1,-1,-1
447,39.0,344.0,211.6,100.3,182.1,-1,-1,-1,-1
447,38.0,932.4,200.7,75.6,192.1,-1,-1,-1,-1
447,37.0,852.3,384.5,69.3,146.5,-1,-1,-1,-1
447,35.0,228.9,353.7,62.0,203.4,-1,-1,-1,-1
447,34.0,340.9,380.5,58.5,203.6,-1,-1,-1,-1
447,33.0,919.8,380.9,50.4,187.0,-1,-1,-1,-1
447,32.0,369.4,379.8,65.2,206.1,-1,-1,-1,-1
447,30.0,551.2,359.3,57.6,179.8,-1,-1,-1,-1
447,21.0,941.4,382.5,64.8,189.9,-1,-1,-1,-1
447,13.0,491.8,360.2,67.5,160.9,-1,-1,-1,-1
447,12.0,726.7,370.6,57.6,156.8,-1,-1,-1,-1
447,11.0,835.2,395.8,64.8,211.3,-1,-1,-1,-1
447,10.0,261.4,357.1,58.5,196.0,-1,-1,-1,-1
447,4.0,817.2,392.4,57.6,205.2,-1,-1,-1,-1
447,3.0,550.8,359.1,89.1,186.8,-1,-1,-1,-1
447,2.0,339.3,367.6,47.2,155.7,-1,-1,-1,-1
448,42.0,247.3,193.5,65.2,176.4,-1,-1,-1,-1
448,41.0,562.5,192.1,76.5,181.8,-1,-1,-1,-1
448,40.0,824.4,208.6,70.2,193.5,-1,-1,-1,-1
448,39.0,346.3,209.5,98.1,183.6,-1,-1,-1,-1
448,38.0,936.0,197.7,70.2,196.5,-1,-1,-1,-1
448,37.0,853.2,384.3,68.4,146.7,-1,-1,-1,-1
448,35.0,230.6,352.3,61.7,206.1,-1,-1,-1,-1
448,34.0,342.0,379.6,58.1,204.5,-1,-1,-1,-1
448,33.0,920.2,380.2,50.0,188.1,-1,-1,-1,-1
448,32.0,369.7,379.3,64.8,206.1,-1,-1,-1,-1
448,30.0,550.3,358.6,63.0,180.4,-1,-1,-1,-1
448,21.0,932.4,382.5,73.8,189.9,-1,-1,-1,-1
448,13.0,492.3,360.0,67.5,161.6,-1,-1,-1,-1
448,12.0,727.2,370.8,58.5,156.6,-1,-1,-1,-1
448,11.0,836.1,394.0,67.5,212.6,-1,-1,-1,-1
448,10.0,259.0,357.3,60.8,198.0,-1,-1,-1,-1
448,4.0,816.7,394.2,56.7,205.2,-1,-1,-1,-1
448,3.0,552.1,358.6,88.2,187.2,-1,-1,-1,-1
448,2.0,339.5,367.9,48.1,155.9,-1,-1,-1,-1
449,42.0,253.8,188.8,63.9,180.4,-1,-1,-1,-1
449,41.0,563.8,189.7,77.4,182.7,-1,-1,-1,-1
449,40.0,826.6,208.3,71.1,194.4,-1,-1,-1,-1
449,39.0,352.1,207.7,88.2,185.4,-1,-1,-1,-1
449,38.0,937.8,196.5,63.0,196.3,-1,-1,-1,-1
449,37.0,855.9,384.3,65.7,146.7,-1,-1,-1,-1
449,35.0,234.9,352.3,58.9,205.7,-1,-1,-1,-1
449,34.0,344.0,379.1,57.6,204.1,-1,-1,-1,-1
449,33.0,921.1,380.2,50.0,187.2,-1,-1,-1,-1
449,32.0,369.4,379.3,65.2,206.1,-1,-1,-1,-1
449,30.0,552.6,357.3,58.5,184.0,-1,-1,-1,-1
449,21.0,927.0,381.6,79.2,190.8,-1,-1,-1,-1
449,13.0,492.3,360.2,67.5,160.9,-1,-1,-1,-1
449,12.0,727.2,370.6,58.5,156.8,-1,-1,-1,-1
449,11.0,850.0,396.4,53.1,209.7,-1,-1,-1,-1
449,10.0,259.4,355.7,59.0,201.4,-1,-1,-1,-1
449,4.0,815.8,393.1,57.6,205.4,-1,-1,-1,-1
449,3.0,558.4,357.1,81.9,188.8,-1,-1,-1,-1
449,2.0,340.6,367.2,45.9,156.6,-1,-1,-1,-1
450,42.0,256.9,177.2,61.6,191.8,-1,-1,-1,-1
450,41.0,564.8,189.6,76.5,182.1,-1,-1,-1,-1
450,40.0,826.6,207.9,72.9,194.4,-1,-1,-1,-1
450,39.0,353.9,206.5,84.6,185.4,-1,-1,-1,-1
450,38.0,938.7,197.3,61.2,195.3,-1,-1,-1,-1
450,37.0,855.0,384.7,66.6,146.7,-1,-1,-1,-1
450,35.0,232.0,351.4,63.0,206.6,-1,-1,-1,-1
450,34.0,346.3,378.4,57.6,204.3,-1,-1,-1,-1
450,33.0,921.1,380.7,51.8,185.4,-1,-1,-1,-1
450,32.0,356.6,377.8,77.4,208.1,-1,-1,-1,-1
450,30.0,554.4,355.9,62.1,184.9,-1,-1,-1,-1
450,21.0,925.2,382.9,79.2,189.9,-1,-1,-1,-1
450,13.0,492.3,360.0,67.5,161.1,-1,-1,-1,-1
450,12.0,727.6,370.3,58.5,156.6,-1,-1,-1,-1
450,11.0,852.7,401.8,47.7,191.7,-1,-1,-1,-1
450,10.0,260.8,356.8,57.1,202.5,-1,-1,-1,-1
450,4.0,815.8,394.2,56.7,204.3,-1,-1,-1,-1
450,3.0,560.2,355.0,80.1,189.9,-1,-1,-1,-1
450,2.0,341.1,367.4,45.9,156.4,-1,-1,-1,-1
451,42.0,263.0,195.0,54.0,173.1,-1,-1,-1,-1
451,41.0,567.4,181.6,77.4,190.3,-1,-1,-1,-1
451,40.0,828.9,208.2,70.2,196.3,-1,-1,-1,-1
451,39.0,357.3,205.4,78.3,185.9,-1,-1,-1,-1
451,38.0,937.8,199.8,63.0,194.9,-1,-1,-1,-1
451,37.0,854.5,384.3,66.6,146.7,-1,-1,-1,-1
451,35.0,231.1,351.0,62.6,206.1,-1,-1,-1,-1
451,34.0,350.8,377.5,54.4,206.1,-1,-1,-1,-1
451,33.0,921.1,380.9,50.0,186.1,-1,-1,-1,-1
451,32.0,357.3,377.5,76.0,208.8,-1,-1,-1,-1
451,30.0,556.6,354.4,61.2,188.3,-1,-1,-1,-1
451,21.0,926.1,384.7,77.4,188.1,-1,-1,-1,-1
451,13.0,492.3,360.0,67.5,160.6,-1,-1,-1,-1
451,12.0,729.9,370.3,56.7,156.2,-1,-1,-1,-1
451,11.0,850.0,402.3,48.6,202.5,-1,-1,-1,-1
451,10.0,259.9,356.4,58.0,202.9,-1,-1,-1,-1
451,4.0,815.8,394.6,56.7,203.4,-1,-1,-1,-1
451,3.0,564.3,353.7,75.6,191.7,-1,-1,-1,-1
451,2.0,341.1,366.5,48.1,157.7,-1,-1,-1,-1
452,42.0,264.4,207.4,48.1,162.4,-1,-1,-1,-1
452,41.0,567.4,178.6,77.4,192.6,-1,-1,-1,-1
452,40.0,830.2,208.1,68.4,197.1,-1,-1,-1,-1
452,39.0,358.0,204.3,77.4,186.8,-1,-1,-1,-1
452,38.0,936.9,198.2,66.6,198.4,-1,-1,-1,-1
452,37.0,854.5,384.3,66.6,146.7,-1,-1,-1,-1
452,35.0,234.9,351.2,57.6,205.0,-1,-1,-1,-1
452,34.0,351.9,377.8,54.9,205.4,-1,-1,-1,-1
452,33.0,921.6,381.6,48.6,185.4,-1,-1,-1,-1
452,32.0,355.9,378.2,77.9,208.6,-1,-1,-1,-1
452,30.0,557.5,353.2,57.6,193.5,-1,-1,-1,-1
452,21.0,925.2,383.6,79.2,189.2,-1,-1,-1,-1
452,13.0,493.2,360.2,66.6,160.9,-1,-1,-1,-1
452,12.0,730.3,370.3,56.7,156.6,-1,-1,-1,-1
452,11.0,840.1,401.6,57.6,204.1,-1,-1,-1,-1
452,10.0,262.8,355.9,55.4,202.9,-1,-1,-1,-1
452,4.0,816.7,393.5,56.7,204.1,-1,-1,-1,-1
452,3.0,560.7,354.1,80.1,190.4,-1,-1,-1,-1
452,2.0,340.6,367.6,47.7,160.2,-1,-1,-1,-1
453,42.0,265.7,173.7,48.2,196.2,-1,-1,-1,-1
453,41.0,569.7,177.5,72.9,193.5,-1,-1,-1,-1
453,40.0,830.2,208.2,68.4,196.8,-1,-1,-1,-1
453,39.0,358.2,203.3,78.3,187.8,-1,-1,-1,-1
453,38.0,936.9,196.9,68.4,199.8,-1,-1,-1,-1
453,37.0,853.2,383.6,68.4,147.8,-1,-1,-1,-1
453,35.0,233.3,351.0,58.1,206.6,-1,-1,-1,-1
453,34.0,355.3,378.4,53.5,203.4,-1,-1,-1,-1
453,33.0,922.5,383.8,45.0,182.7,-1,-1,-1,-1
453,32.0,358.2,378.2,75.6,207.7,-1,-1,-1,-1
453,30.0,560.2,352.3,66.6,192.2,-1,-1,-1,-1
453,21.0,924.3,383.6,77.4,189.2,-1,-1,-1,-1
453,13.0,492.7,360.7,64.8,159.5,-1,-1,-1,-1
453,12.0,730.3,370.6,56.7,157.7,-1,-1,-1,-1
453,11.0,850.9,399.6,49.5,206.1,-1,-1,-1,-1
453,10.0,262.3,358.0,55.8,200.9,-1,-1,-1,-1
453,4.0,816.7,394.0,56.7,203.6,-1,-1,-1,-1
453,3.0,580.0,353.0,61.2,190.6,-1,-1,-1,-1
453,2.0,340.9,366.7,48.2,159.3,-1,-1,-1,-1
454,42.0,266.6,170.1,49.0,196.2,-1,-1,-1,-1
454,41.0,570.1,174.9,72.9,194.1,-1,-1,-1,-1
454,40.0,829.8,207.9,69.3,197.1,-1,-1,-1,-1
454,39.0,358.0,203.1,78.8,192.0,-1,-1,-1,-1
454,38.0,936.9,197.8,68.4,197.5,-1,-1,-1,-1
454,37.0,854.1,383.6,67.5,147.4,-1,-1,-1,-1
454,35.0,234.9,351.0,55.4,206.1,-1,-1,-1,-1
454,34.0,356.4,378.4,54.0,204.3,-1,-1,-1,-1
454,33.0,921.6,383.6,48.6,183.4,-1,-1,-1,-1
454,32.0,359.5,377.8,74.7,208.1,-1,-1,-1,-1
454,30.0,560.7,351.9,66.6,192.6,-1,-1,-1,-1
454,21.0,923.4,382.9,79.2,189.9,-1,-1,-1,-1
454,13.0,493.6,360.7,64.8,160.0,-1,-1,-1,-1
454,12.0,730.8,371.0,55.8,157.7,-1,-1,-1,-1
454,11.0,850.5,399.6,50.4,206.1,-1,-1,-1,-1
454,10.0,260.8,356.8,57.1,203.0,-1,-1,-1,-1
454,4.0,816.3,394.6,56.7,203.4,-1,-1,-1,-1
454,3.0,577.8,352.8,63.0,190.8,-1,-1,-1,-1
454,2.0,342.0,366.7,48.6,156.6,-1,-1,-1,-1
455,42.0,267.8,169.4,53.5,198.0,-1,-1,-1,-1
455,41.0,570.1,171.0,75.6,197.1,-1,-1,-1,-1
455,40.0,826.2,207.9,72.9,197.1,-1,-1,-1,-1
455,39.0,357.5,202.9,80.1,192.1,-1,-1,-1,-1
455,38.0,936.9,197.3,61.2,197.5,-1,-1,-1,-1
455,37.0,855.4,383.6,66.2,146.5,-1,-1,-1,-1
455,35.0,239.6,350.8,49.9,206.8,-1,-1,-1,-1
455,34.0,359.5,376.6,49.5,205.2,-1,-1,-1,-1
455,33.0,922.5,381.4,52.2,184.3,-1,-1,-1,-1
455,32.0,361.6,377.3,72.5,209.0,-1,-1,-1,-1
455,30.0,560.2,352.3,67.5,191.7,-1,-1,-1,-1
455,21.0,924.3,384.7,77.4,188.1,-1,-1,-1,-1
455,13.0,494.5,361.1,63.9,159.5,-1,-1,-1,-1
455,12.0,730.8,371.7,55.8,157.5,-1,-1,-1,-1
455,11.0,852.7,402.5,51.3,203.2,-1,-1,-1,-1
455,10.0,262.3,355.3,55.8,204.5,-1,-1,-1,-1
455,4.0,818.5,394.4,54.9,205.0,-1,-1,-1,-1
455,3.0,575.1,351.9,65.7,191.7,-1,-1,-1,-1
455,2.0,341.8,366.7,50.4,156.1,-1,-1,-1,-1
456,42.0,267.8,169.9,47.2,197.1,-1,-1,-1,-1
456,41.0,569.2,174.8,76.5,193.0,-1,-1,-1,-1
456,40.0,824.8,208.2,74.7,196.3,-1,-1,-1,-1
456,39.0,357.7,201.7,80.1,189.8,-1,-1,-1,-1
456,38.0,936.0,201.4,45.0,193.5,-1,-1,-1,-1
456,37.0,855.9,383.8,65.7,146.2,-1,-1,-1,-1
456,35.0,239.8,352.3,50.8,205.7,-1,-1,-1,-1
456,34.0,359.3,375.7,50.0,206.1,-1,-1,-1,-1
456,33.0,921.6,383.6,59.4,182.5,-1,-1,-1,-1
456,32.0,365.8,375.7,68.4,210.6,-1,-1,-1,-1
456,30.0,559.8,351.7,69.3,192.8,-1,-1,-1,-1
456,21.0,924.3,381.4,77.4,191.0,-1,-1,-1,-1
456,13.0,495.4,361.1,62.1,159.5,-1,-1,-1,-1
456,12.0,730.8,371.7,54.9,157.5,-1,-1,-1,-1
456,11.0,853.2,402.7,50.4,204.3,-1,-1,-1,-1
456,10.0,261.2,356.4,57.2,203.4,-1,-1,-1,-1
456,4.0,818.5,394.2,55.8,204.3,-1,-1,-1,-1
456,2.0,342.2,367.2,49.1,155.2,-1,-1,-1,-1
457,42.0,269.3,173.5,41.4,194.8,-1,-1,-1,-1
457,41.0,568.8,175.5,73.8,186.3,-1,-1,-1,-1
457,40.0,823.9,207.4,76.5,197.1,-1,-1,-1,-1
457,39.0,358.6,199.9,78.3,189.8,-1,-1,-1,-1
457,38.0,935.1,206.5,57.6,189.4,-1,-1,-1,-1
457,37.0,855.4,383.8,66.2,145.8,-1,-1,-1,-1
457,35.0,232.6,352.3,62.5,205.2,-1,-1,-1,-1
457,34.0,360.7,374.4,48.1,207.0,-1,-1,-1,-1
457,32.0,362.5,375.3,71.1,210.6,-1,-1,-1,-1
457,30.0,559.8,350.5,69.3,193.5,-1,-1,-1,-1
457,21.0,926.1,382.0,75.6,190.8,-1,-1,-1,-1
457,13.0,495.9,360.9,62.1,159.7,-1,-1,-1,-1
457,12.0,729.4,371.7,55.8,157.9,-1,-1,-1,-1
457,11.0,852.7,401.6,53.1,205.4,-1,-1,-1,-1
457,10.0,260.5,358.4,58.5,201.4,-1,-1,-1,-1
457,4.0,818.1,394.0,56.7,204.5,-1,-1,-1,-1
457,2.0,342.2,367.2,49.1,155.2,-1,-1,-1,-1
458,42.0,269.3,174.1,42.3,193.5,-1,-1,-1,-1
458,41.0,568.8,167.8,72.9,194.4,-1,-1,-1,-1
458,40.0,824.4,207.6,76.5,197.0,-1,-1,-1,-1
458,39.0,360.7,199.1,75.1,188.1,-1,-1,-1,-1
458,38.0,934.2,208.5,55.8,185.7,-1,-1,-1,-1
458,37.0,854.5,384.1,67.0,145.6,-1,-1,-1,-1
458,35.0,231.5,353.2,63.4,204.3,-1,-1,-1,-1
458,34.0,360.7,373.5,47.2,207.9,-1,-1,-1,-1
458,32.0,362.9,374.4,70.6,211.5,-1,-1,-1,-1
458,30.0,559.8,349.6,69.3,194.4,-1,-1,-1,-1
458,21.0,924.3,381.6,77.4,190.8,-1,-1,-1,-1
458,13.0,495.9,360.9,63.0,159.7,-1,-1,-1,-1
458,12.0,729.4,371.5,54.9,157.7,-1,-1,-1,-1
458,11.0,852.7,402.3,53.1,205.2,-1,-1,-1,-1
458,10.0,258.3,358.0,61.2,200.5,-1,-1,-1,-1
458,4.0,818.5,393.3,56.7,205.2,-1,-1,-1,-1
458,2.0,342.0,366.7,49.5,156.1,-1,-1,-1,-1
459,42.0,270.0,175.9,39.6,192.1,-1,-1,-1,-1
459,41.0,570.1,179.5,68.4,181.8,-1,-1,-1,-1
459,40.0,825.3,208.1,77.4,195.7,-1,-1,-1,-1
459,39.0,363.4,199.8,69.8,186.3,-1,-1,-1,-1
459,38.0,933.3,212.8,52.2,182.2,-1,-1,-1,-1
459,37.0,853.2,384.1,68.4,146.5,-1,-1,-1,-1
459,35.0,230.4,355.0,64.4,202.0,-1,-1,-1,-1
459,34.0,360.0,374.2,48.2,207.7,-1,-1,-1,-1
459,32.0,372.4,373.5,59.9,212.4,-1,-1,-1,-1
459,30.0,559.8,349.9,68.4,193.7,-1,-1,-1,-1
459,21.0,925.2,379.6,75.6,192.8,-1,-1,-1,-1
459,13.0,496.8,360.2,62.1,160.0,-1,-1,-1,-1
459,12.0,728.5,371.0,53.1,158.6,-1,-1,-1,-1
459,11.0,852.3,397.3,50.4,210.6,-1,-1,-1,-1
459,10.0,254.0,358.4,63.0,201.4,-1,-1,-1,-1
459,4.0,818.1,394.0,54.9,204.5,-1,-1,-1,-1
459,3.0,577.3,347.4,61.2,196.6,-1,-1,-1,-1
459,2.0,341.8,366.1,47.7,157.7,-1,-1,-1,-1
460,42.0,270.4,177.1,40.1,190.8,-1,-1,-1,-1
460,41.0,572.8,183.7,64.8,177.6,-1,-1,-1,-1
460,40.0,826.6,207.9,76.5,195.8,-1,-1,-1,-1
460,39.0,364.5,200.9,67.1,184.9,-1,-1,-1,-1
460,38.0,933.3,216.1,48.6,175.8,-1,-1,-1,-1
460,37.0,854.1,383.8,67.5,145.8,-1,-1,-1,-1
460,35.0,233.1,354.6,62.6,202.5,-1,-1,-1,-1
460,32.0,368.1,372.4,63.9,213.5,-1,-1,-1,-1
460,30.0,559.8,348.7,67.5,194.9,-1,-1,-1,-1
460,21.0,924.3,379.6,75.6,192.8,-1,-1,-1,-1
460,13.0,497.2,360.2,61.2,160.0,-1,-1,-1,-1
460,12.0,728.5,371.0,52.2,158.6,-1,-1,-1,-1
460,11.0,852.3,397.8,47.7,209.7,-1,-1,-1,-1
460,10.0,258.3,358.9,59.9,200.9,-1,-1,-1,-1
460,4.0,818.1,392.8,55.8,205.2,-1,-1,-1,-1
460,3.0,576.9,346.3,59.4,197.8,-1,-1,-1,-1
460,2.0,342.4,366.3,47.7,157.5,-1,-1,-1,-1
461,42.0,271.1,178.2,40.0,189.9,-1,-1,-1,-1
461,41.0,568.3,193.3,63.9,166.5,-1,-1,-1,-1
461,40.0,830.7,207.8,72.0,196.3,-1,-1,-1,-1
461,39.0,368.1,204.3,62.6,181.8,-1,-1,-1,-1
461,38.0,933.3,217.8,48.6,173.2,-1,-1,-1,-1
461,37.0,853.2,383.8,68.4,147.2,-1,-1,-1,-1
461,35.0,237.6,354.1,59.8,202.9,-1,-1,-1,-1
461,32.0,373.5,373.0,57.2,211.5,-1,-1,-1,-1
461,30.0,559.8,348.3,67.5,195.8,-1,-1,-1,-1
461,21.0,925.2,378.0,75.6,194.4,-1,-1,-1,-1
461,13.0,497.7,359.5,60.3,160.6,-1,-1,-1,-1
461,12.0,728.1,371.0,52.2,159.1,-1,-1,-1,-1
461,11.0,852.3,396.7,47.7,211.3,-1,-1,-1,-1
461,10.0,258.5,359.3,59.4,200.0,-1,-1,-1,-1
461,4.0,817.2,393.3,56.7,205.2,-1,-1,-1,-1
461,3.0,577.8,347.6,56.7,196.0,-1,-1,-1,-1
461,2.0,342.4,366.7,49.5,157.1,-1,-1,-1,-1
462,43.0,270.7,362.2,51.8,180.4,-1,-1,-1,-1
462,42.0,271.1,178.4,38.7,190.4,-1,-1,-1,-1
462,41.0,573.3,195.6,56.7,164.4,-1,-1,-1,-1
462,40.0,833.8,208.1,68.4,195.7,-1,-1,-1,-1
462,39.0,369.7,207.1,59.9,177.6,-1,-1,-1,-1
462,38.0,934.2,219.1,46.8,172.3,-1,-1,-1,-1
462,37.0,852.7,384.3,68.4,146.2,-1,-1,-1,-1
462,35.0,232.6,354.6,65.7,202.5,-1,-1,-1,-1
462,32.0,374.2,372.6,55.8,210.6,-1,-1,-1,-1
462,30.0,559.8,348.1,68.4,196.0,-1,-1,-1,-1
462,21.0,925.2,377.3,75.6,195.1,-1,-1,-1,-1
462,13.0,497.2,359.1,60.3,161.1,-1,-1,-1,-1
462,12.0,728.1,371.2,52.2,158.9,-1,-1,-1,-1
462,11.0,850.9,396.0,47.7,211.5,-1,-1,-1,-1
462,10.0,256.0,359.3,61.6,200.5,-1,-1,-1,-1
462,4.0,817.6,392.6,57.6,205.4,-1,-1,-1,-1
462,3.0,579.6,348.5,54.9,196.0,-1,-1,-1,-1
462,2.0,342.0,365.4,50.0,157.9,-1,-1,-1,-1
463,43.0,271.8,362.5,51.8,180.2,-1,-1,-1,-1
463,42.0,270.9,182.4,40.0,185.7,-1,-1,-1,-1
463,41.0,576.9,195.9,47.7,164.6,-1,-1,-1,-1
463,40.0,836.1,213.3,63.9,191.7,-1,-1,-1,-1
463,39.0,372.6,213.0,54.9,170.4,-1,-1,-1,-1
463,38.0,934.2,220.3,46.8,171.4,-1,-1,-1,-1
463,37.0,853.2,384.5,67.5,146.5,-1,-1,-1,-1
463,35.0,238.5,355.0,58.5,203.0,-1,-1,-1,-1
463,34.0,361.8,369.9,61.2,207.9,-1,-1,-1,-1
463,32.0,375.1,372.4,54.9,211.3,-1,-1,-1,-1
463,30.0,560.2,349.2,67.5,194.9,-1,-1,-1,-1
463,21.0,925.2,376.2,75.6,196.2,-1,-1,-1,-1
463,13.0,497.7,358.2,60.3,162.0,-1,-1,-1,-1
463,12.0,728.1,371.2,52.2,158.9,-1,-1,-1,-1
463,11.0,851.8,395.5,45.0,212.4,-1,-1,-1,-1
463,10.0,252.2,357.3,64.8,202.5,-1,-1,-1,-1
463,4.0,817.6,392.6,54.9,205.4,-1,-1,-1,-1
463,3.0,579.6,349.6,54.0,194.4,-1,-1,-1,-1
463,2.0,342.2,366.5,50.9,156.8,-1,-1,-1,-1
464,43.0,272.5,363.6,51.3,178.7,-1,-1,-1,-1
464,42.0,270.4,185.6,42.8,182.2,-1,-1,-1,-1
464,41.0,572.4,196.2,52.2,163.3,-1,-1,-1,-1
464,40.0,835.2,216.7,63.9,188.5,-1,-1,-1,-1
464,39.0,375.7,216.7,50.4,165.6,-1,-1,-1,-1
464,38.0,934.2,221.8,46.8,170.1,-1,-1,-1,-1
464,37.0,854.5,383.6,66.6,147.4,-1,-1,-1,-1
464,35.0,237.6,355.3,59.8,201.8,-1,-1,-1,-1
464,32.0,374.4,372.6,55.3,210.6,-1,-1,-1,-1
464,30.0,559.8,349.0,67.5,195.1,-1,-1,-1,-1
464,21.0,925.2,375.7,75.6,196.2,-1,-1,-1,-1
464,13.0,497.7,357.7,60.3,162.4,-1,-1,-1,-1
464,12.0,728.1,371.7,52.2,158.4,-1,-1,-1,-1
464,11.0,852.7,395.8,47.7,212.2,-1,-1,-1,-1
464,10.0,254.0,359.3,63.0,200.5,-1,-1,-1,-1
464,4.0,816.7,393.5,54.9,205.4,-1,-1,-1,-1
464,3.0,579.1,349.6,54.0,193.9,-1,-1,-1,-1
464,2.0,342.7,366.7,51.3,157.9,-1,-1,-1,-1
465,43.0,274.0,367.2,51.3,174.6,-1,-1,-1,-1
465,42.0,269.5,190.1,55.8,177.7,-1,-1,-1,-1
465,41.0,576.4,196.2,49.5,162.9,-1,-1,-1,-1
465,40.0,836.1,223.9,61.2,180.9,-1,-1,-1,-1
465,39.0,378.4,219.8,47.2,164.7,-1,-1,-1,-1
465,38.0,933.3,222.5,50.4,170.1,-1,-1,-1,-1
465,37.0,851.4,383.2,69.3,147.8,-1,-1,-1,-1
465,35.0,237.1,356.8,58.9,199.3,-1,-1,-1,-1
465,32.0,374.4,372.1,55.3,211.5,-1,-1,-1,-1
465,30.0,559.8,348.3,67.5,195.8,-1,-1,-1,-1
465,21.0,924.3,375.7,75.6,196.2,-1,-1,-1,-1
465,13.0,498.1,357.1,59.4,163.6,-1,-1,-1,-1
465,12.0,728.5,371.7,52.2,158.4,-1,-1,-1,-1
465,11.0,850.5,396.2,44.1,211.3,-1,-1,-1,-1
465,10.0,253.6,360.0,63.5,199.4,-1,-1,-1,-1
465,4.0,815.8,393.5,56.7,205.4,-1,-1,-1,-1
465,3.0,578.7,348.3,54.0,195.8,-1,-1,-1,-1
465,2.0,342.9,367.2,51.8,158.4,-1,-1,-1,-1
466,43.0,274.3,363.6,51.8,177.3,-1,-1,-1,-1
466,42.0,269.3,189.7,52.2,178.2,-1,-1,-1,-1
466,41.0,570.1,196.2,56.7,163.3,-1,-1,-1,-1
466,40.0,835.6,225.0,61.2,179.6,-1,-1,-1,-1
466,39.0,379.1,221.6,46.8,160.7,-1,-1,-1,-1
466,38.0,933.3,223.3,50.4,168.2,-1,-1,-1,-1
466,37.0,848.7,383.4,72.0,148.5,-1,-1,-1,-1
466,35.0,240.7,355.5,58.5,202.5,-1,-1,-1,-1
466,32.0,374.6,371.7,54.9,212.4,-1,-1,-1,-1
466,30.0,559.8,348.1,67.5,195.5,-1,-1,-1,-1
466,21.0,924.3,376.2,75.6,195.3,-1,-1,-1,-1
466,13.0,493.6,356.2,64.8,164.0,-1,-1,-1,-1
466,12.0,728.5,371.7,52.2,158.4,-1,-1,-1,-1
466,11.0,848.2,396.4,45.9,210.6,-1,-1,-1,-1
466,10.0,255.6,360.4,61.2,198.9,-1,-1,-1,-1
466,4.0,815.4,393.7,57.6,206.1,-1,-1,-1,-1
466,3.0,579.1,347.8,53.1,196.7,-1,-1,-1,-1
466,2.0,342.7,366.7,52.2,158.9,-1,-1,-1,-1
467,43.0,273.6,366.1,53.1,174.8,-1,-1,-1,-1
467,42.0,268.6,191.2,48.1,177.7,-1,-1,-1,-1
467,41.0,570.1,196.2,57.6,163.8,-1,-1,-1,-1
467,40.0,834.7,228.8,63.9,176.0,-1,-1,-1,-1
467,39.0,381.1,222.3,46.8,161.1,-1,-1,-1,-1
467,38.0,932.4,225.0,52.2,166.5,-1,-1,-1,-1
467,37.0,848.7,383.2,72.0,147.8,-1,-1,-1,-1
467,35.0,240.1,356.4,59.9,201.1,-1,-1,-1,-1
467,32.0,374.4,372.6,54.9,211.5,-1,-1,-1,-1
467,30.0,559.8,348.3,67.5,195.8,-1,-1,-1,-1
467,21.0,924.3,376.6,75.6,194.4,-1,-1,-1,-1
467,13.0,495.0,355.9,63.0,164.7,-1,-1,-1,-1
467,12.0,729.9,372.1,51.3,157.9,-1,-1,-1,-1
467,11.0,849.6,396.4,44.1,210.6,-1,-1,-1,-1
467,10.0,249.5,357.3,67.9,202.5,-1,-1,-1,-1
467,4.0,814.9,393.5,55.8,206.8,-1,-1,-1,-1
467,3.0,579.6,347.8,53.1,195.8,-1,-1,-1,-1
467,2.0,342.4,366.7,50.0,158.9,-1,-1,-1,-1
468,43.0,273.1,364.9,53.5,175.9,-1,-1,-1,-1
468,42.0,268.6,191.2,47.7,176.4,-1,-1,-1,-1
468,41.0,563.4,195.9,63.9,164.6,-1,-1,-1,-1
468,40.0,834.3,229.5,66.6,175.9,-1,-1,-1,-1
468,39.0,381.4,221.6,47.2,161.1,-1,-1,-1,-1
468,38.0,932.4,224.8,54.0,166.9,-1,-1,-1,-1
468,37.0,847.8,382.9,72.9,148.9,-1,-1,-1,-1
468,35.0,239.2,354.6,62.1,203.0,-1,-1,-1,-1
468,32.0,373.5,372.4,56.2,212.2,-1,-1,-1,-1
468,30.0,559.8,348.5,67.5,196.0,-1,-1,-1,-1
468,21.0,924.3,376.6,75.6,194.4,-1,-1,-1,-1
468,13.0,494.1,355.7,63.0,164.9,-1,-1,-1,-1
468,12.0,729.9,372.1,52.2,157.9,-1,-1,-1,-1
468,11.0,849.1,396.7,43.2,211.3,-1,-1,-1,-1
468,10.0,250.4,357.7,66.1,201.6,-1,-1,-1,-1
468,4.0,814.5,394.2,55.8,206.1,-1,-1,-1,-1
468,3.0,578.7,348.5,54.0,195.1,-1,-1,-1,-1
468,2.0,342.9,367.6,50.8,157.5,-1,-1,-1,-1
469,43.0,272.7,364.5,54.0,176.4,-1,-1,-1,-1
469,42.0,267.8,210.3,50.4,155.6,-1,-1,-1,-1
469,41.0,576.9,196.6,51.3,162.4,-1,-1,-1,-1
469,40.0,833.4,232.2,70.2,173.2,-1,-1,-1,-1
469,39.0,382.7,223.3,47.7,158.3,-1,-1,-1,-1
469,38.0,933.3,225.7,54.0,165.6,-1,-1,-1,-1
469,37.0,848.7,383.6,72.0,147.8,-1,-1,-1,-1
469,35.0,240.5,355.0,61.6,199.8,-1,-1,-1,-1
469,32.0,373.3,372.4,56.7,212.2,-1,-1,-1,-1
469,30.0,559.8,347.8,67.5,196.2,-1,-1,-1,-1
469,21.0,924.3,376.6,75.6,194.4,-1,-1,-1,-1
469,13.0,494.5,354.8,63.0,165.8,-1,-1,-1,-1
469,12.0,729.9,372.1,54.0,157.9,-1,-1,-1,-1
469,11.0,849.1,396.9,43.2,210.6,-1,-1,-1,-1
469,10.0,248.8,357.3,68.4,202.5,-1,-1,-1,-1
469,4.0,814.0,394.6,55.8,207.0,-1,-1,-1,-1
469,3.0,579.1,348.1,54.0,195.1,-1,-1,-1,-1
469,2.0,342.9,367.4,51.3,159.1,-1,-1,-1,-1
470,43.0,273.1,360.4,53.1,180.9,-1,-1,-1,-1
470,42.0,267.8,213.5,51.3,152.5,-1,-1,-1,-1
470,41.0,563.4,196.6,65.7,164.7,-1,-1,-1,-1
470,40.0,832.9,232.4,72.0,174.1,-1,-1,-1,-1
470,39.0,383.6,223.4,47.7,159.3,-1,-1,-1,-1
470,38.0,933.3,225.0,54.0,166.1,-1,-1,-1,-1
470,37.0,846.9,383.4,73.8,148.5,-1,-1,-1,-1
470,35.0,238.5,355.5,63.4,200.3,-1,-1,-1,-1
470,32.0,369.0,372.1,61.7,212.4,-1,-1,-1,-1
470,30.0,559.3,348.3,67.5,195.8,-1,-1,-1,-1
470,21.0,924.3,377.5,75.6,193.5,-1,-1,-1,-1
470,13.0,494.1,354.6,63.0,166.0,-1,-1,-1,-1
470,12.0,730.3,372.1,54.0,157.9,-1,-1,-1,-1
470,11.0,846.9,396.4,45.9,210.6,-1,-1,-1,-1
470,10.0,252.2,358.2,64.3,201.1,-1,-1,-1,-1
470,4.0,813.6,394.4,57.6,206.8,-1,-1,-1,-1
470,3.0,579.6,348.7,53.1,193.9,-1,-1,-1,-1
470,2.0,342.9,367.6,52.2,159.7,-1,-1,-1,-1
471,43.0,270.7,362.7,55.4,178.6,-1,-1,-1,-1
471,42.0,266.2,212.8,54.0,155.2,-1,-1,-1,-1
471,41.0,580.5,196.9,49.5,164.7,-1,-1,-1,-1
471,40.0,832.5,234.2,74.7,170.1,-1,-1,-1,-1
471,39.0,384.5,223.4,48.6,160.2,-1,-1,-1,-1
471,38.0,933.3,227.2,55.8,165.6,-1,-1,-1,-1
471,37.0,847.8,382.7,73.8,148.7,-1,-1,-1,-1
471,35.0,242.3,357.5,59.0,200.0,-1,-1,-1,-1
471,32.0,367.4,372.8,63.9,212.2,-1,-1,-1,-1
471,30.0,560.2,348.3,67.5,195.8,-1,-1,-1,-1
471,21.0,924.3,377.5,75.6,194.4,-1,-1,-1,-1
471,13.0,495.0,354.6,62.1,166.0,-1,-1,-1,-1
471,12.0,730.3,371.9,55.8,157.7,-1,-1,-1,-1
471,11.0,844.6,397.3,46.8,210.6,-1,-1,-1,-1
471,10.0,253.6,361.6,63.5,198.2,-1,-1,-1,-1
471,4.0,813.1,394.9,57.6,206.8,-1,-1,-1,-1
471,3.0,578.2,348.7,54.0,193.5,-1,-1,-1,-1
471,2.0,342.9,366.1,52.2,164.0,-1,-1,-1,-1
472,43.0,269.5,361.8,56.7,179.5,-1,-1,-1,-1
472,42.0,265.9,212.4,54.9,157.0,-1,-1,-1,-1
472,41.0,579.1,196.6,51.3,165.6,-1,-1,-1,-1
472,40.0,832.0,235.1,75.6,169.2,-1,-1,-1,-1
472,39.0,385.0,223.5,49.1,159.0,-1,-1,-1,-1
472,38.0,932.4,227.5,57.6,165.6,-1,-1,-1,-1
472,37.0,847.8,382.9,73.8,148.5,-1,-1,-1,-1
472,35.0,242.3,356.8,58.5,200.2,-1,-1,-1,-1
472,32.0,367.4,371.7,63.9,212.4,-1,-1,-1,-1
472,30.0,559.8,347.8,67.5,196.2,-1,-1,-1,-1
472,21.0,924.3,377.5,75.6,194.4,-1,-1,-1,-1
472,13.0,495.0,354.6,62.1,166.0,-1,-1,-1,-1
472,12.0,730.8,372.1,55.8,157.9,-1,-1,-1,-1
472,11.0,844.6,397.3,46.8,210.6,-1,-1,-1,-1
472,10.0,252.9,360.9,64.4,198.9,-1,-1,-1,-1
472,4.0,813.6,394.6,57.6,207.9,-1,-1,-1,-1
472,3.0,577.8,348.5,54.0,195.1,-1,-1,-1,-1
472,2.0,342.9,366.3,52.6,164.7,-1,-1,-1,-1
473,43.0,272.5,361.3,54.5,180.0,-1,-1,-1,-1
473,42.0,265.0,213.3,56.2,154.8,-1,-1,-1,-1
473,41.0,581.8,196.6,49.5,164.2,-1,-1,-1,-1
473,40.0,831.1,233.5,78.3,168.3,-1,-1,-1,-1
473,39.0,385.4,223.6,49.9,159.3,-1,-1,-1,-1
473,38.0,932.4,225.9,57.6,166.9,-1,-1,-1,-1
473,37.0,849.6,383.2,72.0,147.4,-1,-1,-1,-1
473,35.0,239.2,355.5,63.0,202.1,-1,-1,-1,-1
473,32.0,367.6,371.5,66.1,212.6,-1,-1,-1,-1
473,30.0,560.2,348.3,66.6,195.8,-1,-1,-1,-1
473,21.0,924.3,378.2,75.6,193.7,-1,-1,-1,-1
473,13.0,495.9,354.6,61.2,166.0,-1,-1,-1,-1
473,12.0,730.8,372.1,56.7,157.9,-1,-1,-1,-1
473,11.0,846.4,396.4,46.8,211.5,-1,-1,-1,-1
473,10.0,253.1,360.7,64.3,198.7,-1,-1,-1,-1
473,4.0,811.8,392.8,59.4,210.6,-1,-1,-1,-1
473,3.0,578.2,348.5,55.8,196.0,-1,-1,-1,-1
473,2.0,342.9,366.5,50.4,163.1,-1,-1,-1,-1
474,43.0,271.1,361.6,55.3,180.2,-1,-1,-1,-1
474,42.0,265.3,213.3,55.8,157.5,-1,-1,-1,-1
474,41.0,581.8,196.4,50.4,163.4,-1,-1,-1,-1
474,40.0,830.2,233.5,79.2,166.9,-1,-1,-1,-1
474,39.0,387.4,223.4,49.0,160.2,-1,-1,-1,-1
474,38.0,933.3,225.7,57.6,166.9,-1,-1,-1,-1
474,37.0,849.6,383.2,72.0,147.8,-1,-1,-1,-1
474,35.0,238.3,354.1,65.2,202.9,-1,-1,-1,-1
474,32.0,367.6,371.7,65.7,212.4,-1,-1,-1,-1
474,30.0,560.2,347.2,67.5,197.3,-1,-1,-1,-1
474,21.0,924.3,378.0,75.6,194.4,-1,-1,-1,-1
474,13.0,495.4,354.6,62.1,166.0,-1,-1,-1,-1
474,12.0,730.8,372.1,57.6,157.9,-1,-1,-1,-1
474,11.0,845.5,395.8,45.0,212.2,-1,-1,-1,-1
474,10.0,253.3,361.3,63.4,198.0,-1,-1,-1,-1
474,4.0,811.8,391.9,60.3,212.4,-1,-1,-1,-1
474,3.0,578.7,347.4,55.8,197.1,-1,-1,-1,-1
474,2.0,342.9,366.5,49.9,163.6,-1,-1,-1,-1
475,43.0,272.0,363.6,54.4,178.7,-1,-1,-1,-1
475,42.0,265.0,213.1,55.8,160.2,-1,-1,-1,-1
475,41.0,581.8,195.7,51.3,162.9,-1,-1,-1,-1
475,40.0,828.9,231.5,81.0,168.3,-1,-1,-1,-1
475,39.0,387.2,223.0,50.9,158.8,-1,-1,-1,-1
475,38.0,933.3,224.4,57.6,168.0,-1,-1,-1,-1
475,37.0,849.6,383.2,72.0,147.8,-1,-1,-1,-1
475,35.0,238.0,354.1,64.4,202.9,-1,-1,-1,-1
475,32.0,367.9,371.2,67.1,212.4,-1,-1,-1,-1
475,30.0,560.2,345.8,67.5,197.8,-1,-1,-1,-1
475,21.0,924.3,376.2,75.6,196.2,-1,-1,-1,-1
475,13.0,496.8,354.6,60.3,166.0,-1,-1,-1,-1
475,12.0,730.8,372.1,57.6,157.9,-1,-1,-1,-1
475,11.0,842.8,394.4,54.0,213.5,-1,-1,-1,-1
475,10.0,254.7,361.8,63.0,197.1,-1,-1,-1,-1
475,4.0,810.4,391.7,55.8,212.2,-1,-1,-1,-1
475,3.0,579.1,345.1,55.8,198.4,-1,-1,-1,-1
475,2.0,342.9,367.0,49.0,163.6,-1,-1,-1,-1
476,43.0,270.9,364.3,55.8,178.4,-1,-1,-1,-1
476,42.0,264.8,213.1,55.8,160.2,-1,-1,-1,-1
476,41.0,582.3,195.7,51.3,164.7,-1,-1,-1,-1
476,40.0,828.4,230.2,81.9,169.2,-1,-1,-1,-1
476,39.0,387.4,222.5,51.8,161.5,-1,-1,-1,-1
476,38.0,933.3,224.1,59.4,167.4,-1,-1,-1,-1
476,37.0,849.1,382.9,72.0,148.9,-1,-1,-1,-1
476,35.0,237.8,353.7,65.2,203.4,-1,-1,-1,-1
476,32.0,368.1,371.2,67.5,212.4,-1,-1,-1,-1
476,30.0,560.2,344.2,68.4,199.8,-1,-1,-1,-1
476,21.0,925.2,376.2,73.8,196.2,-1,-1,-1,-1
476,13.0,497.7,354.6,59.4,166.0,-1,-1,-1,-1
476,12.0,731.2,371.7,56.7,158.4,-1,-1,-1,-1
476,11.0,840.6,393.5,51.3,214.4,-1,-1,-1,-1
476,10.0,254.9,362.2,63.0,196.6,-1,-1,-1,-1
476,4.0,810.4,388.3,59.4,216.9,-1,-1,-1,-1
476,3.0,579.1,345.4,55.8,200.5,-1,-1,-1,-1
476,2.0,342.4,367.2,49.5,162.9,-1,-1,-1,-1
477,43.0,270.9,362.2,54.4,182.3,-1,-1,-1,-1
477,42.0,263.2,211.9,57.1,158.4,-1,-1,-1,-1
477,41.0,582.3,194.8,53.1,164.7,-1,-1,-1,-1
477,40.0,828.0,226.6,81.9,171.5,-1,-1,-1,-1
477,39.0,387.7,220.7,52.6,158.4,-1,-1,-1,-1
477,38.0,934.2,220.0,46.8,168.3,-1,-1,-1,-1
477,37.0,848.2,382.7,72.9,148.7,-1,-1,-1,-1
477,35.0,238.5,351.9,63.9,204.3,-1,-1,-1,-1
477,32.0,368.1,368.8,69.3,214.4,-1,-1,-1,-1
477,30.0,560.7,343.1,66.6,201.4,-1,-1,-1,-1
477,21.0,925.2,371.7,73.8,200.7,-1,-1,-1,-1
477,13.0,497.2,354.6,60.3,166.0,-1,-1,-1,-1
477,12.0,730.8,371.7,57.6,158.4,-1,-1,-1,-1
477,11.0,839.7,391.0,55.8,216.0,-1,-1,-1,-1
477,10.0,254.0,360.9,64.4,197.5,-1,-1,-1,-1
477,4.0,810.4,387.4,57.6,217.8,-1,-1,-1,-1
477,3.0,579.6,344.0,55.8,201.4,-1,-1,-1,-1
477,2.0,341.8,367.0,50.4,163.6,-1,-1,-1,-1
478,43.0,270.4,360.2,54.5,184.7,-1,-1,-1,-1
478,42.0,262.6,211.5,57.6,162.4,-1,-1,-1,-1
478,41.0,582.8,194.2,53.1,164.7,-1,-1,-1,-1
478,40.0,828.0,225.8,81.9,170.2,-1,-1,-1,-1
478,39.0,387.4,219.5,53.5,159.0,-1,-1,-1,-1
478,38.0,935.1,219.8,50.4,167.8,-1,-1,-1,-1
478,37.0,849.1,382.9,72.0,148.9,-1,-1,-1,-1
478,35.0,236.7,352.1,63.0,205.0,-1,-1,-1,-1
478,32.0,368.3,368.8,68.9,214.4,-1,-1,-1,-1
478,30.0,561.1,343.3,66.6,200.7,-1,-1,-1,-1
478,21.0,925.2,371.0,73.8,201.8,-1,-1,-1,-1
478,13.0,498.1,354.6,59.4,166.0,-1,-1,-1,-1
478,12.0,731.2,371.7,56.7,158.4,-1,-1,-1,-1
478,11.0,838.8,392.2,51.3,214.4,-1,-1,-1,-1
478,10.0,256.5,361.3,62.1,197.1,-1,-1,-1,-1
478,4.0,810.4,386.8,57.6,218.9,-1,-1,-1,-1
478,3.0,580.0,344.5,54.0,200.9,-1,-1,-1,-1
478,2.0,341.8,367.0,50.4,163.1,-1,-1,-1,-1
479,43.0,270.4,359.5,56.2,183.1,-1,-1,-1,-1
479,42.0,261.9,209.9,57.6,159.8,-1,-1,-1,-1
479,41.0,582.8,193.2,54.9,164.6,-1,-1,-1,-1
479,40.0,828.0,226.1,81.0,171.4,-1,-1,-1,-1
479,39.0,386.5,218.9,56.7,160.2,-1,-1,-1,-1
479,38.0,935.1,219.6,55.8,169.2,-1,-1,-1,-1
479,37.0,848.2,382.5,72.9,149.4,-1,-1,-1,-1
479,35.0,238.5,350.5,58.5,207.9,-1,-1,-1,-1
479,32.0,369.0,368.5,69.3,214.2,-1,-1,-1,-1
479,30.0,561.6,343.1,66.6,201.4,-1,-1,-1,-1
479,21.0,925.2,370.3,73.8,202.5,-1,-1,-1,-1
479,13.0,499.0,354.6,58.5,166.0,-1,-1,-1,-1
479,12.0,730.8,371.9,57.6,158.6,-1,-1,-1,-1
479,11.0,834.7,390.1,54.0,216.0,-1,-1,-1,-1
479,10.0,261.7,358.6,57.6,198.9,-1,-1,-1,-1
479,4.0,811.3,386.1,57.6,219.6,-1,-1,-1,-1
479,2.0,341.8,366.7,50.4,163.8,-1,-1,-1,-1
480,42.0,261.2,208.8,57.6,158.9,-1,-1,-1,-1
480,41.0,583.6,193.3,54.9,163.8,-1,-1,-1,-1
480,40.0,827.5,227.7,81.9,169.6,-1,-1,-1,-1
480,39.0,386.1,219.8,58.5,160.2,-1,-1,-1,-1
480,38.0,936.0,219.1,54.0,168.8,-1,-1,-1,-1
480,37.0,848.2,382.5,72.9,149.4,-1,-1,-1,-1
480,35.0,238.0,350.1,55.8,208.3,-1,-1,-1,-1
480,32.0,368.8,369.0,70.2,214.2,-1,-1,-1,-1
480,30.0,563.4,343.1,63.9,201.4,-1,-1,-1,-1
480,21.0,925.2,370.6,73.8,201.8,-1,-1,-1,-1
480,13.0,498.6,354.8,59.4,166.3,-1,-1,-1,-1
480,12.0,730.8,371.9,56.7,158.6,-1,-1,-1,-1
480,11.0,835.2,389.7,52.2,216.9,-1,-1,-1,-1
480,10.0,262.1,357.1,58.0,200.5,-1,-1,-1,-1
480,4.0,811.3,386.8,54.9,218.9,-1,-1,-1,-1
480,2.0,341.8,366.5,50.4,163.1,-1,-1,-1,-1
481,42.0,260.5,208.6,57.1,157.0,-1,-1,-1,-1
481,41.0,584.5,195.1,54.9,163.3,-1,-1,-1,-1
481,40.0,828.0,232.0,81.9,169.6,-1,-1,-1,-1
481,39.0,384.1,223.0,63.0,162.0,-1,-1,-1,-1
481,38.0,934.2,222.1,45.0,165.6,-1,-1,-1,-1
481,37.0,847.8,382.7,73.8,148.7,-1,-1,-1,-1
481,35.0,238.0,350.3,56.2,208.6,-1,-1,-1,-1
481,32.0,369.7,371.0,72.4,213.5,-1,-1,-1,-1
481,30.0,567.4,342.9,60.3,200.7,-1,-1,-1,-1
481,21.0,924.3,372.1,75.6,199.8,-1,-1,-1,-1
481,13.0,498.6,354.6,60.3,166.0,-1,-1,-1,-1
481,12.0,731.2,372.1,55.8,157.9,-1,-1,-1,-1
481,11.0,832.9,394.4,54.9,213.1,-1,-1,-1,-1
481,10.0,260.8,357.7,58.9,200.3,-1,-1,-1,-1
481,4.0,810.9,391.5,54.0,211.5,-1,-1,-1,-1
481,2.0,342.0,367.0,51.8,163.1,-1,-1,-1,-1
482,42.0,260.3,208.8,57.1,157.5,-1,-1,-1,-1
482,41.0,584.5,195.7,55.8,163.3,-1,-1,-1,-1
482,40.0,827.5,234.0,81.9,170.1,-1,-1,-1,-1
482,39.0,383.6,225.2,64.4,159.7,-1,-1,-1,-1
482,38.0,934.2,224.8,57.6,164.7,-1,-1,-1,-1
482,37.0,845.1,382.5,76.5,148.5,-1,-1,-1,-1
482,35.0,237.6,350.3,56.2,208.6,-1,-1,-1,-1
482,32.0,370.6,373.7,73.4,211.3,-1,-1,-1,-1
482,30.0,567.0,343.3,60.3,200.2,-1,-1,-1,-1
482,21.0,924.3,374.4,75.6,197.1,-1,-1,-1,-1
482,13.0,499.0,354.6,59.4,166.0,-1,-1,-1,-1
482,12.0,731.7,372.1,54.9,157.9,-1,-1,-1,-1
482,11.0,832.0,394.9,55.8,212.2,-1,-1,-1,-1
482,10.0,259.6,358.4,59.9,200.5,-1,-1,-1,-1
482,4.0,810.0,393.7,56.7,210.6,-1,-1,-1,-1
482,2.0,342.4,367.0,51.8,163.6,-1,-1,-1,-1
483,42.0,259.6,210.7,57.1,157.4,-1,-1,-1,-1
483,41.0,585.0,199.5,56.7,159.2,-1,-1,-1,-1
483,40.0,826.2,239.4,82.8,174.6,-1,-1,-1,-1
483,39.0,382.9,228.8,67.9,160.6,-1,-1,-1,-1
483,38.0,933.3,230.4,59.4,163.8,-1,-1,-1,-1
483,37.0,846.9,382.5,75.6,148.1,-1,-1,-1,-1
483,35.0,237.6,353.5,56.2,204.5,-1,-1,-1,-1
483,33.0,924.3,379.1,50.4,183.4,-1,-1,-1,-1
483,32.0,371.0,378.4,72.4,206.1,-1,-1,-1,-1
483,30.0,566.5,345.4,60.3,198.2,-1,-1,-1,-1
483,21.0,923.4,378.4,75.6,192.6,-1,-1,-1,-1
483,13.0,498.6,354.6,60.3,166.0,-1,-1,-1,-1
483,12.0,732.1,371.5,54.0,158.6,-1,-1,-1,-1
483,11.0,833.8,404.1,51.3,202.5,-1,-1,-1,-1
483,10.0,259.6,359.5,59.4,199.8,-1,-1,-1,-1
483,4.0,810.0,400.5,63.9,204.3,-1,-1,-1,-1
483,2.0,342.2,367.2,52.6,163.8,-1,-1,-1,-1
484,42.0,259.6,211.9,56.2,156.1,-1,-1,-1,-1
484,41.0,585.0,202.0,57.6,158.4,-1,-1,-1,-1
484,40.0,825.3,243.4,83.7,172.8,-1,-1,-1,-1
484,39.0,382.7,230.8,68.9,164.7,-1,-1,-1,-1
484,38.0,934.2,232.6,59.4,161.5,-1,-1,-1,-1
484,37.0,848.7,382.5,72.9,148.1,-1,-1,-1,-1
484,35.0,237.4,353.9,54.9,203.2,-1,-1,-1,-1
484,33.0,924.3,382.3,50.4,181.1,-1,-1,-1,-1
484,32.0,371.2,382.0,72.5,203.4,-1,-1,-1,-1
484,30.0,567.0,348.3,59.4,194.8,-1,-1,-1,-1
484,21.0,923.4,381.6,75.6,189.9,-1,-1,-1,-1
484,13.0,498.1,354.8,60.3,166.3,-1,-1,-1,-1
484,12.0,732.1,371.9,54.0,157.7,-1,-1,-1,-1
484,11.0,834.7,409.5,51.3,199.8,-1,-1,-1,-1
484,10.0,258.3,359.5,61.2,200.2,-1,-1,-1,-1
484,4.0,809.1,403.6,56.7,202.5,-1,-1,-1,-1
484,2.0,342.4,366.7,52.6,163.4,-1,-1,-1,-1
485,42.0,260.5,215.9,53.5,159.0,-1,-1,-1,-1
485,41.0,585.9,204.7,59.4,159.7,-1,-1,-1,-1
485,40.0,824.4,247.3,85.5,174.1,-1,-1,-1,-1
485,39.0,382.3,234.9,72.9,170.1,-1,-1,-1,-1
485,38.0,933.3,233.5,59.4,161.5,-1,-1,-1,-1
485,37.0,849.1,382.9,73.3,147.6,-1,-1,-1,-1
485,35.0,238.0,358.2,57.1,198.9,-1,-1,-1,-1
485,33.0,923.4,386.8,50.4,176.6,-1,-1,-1,-1
485,32.0,370.8,386.5,72.9,198.9,-1,-1,-1,-1
485,30.0,567.4,349.0,59.4,194.6,-1,-1,-1,-1
485,21.0,923.4,384.7,75.6,187.2,-1,-1,-1,-1
485,13.0,498.1,354.8,60.3,166.3,-1,-1,-1,-1
485,12.0,732.6,371.7,53.1,158.4,-1,-1,-1,-1
485,11.0,834.7,413.1,54.0,197.1,-1,-1,-1,-1
485,10.0,253.3,363.1,64.8,196.2,-1,-1,-1,-1
485,4.0,808.6,408.4,54.9,197.8,-1,-1,-1,-1
485,3.0,580.0,350.1,56.7,192.6,-1,-1,-1,-1
485,2.0,342.2,366.7,54.9,164.3,-1,-1,-1,-1
486,42.0,261.4,217.8,51.8,158.9,-1,-1,-1,-1
486,41.0,586.3,207.8,59.4,158.1,-1,-1,-1,-1
486,40.0,824.8,248.2,85.5,173.7,-1,-1,-1,-1
486,39.0,382.3,236.0,74.2,163.8,-1,-1,-1,-1
486,38.0,932.4,228.8,61.2,167.0,-1,-1,-1,-1
486,37.0,848.2,382.3,73.4,147.8,-1,-1,-1,-1
486,35.0,238.7,360.7,57.6,196.0,-1,-1,-1,-1
486,33.0,922.5,385.4,52.2,178.0,-1,-1,-1,-1
486,32.0,371.5,387.4,72.0,198.0,-1,-1,-1,-1
486,30.0,566.5,352.8,59.4,190.3,-1,-1,-1,-1
486,21.0,924.3,384.3,73.8,188.1,-1,-1,-1,-1
486,13.0,499.0,354.8,59.4,166.3,-1,-1,-1,-1
486,12.0,733.0,371.7,53.1,158.4,-1,-1,-1,-1
486,11.0,833.4,414.0,53.1,196.2,-1,-1,-1,-1
486,10.0,253.1,366.5,65.3,193.3,-1,-1,-1,-1
486,4.0,808.6,409.5,58.5,196.2,-1,-1,-1,-1
486,3.0,580.0,352.1,57.6,190.6,-1,-1,-1,-1
486,2.0,342.4,366.7,54.0,164.3,-1,-1,-1,-1
487,42.0,258.5,221.7,53.5,157.2,-1,-1,-1,-1
487,41.0,586.3,209.2,61.2,159.3,-1,-1,-1,-1
487,40.0,825.7,250.2,85.5,176.9,-1,-1,-1,-1
487,39.0,382.7,236.7,76.0,163.4,-1,-1,-1,-1
487,38.0,935.1,233.3,61.2,173.2,-1,-1,-1,-1
487,37.0,846.9,381.8,74.7,148.7,-1,-1,-1,-1
487,35.0,239.8,361.8,58.5,196.2,-1,-1,-1,-1
487,33.0,920.2,386.5,53.5,177.3,-1,-1,-1,-1
487,32.0,371.2,387.9,72.9,198.0,-1,-1,-1,-1
487,30.0,567.4,352.3,58.5,191.2,-1,-1,-1,-1
487,21.0,924.3,386.3,73.8,187.0,-1,-1,-1,-1
487,13.0,499.5,355.5,59.4,165.1,-1,-1,-1,-1
487,12.0,733.0,371.7,54.0,158.4,-1,-1,-1,-1
487,11.0,834.3,415.6,51.3,195.5,-1,-1,-1,-1
487,10.0,252.9,369.7,65.7,190.6,-1,-1,-1,-1
487,4.0,808.2,413.8,56.7,192.8,-1,-1,-1,-1
487,3.0,580.5,354.8,57.6,188.3,-1,-1,-1,-1
487,2.0,342.9,366.5,53.1,163.1,-1,-1,-1,-1
488,42.0,258.5,221.2,53.5,160.2,-1,-1,-1,-1
488,41.0,586.8,209.0,62.1,160.6,-1,-1,-1,-1
488,40.0,826.2,250.2,85.5,177.8,-1,-1,-1,-1
488,39.0,383.6,234.4,76.1,164.7,-1,-1,-1,-1
488,38.0,937.8,234.2,59.4,163.3,-1,-1,-1,-1
488,37.0,848.2,382.0,74.2,149.0,-1,-1,-1,-1
488,35.0,240.1,363.6,58.1,194.4,-1,-1,-1,-1
488,33.0,920.2,386.3,50.9,177.1,-1,-1,-1,-1
488,32.0,370.3,386.5,74.2,199.8,-1,-1,-1,-1
488,30.0,567.0,353.0,59.4,191.0,-1,-1,-1,-1
488,21.0,924.3,384.7,73.8,188.1,-1,-1,-1,-1
488,13.0,499.5,355.9,59.4,164.7,-1,-1,-1,-1
488,12.0,733.0,371.7,54.9,158.4,-1,-1,-1,-1
488,11.0,834.3,415.8,51.3,196.2,-1,-1,-1,-1
488,10.0,253.6,371.2,64.8,189.0,-1,-1,-1,-1
488,4.0,808.2,413.5,54.0,192.6,-1,-1,-1,-1
488,3.0,580.0,355.0,58.5,188.5,-1,-1,-1,-1
488,2.0,342.7,367.0,53.5,163.6,-1,-1,-1,-1
489,44.0,910.3,215.1,71.5,173.7,-1,-1,-1,-1
489,42.0,257.6,224.3,54.4,159.3,-1,-1,-1,-1
489,41.0,586.8,206.8,64.8,161.5,-1,-1,-1,-1
489,40.0,826.2,247.9,86.4,179.1,-1,-1,-1,-1
489,39.0,387.0,228.3,74.7,168.2,-1,-1,-1,-1
489,38.0,936.9,224.1,63.0,166.1,-1,-1,-1,-1
489,37.0,846.0,382.5,75.6,148.5,-1,-1,-1,-1
489,35.0,239.8,364.7,58.5,193.3,-1,-1,-1,-1
489,33.0,917.5,376.2,52.7,187.2,-1,-1,-1,-1
489,32.0,370.3,380.9,76.1,205.4,-1,-1,-1,-1
489,30.0,567.9,351.7,57.6,192.8,-1,-1,-1,-1
489,21.0,927.0,377.5,64.8,193.5,-1,-1,-1,-1
489,13.0,499.5,356.4,59.4,164.2,-1,-1,-1,-1
489,12.0,733.5,371.7,55.8,158.4,-1,-1,-1,-1
489,11.0,834.3,415.3,50.4,197.1,-1,-1,-1,-1
489,10.0,253.6,372.6,64.4,187.2,-1,-1,-1,-1
489,4.0,808.6,412.2,58.5,194.4,-1,-1,-1,-1
489,3.0,579.6,353.7,59.4,191.2,-1,-1,-1,-1
489,2.0,342.4,367.4,50.4,162.7,-1,-1,-1,-1
490,44.0,904.5,211.5,81.0,179.6,-1,-1,-1,-1
490,42.0,257.6,223.1,54.0,161.2,-1,-1,-1,-1
490,41.0,585.9,203.7,67.5,159.0,-1,-1,-1,-1
490,40.0,824.4,242.1,89.1,181.8,-1,-1,-1,-1
490,39.0,390.6,224.1,72.5,165.6,-1,-1,-1,-1
490,37.0,844.2,382.5,77.4,148.1,-1,-1,-1,-1
490,35.0,240.3,366.1,56.2,189.2,-1,-1,-1,-1
490,33.0,915.3,370.6,55.8,192.4,-1,-1,-1,-1
490,32.0,370.1,377.3,76.1,208.6,-1,-1,-1,-1
490,30.0,567.0,349.9,57.6,194.6,-1,-1,-1,-1
490,21.0,927.0,368.8,64.8,200.9,-1,-1,-1,-1
490,13.0,499.5,356.4,58.5,164.2,-1,-1,-1,-1
490,12.0,733.5,371.7,55.8,158.4,-1,-1,-1,-1
490,11.0,832.9,412.2,54.0,199.8,-1,-1,-1,-1
490,10.0,253.3,372.6,64.3,187.2,-1,-1,-1,-1
490,4.0,809.1,411.1,63.0,195.5,-1,-1,-1,-1
490,3.0,583.2,351.9,56.7,193.0,-1,-1,-1,-1
490,2.0,342.9,367.9,51.3,163.1,-1,-1,-1,-1
491,42.0,257.8,218.7,52.7,162.9,-1,-1,-1,-1
491,41.0,579.1,180.2,85.5,178.2,-1,-1,-1,-1
491,40.0,825.3,226.0,92.7,189.8,-1,-1,-1,-1
491,39.0,392.8,212.8,96.8,164.7,-1,-1,-1,-1
491,37.0,846.4,380.7,73.8,150.3,-1,-1,-1,-1
491,35.0,235.1,363.1,60.3,193.9,-1,-1,-1,-1
491,32.0,369.4,363.1,75.6,224.1,-1,-1,-1,-1
491,30.0,567.0,341.5,60.3,203.4,-1,-1,-1,-1
491,21.0,921.1,351.9,67.0,216.0,-1,-1,-1,-1
491,13.0,499.5,357.3,59.4,163.3,-1,-1,-1,-1
491,12.0,733.5,371.7,57.6,158.4,-1,-1,-1,-1
491,11.0,832.0,402.3,59.4,209.7,-1,-1,-1,-1
491,10.0,253.8,370.8,67.5,189.0,-1,-1,-1,-1
491,4.0,809.1,400.5,68.4,206.1,-1,-1,-1,-1
491,3.0,581.8,340.4,58.5,205.0,-1,-1,-1,-1
491,2.0,341.8,369.4,50.8,155.2,-1,-1,-1,-1
492,42.0,257.2,221.2,53.5,154.8,-1,-1,-1,-1
492,41.0,575.5,175.7,104.4,177.3,-1,-1,-1,-1
492,40.0,827.1,220.5,99.9,189.0,-1,-1,-1,-1
492,39.0,394.6,209.7,96.7,161.1,-1,-1,-1,-1
492,37.0,845.1,380.2,75.6,151.2,-1,-1,-1,-1
492,35.0,239.8,358.6,54.4,198.9,-1,-1,-1,-1
492,32.0,369.2,364.5,76.1,221.4,-1,-1,-1,-1
492,30.0,567.4,339.1,61.2,208.1,-1,-1,-1,-1
492,21.0,919.3,354.1,67.0,212.4,-1,-1,-1,-1
492,13.0,499.5,357.5,59.4,163.1,-1,-1,-1,-1
492,12.0,733.5,371.7,59.4,158.4,-1,-1,-1,-1
492,11.0,832.9,400.3,59.4,211.3,-1,-1,-1,-1
492,10.0,255.1,368.1,67.5,191.7,-1,-1,-1,-1
492,4.0,809.5,394.4,59.4,213.5,-1,-1,-1,-1
492,3.0,584.1,338.6,56.7,205.4,-1,-1,-1,-1
492,2.0,342.0,369.4,54.5,154.8,-1,-1,-1,-1
493,42.0,249.5,191.5,68.9,169.6,-1,-1,-1,-1
493,41.0,586.8,178.2,85.5,153.0,-1,-1,-1,-1
493,40.0,832.0,209.0,100.3,189.0,-1,-1,-1,-1
493,39.0,398.7,204.5,48.6,150.3,-1,-1,-1,-1
493,38.0,923.4,197.9,57.6,143.7,-1,-1,-1,-1
493,37.0,843.3,376.4,75.6,155.0,-1,-1,-1,-1
493,35.0,239.4,348.3,50.4,209.2,-1,-1,-1,-1
493,32.0,363.1,378.4,73.8,203.4,-1,-1,-1,-1
493,30.0,566.5,323.8,67.5,218.9,-1,-1,-1,-1
493,21.0,913.0,358.2,73.4,206.1,-1,-1,-1,-1
493,13.0,499.9,357.5,59.4,163.1,-1,-1,-1,-1
493,12.0,733.5,372.1,58.5,158.4,-1,-1,-1,-1
493,11.0,836.5,381.6,56.7,226.8,-1,-1,-1,-1
493,10.0,255.4,352.8,68.8,207.9,-1,-1,-1,-1
493,4.0,811.3,382.9,51.3,226.8,-1,-1,-1,-1
493,3.0,595.3,344.5,49.5,198.2,-1,-1,-1,-1
493,2.0,341.8,369.9,56.7,157.5,-1,-1,-1,-1
494,42.0,247.7,180.4,56.2,176.8,-1,-1,-1,-1
494,41.0,584.5,176.6,71.1,156.2,-1,-1,-1,-1
494,40.0,832.0,217.1,86.4,177.3,-1,-1,-1,-1
494,39.0,396.9,206.3,46.3,150.3,-1,-1,-1,-1
494,38.0,920.7,162.7,68.4,172.8,-1,-1,-1,-1
494,37.0,847.3,378.2,72.0,153.2,-1,-1,-1,-1
494,35.0,239.8,341.5,46.8,216.5,-1,-1,-1,-1
494,32.0,363.4,381.1,77.9,204.3,-1,-1,-1,-1
494,30.0,567.0,339.1,63.0,203.2,-1,-1,-1,-1
494,21.0,919.3,368.5,73.3,196.2,-1,-1,-1,-1
494,13.0,499.5,357.5,60.3,163.1,-1,-1,-1,-1
494,12.0,733.5,372.4,58.5,157.7,-1,-1,-1,-1
494,11.0,841.5,394.9,49.5,212.2,-1,-1,-1,-1
494,10.0,256.3,346.3,67.5,213.5,-1,-1,-1,-1
494,4.0,812.2,391.9,48.6,216.9,-1,-1,-1,-1
494,3.0,598.0,355.3,51.3,188.3,-1,-1,-1,-1
494,2.0,341.3,371.5,58.5,154.1,-1,-1,-1,-1
495,42.0,249.1,171.0,84.1,180.0,-1,-1,-1,-1
495,41.0,587.2,176.2,45.9,159.8,-1,-1,-1,-1
495,40.0,834.3,225.0,53.1,159.7,-1,-1,-1,-1
495,39.0,381.8,213.6,63.0,136.0,-1,-1,-1,-1
495,38.0,919.8,207.8,61.2,133.3,-1,-1,-1,-1
495,37.0,851.8,376.9,66.6,156.8,-1,-1,-1,-1
495,35.0,240.5,329.8,49.5,230.8,-1,-1,-1,-1
495,32.0,362.2,384.5,73.4,201.8,-1,-1,-1,-1
495,30.0,567.4,343.8,69.3,199.3,-1,-1,-1,-1
495,21.0,933.3,332.5,57.6,235.3,-1,-1,-1,-1
495,13.0,499.5,357.5,61.2,163.1,-1,-1,-1,-1
495,12.0,733.9,372.6,56.7,157.5,-1,-1,-1,-1
495,11.0,843.3,406.3,47.7,202.5,-1,-1,-1,-1
495,10.0,251.8,336.6,71.1,220.5,-1,-1,-1,-1
495,4.0,811.8,405.4,56.7,203.4,-1,-1,-1,-1
495,3.0,598.0,352.3,57.6,192.2,-1,-1,-1,-1
495,2.0,341.1,372.6,59.9,151.7,-1,-1,-1,-1
496,42.0,249.3,165.4,73.4,184.1,-1,-1,-1,-1
496,41.0,589.0,176.2,42.3,156.1,-1,-1,-1,-1
496,40.0,834.3,225.7,56.7,160.2,-1,-1,-1,-1
496,39.0,376.6,218.9,63.9,121.5,-1,-1,-1,-1
496,38.0,920.2,214.1,53.5,127.5,-1,-1,-1,-1
496,37.0,853.6,376.9,63.0,153.7,-1,-1,-1,-1
496,35.0,240.7,338.4,47.7,215.5,-1,-1,-1,-1
496,33.0,902.7,368.1,64.8,193.5,-1,-1,-1,-1
496,32.0,362.2,383.2,68.0,203.2,-1,-1,-1,-1
496,30.0,567.9,352.6,75.6,191.0,-1,-1,-1,-1
496,21.0,933.3,364.0,57.6,201.6,-1,-1,-1,-1
496,13.0,499.5,357.5,61.2,163.1,-1,-1,-1,-1
496,12.0,733.5,373.0,56.7,157.0,-1,-1,-1,-1
496,11.0,844.2,412.6,49.5,198.9,-1,-1,-1,-1
496,10.0,241.6,340.6,73.4,219.6,-1,-1,-1,-1
496,4.0,811.3,409.5,53.1,199.8,-1,-1,-1,-1
496,3.0,601.6,354.1,54.9,190.4,-1,-1,-1,-1
496,2.0,341.5,373.3,59.9,151.4,-1,-1,-1,-1
497,42.0,248.6,173.7,53.1,164.7,-1,-1,-1,-1
497,41.0,585.0,191.0,47.7,141.8,-1,-1,-1,-1
497,40.0,833.4,239.4,54.0,141.3,-1,-1,-1,-1
497,39.0,386.1,232.2,59.4,108.9,-1,-1,-1,-1
497,38.0,914.8,227.5,54.4,128.7,-1,-1,-1,-1
497,37.0,859.0,375.3,59.4,154.3,-1,-1,-1,-1
497,35.0,238.3,333.2,48.6,221.2,-1,-1,-1,-1
497,33.0,900.9,386.3,63.0,175.3,-1,-1,-1,-1
497,32.0,362.5,394.2,76.5,192.6,-1,-1,-1,-1
497,30.0,573.8,363.1,65.7,179.1,-1,-1,-1,-1
497,21.0,925.2,370.3,66.6,195.3,-1,-1,-1,-1
497,13.0,499.9,357.5,62.1,163.1,-1,-1,-1,-1
497,12.0,733.9,372.8,55.8,157.7,-1,-1,-1,-1
497,11.0,846.4,419.6,54.0,197.8,-1,-1,-1,-1
497,10.0,241.0,349.4,76.1,213.1,-1,-1,-1,-1
497,4.0,812.7,414.4,53.1,195.3,-1,-1,-1,-1
497,3.0,596.7,363.4,63.0,181.1,-1,-1,-1,-1
497,2.0,342.9,373.3,60.8,154.6,-1,-1,-1,-1
498,45.0,390.8,389.9,64.4,201.8,-1,-1,-1,-1
498,43.0,263.0,382.0,59.8,162.0,-1,-1,-1,-1
498,42.0,253.1,171.9,49.9,175.0,-1,-1,-1,-1
498,41.0,585.0,199.3,45.0,132.7,-1,-1,-1,-1
498,40.0,832.0,248.8,52.2,129.1,-1,-1,-1,-1
498,39.0,398.2,242.5,50.0,99.0,-1,-1,-1,-1
498,38.0,918.0,222.5,52.2,133.2,-1,-1,-1,-1
498,37.0,859.5,374.8,58.5,155.7,-1,-1,-1,-1
498,35.0,238.0,337.0,50.0,219.6,-1,-1,-1,-1
498,33.0,901.3,374.6,61.6,187.0,-1,-1,-1,-1
498,32.0,362.2,397.6,76.1,189.2,-1,-1,-1,-1
498,30.0,575.1,364.0,67.5,177.8,-1,-1,-1,-1
498,21.0,925.2,370.3,66.6,195.3,-1,-1,-1,-1
498,13.0,499.9,357.7,63.0,162.9,-1,-1,-1,-1
498,12.0,734.4,372.8,54.9,157.7,-1,-1,-1,-1
498,11.0,841.9,422.5,61.2,194.4,-1,-1,-1,-1
498,10.0,240.5,347.8,75.6,214.2,-1,-1,-1,-1
498,4.0,812.2,418.0,66.6,190.8,-1,-1,-1,-1
498,3.0,597.6,366.3,63.0,178.6,-1,-1,-1,-1
498,2.0,343.8,373.0,59.4,156.1,-1,-1,-1,-1
499,45.0,393.3,392.4,64.3,199.8,-1,-1,-1,-1
499,43.0,262.8,384.7,58.0,160.2,-1,-1,-1,-1
499,42.0,235.3,171.4,68.8,168.7,-1,-1,-1,-1
499,41.0,587.7,219.7,46.8,121.8,-1,-1,-1,-1
499,40.0,832.5,270.4,60.3,117.9,-1,-1,-1,-1
499,39.0,396.0,273.4,60.3,74.7,-1,-1,-1,-1
499,37.0,862.2,376.2,60.3,154.4,-1,-1,-1,-1
499,35.0,236.5,347.6,53.6,211.3,-1,-1,-1,-1
499,33.0,900.4,368.3,58.0,193.7,-1,-1,-1,-1
499,32.0,362.7,393.5,71.1,192.4,-1,-1,-1,-1
499,30.0,574.6,364.7,75.6,178.0,-1,-1,-1,-1
499,21.0,925.2,368.5,66.6,197.1,-1,-1,-1,-1
499,13.0,499.5,358.2,63.0,162.4,-1,-1,-1,-1
499,12.0,734.8,372.4,55.8,157.7,-1,-1,-1,-1
499,11.0,836.1,422.1,64.8,196.2,-1,-1,-1,-1
499,10.0,238.0,352.3,78.3,209.7,-1,-1,-1,-1
499,4.0,812.7,423.7,53.1,184.7,-1,-1,-1,-1
499,3.0,591.3,364.7,71.1,180.2,-1,-1,-1,-1
499,2.0,346.5,373.5,61.7,151.6,-1,-1,-1,-1
500,45.0,391.7,390.8,67.5,201.4,-1,-1,-1,-1
500,43.0,260.5,384.7,59.9,160.2,-1,-1,-1,-1
500,42.0,225.3,176.6,75.5,163.3,-1,-1,-1,-1
500,41.0,589.0,232.2,44.1,122.0,-1,-1,-1,-1
500,40.0,830.2,283.7,54.0,112.1,-1,-1,-1,-1
500,39.0,395.1,295.9,61.6,63.4,-1,-1,-1,-1
500,37.0,863.5,376.2,60.7,158.4,-1,-1,-1,-1
500,35.0,236.5,353.7,56.7,202.9,-1,-1,-1,-1
500,33.0,898.6,373.9,63.5,188.1,-1,-1,-1,-1
500,32.0,362.7,392.6,71.5,193.7,-1,-1,-1,-1
500,30.0,575.5,361.3,74.7,182.2,-1,-1,-1,-1
500,21.0,926.1,362.7,66.6,202.5,-1,-1,-1,-1
500,13.0,499.5,358.2,63.0,162.4,-1,-1,-1,-1
500,12.0,735.3,371.5,56.7,157.7,-1,-1,-1,-1
500,11.0,844.6,421.2,55.8,197.1,-1,-1,-1,-1
500,10.0,238.0,356.8,77.4,205.2,-1,-1,-1,-1
500,4.0,814.9,425.2,49.5,185.4,-1,-1,-1,-1
500,3.0,594.0,361.8,71.1,183.6,-1,-1,-1,-1
500,2.0,346.7,373.9,65.2,151.2,-1,-1,-1,-1
501,43.0,254.5,360.7,63.9,185.2,-1,-1,-1,-1
501,42.0,202.3,201.4,103.5,136.8,-1,-1,-1,-1
501,41.0,572.4,258.8,64.8,109.8,-1,-1,-1,-1
501,40.0,820.8,314.5,67.5,87.8,-1,-1,-1,-1
501,37.0,866.7,376.0,61.2,160.0,-1,-1,-1,-1
501,35.0,228.4,357.7,68.4,200.7,-1,-1,-1,-1
501,33.0,891.4,372.1,59.0,189.9,-1,-1,-1,-1
501,32.0,367.9,387.0,97.4,205.2,-1,-1,-1,-1
501,30.0,572.8,359.3,73.8,184.7,-1,-1,-1,-1
501,21.0,934.2,365.4,57.6,198.0,-1,-1,-1,-1
501,13.0,499.5,359.1,63.9,161.5,-1,-1,-1,-1
501,12.0,739.8,370.3,53.1,155.7,-1,-1,-1,-1
501,11.0,850.9,416.0,68.4,201.8,-1,-1,-1,-1
501,10.0,234.9,360.7,80.1,201.8,-1,-1,-1,-1
501,4.0,814.5,394.0,59.4,217.6,-1,-1,-1,-1
501,3.0,598.9,352.8,69.3,193.0,-1,-1,-1,-1
501,2.0,346.7,374.6,57.6,159.1,-1,-1,-1,-1
502,43.0,253.6,357.7,64.8,187.6,-1,-1,-1,-1
502,42.0,196.4,207.2,109.8,132.3,-1,-1,-1,-1
502,41.0,570.1,271.1,73.8,99.9,-1,-1,-1,-1
502,37.0,868.5,375.5,62.1,173.9,-1,-1,-1,-1
502,32.0,371.7,387.4,96.8,204.3,-1,-1,-1,-1
502,30.0,571.5,374.6,71.1,169.0,-1,-1,-1,-1
502,21.0,927.0,365.2,64.8,195.5,-1,-1,-1,-1
502,13.0,499.5,359.5,63.9,161.1,-1,-1,-1,-1
502,12.0,740.2,369.2,53.1,155.0,-1,-1,-1,-1
502,11.0,851.8,416.7,65.7,200.7,-1,-1,-1,-1
502,10.0,233.5,360.2,80.1,201.8,-1,-1,-1,-1
502,4.0,811.3,429.5,64.8,182.5,-1,-1,-1,-1
502,3.0,602.5,357.1,65.7,189.2,-1,-1,-1,-1
502,2.0,346.9,375.5,57.1,158.6,-1,-1,-1,-1
503,43.0,254.0,357.5,61.6,188.3,-1,-1,-1,-1
503,42.0,196.9,225.0,110.3,134.6,-1,-1,-1,-1
503,41.0,565.2,301.0,77.4,99.9,-1,-1,-1,-1
503,37.0,870.7,372.8,73.4,185.2,-1,-1,-1,-1
503,32.0,383.4,354.1,71.1,195.3,-1,-1,-1,-1
503,30.0,578.7,327.6,69.3,216.5,-1,-1,-1,-1
503,21.0,914.8,382.9,76.9,178.2,-1,-1,-1,-1
503,13.0,499.9,360.7,63.0,160.0,-1,-1,-1,-1
503,12.0,740.7,366.7,54.0,154.4,-1,-1,-1,-1
503,11.0,853.2,410.2,65.7,207.7,-1,-1,-1,-1
503,10.0,228.8,357.7,82.4,204.8,-1,-1,-1,-1
503,4.0,811.8,434.0,67.5,178.4,-1,-1,-1,-1
503,3.0,592.2,363.8,79.2,181.6,-1,-1,-1,-1
503,2.0,345.8,376.2,60.3,158.4,-1,-1,-1,-1
504,43.0,251.3,353.7,62.6,193.5,-1,-1,-1,-1
504,42.0,188.8,213.1,117.9,150.7,-1,-1,-1,-1
504,32.0,386.8,358.9,71.1,227.5,-1,-1,-1,-1
504,30.0,565.2,323.3,73.8,221.2,-1,-1,-1,-1
504,21.0,913.5,380.7,77.4,180.9,-1,-1,-1,-1
504,13.0,499.9,361.6,63.0,159.5,-1,-1,-1,-1
504,12.0,740.7,365.6,54.9,154.1,-1,-1,-1,-1
504,11.0,852.3,428.4,62.1,189.9,-1,-1,-1,-1
504,10.0,229.0,353.9,79.6,208.6,-1,-1,-1,-1
504,4.0,811.8,427.7,68.4,184.3,-1,-1,-1,-1
504,3.0,599.8,365.6,72.0,178.0,-1,-1,-1,-1
504,2.0,345.1,376.2,60.8,157.9,-1,-1,-1,-1
505,45.0,402.3,375.7,76.9,218.7,-1,-1,-1,-1
505,43.0,254.2,349.4,59.4,194.6,-1,-1,-1,-1
505,32.0,374.6,412.2,81.9,180.9,-1,-1,-1,-1
505,30.0,550.3,360.4,85.5,182.2,-1,-1,-1,-1
505,21.0,909.4,391.5,82.3,171.9,-1,-1,-1,-1
505,13.0,499.9,362.0,61.2,159.1,-1,-1,-1,-1
505,12.0,740.7,364.7,55.8,154.6,-1,-1,-1,-1
505,11.0,850.5,428.6,73.8,189.2,-1,-1,-1,-1
505,10.0,219.8,345.1,82.3,215.1,-1,-1,-1,-1
505,4.0,820.8,398.2,57.6,216.9,-1,-1,-1,-1
505,3.0,590.4,368.3,81.9,173.9,-1,-1,-1,-1
505,2.0,343.6,377.5,57.6,156.1,-1,-1,-1,-1
506,45.0,408.1,385.9,64.3,200.9,-1,-1,-1,-1
506,43.0,254.2,350.3,59.4,194.6,-1,-1,-1,-1
506,32.0,380.7,411.1,75.1,186.5,-1,-1,-1,-1
506,30.0,553.0,368.1,74.7,176.8,-1,-1,-1,-1
506,21.0,909.9,397.1,79.2,167.2,-1,-1,-1,-1
506,13.0,499.9,361.3,60.3,159.3,-1,-1,-1,-1
506,12.0,740.2,364.5,56.7,154.8,-1,-1,-1,-1
506,11.0,846.9,430.9,69.3,186.5,-1,-1,-1,-1
506,10.0,218.9,347.8,77.9,209.7,-1,-1,-1,-1
506,4.0,820.3,409.7,55.8,207.7,-1,-1,-1,-1
506,3.0,602.5,372.6,65.7,171.0,-1,-1,-1,-1
506,2.0,342.4,377.8,58.0,155.9,-1,-1,-1,-1
507,45.0,405.4,407.9,72.0,178.0,-1,-1,-1,-1
507,43.0,257.6,361.1,55.8,180.2,-1,-1,-1,-1
507,37.0,874.8,368.5,53.1,159.8,-1,-1,-1,-1
507,32.0,383.2,435.1,73.8,163.8,-1,-1,-1,-1
507,30.0,567.9,376.9,63.9,168.5,-1,-1,-1,-1
507,21.0,904.0,406.6,69.8,157.7,-1,-1,-1,-1
507,13.0,499.5,356.8,56.7,162.9,-1,-1,-1,-1
507,12.0,739.3,364.5,57.6,154.4,-1,-1,-1,-1
507,11.0,848.2,444.8,80.5,179.8,-1,-1,-1,-1
507,4.0,815.4,411.5,61.2,213.1,-1,-1,-1,-1
507,3.0,594.4,382.5,68.4,162.0,-1,-1,-1,-1
507,2.0,339.5,378.0,60.8,156.6,-1,-1,-1,-1
508,45.0,410.8,430.6,66.1,155.7,-1,-1,-1,-1
508,43.0,259.9,368.1,52.6,172.3,-1,-1,-1,-1
508,37.0,876.6,366.7,54.0,185.4,-1,-1,-1,-1
508,32.0,386.3,443.0,71.5,155.9,-1,-1,-1,-1
508,30.0,575.5,384.3,54.9,161.1,-1,-1,-1,-1
508,21.0,899.5,408.6,74.2,155.7,-1,-1,-1,-1
508,13.0,497.2,354.4,57.6,164.0,-1,-1,-1,-1
508,12.0,738.0,364.5,58.5,154.4,-1,-1,-1,-1
508,11.0,854.1,434.2,61.2,189.9,-1,-1,-1,-1
508,4.0,819.4,420.7,55.8,204.3,-1,-1,-1,-1
508,3.0,586.8,387.2,77.4,157.7,-1,-1,-1,-1
508,2.0,337.7,377.3,61.2,157.7,-1,-1,-1,-1
509,45.0,417.8,431.5,57.4,160.2,-1,-1,-1,-1
509,43.0,257.8,377.5,52.2,161.5,-1,-1,-1,-1
509,37.0,877.0,366.5,52.6,173.5,-1,-1,-1,-1
509,35.0,217.9,374.8,77.3,181.8,-1,-1,-1,-1
509,32.0,384.5,448.6,78.1,150.3,-1,-1,-1,-1
509,30.0,576.4,391.3,53.1,153.2,-1,-1,-1,-1
509,21.0,906.3,411.3,66.6,153.0,-1,-1,-1,-1
509,13.0,494.1,350.3,63.9,163.1,-1,-1,-1,-1
509,12.0,735.3,363.8,57.6,154.6,-1,-1,-1,-1
509,11.0,865.8,465.7,59.4,158.4,-1,-1,-1,-1
509,4.0,818.1,463.0,72.9,161.1,-1,-1,-1,-1
509,3.0,597.1,396.4,67.5,148.5,-1,-1,-1,-1
509,2.0,335.5,374.8,63.0,160.2,-1,-1,-1,-1
510,45.0,404.5,432.4,70.2,161.1,-1,-1,-1,-1
510,37.0,878.4,366.3,49.5,167.0,-1,-1,-1,-1
510,35.0,218.0,384.3,81.0,174.6,-1,-1,-1,-1
510,32.0,384.1,448.6,83.5,150.3,-1,-1,-1,-1
510,30.0,576.4,391.3,55.8,153.7,-1,-1,-1,-1
510,21.0,910.8,410.2,63.0,154.1,-1,-1,-1,-1
510,13.0,494.1,349.0,62.1,163.6,-1,-1,-1,-1
510,12.0,734.8,363.6,54.9,153.9,-1,-1,-1,-1
510,11.0,858.6,468.9,62.1,154.8,-1,-1,-1,-1
510,4.0,817.2,466.2,69.3,157.5,-1,-1,-1,-1
510,3.0,601.2,398.2,63.9,146.7,-1,-1,-1,-1
510,2.0,334.3,373.0,63.9,161.5,-1,-1,-1,-1
511,45.0,414.7,431.5,60.5,166.5,-1,-1,-1,-1
511,37.0,878.4,365.4,54.0,167.9,-1,-1,-1,-1
511,35.0,216.3,387.7,75.9,173.9,-1,-1,-1,-1
511,33.0,887.8,406.8,60.8,153.0,-1,-1,-1,-1
511,32.0,383.8,441.4,72.0,157.5,-1,-1,-1,-1
511,30.0,576.0,391.0,54.9,153.9,-1,-1,-1,-1
511,21.0,922.5,401.8,50.4,162.0,-1,-1,-1,-1
511,13.0,491.8,345.8,61.2,164.0,-1,-1,-1,-1
511,12.0,733.0,362.0,56.7,153.7,-1,-1,-1,-1
511,11.0,862.2,473.4,59.4,150.3,-1,-1,-1,-1
511,10.0,210.8,382.5,65.7,172.8,-1,-1,-1,-1
511,4.0,816.3,468.0,76.5,155.7,-1,-1,-1,-1
511,3.0,603.9,399.6,57.6,144.9,-1,-1,-1,-1
511,2.0,331.9,370.1,62.6,160.0,-1,-1,-1,-1
512,45.0,413.1,427.5,62.1,170.1,-1,-1,-1,-1
512,37.0,877.9,364.9,65.2,168.7,-1,-1,-1,-1
512,35.0,215.2,391.9,77.3,170.1,-1,-1,-1,-1
512,33.0,890.1,405.7,58.5,153.7,-1,-1,-1,-1
512,32.0,380.9,436.5,67.5,162.0,-1,-1,-1,-1
512,30.0,576.0,389.5,54.0,155.0,-1,-1,-1,-1
512,21.0,923.4,397.1,50.4,163.1,-1,-1,-1,-1
512,13.0,490.9,345.1,62.1,164.7,-1,-1,-1,-1
512,12.0,732.1,361.3,56.7,153.0,-1,-1,-1,-1
512,11.0,860.8,472.5,60.3,151.2,-1,-1,-1,-1
512,10.0,200.8,385.9,73.7,167.6,-1,-1,-1,-1
512,4.0,816.7,466.2,72.9,157.5,-1,-1,-1,-1
512,3.0,611.1,398.2,49.5,146.7,-1,-1,-1,-1
512,2.0,331.2,367.9,62.5,159.5,-1,-1,-1,-1
513,45.0,414.9,422.8,60.3,173.9,-1,-1,-1,-1
513,37.0,876.6,364.5,57.6,177.3,-1,-1,-1,-1
513,35.0,186.6,405.9,108.3,155.7,-1,-1,-1,-1
513,33.0,893.2,400.5,61.7,157.5,-1,-1,-1,-1
513,32.0,387.7,423.9,62.5,171.9,-1,-1,-1,-1
513,30.0,576.0,385.2,50.4,159.3,-1,-1,-1,-1
513,21.0,931.5,389.5,45.0,165.8,-1,-1,-1,-1
513,13.0,487.8,345.1,65.7,165.1,-1,-1,-1,-1
513,12.0,729.4,359.1,57.6,153.0,-1,-1,-1,-1
513,11.0,856.3,465.3,63.9,158.4,-1,-1,-1,-1
513,10.0,210.1,390.4,67.0,163.6,-1,-1,-1,-1
513,4.0,817.6,461.7,55.8,162.0,-1,-1,-1,-1
513,3.0,612.9,394.4,45.9,149.6,-1,-1,-1,-1
513,2.0,328.5,363.8,62.1,161.8,-1,-1,-1,-1
514,45.0,418.3,418.0,56.9,179.1,-1,-1,-1,-1
514,37.0,876.6,363.4,58.5,182.9,-1,-1,-1,-1
514,35.0,184.6,408.4,110.8,153.7,-1,-1,-1,-1
514,33.0,891.4,398.7,56.2,159.3,-1,-1,-1,-1
514,32.0,387.7,418.9,57.1,173.7,-1,-1,-1,-1
514,30.0,576.0,383.4,52.2,161.1,-1,-1,-1,-1
514,21.0,922.5,386.5,64.8,169.2,-1,-1,-1,-1
514,13.0,487.8,345.6,65.7,164.7,-1,-1,-1,-1
514,12.0,728.1,358.2,59.4,153.0,-1,-1,-1,-1
514,11.0,859.0,459.0,59.4,164.7,-1,-1,-1,-1
514,10.0,212.3,390.6,63.1,162.0,-1,-1,-1,-1
514,4.0,818.5,458.1,56.7,165.6,-1,-1,-1,-1
514,3.0,616.5,393.7,43.2,150.3,-1,-1,-1,-1
514,2.0,327.4,362.7,59.9,161.6,-1,-1,-1,-1
515,45.0,415.3,409.9,71.5,187.2,-1,-1,-1,-1
515,37.0,875.7,362.5,58.5,191.0,-1,-1,-1,-1
515,35.0,178.2,402.1,120.6,158.6,-1,-1,-1,-1
515,33.0,896.4,390.4,64.8,150.5,-1,-1,-1,-1
515,32.0,384.3,410.8,63.0,177.3,-1,-1,-1,-1
515,30.0,575.1,382.5,44.1,162.0,-1,-1,-1,-1
515,21.0,927.0,385.4,77.4,166.3,-1,-1,-1,-1
515,13.0,486.0,346.7,67.5,163.6,-1,-1,-1,-1
515,12.0,725.4,356.2,62.1,153.7,-1,-1,-1,-1
515,11.0,861.7,445.9,56.7,173.7,-1,-1,-1,-1
515,10.0,203.6,387.4,63.9,167.4,-1,-1,-1,-1
515,4.0,819.4,447.7,54.0,175.5,-1,-1,-1,-1
515,3.0,616.5,386.3,43.2,157.7,-1,-1,-1,-1
515,2.0,327.1,359.3,61.2,164.0,-1,-1,-1,-1
516,45.0,413.1,407.5,81.0,189.2,-1,-1,-1,-1
516,37.0,875.7,361.6,60.3,183.4,-1,-1,-1,-1
516,32.0,377.5,409.9,70.2,175.5,-1,-1,-1,-1
516,30.0,574.6,382.5,45.9,162.0,-1,-1,-1,-1
516,21.0,927.9,385.9,82.8,164.9,-1,-1,-1,-1
516,13.0,484.6,346.9,68.4,163.4,-1,-1,-1,-1
516,12.0,724.0,355.7,63.0,153.7,-1,-1,-1,-1
516,11.0,859.5,440.5,59.4,176.4,-1,-1,-1,-1
516,10.0,187.3,384.5,82.7,172.6,-1,-1,-1,-1
516,4.0,820.3,443.0,55.8,178.4,-1,-1,-1,-1
516,3.0,618.3,382.7,41.4,161.8,-1,-1,-1,-1
516,2.0,326.9,359.5,59.9,164.2,-1,-1,-1,-1
517,46.0,597.6,361.3,42.3,148.5,-1,-1,-1,-1
517,45.0,416.5,411.3,83.9,185.4,-1,-1,-1,-1
517,43.0,226.8,385.2,82.4,167.4,-1,-1,-1,-1
517,37.0,874.3,359.1,57.1,182.2,-1,-1,-1,-1
517,32.0,363.4,409.0,81.0,171.9,-1,-1,-1,-1
517,30.0,566.1,383.4,49.5,161.1,-1,-1,-1,-1
517,21.0,932.4,391.5,86.4,161.1,-1,-1,-1,-1
517,13.0,485.1,346.3,66.6,164.0,-1,-1,-1,-1
517,12.0,720.9,355.3,65.7,153.2,-1,-1,-1,-1
517,11.0,869.8,433.1,48.6,177.1,-1,-1,-1,-1
517,4.0,819.4,434.2,55.8,180.9,-1,-1,-1,-1
517,3.0,620.5,380.5,43.2,163.6,-1,-1,-1,-1
517,2.0,326.5,360.9,58.1,162.4,-1,-1,-1,-1
518,46.0,595.3,361.1,46.8,154.6,-1,-1,-1,-1
518,45.0,416.7,421.0,84.6,174.8,-1,-1,-1,-1
518,43.0,244.8,387.0,69.3,165.6,-1,-1,-1,-1
518,37.0,873.9,357.5,57.6,172.1,-1,-1,-1,-1
518,32.0,356.4,409.9,90.9,171.0,-1,-1,-1,-1
518,30.0,565.6,384.3,51.3,160.2,-1,-1,-1,-1
518,21.0,935.1,395.1,84.6,157.5,-1,-1,-1,-1
518,13.0,485.5,345.1,62.1,165.1,-1,-1,-1,-1
518,12.0,720.9,355.3,65.7,153.2,-1,-1,-1,-1
518,11.0,867.6,428.2,55.8,179.3,-1,-1,-1,-1
518,4.0,818.5,432.0,51.3,182.7,-1,-1,-1,-1
518,3.0,622.8,378.7,43.2,164.9,-1,-1,-1,-1
518,2.0,326.0,362.2,58.9,161.6,-1,-1,-1,-1
519,46.0,595.3,363.4,45.9,163.6,-1,-1,-1,-1
519,45.0,415.8,425.0,86.4,170.8,-1,-1,-1,-1
519,43.0,261.0,383.8,62.1,171.0,-1,-1,-1,-1
519,37.0,870.3,355.9,61.2,175.9,-1,-1,-1,-1
519,35.0,210.6,381.1,95.8,173.7,-1,-1,-1,-1
519,33.0,918.0,408.1,59.4,154.8,-1,-1,-1,-1
519,32.0,349.4,413.3,96.8,169.0,-1,-1,-1,-1
519,30.0,565.2,387.7,48.6,157.7,-1,-1,-1,-1
519,21.0,928.8,401.2,91.8,152.3,-1,-1,-1,-1
519,13.0,486.4,342.9,61.2,161.1,-1,-1,-1,-1
519,12.0,720.4,355.0,66.6,152.5,-1,-1,-1,-1
519,11.0,859.9,423.7,68.0,176.2,-1,-1,-1,-1
519,4.0,816.7,428.8,70.2,185.4,-1,-1,-1,-1
519,3.0,622.8,384.5,47.7,160.0,-1,-1,-1,-1
519,2.0,326.2,364.0,58.1,159.8,-1,-1,-1,-1
520,46.0,595.8,364.9,42.3,167.9,-1,-1,-1,-1
520,45.0,415.1,429.3,87.1,166.5,-1,-1,-1,-1
520,43.0,231.3,370.1,79.6,160.9,-1,-1,-1,-1
520,37.0,864.4,355.0,67.0,185.0,-1,-1,-1,-1
520,35.0,208.9,377.3,104.7,178.0,-1,-1,-1,-1
520,33.0,909.9,425.7,64.8,136.8,-1,-1,-1,-1
520,32.0,349.2,417.1,89.1,165.6,-1,-1,-1,-1
520,30.0,564.8,387.4,45.0,158.4,-1,-1,-1,-1
520,21.0,930.6,402.1,90.0,151.4,-1,-1,-1,-1
520,13.0,486.9,340.9,60.3,162.7,-1,-1,-1,-1
520,12.0,720.0,355.0,66.6,151.6,-1,-1,-1,-1
520,11.0,862.2,422.3,67.5,175.3,-1,-1,-1,-1
520,4.0,812.7,428.8,71.1,184.5,-1,-1,-1,-1
520,3.0,621.0,383.6,51.3,160.9,-1,-1,-1,-1
520,2.0,328.0,364.0,55.8,159.8,-1,-1,-1,-1
521,46.0,596.2,374.2,44.1,169.0,-1,-1,-1,-1
521,45.0,404.1,430.6,98.1,165.6,-1,-1,-1,-1
521,43.0,241.0,371.0,57.2,167.6,-1,-1,-1,-1
521,37.0,862.6,355.0,69.8,164.2,-1,-1,-1,-1
521,33.0,931.5,417.8,52.2,144.2,-1,-1,-1,-1
521,32.0,348.3,423.4,90.9,163.8,-1,-1,-1,-1
521,30.0,565.6,391.7,46.8,153.7,-1,-1,-1,-1
521,21.0,920.2,399.1,100.4,155.7,-1,-1,-1,-1
521,13.0,487.3,336.8,59.4,163.6,-1,-1,-1,-1
521,12.0,720.4,355.5,62.1,151.6,-1,-1,-1,-1
521,11.0,869.8,423.4,66.1,175.5,-1,-1,-1,-1
521,4.0,810.4,433.1,66.6,181.6,-1,-1,-1,-1
521,3.0,621.4,391.3,54.0,152.3,-1,-1,-1,-1
521,2.0,323.8,362.7,59.4,157.9,-1,-1,-1,-1
522,46.0,595.8,383.4,42.3,161.1,-1,-1,-1,-1
522,45.0,398.7,430.4,101.2,166.3,-1,-1,-1,-1
522,43.0,246.1,373.5,51.3,163.8,-1,-1,-1,-1
522,37.0,862.2,354.8,71.1,170.8,-1,-1,-1,-1
522,33.0,934.2,420.7,54.0,140.4,-1,-1,-1,-1
522,32.0,348.3,424.6,97.6,162.7,-1,-1,-1,-1
522,30.0,565.6,391.5,45.0,153.9,-1,-1,-1,-1
522,21.0,919.3,403.0,97.6,152.8,-1,-1,-1,-1
522,13.0,487.3,335.2,59.4,162.0,-1,-1,-1,-1
522,12.0,720.4,355.0,60.3,151.2,-1,-1,-1,-1
522,11.0,870.7,424.1,67.0,173.9,-1,-1,-1,-1
522,4.0,810.0,435.6,65.7,179.1,-1,-1,-1,-1
522,3.0,621.0,394.6,55.8,150.3,-1,-1,-1,-1
522,2.0,327.4,360.0,55.8,160.6,-1,-1,-1,-1
523,49.0,284.2,400.3,103.0,155.9,-1,-1,-1,-1
523,47.0,849.1,444.6,68.4,162.0,-1,-1,-1,-1
523,46.0,597.6,388.3,44.1,155.7,-1,-1,-1,-1
523,45.0,392.2,428.2,95.6,168.5,-1,-1,-1,-1
523,43.0,251.1,384.1,46.3,169.4,-1,-1,-1,-1
523,37.0,859.5,356.6,82.8,163.6,-1,-1,-1,-1
523,33.0,937.8,417.6,68.4,144.0,-1,-1,-1,-1
523,32.0,351.4,427.9,103.0,161.1,-1,-1,-1,-1
523,30.0,565.6,393.5,46.8,152.3,-1,-1,-1,-1
523,13.0,487.8,333.9,58.5,162.9,-1,-1,-1,-1
523,12.0,720.9,353.0,57.6,151.4,-1,-1,-1,-1
523,11.0,867.6,427.3,77.4,170.8,-1,-1,-1,-1
523,10.0,207.8,383.4,57.0,174.6,-1,-1,-1,-1
523,4.0,810.0,441.2,59.4,173.5,-1,-1,-1,-1
523,3.0,624.6,404.5,60.3,143.1,-1,-1,-1,-1
523,2.0,326.7,357.3,50.9,161.1,-1,-1,-1,-1
524,49.0,289.8,403.2,109.4,153.0,-1,-1,-1,-1
524,47.0,850.5,446.8,67.5,159.3,-1,-1,-1,-1
524,46.0,596.7,387.0,44.1,157.5,-1,-1,-1,-1
524,45.0,393.5,430.0,88.9,165.8,-1,-1,-1,-1
524,43.0,252.0,389.2,46.3,170.1,-1,-1,-1,-1
524,37.0,863.1,357.3,77.4,156.1,-1,-1,-1,-1
524,33.0,936.9,416.0,61.2,145.6,-1,-1,-1,-1
524,32.0,356.8,425.9,122.4,164.0,-1,-1,-1,-1
524,30.0,566.5,393.5,48.6,152.8,-1,-1,-1,-1
524,13.0,487.8,333.9,57.6,162.4,-1,-1,-1,-1
524,12.0,720.4,351.7,56.7,152.3,-1,-1,-1,-1
524,11.0,853.6,427.7,95.8,177.1,-1,-1,-1,-1
524,10.0,206.4,383.8,58.4,174.6,-1,-1,-1,-1
524,4.0,809.5,442.3,62.1,171.9,-1,-1,-1,-1
524,3.0,626.8,406.3,63.9,143.1,-1,-1,-1,-1
524,2.0,323.5,358.4,52.6,155.9,-1,-1,-1,-1
525,49.0,304.0,401.6,104.0,154.6,-1,-1,-1,-1
525,47.0,850.5,444.6,49.5,159.3,-1,-1,-1,-1
525,46.0,598.5,380.5,52.2,164.0,-1,-1,-1,-1
525,43.0,254.9,405.4,50.9,153.9,-1,-1,-1,-1
525,40.0,898.6,429.1,76.0,138.4,-1,-1,-1,-1
525,37.0,865.8,356.4,77.4,153.4,-1,-1,-1,-1
525,35.0,181.6,389.7,58.9,152.1,-1,-1,-1,-1
525,33.0,939.6,415.8,68.4,133.2,-1,-1,-1,-1
525,32.0,386.5,426.8,80.5,169.0,-1,-1,-1,-1
525,30.0,569.7,391.7,57.6,154.1,-1,-1,-1,-1
525,13.0,487.8,335.0,56.7,160.9,-1,-1,-1,-1
525,12.0,720.4,349.6,55.8,151.2,-1,-1,-1,-1
525,11.0,868.0,429.1,84.1,168.5,-1,-1,-1,-1
525,10.0,206.3,383.6,58.5,175.3,-1,-1,-1,-1
525,4.0,810.0,440.5,79.2,171.9,-1,-1,-1,-1
525,3.0,631.8,405.9,65.7,145.8,-1,-1,-1,-1
525,2.0,319.9,353.5,57.6,161.8,-1,-1,-1,-1
526,49.0,304.6,399.1,104.4,160.2,-1,-1,-1,-1
526,46.0,599.8,376.6,49.5,167.9,-1,-1,-1,-1
526,43.0,255.8,405.9,49.5,153.0,-1,-1,-1,-1
526,40.0,900.0,425.9,75.6,155.0,-1,-1,-1,-1
526,37.0,871.2,355.0,68.4,138.6,-1,-1,-1,-1
526,35.0,181.0,391.5,49.0,148.5,-1,-1,-1,-1
526,33.0,937.8,415.3,75.6,135.9,-1,-1,-1,-1
526,32.0,391.0,425.7,72.4,168.3,-1,-1,-1,-1
526,30.0,568.8,389.5,61.2,156.8,-1,-1,-1,-1
526,13.0,487.3,335.7,57.6,160.2,-1,-1,-1,-1
526,12.0,720.4,348.7,54.9,151.2,-1,-1,-1,-1
526,11.0,853.2,428.6,98.1,171.2,-1,-1,-1,-1
526,10.0,206.5,383.6,56.2,175.3,-1,-1,-1,-1
526,4.0,810.4,440.5,50.4,172.8,-1,-1,-1,-1
526,3.0,633.1,406.6,64.8,146.0,-1,-1,-1,-1
526,2.0,319.7,352.1,56.2,160.0,-1,-1,-1,-1
527,49.0,319.5,397.1,106.2,160.0,-1,-1,-1,-1
527,46.0,605.2,377.8,47.7,163.6,-1,-1,-1,-1
527,43.0,253.6,407.5,53.1,151.4,-1,-1,-1,-1
527,37.0,885.1,351.7,56.2,172.1,-1,-1,-1,-1
527,35.0,179.8,399.6,47.7,144.0,-1,-1,-1,-1
527,33.0,942.3,415.8,73.8,140.4,-1,-1,-1,-1
527,32.0,381.6,427.0,81.0,170.1,-1,-1,-1,-1
527,30.0,564.8,384.7,56.7,162.0,-1,-1,-1,-1
527,13.0,487.3,336.1,57.6,159.3,-1,-1,-1,-1
527,12.0,718.6,347.8,56.7,150.8,-1,-1,-1,-1
527,11.0,869.8,427.5,69.8,164.7,-1,-1,-1,-1
527,10.0,206.5,383.8,55.4,174.6,-1,-1,-1,-1
527,4.0,811.8,441.9,46.8,174.6,-1,-1,-1,-1
527,3.0,637.2,404.1,59.4,149.4,-1,-1,-1,-1
527,2.0,317.9,351.7,53.5,155.9,-1,-1,-1,-1
528,49.0,332.8,396.0,93.1,162.0,-1,-1,-1,-1
528,46.0,607.0,379.1,48.6,162.7,-1,-1,-1,-1
528,43.0,252.0,406.1,56.3,152.3,-1,-1,-1,-1
528,37.0,889.6,350.8,51.8,167.6,-1,-1,-1,-1
528,35.0,175.4,404.3,51.3,142.0,-1,-1,-1,-1
528,33.0,938.7,415.3,77.4,140.4,-1,-1,-1,-1
528,32.0,370.3,427.9,92.2,171.9,-1,-1,-1,-1
528,30.0,562.5,384.5,59.4,161.8,-1,-1,-1,-1
528,13.0,487.3,336.1,58.5,159.3,-1,-1,-1,-1
528,12.0,717.3,347.4,58.5,151.2,-1,-1,-1,-1
528,11.0,869.8,422.8,68.8,167.6,-1,-1,-1,-1
528,10.0,206.3,383.8,55.8,174.6,-1,-1,-1,-1
528,4.0,810.4,444.6,47.7,171.9,-1,-1,-1,-1
528,3.0,635.8,400.3,58.5,153.7,-1,-1,-1,-1
528,2.0,317.0,355.5,58.0,144.9,-1,-1,-1,-1
529,49.0,361.3,394.4,62.6,163.6,-1,-1,-1,-1
529,47.0,852.3,440.1,71.1,159.3,-1,-1,-1,-1
529,46.0,607.5,385.6,54.0,160.2,-1,-1,-1,-1
529,45.0,416.7,416.9,63.4,165.4,-1,-1,-1,-1
529,43.0,253.3,404.3,55.8,154.6,-1,-1,-1,-1
529,37.0,884.2,348.3,59.9,167.8,-1,-1,-1,-1
529,35.0,167.2,410.8,52.4,137.7,-1,-1,-1,-1
529,33.0,956.7,414.0,57.6,141.3,-1,-1,-1,-1
529,32.0,358.6,432.9,100.8,170.1,-1,-1,-1,-1
529,30.0,556.6,383.8,65.7,162.0,-1,-1,-1,-1
529,21.0,944.1,429.7,68.4,158.4,-1,-1,-1,-1
529,13.0,487.3,335.0,59.4,159.5,-1,-1,-1,-1
529,12.0,715.5,347.4,60.3,151.2,-1,-1,-1,-1
529,10.0,206.4,385.2,56.1,172.8,-1,-1,-1,-1
529,4.0,806.8,449.5,54.0,170.1,-1,-1,-1,-1
529,3.0,641.7,392.2,47.7,161.8,-1,-1,-1,-1
529,2.0,314.8,353.7,57.1,155.7,-1,-1,-1,-1
530,49.0,368.3,393.3,57.6,166.5,-1,-1,-1,-1
530,47.0,852.3,439.6,76.5,159.3,-1,-1,-1,-1
530,46.0,607.0,388.3,60.3,158.4,-1,-1,-1,-1
530,45.0,400.9,422.5,87.8,166.5,-1,-1,-1,-1
530,43.0,258.1,403.0,51.8,155.9,-1,-1,-1,-1
530,37.0,890.1,345.1,54.9,167.9,-1,-1,-1,-1
530,35.0,165.3,412.4,53.5,139.7,-1,-1,-1,-1
530,33.0,961.2,413.8,54.0,141.5,-1,-1,-1,-1
530,32.0,356.2,433.3,101.2,173.7,-1,-1,-1,-1
530,30.0,554.4,383.8,63.0,164.7,-1,-1,-1,-1
530,21.0,951.3,431.5,61.2,157.5,-1,-1,-1,-1
530,13.0,487.3,334.3,60.3,158.9,-1,-1,-1,-1
530,12.0,712.3,347.2,62.1,151.4,-1,-1,-1,-1
530,10.0,207.0,389.2,57.2,170.1,-1,-1,-1,-1
530,4.0,805.9,449.1,56.7,172.8,-1,-1,-1,-1
530,3.0,641.7,390.6,47.7,163.8,-1,-1,-1,-1
530,2.0,313.0,355.0,61.2,154.3,-1,-1,-1,-1
531,50.0,849.1,384.7,51.3,140.4,-1,-1,-1,-1
531,49.0,381.1,395.1,53.5,136.8,-1,-1,-1,-1
531,47.0,852.7,443.5,90.5,155.0,-1,-1,-1,-1
531,46.0,607.5,399.1,69.3,147.6,-1,-1,-1,-1
531,45.0,427.9,430.9,72.9,153.7,-1,-1,-1,-1
531,43.0,256.0,402.1,52.6,155.9,-1,-1,-1,-1
531,37.0,890.5,341.5,57.1,167.8,-1,-1,-1,-1
531,35.0,159.5,413.5,48.6,145.8,-1,-1,-1,-1
531,33.0,971.1,412.6,45.0,142.2,-1,-1,-1,-1
531,32.0,353.9,432.9,93.1,175.5,-1,-1,-1,-1
531,30.0,551.2,385.0,67.5,168.5,-1,-1,-1,-1
531,21.0,960.3,431.3,57.6,157.7,-1,-1,-1,-1
531,13.0,486.4,331.2,63.0,156.6,-1,-1,-1,-1
531,12.0,710.5,347.4,56.7,149.8,-1,-1,-1,-1
531,10.0,207.1,390.8,62.0,171.2,-1,-1,-1,-1
531,4.0,806.4,448.0,58.5,174.8,-1,-1,-1,-1
531,3.0,637.2,389.5,52.2,165.8,-1,-1,-1,-1
531,2.0,311.4,355.9,58.0,152.1,-1,-1,-1,-1
532,50.0,842.8,385.2,54.9,133.2,-1,-1,-1,-1
532,49.0,389.2,396.0,51.8,155.7,-1,-1,-1,-1
532,47.0,852.7,444.8,95.0,154.1,-1,-1,-1,-1
532,46.0,607.0,417.4,78.3,128.9,-1,-1,-1,-1
532,45.0,432.9,432.0,69.3,153.0,-1,-1,-1,-1
532,43.0,256.7,401.6,51.8,155.9,-1,-1,-1,-1
532,37.0,890.5,341.1,59.8,168.3,-1,-1,-1,-1
532,35.0,157.2,414.0,48.4,145.8,-1,-1,-1,-1
532,33.0,970.2,409.3,48.6,146.0,-1,-1,-1,-1
532,32.0,353.7,432.2,86.0,176.2,-1,-1,-1,-1
532,30.0,549.4,388.6,70.2,167.2,-1,-1,-1,-1
532,21.0,960.3,429.7,61.2,162.0,-1,-1,-1,-1
532,13.0,486.4,330.1,63.0,156.8,-1,-1,-1,-1
532,12.0,706.9,347.4,56.7,149.8,-1,-1,-1,-1
532,10.0,207.4,392.6,66.1,171.2,-1,-1,-1,-1
532,4.0,805.5,447.5,61.2,176.2,-1,-1,-1,-1
532,3.0,636.3,389.9,53.1,169.9,-1,-1,-1,-1
532,2.0,310.7,357.1,56.2,149.6,-1,-1,-1,-1
533,50.0,828.4,385.2,47.7,144.4,-1,-1,-1,-1
533,49.0,399.1,399.4,61.2,158.6,-1,-1,-1,-1
533,48.0,388.8,432.4,49.0,158.4,-1,-1,-1,-1
533,47.0,854.5,447.7,94.0,152.1,-1,-1,-1,-1
533,46.0,610.2,406.1,80.1,139.3,-1,-1,-1,-1
533,45.0,436.0,430.0,69.3,155.0,-1,-1,-1,-1
533,43.0,259.6,402.1,49.5,155.9,-1,-1,-1,-1
533,37.0,891.0,343.1,63.0,165.8,-1,-1,-1,-1
533,35.0,150.8,412.0,50.6,148.7,-1,-1,-1,-1
533,32.0,351.9,428.2,64.8,180.2,-1,-1,-1,-1
533,30.0,547.2,396.7,81.0,162.7,-1,-1,-1,-1
533,21.0,965.7,428.4,63.0,172.8,-1,-1,-1,-1
533,13.0,485.5,327.6,62.1,155.7,-1,-1,-1,-1
533,12.0,706.0,346.0,53.1,150.3,-1,-1,-1,-1
533,11.0,865.8,414.7,62.1,164.9,-1,-1,-1,-1
533,10.0,207.7,395.8,68.4,172.1,-1,-1,-1,-1
533,4.0,807.7,445.5,61.2,178.2,-1,-1,-1,-1
533,3.0,638.1,392.6,52.2,173.5,-1,-1,-1,-1
533,2.0,309.4,355.9,52.2,150.8,-1,-1,-1,-1
534,50.0,791.1,383.8,72.9,145.8,-1,-1,-1,-1
534,49.0,405.7,399.1,53.5,156.6,-1,-1,-1,-1
534,48.0,389.5,432.9,51.3,156.6,-1,-1,-1,-1
534,47.0,855.0,449.1,92.7,151.2,-1,-1,-1,-1
534,46.0,609.8,398.0,80.1,147.8,-1,-1,-1,-1
534,45.0,437.8,427.7,67.5,157.7,-1,-1,-1,-1
534,43.0,259.2,401.2,50.0,155.9,-1,-1,-1,-1
534,37.0,891.9,343.8,66.6,180.9,-1,-1,-1,-1
534,35.0,148.3,410.4,52.0,151.2,-1,-1,-1,-1
534,32.0,344.5,426.1,59.9,182.7,-1,-1,-1,-1
534,30.0,547.6,400.0,86.4,160.2,-1,-1,-1,-1
534,21.0,969.3,430.6,61.2,174.6,-1,-1,-1,-1
534,13.0,483.7,326.7,60.3,156.6,-1,-1,-1,-1
534,12.0,704.7,345.1,53.1,150.3,-1,-1,-1,-1
534,11.0,868.0,413.8,60.7,163.6,-1,-1,-1,-1
534,10.0,208.8,396.4,68.4,173.7,-1,-1,-1,-1
534,4.0,808.6,445.0,60.3,178.2,-1,-1,-1,-1
534,3.0,635.8,397.1,56.7,172.6,-1,-1,-1,-1
534,2.0,309.1,353.9,50.8,150.5,-1,-1,-1,-1
535,50.0,790.6,383.4,63.0,147.1,-1,-1,-1,-1
535,49.0,408.8,402.3,61.4,158.4,-1,-1,-1,-1
535,48.0,386.1,433.8,55.8,154.8,-1,-1,-1,-1
535,47.0,865.8,449.1,83.7,149.4,-1,-1,-1,-1
535,45.0,439.0,421.0,68.6,164.9,-1,-1,-1,-1
535,43.0,261.4,402.3,48.1,155.7,-1,-1,-1,-1
535,37.0,893.2,345.6,69.8,172.8,-1,-1,-1,-1
535,35.0,144.0,409.3,53.3,152.8,-1,-1,-1,-1
535,32.0,327.1,426.4,60.8,184.7,-1,-1,-1,-1
535,30.0,552.1,399.8,94.5,163.1,-1,-1,-1,-1
535,21.0,973.8,433.8,61.2,178.2,-1,-1,-1,-1
535,13.0,482.8,326.0,59.4,159.1,-1,-1,-1,-1
535,12.0,703.3,342.9,52.2,148.9,-1,-1,-1,-1
535,11.0,869.8,410.2,57.1,171.2,-1,-1,-1,-1
535,10.0,212.6,395.8,71.1,176.2,-1,-1,-1,-1
535,4.0,809.1,442.3,60.3,180.9,-1,-1,-1,-1
535,3.0,612.4,407.0,81.9,167.2,-1,-1,-1,-1
535,2.0,308.0,350.8,50.4,147.4,-1,-1,-1,-1
536,50.0,790.6,383.4,49.5,147.6,-1,-1,-1,-1
536,49.0,409.7,402.7,62.3,156.6,-1,-1,-1,-1
536,48.0,383.6,434.0,59.0,154.6,-1,-1,-1,-1
536,47.0,874.3,448.2,80.5,147.6,-1,-1,-1,-1
536,45.0,439.2,417.1,68.4,168.3,-1,-1,-1,-1
536,43.0,261.9,402.5,45.9,155.0,-1,-1,-1,-1
536,37.0,893.2,345.6,68.9,170.5,-1,-1,-1,-1
536,35.0,142.9,409.0,52.9,153.9,-1,-1,-1,-1
536,33.0,978.3,403.0,45.0,155.0,-1,-1,-1,-1
536,32.0,318.1,427.7,68.4,187.0,-1,-1,-1,-1
536,30.0,559.8,399.4,89.1,164.9,-1,-1,-1,-1
536,21.0,976.5,436.9,61.2,175.5,-1,-1,-1,-1
536,13.0,481.5,326.0,61.2,158.6,-1,-1,-1,-1
536,12.0,702.9,341.3,52.2,148.7,-1,-1,-1,-1
536,11.0,871.2,409.9,56.7,171.9,-1,-1,-1,-1
536,10.0,216.2,395.3,67.5,176.2,-1,-1,-1,-1
536,4.0,809.5,442.3,58.5,181.8,-1,-1,-1,-1
536,3.0,627.3,409.0,67.5,170.1,-1,-1,-1,-1
536,2.0,306.9,349.6,53.1,148.5,-1,-1,-1,-1
537,50.0,792.0,372.8,33.3,157.7,-1,-1,-1,-1
537,48.0,383.2,432.7,58.9,153.2,-1,-1,-1,-1
537,47.0,899.5,447.1,67.1,146.9,-1,-1,-1,-1
537,45.0,431.1,405.7,75.6,181.1,-1,-1,-1,-1
537,43.0,256.7,397.8,47.7,160.2,-1,-1,-1,-1
537,37.0,895.5,345.4,66.6,160.9,-1,-1,-1,-1
537,35.0,139.2,411.3,52.6,157.5,-1,-1,-1,-1
537,33.0,981.0,402.5,39.6,153.2,-1,-1,-1,-1
537,32.0,300.1,432.9,81.4,186.3,-1,-1,-1,-1
537,30.0,574.6,395.3,74.7,169.0,-1,-1,-1,-1
537,21.0,982.8,437.8,63.0,174.6,-1,-1,-1,-1
537,13.0,483.7,327.1,54.0,157.0,-1,-1,-1,-1
537,12.0,703.3,340.2,50.4,148.5,-1,-1,-1,-1
537,11.0,871.6,409.9,59.0,170.1,-1,-1,-1,-1
537,10.0,227.5,393.5,68.4,178.0,-1,-1,-1,-1
537,4.0,808.6,443.7,60.3,185.4,-1,-1,-1,-1
537,3.0,619.2,412.4,79.2,173.9,-1,-1,-1,-1
537,2.0,305.1,349.6,55.4,144.9,-1,-1,-1,-1
538,50.0,782.1,371.7,36.0,158.9,-1,-1,-1,-1
538,48.0,383.4,430.0,58.9,152.3,-1,-1,-1,-1
538,47.0,923.4,445.9,48.6,148.5,-1,-1,-1,-1
538,45.0,437.8,406.1,67.5,184.3,-1,-1,-1,-1
538,43.0,250.4,395.8,53.1,164.9,-1,-1,-1,-1
538,37.0,897.3,344.0,63.0,160.9,-1,-1,-1,-1
538,35.0,138.3,412.6,52.4,158.4,-1,-1,-1,-1
538,33.0,981.0,402.3,39.6,153.9,-1,-1,-1,-1
538,32.0,289.6,439.4,91.4,181.6,-1,-1,-1,-1
538,30.0,584.5,394.9,68.4,169.4,-1,-1,-1,-1
538,21.0,984.6,435.1,61.2,178.2,-1,-1,-1,-1
538,13.0,484.6,328.5,53.1,156.1,-1,-1,-1,-1
538,12.0,702.4,340.0,51.3,148.7,-1,-1,-1,-1
538,11.0,871.6,409.5,58.0,171.9,-1,-1,-1,-1
538,10.0,234.4,391.5,64.8,180.0,-1,-1,-1,-1
538,4.0,809.1,445.9,58.5,184.5,-1,-1,-1,-1
538,3.0,616.9,413.5,77.4,176.4,-1,-1,-1,-1
538,2.0,305.3,349.4,53.5,148.3,-1,-1,-1,-1
539,50.0,743.8,371.7,73.8,158.9,-1,-1,-1,-1
539,48.0,383.6,422.5,57.6,153.9,-1,-1,-1,-1
539,47.0,925.2,439.4,66.6,155.0,-1,-1,-1,-1
539,46.0,659.7,396.4,81.9,149.4,-1,-1,-1,-1
539,45.0,445.7,404.5,58.3,190.8,-1,-1,-1,-1
539,37.0,899.5,342.4,58.1,159.8,-1,-1,-1,-1
539,35.0,136.9,416.2,51.5,160.2,-1,-1,-1,-1
539,33.0,975.6,401.4,46.8,147.6,-1,-1,-1,-1
539,32.0,285.3,442.8,91.8,181.8,-1,-1,-1,-1
539,30.0,611.1,392.8,51.3,171.9,-1,-1,-1,-1
539,21.0,985.5,431.8,55.8,186.1,-1,-1,-1,-1
539,13.0,486.4,331.9,52.2,152.8,-1,-1,-1,-1
539,12.0,702.0,340.2,51.3,148.0,-1,-1,-1,-1
539,11.0,871.6,408.6,55.3,172.8,-1,-1,-1,-1
539,10.0,241.2,389.2,60.3,182.7,-1,-1,-1,-1
539,4.0,810.4,448.9,57.6,184.3,-1,-1,-1,-1
539,3.0,629.1,414.7,65.7,176.2,-1,-1,-1,-1
539,2.0,302.6,349.0,55.3,148.7,-1,-1,-1,-1
540,50.0,734.4,374.4,84.6,156.1,-1,-1,-1,-1
540,48.0,384.7,418.9,55.4,156.6,-1,-1,-1,-1
540,47.0,926.1,436.9,73.8,156.6,-1,-1,-1,-1
540,46.0,668.2,396.9,84.6,148.5,-1,-1,-1,-1
540,45.0,446.4,403.0,57.6,193.7,-1,-1,-1,-1
540,37.0,900.4,341.1,57.2,159.3,-1,-1,-1,-1
540,35.0,135.1,416.2,52.7,161.1,-1,-1,-1,-1
540,32.0,283.3,441.4,90.0,184.5,-1,-1,-1,-1
540,30.0,613.8,392.4,56.7,171.9,-1,-1,-1,-1
540,21.0,985.5,431.5,57.6,185.4,-1,-1,-1,-1
540,13.0,487.8,333.2,51.3,151.0,-1,-1,-1,-1
540,12.0,701.5,340.0,52.2,150.5,-1,-1,-1,-1
540,11.0,871.6,408.4,55.3,173.5,-1,-1,-1,-1
540,10.0,242.1,391.0,62.1,183.6,-1,-1,-1,-1
540,4.0,812.2,450.2,56.7,188.8,-1,-1,-1,-1
540,3.0,629.1,414.4,64.8,175.5,-1,-1,-1,-1
540,2.0,304.4,349.6,54.0,149.4,-1,-1,-1,-1
541,50.0,711.4,382.9,105.3,147.6,-1,-1,-1,-1
541,48.0,389.2,414.9,48.6,158.4,-1,-1,-1,-1
541,47.0,936.0,432.0,88.2,158.4,-1,-1,-1,-1
541,46.0,670.0,397.1,90.0,150.5,-1,-1,-1,-1
541,45.0,449.3,430.2,61.9,174.6,-1,-1,-1,-1
541,37.0,900.4,338.8,56.2,157.5,-1,-1,-1,-1
541,35.0,132.8,418.0,52.9,160.2,-1,-1,-1,-1
541,32.0,282.8,441.7,77.4,184.7,-1,-1,-1,-1
541,30.0,614.7,394.2,68.4,170.1,-1,-1,-1,-1
541,21.0,987.3,434.7,57.6,188.1,-1,-1,-1,-1
541,13.0,489.6,333.4,48.6,155.2,-1,-1,-1,-1
541,12.0,701.1,340.2,51.3,168.3,-1,-1,-1,-1
541,11.0,872.1,409.0,56.7,171.9,-1,-1,-1,-1
541,10.0,246.8,392.8,64.8,185.4,-1,-1,-1,-1
541,4.0,813.6,453.8,55.8,188.8,-1,-1,-1,-1
541,3.0,628.6,413.8,63.9,178.4,-1,-1,-1,-1
541,2.0,301.0,349.2,57.1,149.9,-1,-1,-1,-1
542,50.0,707.8,382.7,106.2,147.8,-1,-1,-1,-1
542,48.0,391.3,414.4,46.3,156.6,-1,-1,-1,-1
542,47.0,945.9,440.3,81.0,147.4,-1,-1,-1,-1
542,46.0,675.4,396.9,84.6,150.3,-1,-1,-1,-1
542,45.0,450.7,434.5,61.0,172.1,-1,-1,-1,-1
542,37.0,901.3,337.5,54.4,156.6,-1,-1,-1,-1
542,35.0,132.3,417.6,53.1,161.1,-1,-1,-1,-1
542,32.0,278.5,441.2,73.8,185.2,-1,-1,-1,-1
542,30.0,615.6,395.1,78.3,169.2,-1,-1,-1,-1
542,21.0,987.3,438.5,57.6,189.2,-1,-1,-1,-1
542,13.0,490.0,332.8,48.6,155.9,-1,-1,-1,-1
542,12.0,703.8,340.2,51.3,158.4,-1,-1,-1,-1
542,11.0,872.5,409.5,57.1,171.9,-1,-1,-1,-1
542,10.0,248.8,395.1,67.1,181.8,-1,-1,-1,-1
542,4.0,814.5,454.5,54.9,188.1,-1,-1,-1,-1
542,3.0,631.3,414.4,62.1,181.8,-1,-1,-1,-1
542,2.0,300.8,348.7,57.1,150.8,-1,-1,-1,-1
543,50.0,698.8,380.9,105.3,153.2,-1,-1,-1,-1
543,49.0,466.2,402.5,75.6,171.2,-1,-1,-1,-1
543,48.0,393.3,416.7,43.6,153.9,-1,-1,-1,-1
543,46.0,699.3,387.0,66.6,158.4,-1,-1,-1,-1
543,45.0,452.7,435.6,57.6,175.5,-1,-1,-1,-1
543,37.0,900.9,336.6,55.8,153.5,-1,-1,-1,-1
543,35.0,130.9,416.2,54.0,162.0,-1,-1,-1,-1
543,32.0,279.0,437.8,62.5,189.0,-1,-1,-1,-1
543,30.0,618.3,399.1,86.4,164.7,-1,-1,-1,-1
543,21.0,978.3,450.9,68.4,179.1,-1,-1,-1,-1
543,13.0,489.6,330.3,52.2,162.4,-1,-1,-1,-1
543,12.0,703.8,339.1,49.5,164.9,-1,-1,-1,-1
543,11.0,873.4,408.8,62.5,172.6,-1,-1,-1,-1
543,10.0,253.8,399.6,62.5,174.6,-1,-1,-1,-1
543,4.0,815.4,453.8,54.9,188.8,-1,-1,-1,-1
543,3.0,628.6,419.4,63.0,185.4,-1,-1,-1,-1
543,2.0,302.8,349.0,55.4,154.6,-1,-1,-1,-1
544,49.0,470.2,404.8,72.0,173.5,-1,-1,-1,-1
544,48.0,393.5,419.2,42.3,151.4,-1,-1,-1,-1
544,46.0,702.9,391.9,94.5,152.1,-1,-1,-1,-1
544,45.0,454.3,436.0,56.5,177.3,-1,-1,-1,-1
544,37.0,901.8,335.9,54.0,152.8,-1,-1,-1,-1
544,35.0,130.7,416.0,54.2,163.1,-1,-1,-1,-1
544,32.0,280.3,436.9,55.8,189.9,-1,-1,-1,-1
544,30.0,622.8,400.0,82.8,167.4,-1,-1,-1,-1
544,21.0,987.3,453.8,59.4,178.0,-1,-1,-1,-1
544,13.0,488.7,328.5,54.0,169.2,-1,-1,-1,-1
544,12.0,702.9,337.9,49.5,173.2,-1,-1,-1,-1
544,11.0,873.0,409.9,65.7,171.9,-1,-1,-1,-1
544,10.0,255.6,401.2,60.7,171.2,-1,-1,-1,-1
544,4.0,816.7,452.7,54.0,189.9,-1,-1,-1,-1
544,3.0,621.9,422.1,71.1,185.4,-1,-1,-1,-1
544,2.0,302.4,348.3,55.8,155.7,-1,-1,-1,-1
545,49.0,475.6,409.0,69.3,175.5,-1,-1,-1,-1
545,48.0,394.6,420.3,40.5,150.3,-1,-1,-1,-1
545,46.0,732.1,389.7,39.6,155.7,-1,-1,-1,-1
545,45.0,454.0,435.1,56.7,179.1,-1,-1,-1,-1
545,37.0,899.1,335.9,57.6,151.9,-1,-1,-1,-1
545,35.0,129.4,417.4,54.7,167.2,-1,-1,-1,-1
545,33.0,987.3,398.9,63.0,175.3,-1,-1,-1,-1
545,32.0,264.1,437.4,63.4,190.8,-1,-1,-1,-1
545,30.0,639.4,400.0,72.9,172.8,-1,-1,-1,-1
545,21.0,991.8,457.9,55.8,182.5,-1,-1,-1,-1
545,13.0,489.1,326.7,54.9,166.5,-1,-1,-1,-1
545,12.0,702.0,335.7,49.5,152.1,-1,-1,-1,-1
545,11.0,873.0,410.6,70.2,173.9,-1,-1,-1,-1
545,10.0,259.6,400.9,57.6,177.3,-1,-1,-1,-1
545,4.0,818.1,451.6,53.1,190.6,-1,-1,-1,-1
545,3.0,619.2,425.9,72.9,186.1,-1,-1,-1,-1
545,2.0,305.3,348.7,53.1,156.1,-1,-1,-1,-1
546,49.0,476.1,413.1,68.4,171.9,-1,-1,-1,-1
546,48.0,395.3,420.1,40.5,146.9,-1,-1,-1,-1
546,46.0,734.8,389.2,43.2,155.7,-1,-1,-1,-1
546,45.0,454.7,434.5,57.4,179.3,-1,-1,-1,-1
546,37.0,899.1,336.4,57.6,150.5,-1,-1,-1,-1
546,35.0,128.8,421.2,55.1,165.6,-1,-1,-1,-1
546,33.0,987.3,398.0,54.0,163.6,-1,-1,-1,-1
546,32.0,251.8,439.6,73.3,191.7,-1,-1,-1,-1
546,30.0,650.7,400.5,61.2,171.9,-1,-1,-1,-1
546,21.0,992.7,458.8,57.6,184.3,-1,-1,-1,-1
546,13.0,489.1,325.3,57.6,162.0,-1,-1,-1,-1
546,12.0,701.1,334.6,50.4,153.7,-1,-1,-1,-1
546,11.0,873.0,410.4,71.1,174.6,-1,-1,-1,-1
546,10.0,257.8,401.4,65.2,177.3,-1,-1,-1,-1
546,4.0,819.0,451.1,53.1,191.0,-1,-1,-1,-1
546,3.0,616.5,425.7,76.5,186.3,-1,-1,-1,-1
546,2.0,302.8,351.2,55.4,153.7,-1,-1,-1,-1
547,50.0,681.7,372.8,62.1,162.7,-1,-1,-1,-1
547,49.0,482.8,412.6,62.1,171.9,-1,-1,-1,-1
547,48.0,398.0,416.2,38.7,144.9,-1,-1,-1,-1
547,46.0,738.4,387.4,65.7,157.5,-1,-1,-1,-1
547,45.0,452.9,430.9,56.0,182.9,-1,-1,-1,-1
547,37.0,901.3,336.1,57.1,151.2,-1,-1,-1,-1
547,35.0,127.8,424.8,56.2,168.3,-1,-1,-1,-1
547,33.0,990.0,398.7,41.4,153.9,-1,-1,-1,-1
547,32.0,240.1,441.7,83.7,193.7,-1,-1,-1,-1
547,30.0,655.6,398.7,58.5,174.6,-1,-1,-1,-1
547,21.0,993.6,460.6,57.6,182.9,-1,-1,-1,-1
547,13.0,487.3,324.2,63.0,160.0,-1,-1,-1,-1
547,12.0,701.1,334.3,48.6,144.0,-1,-1,-1,-1
547,11.0,873.0,412.2,72.0,173.7,-1,-1,-1,-1
547,10.0,256.9,397.6,70.2,190.6,-1,-1,-1,-1
547,4.0,820.3,451.3,52.2,190.8,-1,-1,-1,-1
547,3.0,607.5,424.8,84.6,187.2,-1,-1,-1,-1
547,2.0,301.9,351.2,56.7,153.7,-1,-1,-1,-1
548,50.0,681.7,373.5,56.7,158.9,-1,-1,-1,-1
548,49.0,486.4,406.6,58.5,178.0,-1,-1,-1,-1
548,48.0,399.4,415.8,38.2,145.8,-1,-1,-1,-1
548,47.0,1018.8,443.7,81.0,151.2,-1,-1,-1,-1
548,46.0,741.6,387.9,72.0,157.5,-1,-1,-1,-1
548,45.0,452.9,429.7,58.3,183.6,-1,-1,-1,-1
548,37.0,901.8,336.1,57.6,149.4,-1,-1,-1,-1
548,35.0,128.6,425.9,55.6,167.6,-1,-1,-1,-1
548,33.0,990.9,397.8,41.4,155.7,-1,-1,-1,-1
548,32.0,239.8,442.6,84.6,195.1,-1,-1,-1,-1
548,30.0,662.8,398.5,54.0,173.9,-1,-1,-1,-1
548,21.0,993.6,460.1,57.6,183.4,-1,-1,-1,-1
548,13.0,486.9,324.0,64.8,163.8,-1,-1,-1,-1
548,12.0,700.6,334.3,48.6,145.4,-1,-1,-1,-1
548,11.0,873.4,412.0,72.5,173.9,-1,-1,-1,-1
548,10.0,269.5,398.7,59.9,189.0,-1,-1,-1,-1
548,4.0,820.8,451.6,52.2,190.6,-1,-1,-1,-1
548,3.0,608.4,425.7,82.8,187.2,-1,-1,-1,-1
548,2.0,298.8,350.8,59.9,154.1,-1,-1,-1,-1
549,50.0,681.3,376.2,49.5,156.1,-1,-1,-1,-1
549,49.0,491.4,411.1,54.9,172.1,-1,-1,-1,-1
549,48.0,402.3,413.1,45.9,147.6,-1,-1,-1,-1
549,47.0,1035.9,443.7,66.6,152.1,-1,-1,-1,-1
549,46.0,745.6,390.6,79.2,154.8,-1,-1,-1,-1
549,45.0,452.9,430.0,56.9,184.7,-1,-1,-1,-1
549,37.0,900.0,336.4,61.2,153.2,-1,-1,-1,-1
549,35.0,131.8,427.9,52.2,165.6,-1,-1,-1,-1
549,33.0,991.8,397.8,43.2,161.1,-1,-1,-1,-1
549,32.0,236.5,444.6,82.3,196.2,-1,-1,-1,-1
549,30.0,666.0,399.6,57.6,178.2,-1,-1,-1,-1
549,21.0,993.6,457.9,59.4,184.7,-1,-1,-1,-1
549,13.0,486.0,324.0,66.6,163.4,-1,-1,-1,-1
549,12.0,697.5,334.6,50.4,147.8,-1,-1,-1,-1
549,11.0,873.9,411.3,73.8,174.6,-1,-1,-1,-1
549,10.0,268.0,397.6,65.7,188.3,-1,-1,-1,-1
549,4.0,822.1,452.2,51.3,189.9,-1,-1,-1,-1
549,3.0,618.8,424.8,72.0,189.9,-1,-1,-1,-1
549,2.0,297.7,349.9,58.9,153.2,-1,-1,-1,-1
550,49.0,491.4,409.9,55.8,173.7,-1,-1,-1,-1
550,48.0,404.1,412.6,48.6,147.6,-1,-1,-1,-1
550,47.0,1048.5,441.4,55.8,153.9,-1,-1,-1,-1
550,46.0,746.1,391.3,80.1,154.6,-1,-1,-1,-1
550,45.0,454.0,430.9,56.7,186.1,-1,-1,-1,-1
550,37.0,902.2,336.1,59.0,163.8,-1,-1,-1,-1
550,35.0,135.1,427.0,48.6,166.5,-1,-1,-1,-1
550,33.0,992.7,397.6,43.2,152.8,-1,-1,-1,-1
550,32.0,236.7,444.6,76.1,196.2,-1,-1,-1,-1
550,30.0,669.6,402.3,57.6,179.1,-1,-1,-1,-1
550,21.0,996.3,457.4,57.6,186.1,-1,-1,-1,-1
550,13.0,484.6,323.8,67.5,162.7,-1,-1,-1,-1
550,12.0,693.9,334.6,53.1,147.8,-1,-1,-1,-1
550,11.0,875.2,411.3,74.2,174.6,-1,-1,-1,-1
550,10.0,272.0,397.6,70.6,188.3,-1,-1,-1,-1
550,4.0,821.7,451.8,52.2,189.9,-1,-1,-1,-1
550,3.0,624.6,427.5,65.7,189.9,-1,-1,-1,-1
550,2.0,297.4,349.6,57.1,153.4,-1,-1,-1,-1
551,49.0,496.3,408.6,53.1,179.1,-1,-1,-1,-1
551,48.0,404.1,412.2,50.0,147.6,-1,-1,-1,-1
551,47.0,1055.7,439.4,59.4,156.8,-1,-1,-1,-1
551,46.0,748.3,392.2,79.2,152.3,-1,-1,-1,-1
551,45.0,450.4,437.2,63.0,186.1,-1,-1,-1,-1
551,37.0,907.6,335.2,54.5,158.4,-1,-1,-1,-1
551,35.0,138.8,425.2,44.3,168.3,-1,-1,-1,-1
551,33.0,993.6,396.7,43.2,163.6,-1,-1,-1,-1
551,32.0,237.1,446.4,62.1,195.3,-1,-1,-1,-1
551,30.0,676.8,407.0,56.7,177.1,-1,-1,-1,-1
551,21.0,999.9,454.5,54.0,188.1,-1,-1,-1,-1
551,13.0,484.2,323.5,64.8,164.7,-1,-1,-1,-1
551,12.0,694.3,335.7,51.3,151.2,-1,-1,-1,-1
551,11.0,884.7,411.5,67.5,173.9,-1,-1,-1,-1
551,10.0,277.9,398.7,81.9,189.9,-1,-1,-1,-1
551,4.0,821.2,451.3,52.2,189.9,-1,-1,-1,-1
551,3.0,630.0,434.2,59.4,191.7,-1,-1,-1,-1
551,2.0,294.1,347.4,60.3,155.7,-1,-1,-1,-1
552,49.0,498.6,411.5,52.2,178.0,-1,-1,-1,-1
552,48.0,403.6,411.7,49.5,147.6,-1,-1,-1,-1
552,47.0,1061.1,437.8,68.4,158.4,-1,-1,-1,-1
552,46.0,751.5,392.4,76.5,152.1,-1,-1,-1,-1
552,45.0,450.0,440.8,62.1,184.7,-1,-1,-1,-1
552,37.0,907.6,334.6,54.5,158.6,-1,-1,-1,-1
552,35.0,139.4,423.4,44.3,170.1,-1,-1,-1,-1
552,33.0,993.6,396.9,43.2,162.9,-1,-1,-1,-1
552,32.0,236.2,445.0,57.2,197.1,-1,-1,-1,-1
552,30.0,679.9,407.9,56.7,176.2,-1,-1,-1,-1
552,21.0,999.9,454.5,54.0,188.1,-1,-1,-1,-1
552,13.0,484.2,323.8,63.0,165.8,-1,-1,-1,-1
552,12.0,693.4,336.1,51.3,155.7,-1,-1,-1,-1
552,11.0,885.6,410.8,68.4,174.6,-1,-1,-1,-1
552,10.0,277.2,399.8,86.9,190.6,-1,-1,-1,-1
552,4.0,820.8,451.8,52.2,189.0,-1,-1,-1,-1
552,3.0,630.4,437.6,57.6,191.0,-1,-1,-1,-1
552,2.0,292.5,346.5,63.9,152.6,-1,-1,-1,-1
553,50.0,653.4,387.4,48.6,145.8,-1,-1,-1,-1
553,49.0,501.3,412.9,52.2,178.4,-1,-1,-1,-1
553,48.0,402.3,412.2,51.8,147.6,-1,-1,-1,-1
553,47.0,1068.3,436.0,73.8,159.3,-1,-1,-1,-1
553,46.0,767.7,391.5,63.0,151.2,-1,-1,-1,-1
553,45.0,448.6,445.0,65.7,184.5,-1,-1,-1,-1
553,37.0,909.0,329.8,54.0,159.8,-1,-1,-1,-1
553,35.0,139.6,423.4,44.8,170.1,-1,-1,-1,-1
553,33.0,993.6,397.3,43.2,160.2,-1,-1,-1,-1
553,32.0,232.4,445.0,59.4,197.1,-1,-1,-1,-1
553,30.0,684.9,408.6,57.6,175.5,-1,-1,-1,-1
553,21.0,1000.8,454.9,54.0,187.2,-1,-1,-1,-1
553,13.0,483.3,323.8,60.3,165.8,-1,-1,-1,-1
553,12.0,692.5,336.8,50.4,153.7,-1,-1,-1,-1
553,11.0,889.2,409.5,68.4,176.4,-1,-1,-1,-1
553,10.0,287.3,402.7,80.5,188.1,-1,-1,-1,-1
553,4.0,819.9,452.5,53.1,188.3,-1,-1,-1,-1
553,3.0,628.6,443.7,54.9,189.0,-1,-1,-1,-1
553,2.0,290.5,344.9,53.1,160.9,-1,-1,-1,-1
554,50.0,651.6,386.1,53.1,148.5,-1,-1,-1,-1
554,49.0,502.2,411.3,52.2,180.9,-1,-1,-1,-1
554,48.0,404.1,411.7,52.2,146.7,-1,-1,-1,-1
554,47.0,1071.9,434.9,73.8,160.9,-1,-1,-1,-1
554,46.0,775.8,391.0,54.9,152.1,-1,-1,-1,-1
554,45.0,447.7,445.3,65.7,186.1,-1,-1,-1,-1
554,37.0,908.5,330.1,54.5,157.7,-1,-1,-1,-1
554,35.0,139.7,423.9,44.6,170.1,-1,-1,-1,-1
554,33.0,994.5,397.3,43.2,157.5,-1,-1,-1,-1
554,32.0,229.2,445.5,53.4,198.9,-1,-1,-1,-1
554,30.0,686.2,411.3,58.5,172.8,-1,-1,-1,-1
554,21.0,1000.8,455.2,54.0,186.5,-1,-1,-1,-1
554,13.0,483.7,324.0,59.4,160.2,-1,-1,-1,-1
554,12.0,692.1,336.6,49.5,148.0,-1,-1,-1,-1
554,11.0,890.5,408.6,67.0,177.3,-1,-1,-1,-1
554,10.0,291.1,403.2,76.9,188.1,-1,-1,-1,-1
554,4.0,820.3,453.1,53.1,188.1,-1,-1,-1,-1
554,3.0,628.2,445.9,54.0,187.2,-1,-1,-1,-1
554,2.0,289.8,344.7,51.8,157.0,-1,-1,-1,-1
555,50.0,646.2,384.7,58.5,148.5,-1,-1,-1,-1
555,49.0,505.8,409.3,51.3,182.9,-1,-1,-1,-1
555,48.0,420.1,411.7,37.4,145.8,-1,-1,-1,-1
555,47.0,1078.2,436.0,72.0,159.3,-1,-1,-1,-1
555,46.0,783.0,389.9,51.3,153.7,-1,-1,-1,-1
555,45.0,438.1,445.5,73.1,187.2,-1,-1,-1,-1
555,43.0,249.3,398.0,40.5,155.9,-1,-1,-1,-1
555,37.0,909.4,329.4,55.3,158.8,-1,-1,-1,-1
555,35.0,139.6,426.6,45.7,166.5,-1,-1,-1,-1
555,33.0,994.5,396.9,43.2,156.6,-1,-1,-1,-1
555,32.0,218.5,447.3,59.8,199.8,-1,-1,-1,-1
555,30.0,690.3,407.5,61.2,176.2,-1,-1,-1,-1
555,21.0,1001.7,457.0,54.0,184.7,-1,-1,-1,-1
555,13.0,483.7,324.0,56.7,159.3,-1,-1,-1,-1
555,12.0,690.7,336.1,50.4,148.9,-1,-1,-1,-1
555,11.0,894.1,407.9,65.2,178.0,-1,-1,-1,-1
555,10.0,296.5,404.1,71.5,187.2,-1,-1,-1,-1
555,4.0,820.3,453.1,54.0,188.1,-1,-1,-1,-1
555,3.0,625.9,446.8,57.6,187.2,-1,-1,-1,-1
555,2.0,286.6,342.7,51.8,152.3,-1,-1,-1,-1
556,50.0,640.8,385.0,54.9,154.6,-1,-1,-1,-1
556,49.0,507.1,406.3,52.2,185.4,-1,-1,-1,-1
556,48.0,423.2,409.9,34.2,146.7,-1,-1,-1,-1
556,47.0,1080.0,437.4,70.2,158.4,-1,-1,-1,-1
556,46.0,786.6,388.1,44.1,154.1,-1,-1,-1,-1
556,45.0,439.2,444.6,70.2,188.1,-1,-1,-1,-1
556,43.0,247.5,397.3,41.4,158.4,-1,-1,-1,-1
556,37.0,909.4,328.9,55.3,158.9,-1,-1,-1,-1
556,35.0,140.2,427.5,45.4,165.6,-1,-1,-1,-1
556,33.0,994.5,397.3,43.2,156.6,-1,-1,-1,-1
556,32.0,216.2,449.5,62.1,199.8,-1,-1,-1,-1
556,30.0,694.3,409.0,62.1,175.5,-1,-1,-1,-1
556,21.0,1001.7,457.0,54.0,184.7,-1,-1,-1,-1
556,13.0,483.7,324.0,56.7,159.3,-1,-1,-1,-1
556,12.0,690.3,335.7,49.5,149.4,-1,-1,-1,-1
556,11.0,895.5,408.6,63.0,177.3,-1,-1,-1,-1
556,10.0,300.1,403.4,68.4,188.8,-1,-1,-1,-1
556,4.0,821.7,452.0,53.1,189.2,-1,-1,-1,-1
556,3.0,624.6,445.9,62.1,188.1,-1,-1,-1,-1
556,2.0,284.8,341.3,53.1,155.5,-1,-1,-1,-1
557,50.0,635.4,383.8,49.5,164.7,-1,-1,-1,-1
557,49.0,508.5,406.3,54.0,185.4,-1,-1,-1,-1
557,48.0,425.0,407.2,42.5,148.5,-1,-1,-1,-1
557,47.0,1086.3,438.3,70.2,156.6,-1,-1,-1,-1
557,46.0,791.1,387.9,44.1,156.6,-1,-1,-1,-1
557,45.0,434.9,445.5,67.7,187.2,-1,-1,-1,-1
557,43.0,249.5,398.9,38.7,155.0,-1,-1,-1,-1
557,37.0,909.0,328.5,55.8,162.0,-1,-1,-1,-1
557,35.0,142.5,427.5,43.0,165.6,-1,-1,-1,-1
557,33.0,995.4,397.1,43.2,160.9,-1,-1,-1,-1
557,32.0,214.6,454.0,56.2,198.0,-1,-1,-1,-1
557,30.0,699.3,410.8,60.3,180.9,-1,-1,-1,-1
557,21.0,1002.6,457.6,52.2,184.5,-1,-1,-1,-1
557,13.0,483.7,324.2,55.8,158.6,-1,-1,-1,-1
557,12.0,690.3,334.8,49.5,152.5,-1,-1,-1,-1
557,11.0,899.1,410.8,57.6,175.5,-1,-1,-1,-1
557,10.0,304.0,401.4,64.4,189.9,-1,-1,-1,-1
557,4.0,822.1,450.4,53.1,189.9,-1,-1,-1,-1
557,3.0,624.1,439.6,59.4,194.4,-1,-1,-1,-1
557,2.0,278.1,338.8,58.1,150.3,-1,-1,-1,-1
558,50.0,632.7,383.6,49.5,169.0,-1,-1,-1,-1
558,49.0,509.4,406.8,53.1,184.5,-1,-1,-1,-1
558,48.0,426.1,407.2,44.1,148.5,-1,-1,-1,-1
558,47.0,1089.9,436.7,66.6,157.7,-1,-1,-1,-1
558,46.0,792.9,387.4,43.2,157.5,-1,-1,-1,-1
558,45.0,436.9,446.6,63.0,187.0,-1,-1,-1,-1
558,43.0,254.2,398.7,33.3,155.7,-1,-1,-1,-1
558,37.0,908.1,328.5,55.8,160.2,-1,-1,-1,-1
558,35.0,144.1,427.5,41.2,165.6,-1,-1,-1,-1
558,33.0,995.4,396.9,43.2,159.3,-1,-1,-1,-1
558,32.0,214.5,455.4,53.9,197.1,-1,-1,-1,-1
558,30.0,702.4,410.4,58.5,182.7,-1,-1,-1,-1
558,21.0,1002.6,457.9,52.2,184.3,-1,-1,-1,-1
558,13.0,482.8,324.2,56.7,157.7,-1,-1,-1,-1
558,12.0,690.3,334.3,49.5,152.1,-1,-1,-1,-1
558,11.0,900.0,411.3,55.8,175.5,-1,-1,-1,-1
558,10.0,301.5,401.4,66.6,190.8,-1,-1,-1,-1
558,4.0,822.6,450.9,53.1,189.9,-1,-1,-1,-1
558,3.0,623.2,433.3,60.3,201.6,-1,-1,-1,-1
558,2.0,278.1,339.3,56.7,153.0,-1,-1,-1,-1
559,50.0,630.0,383.4,47.7,169.2,-1,-1,-1,-1
559,49.0,512.1,407.5,52.2,186.1,-1,-1,-1,-1
559,48.0,429.3,407.7,43.2,147.6,-1,-1,-1,-1
559,47.0,1098.0,436.0,57.6,158.4,-1,-1,-1,-1
559,46.0,794.7,388.8,44.1,155.7,-1,-1,-1,-1
559,45.0,437.8,450.0,57.6,189.9,-1,-1,-1,-1
559,43.0,254.0,400.3,33.8,153.7,-1,-1,-1,-1
559,37.0,907.2,328.9,57.6,161.5,-1,-1,-1,-1
559,35.0,146.0,427.5,39.4,165.6,-1,-1,-1,-1
559,33.0,996.3,397.3,41.4,154.8,-1,-1,-1,-1
559,32.0,213.3,456.7,51.8,195.3,-1,-1,-1,-1
559,30.0,706.5,412.2,55.8,181.8,-1,-1,-1,-1
559,21.0,1001.7,458.5,54.0,183.6,-1,-1,-1,-1
559,13.0,482.4,324.2,56.7,160.0,-1,-1,-1,-1
559,12.0,689.8,333.9,50.4,146.7,-1,-1,-1,-1
559,11.0,901.8,411.7,52.2,174.6,-1,-1,-1,-1
559,10.0,307.3,400.7,60.8,191.0,-1,-1,-1,-1
559,4.0,822.6,451.6,53.1,189.2,-1,-1,-1,-1
559,3.0,621.9,434.2,62.1,206.1,-1,-1,-1,-1
559,2.0,279.0,340.2,51.7,151.2,-1,-1,-1,-1
560,50.0,628.2,382.9,47.7,165.6,-1,-1,-1,-1
560,49.0,514.3,408.4,49.5,184.7,-1,-1,-1,-1
560,48.0,430.2,407.7,41.4,148.5,-1,-1,-1,-1
560,47.0,1101.6,436.3,50.4,157.7,-1,-1,-1,-1
560,46.0,796.0,388.8,43.2,155.7,-1,-1,-1,-1
560,45.0,433.3,451.8,61.2,189.9,-1,-1,-1,-1
560,43.0,256.0,399.8,31.5,154.6,-1,-1,-1,-1
560,37.0,906.7,330.3,58.0,160.2,-1,-1,-1,-1
560,35.0,146.4,427.5,38.9,165.6,-1,-1,-1,-1
560,33.0,997.2,397.3,41.4,154.8,-1,-1,-1,-1
560,32.0,212.3,456.5,51.0,196.0,-1,-1,-1,-1
560,30.0,710.1,411.7,52.2,181.8,-1,-1,-1,-1
560,21.0,1001.7,457.9,54.0,184.3,-1,-1,-1,-1
560,13.0,482.4,324.2,56.7,156.8,-1,-1,-1,-1
560,12.0,690.3,333.4,50.4,145.4,-1,-1,-1,-1
560,11.0,901.8,412.0,52.2,173.9,-1,-1,-1,-1
560,10.0,308.2,401.2,59.8,191.0,-1,-1,-1,-1
560,4.0,822.6,452.7,53.1,188.1,-1,-1,-1,-1
560,3.0,621.4,433.1,62.1,208.6,-1,-1,-1,-1
560,2.0,278.1,339.3,50.4,153.0,-1,-1,-1,-1
561,50.0,626.8,382.0,43.2,165.6,-1,-1,-1,-1
561,49.0,517.5,409.5,46.8,184.5,-1,-1,-1,-1
561,48.0,432.0,407.7,38.7,147.6,-1,-1,-1,-1
561,47.0,1104.3,435.6,46.8,158.4,-1,-1,-1,-1
561,46.0,799.2,388.1,40.5,154.6,-1,-1,-1,-1
561,45.0,436.7,453.8,56.9,192.4,-1,-1,-1,-1
561,43.0,256.7,398.5,30.6,155.0,-1,-1,-1,-1
561,37.0,904.9,330.5,59.0,156.4,-1,-1,-1,-1
561,35.0,145.8,427.0,38.9,166.5,-1,-1,-1,-1
561,33.0,997.2,397.8,41.4,152.1,-1,-1,-1,-1
561,32.0,208.3,452.7,51.3,199.8,-1,-1,-1,-1
561,30.0,712.3,407.5,49.5,186.1,-1,-1,-1,-1
561,21.0,1001.7,458.3,54.0,184.3,-1,-1,-1,-1
561,13.0,481.9,324.7,57.6,156.8,-1,-1,-1,-1
561,12.0,690.7,332.3,51.3,146.5,-1,-1,-1,-1
561,11.0,901.8,412.4,52.2,173.9,-1,-1,-1,-1
561,10.0,311.4,401.4,56.7,190.8,-1,-1,-1,-1
561,4.0,823.0,453.1,52.2,188.1,-1,-1,-1,-1
561,3.0,621.0,444.1,62.1,198.9,-1,-1,-1,-1
561,2.0,275.4,339.5,49.5,152.8,-1,-1,-1,-1
562,50.0,626.4,381.8,42.3,164.0,-1,-1,-1,-1
562,49.0,518.4,409.3,46.8,184.7,-1,-1,-1,-1
562,48.0,432.4,407.2,39.6,153.9,-1,-1,-1,-1
562,47.0,1106.1,436.3,45.0,157.7,-1,-1,-1,-1
562,46.0,799.6,388.3,39.6,154.8,-1,-1,-1,-1
562,45.0,437.4,453.6,54.9,192.6,-1,-1,-1,-1
562,43.0,256.9,397.8,30.6,156.6,-1,-1,-1,-1
562,37.0,904.0,330.7,59.0,156.1,-1,-1,-1,-1
562,35.0,145.7,427.3,38.9,165.8,-1,-1,-1,-1
562,33.0,997.2,397.3,41.4,153.9,-1,-1,-1,-1
562,32.0,206.9,453.1,51.2,198.9,-1,-1,-1,-1
562,30.0,713.2,407.5,47.7,186.1,-1,-1,-1,-1
562,21.0,1001.7,458.5,54.0,183.6,-1,-1,-1,-1
562,13.0,481.9,324.9,57.6,156.1,-1,-1,-1,-1
562,12.0,691.6,332.3,51.3,146.5,-1,-1,-1,-1
562,11.0,901.8,412.4,52.2,173.9,-1,-1,-1,-1
562,10.0,314.1,400.9,54.5,191.7,-1,-1,-1,-1
562,4.0,822.1,452.5,53.1,188.3,-1,-1,-1,-1
562,3.0,620.1,445.0,63.0,198.0,-1,-1,-1,-1
562,2.0,275.4,337.0,47.2,155.7,-1,-1,-1,-1
563,50.0,625.0,382.0,44.1,169.2,-1,-1,-1,-1
563,49.0,519.8,409.5,45.9,184.5,-1,-1,-1,-1
563,48.0,434.5,407.2,39.4,164.7,-1,-1,-1,-1
563,47.0,1107.9,436.7,43.2,157.7,-1,-1,-1,-1
563,46.0,800.5,388.3,39.6,154.8,-1,-1,-1,-1
563,45.0,440.8,451.8,47.9,194.4,-1,-1,-1,-1
563,43.0,256.7,396.0,31.5,157.5,-1,-1,-1,-1
563,37.0,902.7,330.3,57.6,156.1,-1,-1,-1,-1
563,35.0,145.5,427.9,38.2,165.6,-1,-1,-1,-1
563,33.0,997.2,397.3,41.4,152.1,-1,-1,-1,-1
563,32.0,205.4,453.6,49.9,198.9,-1,-1,-1,-1
563,30.0,714.1,404.5,47.7,189.0,-1,-1,-1,-1
563,21.0,1001.7,459.2,54.0,183.4,-1,-1,-1,-1
563,13.0,481.5,324.4,58.5,155.7,-1,-1,-1,-1
563,12.0,693.0,332.3,51.3,146.5,-1,-1,-1,-1
563,11.0,902.7,411.7,52.2,176.4,-1,-1,-1,-1
563,10.0,318.1,400.9,50.4,191.7,-1,-1,-1,-1
563,4.0,821.2,452.2,53.1,189.0,-1,-1,-1,-1
563,3.0,621.4,445.9,61.2,197.1,-1,-1,-1,-1
563,2.0,271.3,336.6,48.6,152.5,-1,-1,-1,-1
564,50.0,623.7,382.5,45.9,171.0,-1,-1,-1,-1
564,49.0,520.6,409.3,44.1,184.3,-1,-1,-1,-1
564,47.0,1107.0,436.5,48.6,158.4,-1,-1,-1,-1
564,46.0,800.5,389.2,40.5,154.8,-1,-1,-1,-1
564,45.0,439.4,447.3,48.4,198.9,-1,-1,-1,-1
564,43.0,256.0,397.8,32.9,156.6,-1,-1,-1,-1
564,37.0,901.8,330.3,55.8,154.3,-1,-1,-1,-1
564,35.0,146.4,427.7,36.7,166.3,-1,-1,-1,-1
564,33.0,997.2,396.4,41.4,153.9,-1,-1,-1,-1
564,32.0,205.1,453.6,49.6,198.9,-1,-1,-1,-1
564,30.0,715.5,405.0,47.7,187.2,-1,-1,-1,-1
564,21.0,1001.7,460.3,54.0,181.8,-1,-1,-1,-1
564,13.0,481.5,324.0,58.5,155.2,-1,-1,-1,-1
564,12.0,694.3,332.5,51.3,147.1,-1,-1,-1,-1
564,11.0,902.2,413.3,53.5,175.3,-1,-1,-1,-1
564,10.0,319.9,401.8,48.6,189.9,-1,-1,-1,-1
564,4.0,820.3,452.2,53.1,189.0,-1,-1,-1,-1
564,3.0,621.9,444.6,60.3,198.9,-1,-1,-1,-1
564,2.0,269.1,337.3,49.1,152.3,-1,-1,-1,-1
565,50.0,622.3,383.2,45.9,167.2,-1,-1,-1,-1
565,49.0,521.5,411.7,44.1,181.8,-1,-1,-1,-1
565,47.0,1082.7,432.2,68.4,163.6,-1,-1,-1,-1
565,46.0,800.5,391.7,41.4,156.8,-1,-1,-1,-1
565,45.0,439.2,447.3,45.9,198.0,-1,-1,-1,-1
565,43.0,253.8,398.2,35.5,156.6,-1,-1,-1,-1
565,37.0,898.2,328.5,57.6,157.1,-1,-1,-1,-1
565,35.0,146.2,428.6,36.7,165.4,-1,-1,-1,-1
565,33.0,994.5,397.3,43.2,150.3,-1,-1,-1,-1
565,32.0,208.3,456.7,46.3,194.4,-1,-1,-1,-1
565,30.0,716.4,411.5,48.6,181.6,-1,-1,-1,-1
565,21.0,999.9,460.3,55.8,181.8,-1,-1,-1,-1
565,13.0,482.8,322.6,57.6,156.1,-1,-1,-1,-1
565,12.0,696.6,332.3,51.3,147.4,-1,-1,-1,-1
565,11.0,898.6,418.5,56.2,171.0,-1,-1,-1,-1
565,10.0,322.6,403.4,45.9,188.8,-1,-1,-1,-1
565,4.0,817.2,452.7,56.7,189.0,-1,-1,-1,-1
565,3.0,621.0,443.0,61.2,200.5,-1,-1,-1,-1
565,2.0,264.8,335.9,50.4,151.4,-1,-1,-1,-1
566,50.0,619.2,383.4,48.6,163.8,-1,-1,-1,-1
566,49.0,519.3,412.6,46.8,180.9,-1,-1,-1,-1
566,47.0,1070.1,431.1,81.0,163.8,-1,-1,-1,-1
566,46.0,798.7,391.3,45.0,153.2,-1,-1,-1,-1
566,45.0,438.5,447.7,45.7,199.8,-1,-1,-1,-1
566,43.0,249.3,399.1,39.1,155.7,-1,-1,-1,-1
566,37.0,898.6,327.6,57.1,159.3,-1,-1,-1,-1
566,35.0,141.5,428.6,41.2,165.4,-1,-1,-1,-1
566,33.0,989.1,397.8,50.4,152.1,-1,-1,-1,-1
566,32.0,210.4,456.7,43.7,195.3,-1,-1,-1,-1
566,30.0,717.7,414.0,46.8,179.1,-1,-1,-1,-1
566,21.0,992.7,460.1,63.0,182.5,-1,-1,-1,-1
566,13.0,482.4,321.5,57.6,156.8,-1,-1,-1,-1
566,12.0,698.4,332.3,51.3,146.5,-1,-1,-1,-1
566,11.0,891.4,417.6,64.3,171.9,-1,-1,-1,-1
566,10.0,315.7,403.4,53.1,188.8,-1,-1,-1,-1
566,4.0,807.7,451.8,68.4,189.9,-1,-1,-1,-1
566,3.0,627.3,444.1,54.0,198.9,-1,-1,-1,-1
566,2.0,264.8,335.7,50.0,151.2,-1,-1,-1,-1
567,50.0,600.3,383.4,68.4,163.8,-1,-1,-1,-1
567,49.0,496.3,410.4,70.2,183.6,-1,-1,-1,-1
567,47.0,1060.2,429.5,91.8,165.4,-1,-1,-1,-1
567,46.0,779.8,387.4,63.9,155.7,-1,-1,-1,-1
567,45.0,412.9,450.0,69.1,198.0,-1,-1,-1,-1
567,43.0,228.1,398.0,59.9,156.8,-1,-1,-1,-1
567,37.0,898.2,328.7,57.6,160.4,-1,-1,-1,-1
567,35.0,114.5,428.2,68.6,165.8,-1,-1,-1,-1
567,33.0,964.8,397.8,88.2,146.7,-1,-1,-1,-1
567,32.0,198.9,455.8,54.0,196.2,-1,-1,-1,-1
567,30.0,707.8,412.9,56.7,180.2,-1,-1,-1,-1
567,21.0,969.3,454.0,86.4,188.1,-1,-1,-1,-1
567,13.0,484.6,320.8,54.9,155.7,-1,-1,-1,-1
567,12.0,701.5,332.5,51.3,149.8,-1,-1,-1,-1
567,11.0,863.5,412.2,92.2,177.3,-1,-1,-1,-1
567,10.0,294.3,400.0,73.8,191.7,-1,-1,-1,-1
567,4.0,776.2,451.8,104.4,189.9,-1,-1,-1,-1
567,3.0,630.0,450.0,52.2,192.6,-1,-1,-1,-1
567,2.0,262.6,334.8,51.8,147.6,-1,-1,-1,-1
568,50.0,586.3,382.9,81.9,164.7,-1,-1,-1,-1
568,49.0,492.3,408.4,73.8,184.7,-1,-1,-1,-1
568,47.0,1063.8,428.4,88.2,166.5,-1,-1,-1,-1
568,46.0,801.0,385.4,42.3,157.7,-1,-1,-1,-1
568,45.0,399.6,450.7,81.5,197.8,-1,-1,-1,-1
568,43.0,226.3,397.6,64.3,156.8,-1,-1,-1,-1
568,37.0,897.7,327.1,59.0,155.7,-1,-1,-1,-1
568,35.0,101.1,428.8,81.9,165.6,-1,-1,-1,-1
568,33.0,958.5,397.3,86.4,161.1,-1,-1,-1,-1
568,32.0,182.0,454.0,69.8,196.2,-1,-1,-1,-1
568,30.0,695.7,409.0,68.4,183.6,-1,-1,-1,-1
568,21.0,960.3,456.1,93.6,186.1,-1,-1,-1,-1
568,13.0,484.2,320.8,55.8,158.0,-1,-1,-1,-1
568,12.0,701.1,332.8,53.1,152.3,-1,-1,-1,-1
568,11.0,860.8,410.8,100.3,178.2,-1,-1,-1,-1
568,10.0,284.2,398.7,83.2,192.6,-1,-1,-1,-1
568,4.0,772.2,451.8,108.9,189.9,-1,-1,-1,-1
568,3.0,627.3,450.0,54.9,192.6,-1,-1,-1,-1
568,2.0,260.8,333.4,53.5,152.5,-1,-1,-1,-1
569,50.0,568.3,383.4,96.3,164.7,-1,-1,-1,-1
569,49.0,476.5,408.4,89.1,184.7,-1,-1,-1,-1
569,47.0,1077.3,414.4,73.8,180.0,-1,-1,-1,-1
569,46.0,770.4,384.3,75.6,160.2,-1,-1,-1,-1
569,45.0,384.3,450.2,95.4,197.8,-1,-1,-1,-1
569,43.0,218.6,391.5,75.5,162.9,-1,-1,-1,-1
569,37.0,897.3,326.5,59.4,161.8,-1,-1,-1,-1
569,35.0,92.4,428.8,90.4,165.6,-1,-1,-1,-1
569,33.0,961.2,397.1,86.4,159.1,-1,-1,-1,-1
569,32.0,152.1,449.5,98.8,197.1,-1,-1,-1,-1
569,30.0,664.2,405.4,99.9,186.3,-1,-1,-1,-1
569,21.0,959.4,454.0,95.4,187.2,-1,-1,-1,-1
569,13.0,483.7,320.8,55.8,153.9,-1,-1,-1,-1
569,12.0,705.6,333.4,52.2,151.6,-1,-1,-1,-1
569,11.0,853.2,409.7,117.9,179.8,-1,-1,-1,-1
569,10.0,256.9,395.3,110.7,196.0,-1,-1,-1,-1
569,4.0,783.9,441.4,103.5,199.8,-1,-1,-1,-1
569,3.0,600.3,447.1,83.7,195.5,-1,-1,-1,-1
569,2.0,244.8,334.8,68.4,150.8,-1,-1,-1,-1
570,50.0,574.2,381.1,98.1,167.4,-1,-1,-1,-1
570,49.0,472.9,406.1,92.7,187.0,-1,-1,-1,-1
570,48.0,400.3,405.0,89.8,179.1,-1,-1,-1,-1
570,47.0,1076.4,413.5,75.6,180.9,-1,-1,-1,-1
570,46.0,771.7,382.9,72.0,160.2,-1,-1,-1,-1
570,45.0,387.0,447.3,91.8,199.8,-1,-1,-1,-1
570,43.0,223.9,377.1,64.3,177.3,-1,-1,-1,-1
570,37.0,897.3,326.2,59.4,162.0,-1,-1,-1,-1
570,35.0,99.7,423.9,83.4,170.1,-1,-1,-1,-1
570,33.0,963.0,395.5,104.4,165.6,-1,-1,-1,-1
570,32.0,159.0,449.5,91.2,197.1,-1,-1,-1,-1
570,30.0,689.4,404.5,76.5,187.2,-1,-1,-1,-1
570,21.0,959.4,451.8,99.0,189.9,-1,-1,-1,-1
570,13.0,482.8,320.8,55.8,155.2,-1,-1,-1,-1
570,12.0,709.2,333.9,51.3,149.4,-1,-1,-1,-1
570,11.0,864.0,389.5,112.5,200.5,-1,-1,-1,-1
570,10.0,281.7,389.9,86.9,201.4,-1,-1,-1,-1
570,4.0,789.3,436.7,97.2,205.0,-1,-1,-1,-1
570,3.0,584.1,444.1,101.7,198.9,-1,-1,-1,-1
570,2.0,243.7,333.2,67.5,151.4,-1,-1,-1,-1
571,50.0,582.3,362.9,95.4,187.0,-1,-1,-1,-1
571,49.0,479.7,397.6,85.5,195.1,-1,-1,-1,-1
571,48.0,404.1,404.5,84.1,179.1,-1,-1,-1,-1
571,47.0,1074.6,416.2,77.4,179.1,-1,-1,-1,-1
571,46.0,779.8,372.1,65.7,171.4,-1,-1,-1,-1
571,45.0,392.6,432.4,86.2,215.1,-1,-1,-1,-1
571,43.0,229.7,373.5,56.7,180.9,-1,-1,-1,-1
571,37.0,896.8,326.2,58.9,158.9,-1,-1,-1,-1
571,35.0,105.3,413.1,80.1,180.9,-1,-1,-1,-1
571,33.0,963.0,394.9,104.4,169.4,-1,-1,-1,-1
571,32.0,163.2,427.3,87.4,218.9,-1,-1,-1,-1
571,30.0,660.6,405.2,107.1,187.0,-1,-1,-1,-1
571,21.0,960.3,452.7,100.8,189.0,-1,-1,-1,-1
571,13.0,481.9,320.8,55.8,156.1,-1,-1,-1,-1
571,12.0,710.1,333.7,51.3,155.0,-1,-1,-1,-1
571,11.0,873.4,379.8,103.0,210.6,-1,-1,-1,-1
571,10.0,282.8,380.2,86.9,210.6,-1,-1,-1,-1
571,4.0,790.6,436.9,97.2,204.3,-1,-1,-1,-1
571,3.0,574.6,442.8,113.4,199.8,-1,-1,-1,-1
571,2.0,245.2,332.5,66.2,152.1,-1,-1,-1,-1
572,50.0,585.9,355.7,97.2,192.8,-1,-1,-1,-1
572,49.0,481.5,395.5,83.7,197.1,-1,-1,-1,-1
572,47.0,1072.8,416.5,79.2,178.4,-1,-1,-1,-1
572,46.0,785.7,368.3,60.3,176.2,-1,-1,-1,-1
572,45.0,400.5,423.4,77.9,224.1,-1,-1,-1,-1
572,43.0,232.2,377.5,53.6,177.3,-1,-1,-1,-1
572,37.0,896.4,326.0,57.6,160.0,-1,-1,-1,-1
572,35.0,104.8,415.6,80.5,178.4,-1,-1,-1,-1
572,33.0,962.1,397.3,106.2,161.1,-1,-1,-1,-1
572,32.0,170.1,423.0,83.0,223.2,-1,-1,-1,-1
572,30.0,676.8,394.6,90.9,198.0,-1,-1,-1,-1
572,21.0,960.3,452.5,95.4,189.2,-1,-1,-1,-1
572,13.0,479.7,321.3,54.9,154.8,-1,-1,-1,-1
572,12.0,711.9,333.2,52.2,152.8,-1,-1,-1,-1
572,11.0,872.5,380.2,99.4,209.7,-1,-1,-1,-1
572,10.0,289.8,378.7,80.5,212.6,-1,-1,-1,-1
572,4.0,787.5,442.8,99.0,198.9,-1,-1,-1,-1
572,3.0,585.4,435.6,106.2,206.1,-1,-1,-1,-1
572,2.0,248.4,335.2,61.2,149.9,-1,-1,-1,-1
573,50.0,585.0,357.5,97.2,190.6,-1,-1,-1,-1
573,49.0,480.1,397.3,84.6,195.3,-1,-1,-1,-1
573,47.0,1072.8,416.5,79.2,178.4,-1,-1,-1,-1
573,46.0,785.2,369.0,63.0,175.9,-1,-1,-1,-1
573,45.0,399.6,426.1,78.8,221.4,-1,-1,-1,-1
573,43.0,229.2,379.3,56.8,175.5,-1,-1,-1,-1
573,37.0,897.3,326.2,57.6,159.3,-1,-1,-1,-1
573,35.0,102.9,419.2,104.8,174.8,-1,-1,-1,-1
573,33.0,961.2,397.6,106.2,160.4,-1,-1,-1,-1
573,32.0,167.1,392.6,105.4,254.5,-1,-1,-1,-1
573,30.0,679.0,394.4,89.1,198.7,-1,-1,-1,-1
573,21.0,964.8,448.9,84.6,192.8,-1,-1,-1,-1
573,13.0,472.9,321.1,60.3,155.0,-1,-1,-1,-1
573,12.0,712.3,332.5,52.2,153.4,-1,-1,-1,-1
573,11.0,868.0,383.2,104.8,207.7,-1,-1,-1,-1
573,10.0,289.8,383.2,80.1,207.7,-1,-1,-1,-1
573,4.0,787.5,442.8,97.2,198.9,-1,-1,-1,-1
573,3.0,598.0,426.1,93.6,215.1,-1,-1,-1,-1
573,2.0,246.4,336.1,59.4,149.4,-1,-1,-1,-1
574,50.0,578.2,363.1,96.3,184.5,-1,-1,-1,-1
574,49.0,478.3,396.4,87.3,197.1,-1,-1,-1,-1
574,47.0,1079.1,416.7,72.0,177.3,-1,-1,-1,-1
574,46.0,781.6,370.1,63.0,176.2,-1,-1,-1,-1
574,45.0,395.5,425.7,81.9,222.3,-1,-1,-1,-1
574,43.0,222.7,380.7,63.4,174.6,-1,-1,-1,-1
574,37.0,898.6,325.3,55.3,165.6,-1,-1,-1,-1
574,35.0,101.4,422.5,81.1,171.9,-1,-1,-1,-1
574,33.0,967.5,396.0,91.8,157.5,-1,-1,-1,-1
574,32.0,162.9,427.5,88.4,219.6,-1,-1,-1,-1
574,30.0,677.2,391.7,90.9,200.5,-1,-1,-1,-1
574,21.0,990.0,448.0,57.6,193.7,-1,-1,-1,-1
574,13.0,469.8,321.3,61.2,155.2,-1,-1,-1,-1
574,12.0,715.0,331.2,51.3,155.2,-1,-1,-1,-1
574,11.0,865.8,388.8,97.2,201.6,-1,-1,-1,-1
574,10.0,319.9,383.6,49.5,207.7,-1,-1,-1,-1
574,4.0,791.5,440.8,78.3,200.5,-1,-1,-1,-1
574,3.0,599.4,424.3,89.1,217.8,-1,-1,-1,-1
574,2.0,238.7,339.3,85.9,142.6,-1,-1,-1,-1
575,50.0,575.5,365.2,89.1,182.5,-1,-1,-1,-1
575,49.0,479.2,394.9,87.3,198.2,-1,-1,-1,-1
575,48.0,404.8,404.8,74.0,154.6,-1,-1,-1,-1
575,47.0,1083.6,419.4,68.4,174.6,-1,-1,-1,-1
575,46.0,781.2,370.1,63.0,174.8,-1,-1,-1,-1
575,45.0,394.0,425.0,83.0,222.5,-1,-1,-1,-1
575,43.0,219.7,380.9,67.2,173.9,-1,-1,-1,-1
575,37.0,899.5,325.1,53.6,165.8,-1,-1,-1,-1
575,35.0,102.4,420.1,81.9,173.9,-1,-1,-1,-1
575,33.0,977.4,395.1,68.4,155.7,-1,-1,-1,-1
575,32.0,162.8,427.0,88.8,219.6,-1,-1,-1,-1
575,30.0,674.1,388.8,94.5,202.5,-1,-1,-1,-1
575,21.0,985.5,459.9,63.0,180.9,-1,-1,-1,-1
575,13.0,461.7,321.1,67.5,155.0,-1,-1,-1,-1
575,12.0,715.0,330.7,51.3,158.0,-1,-1,-1,-1
575,11.0,867.1,392.8,81.5,197.1,-1,-1,-1,-1
575,10.0,284.4,377.1,83.7,214.2,-1,-1,-1,-1
575,4.0,798.3,436.5,72.0,204.3,-1,-1,-1,-1
575,3.0,593.5,427.5,98.1,214.2,-1,-1,-1,-1
575,2.0,236.7,341.1,68.9,139.0,-1,-1,-1,-1
576,50.0,580.0,374.6,81.9,173.5,-1,-1,-1,-1
576,49.0,476.1,401.4,95.4,191.7,-1,-1,-1,-1
576,48.0,403.9,405.0,75.8,154.8,-1,-1,-1,-1
576,47.0,1088.1,432.2,66.6,160.9,-1,-1,-1,-1
576,46.0,784.8,372.1,67.5,171.4,-1,-1,-1,-1
576,45.0,387.2,423.2,88.9,223.4,-1,-1,-1,-1
576,43.0,216.0,393.1,83.3,160.4,-1,-1,-1,-1
576,37.0,900.0,324.9,52.2,151.6,-1,-1,-1,-1
576,35.0,109.9,418.9,79.8,173.7,-1,-1,-1,-1
576,33.0,991.8,398.2,43.2,150.3,-1,-1,-1,-1
576,32.0,165.5,427.7,88.8,218.5,-1,-1,-1,-1
576,30.0,675.0,391.0,95.4,198.0,-1,-1,-1,-1
576,21.0,967.5,469.8,82.8,171.0,-1,-1,-1,-1
576,13.0,465.3,321.1,62.1,155.0,-1,-1,-1,-1
576,12.0,715.9,331.0,51.3,156.8,-1,-1,-1,-1
576,11.0,879.7,406.8,69.8,181.8,-1,-1,-1,-1
576,10.0,284.6,379.3,84.1,210.6,-1,-1,-1,-1
576,4.0,801.4,457.2,72.0,183.6,-1,-1,-1,-1
576,3.0,592.2,430.6,96.3,211.5,-1,-1,-1,-1
576,2.0,230.6,339.3,61.2,139.0,-1,-1,-1,-1
577,50.0,585.0,378.0,75.6,169.2,-1,-1,-1,-1
577,49.0,480.1,410.6,94.5,181.6,-1,-1,-1,-1
577,48.0,402.1,407.9,79.4,181.6,-1,-1,-1,-1
577,47.0,1075.5,444.1,81.0,149.4,-1,-1,-1,-1
577,46.0,785.2,379.1,72.0,162.7,-1,-1,-1,-1
577,45.0,385.0,431.1,90.2,216.0,-1,-1,-1,-1
577,43.0,224.2,396.4,73.9,156.6,-1,-1,-1,-1
577,37.0,900.9,324.4,52.2,153.9,-1,-1,-1,-1
577,35.0,115.6,424.8,77.2,166.5,-1,-1,-1,-1
577,33.0,998.1,402.5,36.0,148.3,-1,-1,-1,-1
577,32.0,165.6,431.1,91.3,214.2,-1,-1,-1,-1
577,30.0,675.9,394.9,97.2,195.1,-1,-1,-1,-1
577,21.0,969.3,474.3,81.0,168.3,-1,-1,-1,-1
577,13.0,466.6,321.1,59.4,154.1,-1,-1,-1,-1
577,12.0,715.5,330.7,51.3,158.0,-1,-1,-1,-1
577,11.0,890.1,417.8,60.3,170.8,-1,-1,-1,-1
577,10.0,280.3,383.4,90.0,206.1,-1,-1,-1,-1
577,4.0,791.1,460.3,83.7,180.9,-1,-1,-1,-1
577,3.0,594.0,428.4,92.7,213.3,-1,-1,-1,-1
577,2.0,228.6,338.4,62.1,135.9,-1,-1,-1,-1
578,50.0,594.4,404.5,72.0,144.9,-1,-1,-1,-1
578,49.0,484.6,427.3,93.6,164.0,-1,-1,-1,-1
578,48.0,403.9,422.1,80.8,154.8,-1,-1,-1,-1
578,47.0,1080.9,450.4,73.8,144.0,-1,-1,-1,-1
578,46.0,783.9,397.3,73.8,154.8,-1,-1,-1,-1
578,45.0,375.1,459.0,103.7,188.1,-1,-1,-1,-1
578,43.0,223.2,403.9,74.7,150.5,-1,-1,-1,-1
578,37.0,902.2,324.4,52.7,157.5,-1,-1,-1,-1
578,35.0,117.9,441.7,77.2,151.4,-1,-1,-1,-1
578,33.0,993.6,414.0,41.4,141.3,-1,-1,-1,-1
578,32.0,150.8,467.5,110.7,178.2,-1,-1,-1,-1
578,30.0,681.3,412.6,96.3,180.9,-1,-1,-1,-1
578,21.0,989.1,481.5,61.2,162.0,-1,-1,-1,-1
578,13.0,468.0,321.1,62.1,155.0,-1,-1,-1,-1
578,12.0,714.6,331.2,51.3,151.2,-1,-1,-1,-1
578,11.0,878.8,433.1,72.4,157.7,-1,-1,-1,-1
578,10.0,268.9,402.7,103.0,188.1,-1,-1,-1,-1
578,4.0,793.8,473.4,81.9,168.3,-1,-1,-1,-1
578,3.0,602.1,430.6,90.0,209.7,-1,-1,-1,-1
578,2.0,226.1,335.0,56.3,142.0,-1,-1,-1,-1
579,50.0,573.8,409.0,94.5,140.4,-1,-1,-1,-1
579,49.0,468.0,432.9,110.7,160.2,-1,-1,-1,-1
579,48.0,405.4,427.3,78.3,138.8,-1,-1,-1,-1
579,47.0,1100.7,453.1,52.2,142.2,-1,-1,-1,-1
579,46.0,781.2,409.5,76.5,137.7,-1,-1,-1,-1
579,45.0,374.4,463.0,102.1,186.3,-1,-1,-1,-1
579,43.0,231.1,408.1,66.1,145.8,-1,-1,-1,-1
579,37.0,903.6,324.4,52.2,157.9,-1,-1,-1,-1
579,35.0,118.2,445.9,76.3,147.6,-1,-1,-1,-1
579,33.0,996.3,418.3,37.8,144.7,-1,-1,-1,-1
579,32.0,159.0,472.5,103.2,174.6,-1,-1,-1,-1
579,30.0,684.0,428.8,95.4,164.7,-1,-1,-1,-1
579,21.0,997.2,478.3,52.2,163.8,-1,-1,-1,-1
579,13.0,468.9,321.1,54.9,158.6,-1,-1,-1,-1
579,12.0,714.1,330.7,50.4,152.6,-1,-1,-1,-1
579,11.0,887.4,436.5,62.1,154.8,-1,-1,-1,-1
579,10.0,279.9,404.5,92.7,188.1,-1,-1,-1,-1
579,4.0,811.8,477.4,63.9,164.7,-1,-1,-1,-1
579,3.0,607.0,458.8,86.4,182.9,-1,-1,-1,-1
579,2.0,225.4,334.3,59.9,150.3,-1,-1,-1,-1
580,50.0,606.6,410.4,61.2,157.5,-1,-1,-1,-1
580,49.0,508.5,436.0,66.6,157.5,-1,-1,-1,-1
580,48.0,416.0,432.9,66.8,148.5,-1,-1,-1,-1
580,47.0,1103.4,450.9,75.6,144.0,-1,-1,-1,-1
580,46.0,787.5,414.4,68.4,150.3,-1,-1,-1,-1
580,45.0,390.6,471.6,82.8,179.1,-1,-1,-1,-1
580,43.0,247.5,418.0,49.5,136.8,-1,-1,-1,-1
580,37.0,904.9,324.4,51.8,161.1,-1,-1,-1,-1
580,35.0,137.7,449.5,54.9,144.9,-1,-1,-1,-1
580,32.0,183.5,478.3,73.5,169.2,-1,-1,-1,-1
580,30.0,676.3,441.0,104.4,152.1,-1,-1,-1,-1
580,21.0,979.2,466.2,115.2,177.3,-1,-1,-1,-1
580,13.0,466.2,320.8,63.0,159.3,-1,-1,-1,-1
580,12.0,712.3,331.0,52.2,151.4,-1,-1,-1,-1
580,11.0,889.2,437.4,75.6,154.8,-1,-1,-1,-1
580,10.0,309.4,416.2,62.1,176.4,-1,-1,-1,-1
580,4.0,815.4,481.5,87.3,161.1,-1,-1,-1,-1
580,3.0,618.8,467.5,74.7,175.5,-1,-1,-1,-1
580,2.0,224.0,333.7,54.1,144.7,-1,-1,-1,-1
581,50.0,606.6,407.0,53.1,145.6,-1,-1,-1,-1
581,49.0,518.4,436.5,58.5,157.5,-1,-1,-1,-1
581,48.0,429.3,433.3,52.2,136.8,-1,-1,-1,-1
581,47.0,1106.1,447.1,88.2,147.8,-1,-1,-1,-1
581,46.0,798.7,413.5,59.4,150.3,-1,-1,-1,-1
581,45.0,408.4,477.4,61.4,173.7,-1,-1,-1,-1
581,43.0,248.8,418.9,47.2,135.9,-1,-1,-1,-1
581,37.0,904.5,324.2,52.2,160.4,-1,-1,-1,-1
581,35.0,140.2,448.6,64.1,145.8,-1,-1,-1,-1
581,32.0,194.1,477.9,61.3,170.1,-1,-1,-1,-1
581,30.0,682.6,442.3,96.3,151.2,-1,-1,-1,-1
581,21.0,972.0,464.8,133.2,178.2,-1,-1,-1,-1
581,13.0,465.3,320.8,63.9,158.0,-1,-1,-1,-1
581,12.0,712.8,331.0,51.3,153.7,-1,-1,-1,-1
581,11.0,891.0,434.5,73.8,157.7,-1,-1,-1,-1
581,10.0,315.9,420.7,54.0,171.9,-1,-1,-1,-1
581,4.0,811.3,477.0,112.0,166.5,-1,-1,-1,-1
581,3.0,631.8,470.2,60.3,172.8,-1,-1,-1,-1
581,2.0,223.8,333.9,57.0,144.4,-1,-1,-1,-1
582,50.0,608.8,393.7,92.7,156.6,-1,-1,-1,-1
582,49.0,519.8,426.6,90.0,167.4,-1,-1,-1,-1
582,48.0,433.1,427.9,62.3,129.6,-1,-1,-1,-1
582,47.0,1103.4,424.3,91.8,170.1,-1,-1,-1,-1
582,46.0,807.7,409.0,54.9,135.9,-1,-1,-1,-1
582,45.0,416.7,470.7,89.1,180.9,-1,-1,-1,-1
582,43.0,248.2,414.2,54.5,142.0,-1,-1,-1,-1
582,37.0,904.9,324.4,53.5,155.7,-1,-1,-1,-1
582,35.0,134.2,441.0,61.2,153.9,-1,-1,-1,-1
582,32.0,198.9,469.3,92.2,179.1,-1,-1,-1,-1
582,30.0,717.7,439.4,54.9,154.6,-1,-1,-1,-1
582,21.0,982.8,442.6,120.6,198.2,-1,-1,-1,-1
582,13.0,465.3,320.8,67.5,159.3,-1,-1,-1,-1
582,12.0,712.3,331.0,51.3,153.2,-1,-1,-1,-1
582,11.0,890.1,418.5,97.2,173.7,-1,-1,-1,-1
582,10.0,319.3,418.5,86.8,174.6,-1,-1,-1,-1
582,4.0,813.6,453.8,116.1,189.2,-1,-1,-1,-1
582,3.0,626.4,463.5,67.5,180.0,-1,-1,-1,-1
582,2.0,222.7,332.8,57.6,144.7,-1,-1,-1,-1
583,50.0,608.8,384.7,66.6,164.7,-1,-1,-1,-1
583,49.0,471.1,414.7,151.2,178.4,-1,-1,-1,-1
583,48.0,431.8,411.3,51.5,142.2,-1,-1,-1,-1
583,47.0,1104.3,416.2,90.0,172.8,-1,-1,-1,-1
583,46.0,799.6,399.8,85.5,146.5,-1,-1,-1,-1
583,45.0,418.7,458.8,97.9,192.4,-1,-1,-1,-1
583,43.0,234.7,407.7,68.9,146.7,-1,-1,-1,-1
583,37.0,906.3,324.4,54.0,153.4,-1,-1,-1,-1
583,35.0,146.7,432.4,85.0,162.9,-1,-1,-1,-1
583,32.0,202.0,458.3,99.0,189.2,-1,-1,-1,-1
583,30.0,717.3,435.1,79.2,159.3,-1,-1,-1,-1
583,21.0,960.3,425.2,127.8,207.9,-1,-1,-1,-1
583,13.0,465.7,320.8,67.5,155.2,-1,-1,-1,-1
583,12.0,711.9,331.0,51.3,155.0,-1,-1,-1,-1
583,11.0,881.1,407.5,80.1,182.9,-1,-1,-1,-1
583,10.0,320.2,412.2,84.6,180.9,-1,-1,-1,-1
583,4.0,794.2,446.4,134.5,195.3,-1,-1,-1,-1
583,3.0,625.5,456.7,118.8,187.2,-1,-1,-1,-1
583,2.0,222.9,332.3,54.3,141.1,-1,-1,-1,-1
584,50.0,576.4,357.7,110.7,181.4,-1,-1,-1,-1
584,49.0,504.4,396.7,88.2,184.3,-1,-1,-1,-1
584,48.0,433.8,400.3,81.9,153.2,-1,-1,-1,-1
584,47.0,1102.5,404.1,91.8,170.1,-1,-1,-1,-1
584,46.0,800.5,379.3,56.7,164.7,-1,-1,-1,-1
584,45.0,418.5,439.4,107.1,204.1,-1,-1,-1,-1
584,43.0,225.2,391.5,62.1,162.9,-1,-1,-1,-1
584,37.0,904.5,325.1,57.6,167.6,-1,-1,-1,-1
584,35.0,132.4,416.0,61.6,172.6,-1,-1,-1,-1
584,32.0,187.2,433.6,102.1,209.0,-1,-1,-1,-1
584,30.0,686.2,419.8,79.2,174.6,-1,-1,-1,-1
584,21.0,955.8,418.5,108.0,196.2,-1,-1,-1,-1
584,13.0,465.3,321.1,73.8,158.6,-1,-1,-1,-1
584,12.0,711.4,331.2,51.3,151.2,-1,-1,-1,-1
584,11.0,844.2,391.3,172.8,181.1,-1,-1,-1,-1
584,10.0,310.5,392.2,99.0,200.9,-1,-1,-1,-1
584,4.0,759.6,427.0,153.0,193.5,-1,-1,-1,-1
584,3.0,620.1,427.3,72.9,212.2,-1,-1,-1,-1
584,2.0,223.5,331.6,53.9,150.7,-1,-1,-1,-1
585,50.0,567.0,349.6,103.5,180.0,-1,-1,-1,-1
585,49.0,447.3,391.7,128.7,189.2,-1,-1,-1,-1
585,48.0,431.5,394.2,87.3,157.5,-1,-1,-1,-1
585,47.0,1083.6,400.5,100.8,166.5,-1,-1,-1,-1
585,46.0,791.5,370.3,63.9,168.8,-1,-1,-1,-1
585,45.0,405.0,430.4,116.1,204.1,-1,-1,-1,-1
585,43.0,217.7,388.8,68.1,160.2,-1,-1,-1,-1
585,37.0,909.0,325.8,54.0,174.1,-1,-1,-1,-1
585,35.0,132.3,408.6,71.8,172.8,-1,-1,-1,-1
585,32.0,163.3,424.6,104.4,209.0,-1,-1,-1,-1
585,30.0,684.9,409.0,131.4,185.4,-1,-1,-1,-1
585,21.0,952.2,412.6,97.2,189.9,-1,-1,-1,-1
585,13.0,466.2,320.8,68.4,153.5,-1,-1,-1,-1
585,12.0,711.4,331.4,50.4,144.7,-1,-1,-1,-1
585,11.0,833.4,383.2,166.5,179.3,-1,-1,-1,-1
585,10.0,318.6,384.3,79.2,201.6,-1,-1,-1,-1
585,4.0,757.3,419.2,130.5,187.9,-1,-1,-1,-1
585,3.0,617.4,422.1,121.5,207.0,-1,-1,-1,-1
585,2.0,223.9,331.4,52.7,145.6,-1,-1,-1,-1
586,50.0,562.9,345.6,107.1,159.3,-1,-1,-1,-1
586,49.0,459.7,390.4,119.0,153.2,-1,-1,-1,-1
586,47.0,1071.9,405.2,81.0,139.3,-1,-1,-1,-1
586,46.0,763.6,364.0,102.6,159.8,-1,-1,-1,-1
586,45.0,360.4,422.3,136.8,187.0,-1,-1,-1,-1
586,43.0,207.1,378.7,81.8,155.0,-1,-1,-1,-1
586,37.0,903.1,324.4,60.8,173.2,-1,-1,-1,-1
586,35.0,137.2,401.6,55.3,163.1,-1,-1,-1,-1
586,33.0,955.8,376.2,81.0,131.9,-1,-1,-1,-1
586,32.0,143.4,417.6,108.3,189.9,-1,-1,-1,-1
586,30.0,688.9,384.3,85.5,196.2,-1,-1,-1,-1
586,21.0,959.4,410.8,90.0,161.1,-1,-1,-1,-1
586,13.0,466.2,321.1,66.6,148.7,-1,-1,-1,-1
586,12.0,711.4,330.7,50.4,147.6,-1,-1,-1,-1
586,11.0,836.1,386.1,119.7,141.3,-1,-1,-1,-1
586,10.0,250.6,373.9,123.3,194.4,-1,-1,-1,-1
586,4.0,779.4,417.6,95.4,156.6,-1,-1,-1,-1
586,3.0,597.1,413.5,123.3,180.9,-1,-1,-1,-1
586,2.0,223.0,330.3,55.3,144.0,-1,-1,-1,-1
587,50.0,567.4,346.0,95.4,137.7,-1,-1,-1,-1
587,49.0,469.8,392.4,111.6,132.7,-1,-1,-1,-1
587,47.0,1068.3,412.2,81.0,119.7,-1,-1,-1,-1
587,46.0,786.6,413.3,89.1,139.3,-1,-1,-1,-1
587,45.0,348.5,425.9,128.0,165.4,-1,-1,-1,-1
587,43.0,205.9,375.3,87.3,148.5,-1,-1,-1,-1
587,37.0,910.3,325.6,54.4,158.6,-1,-1,-1,-1
587,35.0,128.0,404.8,63.2,146.0,-1,-1,-1,-1
587,33.0,974.7,379.3,66.6,158.4,-1,-1,-1,-1
587,32.0,141.2,419.4,114.6,172.8,-1,-1,-1,-1
587,30.0,682.2,385.4,85.5,182.5,-1,-1,-1,-1
587,21.0,968.4,418.3,82.8,139.7,-1,-1,-1,-1
587,13.0,466.2,321.3,61.2,151.2,-1,-1,-1,-1
587,12.0,711.4,330.7,50.4,144.5,-1,-1,-1,-1
587,11.0,832.0,392.4,112.0,122.9,-1,-1,-1,-1
587,10.0,264.1,371.2,108.9,184.5,-1,-1,-1,-1
587,3.0,588.1,417.1,111.6,152.1,-1,-1,-1,-1
587,2.0,222.0,330.3,55.9,139.5,-1,-1,-1,-1
588,50.0,579.1,353.2,82.8,119.7,-1,-1,-1,-1
588,49.0,473.4,399.8,110.7,105.5,-1,-1,-1,-1
588,47.0,1068.3,424.6,82.8,92.5,-1,-1,-1,-1
588,46.0,762.3,383.4,90.9,102.1,-1,-1,-1,-1
588,45.0,344.2,436.3,131.0,115.4,-1,-1,-1,-1
588,37.0,911.7,325.1,54.0,150.1,-1,-1,-1,-1
588,35.0,106.3,414.2,118.3,112.3,-1,-1,-1,-1
588,33.0,976.5,436.5,77.4,98.1,-1,-1,-1,-1
588,32.0,148.5,428.6,115.2,132.5,-1,-1,-1,-1
588,30.0,687.6,382.9,87.3,153.9,-1,-1,-1,-1
588,13.0,467.5,320.8,63.0,153.5,-1,-1,-1,-1
588,12.0,710.1,330.3,51.3,146.2,-1,-1,-1,-1
588,11.0,864.0,399.4,82.8,94.7,-1,-1,-1,-1
588,10.0,269.8,378.4,106.6,148.9,-1,-1,-1,-1
588,3.0,576.0,426.8,126.0,103.3,-1,-1,-1,-1
588,2.0,223.0,329.8,65.2,145.8,-1,-1,-1,-1
589,50.0,583.6,358.9,77.4,101.7,-1,-1,-1,-1
589,49.0,473.4,412.4,112.5,86.6,-1,-1,-1,-1
589,47.0,1068.3,428.4,82.8,90.9,-1,-1,-1,-1
589,46.0,766.3,388.1,87.3,84.8,-1,-1,-1,-1
589,45.0,331.6,427.7,145.3,110.0,-1,-1,-1,-1
589,37.0,909.9,324.9,55.8,149.8,-1,-1,-1,-1
589,35.0,95.6,423.9,131.8,94.5,-1,-1,-1,-1
589,33.0,975.6,444.8,79.2,85.7,-1,-1,-1,-1
589,32.0,153.6,392.6,153.3,154.6,-1,-1,-1,-1
589,30.0,683.1,387.9,104.4,132.7,-1,-1,-1,-1
589,13.0,470.2,320.6,61.2,152.3,-1,-1,-1,-1
589,12.0,706.0,330.3,54.9,139.0,-1,-1,-1,-1
589,11.0,864.4,400.7,80.5,91.6,-1,-1,-1,-1
589,10.0,292.0,386.3,88.6,130.7,-1,-1,-1,-1
589,3.0,578.2,431.3,126.0,80.8,-1,-1,-1,-1
589,2.0,225.3,328.9,56.4,138.6,-1,-1,-1,-1
590,50.0,583.6,363.4,78.3,69.8,-1,-1,-1,-1
590,49.0,477.4,415.6,107.1,91.6,-1,-1,-1,-1
590,47.0,1061.1,424.3,84.6,116.1,-1,-1,-1,-1
590,45.0,358.6,421.9,115.2,113.6,-1,-1,-1,-1
590,37.0,908.5,322.4,57.2,155.0,-1,-1,-1,-1
590,35.0,92.7,432.9,120.1,87.3,-1,-1,-1,-1
590,33.0,975.6,448.4,77.4,96.5,-1,-1,-1,-1
590,32.0,152.1,403.0,120.2,126.2,-1,-1,-1,-1
590,13.0,471.6,320.8,58.5,151.6,-1,-1,-1,-1
590,12.0,711.4,330.7,50.4,136.8,-1,-1,-1,-1
590,11.0,860.4,397.6,90.9,105.5,-1,-1,-1,-1
590,10.0,281.7,401.4,101.2,97.6,-1,-1,-1,-1
590,4.0,795.6,432.2,81.9,87.1,-1,-1,-1,-1
590,3.0,582.8,433.3,162.0,63.9,-1,-1,-1,-1
590,2.0,226.7,329.4,53.9,137.7,-1,-1,-1,-1
591,50.0,580.9,362.5,80.1,72.5,-1,-1,-1,-1
591,49.0,476.1,415.6,107.1,101.5,-1,-1,-1,-1
591,47.0,1066.5,421.6,77.4,133.2,-1,-1,-1,-1
591,45.0,360.0,430.0,121.1,115.9,-1,-1,-1,-1
591,37.0,913.5,322.4,52.2,156.4,-1,-1,-1,-1
591,35.0,94.4,433.8,129.6,97.2,-1,-1,-1,-1
591,33.0,976.5,444.4,75.6,117.7,-1,-1,-1,-1
591,13.0,472.0,320.8,63.9,153.0,-1,-1,-1,-1
591,12.0,712.3,331.0,50.4,136.1,-1,-1,-1,-1
591,11.0,862.6,393.3,77.8,117.4,-1,-1,-1,-1
591,10.0,254.2,405.2,128.7,89.8,-1,-1,-1,-1
591,4.0,795.1,437.4,81.0,94.5,-1,-1,-1,-1
591,3.0,581.4,430.2,166.5,76.5,-1,-1,-1,-1
591,2.0,226.8,329.8,54.9,143.5,-1,-1,-1,-1
592,51.0,405.9,391.3,128.7,85.3,-1,-1,-1,-1
592,50.0,577.8,354.6,82.8,130.0,-1,-1,-1,-1
592,49.0,490.0,403.4,87.3,145.6,-1,-1,-1,-1
592,47.0,1068.3,419.4,81.0,165.6,-1,-1,-1,-1
592,45.0,367.2,432.9,101.7,142.2,-1,-1,-1,-1
592,37.0,915.3,320.6,50.4,163.6,-1,-1,-1,-1
592,35.0,91.6,432.9,143.8,114.3,-1,-1,-1,-1
592,33.0,978.3,436.9,68.4,161.1,-1,-1,-1,-1
592,21.0,980.1,386.8,55.8,141.5,-1,-1,-1,-1
592,13.0,469.8,320.8,65.7,151.6,-1,-1,-1,-1
592,12.0,711.9,331.0,50.4,145.6,-1,-1,-1,-1
592,11.0,868.5,383.8,77.4,152.1,-1,-1,-1,-1
592,10.0,257.6,405.2,126.0,100.6,-1,-1,-1,-1
592,4.0,796.0,429.7,76.5,135.9,-1,-1,-1,-1
592,3.0,583.2,418.9,121.5,118.8,-1,-1,-1,-1
592,2.0,227.9,329.8,56.2,145.4,-1,-1,-1,-1
593,51.0,412.2,391.3,63.0,129.8,-1,-1,-1,-1
593,50.0,577.3,350.8,82.8,123.1,-1,-1,-1,-1
593,49.0,499.0,400.7,76.5,165.4,-1,-1,-1,-1
593,47.0,1077.3,426.1,77.4,170.1,-1,-1,-1,-1
593,46.0,778.0,393.1,70.2,123.5,-1,-1,-1,-1
593,45.0,372.1,430.6,90.9,161.1,-1,-1,-1,-1
593,37.0,914.8,321.1,50.8,163.6,-1,-1,-1,-1
593,35.0,90.1,424.8,104.8,139.5,-1,-1,-1,-1
593,33.0,984.6,434.9,59.4,182.5,-1,-1,-1,-1
593,21.0,975.6,389.9,64.8,146.5,-1,-1,-1,-1
593,13.0,465.3,320.8,74.7,153.9,-1,-1,-1,-1
593,12.0,711.4,331.0,51.3,146.9,-1,-1,-1,-1
593,11.0,871.2,383.4,83.7,165.6,-1,-1,-1,-1
593,10.0,287.8,410.2,95.8,107.8,-1,-1,-1,-1
593,4.0,793.8,414.2,75.6,171.2,-1,-1,-1,-1
593,3.0,585.0,414.4,114.3,139.5,-1,-1,-1,-1
593,2.0,229.4,330.3,55.9,147.6,-1,-1,-1,-1
594,51.0,415.1,395.3,52.4,153.2,-1,-1,-1,-1
594,50.0,588.1,349.6,68.4,148.0,-1,-1,-1,-1
594,49.0,512.1,402.3,56.7,192.6,-1,-1,-1,-1
594,47.0,1088.1,442.6,66.6,156.8,-1,-1,-1,-1
594,46.0,786.6,386.1,59.4,150.3,-1,-1,-1,-1
594,45.0,385.0,425.7,71.5,197.1,-1,-1,-1,-1
594,37.0,915.3,320.8,50.4,158.0,-1,-1,-1,-1
594,35.0,104.1,422.3,80.8,171.2,-1,-1,-1,-1
594,33.0,990.9,445.9,54.0,202.5,-1,-1,-1,-1
594,30.0,687.6,389.9,83.7,148.7,-1,-1,-1,-1
594,21.0,989.1,401.6,45.0,163.6,-1,-1,-1,-1
594,13.0,464.8,320.4,73.8,158.4,-1,-1,-1,-1
594,12.0,709.6,331.0,53.1,152.3,-1,-1,-1,-1
594,11.0,886.5,387.9,70.2,186.3,-1,-1,-1,-1
594,10.0,296.3,415.1,82.4,137.0,-1,-1,-1,-1
594,4.0,802.3,422.5,63.0,197.1,-1,-1,-1,-1
594,3.0,599.8,407.9,89.1,189.2,-1,-1,-1,-1
594,2.0,230.8,330.3,54.9,147.6,-1,-1,-1,-1
595,51.0,414.9,403.6,50.4,151.2,-1,-1,-1,-1
595,50.0,591.8,349.4,62.1,160.4,-1,-1,-1,-1
595,49.0,518.4,402.5,47.7,195.1,-1,-1,-1,-1
595,47.0,1088.1,443.2,61.2,156.6,-1,-1,-1,-1
595,46.0,790.2,386.5,53.1,159.3,-1,-1,-1,-1
595,45.0,392.6,431.5,61.2,204.3,-1,-1,-1,-1
595,43.0,254.9,398.9,41.0,154.1,-1,-1,-1,-1
595,37.0,915.3,320.8,50.4,156.1,-1,-1,-1,-1
595,35.0,115.5,426.6,74.9,171.9,-1,-1,-1,-1
595,33.0,992.7,458.8,52.2,191.0,-1,-1,-1,-1
595,30.0,693.9,383.2,74.7,172.1,-1,-1,-1,-1
595,21.0,992.7,412.2,41.4,153.0,-1,-1,-1,-1
595,13.0,470.7,321.1,63.9,154.6,-1,-1,-1,-1
595,12.0,705.1,331.2,57.6,149.9,-1,-1,-1,-1
595,11.0,889.2,391.5,64.8,193.5,-1,-1,-1,-1
595,10.0,301.3,411.1,75.1,160.4,-1,-1,-1,-1
595,4.0,800.1,431.1,68.4,199.8,-1,-1,-1,-1
595,3.0,606.1,412.4,81.0,196.0,-1,-1,-1,-1
595,2.0,230.1,329.8,56.6,150.3,-1,-1,-1,-1
596,52.0,187.1,454.7,64.2,201.4,-1,-1,-1,-1
596,51.0,415.8,415.6,47.7,141.5,-1,-1,-1,-1
596,50.0,602.1,358.6,51.3,179.1,-1,-1,-1,-1
596,49.0,520.6,422.5,47.7,174.6,-1,-1,-1,-1
596,47.0,1085.4,440.1,61.2,159.3,-1,-1,-1,-1
596,46.0,787.5,400.7,54.0,154.1,-1,-1,-1,-1
596,45.0,402.7,448.4,50.0,209.0,-1,-1,-1,-1
596,43.0,255.4,409.3,34.2,145.6,-1,-1,-1,-1
596,37.0,913.9,319.5,50.8,155.2,-1,-1,-1,-1
596,35.0,140.3,436.5,53.6,161.1,-1,-1,-1,-1
596,33.0,992.7,476.5,52.2,172.8,-1,-1,-1,-1
596,30.0,712.3,391.3,52.2,192.8,-1,-1,-1,-1
596,21.0,991.8,413.5,41.4,143.1,-1,-1,-1,-1
596,13.0,464.8,320.6,73.8,155.0,-1,-1,-1,-1
596,12.0,712.8,331.4,49.5,153.7,-1,-1,-1,-1
596,11.0,891.4,408.8,52.7,184.3,-1,-1,-1,-1
596,10.0,309.8,403.0,58.0,192.4,-1,-1,-1,-1
596,4.0,810.0,447.3,65.7,198.9,-1,-1,-1,-1
596,3.0,627.3,423.9,54.0,210.6,-1,-1,-1,-1
596,2.0,230.6,328.5,56.3,149.0,-1,-1,-1,-1
597,52.0,199.5,459.0,52.5,196.2,-1,-1,-1,-1
597,51.0,417.4,415.8,47.9,140.4,-1,-1,-1,-1
597,50.0,602.1,367.6,54.0,183.1,-1,-1,-1,-1
597,49.0,513.9,423.9,54.9,172.8,-1,-1,-1,-1
597,47.0,1074.6,435.1,79.2,163.8,-1,-1,-1,-1
597,46.0,788.8,398.9,50.4,151.4,-1,-1,-1,-1
597,45.0,402.1,460.8,49.0,197.1,-1,-1,-1,-1
597,43.0,251.3,409.3,39.1,145.6,-1,-1,-1,-1
597,37.0,910.3,319.0,55.3,159.8,-1,-1,-1,-1
597,35.0,141.8,437.4,50.4,160.2,-1,-1,-1,-1
597,33.0,991.8,477.4,54.0,171.0,-1,-1,-1,-1
597,30.0,715.5,405.0,52.2,189.9,-1,-1,-1,-1
597,21.0,988.2,412.4,52.2,146.5,-1,-1,-1,-1
597,13.0,463.0,320.8,72.9,154.8,-1,-1,-1,-1
597,12.0,712.3,331.2,50.4,140.4,-1,-1,-1,-1
597,11.0,890.1,419.2,54.9,173.5,-1,-1,-1,-1
597,10.0,313.0,403.9,63.9,191.0,-1,-1,-1,-1
597,4.0,810.0,452.9,70.2,193.3,-1,-1,-1,-1
597,3.0,629.1,435.1,54.0,208.8,-1,-1,-1,-1
597,2.0,230.6,328.0,56.7,149.4,-1,-1,-1,-1
598,52.0,192.4,463.5,61.2,191.7,-1,-1,-1,-1
598,51.0,407.0,406.3,59.6,148.5,-1,-1,-1,-1
598,50.0,600.8,390.8,56.7,166.3,-1,-1,-1,-1
598,49.0,494.1,404.8,78.3,188.3,-1,-1,-1,-1
598,47.0,1056.6,430.4,109.8,166.3,-1,-1,-1,-1
598,46.0,794.2,388.3,47.7,159.3,-1,-1,-1,-1
598,45.0,392.2,472.5,58.5,185.4,-1,-1,-1,-1
598,43.0,238.9,399.8,54.5,154.1,-1,-1,-1,-1
598,37.0,911.7,319.9,54.0,157.9,-1,-1,-1,-1
598,35.0,126.0,427.7,76.5,167.6,-1,-1,-1,-1
598,33.0,991.8,470.2,54.0,177.3,-1,-1,-1,-1
598,30.0,709.6,421.9,58.5,173.9,-1,-1,-1,-1
598,21.0,972.9,399.6,84.6,138.6,-1,-1,-1,-1
598,13.0,465.7,320.8,70.2,154.4,-1,-1,-1,-1
598,12.0,711.9,331.2,50.4,148.9,-1,-1,-1,-1
598,11.0,872.5,417.1,79.6,174.6,-1,-1,-1,-1
598,10.0,312.5,414.4,71.1,180.9,-1,-1,-1,-1
598,4.0,800.1,462.6,88.2,182.7,-1,-1,-1,-1
598,3.0,625.5,456.3,56.7,187.2,-1,-1,-1,-1
598,2.0,230.6,327.6,56.3,150.8,-1,-1,-1,-1
599,52.0,182.9,457.0,76.5,197.8,-1,-1,-1,-1
599,51.0,391.0,403.2,90.9,151.2,-1,-1,-1,-1
599,50.0,593.1,391.9,65.7,173.7,-1,-1,-1,-1
599,49.0,481.0,406.3,96.3,185.4,-1,-1,-1,-1
599,47.0,1070.1,430.9,104.4,164.0,-1,-1,-1,-1
599,46.0,801.9,385.2,42.3,162.0,-1,-1,-1,-1
599,45.0,385.0,466.2,71.1,190.8,-1,-1,-1,-1
599,43.0,231.1,392.6,63.9,160.0,-1,-1,-1,-1
599,37.0,911.7,319.0,54.0,161.1,-1,-1,-1,-1
599,35.0,110.9,425.7,98.8,168.3,-1,-1,-1,-1
599,33.0,992.7,463.0,52.2,182.7,-1,-1,-1,-1
599,30.0,702.4,420.5,66.6,175.3,-1,-1,-1,-1
599,21.0,971.1,395.5,97.2,157.5,-1,-1,-1,-1
599,13.0,466.2,320.8,68.4,156.1,-1,-1,-1,-1
599,12.0,711.9,331.0,50.4,148.7,-1,-1,-1,-1
599,11.0,864.0,412.2,99.0,180.0,-1,-1,-1,-1
599,10.0,304.6,408.8,81.0,187.0,-1,-1,-1,-1
599,4.0,792.0,451.8,108.0,192.6,-1,-1,-1,-1
599,3.0,613.3,455.4,68.4,188.1,-1,-1,-1,-1
599,2.0,228.6,326.7,58.9,151.6,-1,-1,-1,-1
600,52.0,148.7,448.6,139.9,203.4,-1,-1,-1,-1
600,51.0,352.6,397.6,160.4,153.2,-1,-1,-1,-1
600,50.0,580.5,390.6,102.6,164.7,-1,-1,-1,-1
600,49.0,451.3,406.3,158.4,185.4,-1,-1,-1,-1
600,47.0,1068.3,431.1,106.2,164.7,-1,-1,-1,-1
600,46.0,775.8,383.4,72.0,160.2,-1,-1,-1,-1
600,45.0,364.0,455.8,115.6,198.0,-1,-1,-1,-1
600,43.0,222.3,387.9,78.8,162.0,-1,-1,-1,-1
600,37.0,910.8,319.5,54.0,156.1,-1,-1,-1,-1
600,35.0,91.9,423.0,127.6,169.2,-1,-1,-1,-1
600,33.0,980.1,457.2,82.8,188.1,-1,-1,-1,-1
600,30.0,688.0,411.7,92.7,183.6,-1,-1,-1,-1
600,21.0,972.0,394.4,84.6,152.8,-1,-1,-1,-1
600,13.0,471.1,320.8,63.0,153.5,-1,-1,-1,-1
600,12.0,712.8,331.2,49.5,148.0,-1,-1,-1,-1
600,11.0,838.8,407.7,146.7,182.7,-1,-1,-1,-1
600,10.0,281.9,397.3,111.6,197.1,-1,-1,-1,-1
600,4.0,772.2,448.0,145.8,191.0,-1,-1,-1,-1
600,3.0,588.6,446.4,115.2,196.2,-1,-1,-1,-1
600,2.0,229.4,326.7,57.7,149.4,-1,-1,-1,-1
601,52.0,135.4,447.7,157.3,203.4,-1,-1,-1,-1
601,51.0,374.2,398.7,115.4,153.0,-1,-1,-1,-1
601,50.0,573.3,388.8,124.2,167.4,-1,-1,-1,-1
601,49.0,458.5,404.1,150.3,187.2,-1,-1,-1,-1
601,47.0,1069.2,424.3,104.4,171.9,-1,-1,-1,-1
601,46.0,780.3,383.8,76.5,160.2,-1,-1,-1,-1
601,45.0,362.2,452.7,126.9,198.9,-1,-1,-1,-1
601,43.0,227.2,387.0,76.1,162.0,-1,-1,-1,-1
601,37.0,905.4,319.0,59.4,157.0,-1,-1,-1,-1
601,35.0,94.5,426.1,131.2,165.6,-1,-1,-1,-1
601,33.0,975.6,457.4,95.4,187.0,-1,-1,-1,-1
601,30.0,671.8,406.1,121.5,188.8,-1,-1,-1,-1
601,21.0,963.0,387.0,109.8,169.2,-1,-1,-1,-1
601,13.0,467.5,320.6,66.6,154.6,-1,-1,-1,-1
601,12.0,712.8,331.4,49.5,148.3,-1,-1,-1,-1
601,11.0,843.3,406.6,156.6,184.3,-1,-1,-1,-1
601,10.0,268.4,393.7,128.2,198.0,-1,-1,-1,-1
601,4.0,777.6,446.8,152.1,192.6,-1,-1,-1,-1
601,3.0,576.4,446.6,138.6,196.0,-1,-1,-1,-1
601,2.0,227.9,326.2,60.8,150.3,-1,-1,-1,-1
602,52.0,147.3,444.6,148.4,204.3,-1,-1,-1,-1
602,51.0,382.9,401.2,75.1,153.7,-1,-1,-1,-1
602,50.0,562.0,385.2,128.7,170.1,-1,-1,-1,-1
602,49.0,480.6,403.2,126.0,187.2,-1,-1,-1,-1
602,47.0,1070.1,428.4,108.0,167.4,-1,-1,-1,-1
602,46.0,783.0,382.0,86.4,162.9,-1,-1,-1,-1
602,45.0,358.2,433.3,138.1,216.0,-1,-1,-1,-1
602,43.0,233.3,382.3,90.9,168.5,-1,-1,-1,-1
602,37.0,903.1,318.6,62.5,158.4,-1,-1,-1,-1
602,35.0,106.5,415.1,115.0,177.1,-1,-1,-1,-1
602,33.0,966.6,456.7,117.0,187.2,-1,-1,-1,-1
602,30.0,682.6,401.8,129.6,192.6,-1,-1,-1,-1
602,21.0,963.9,387.9,108.0,175.5,-1,-1,-1,-1
602,13.0,471.1,320.8,61.2,155.7,-1,-1,-1,-1
602,12.0,712.3,331.4,50.4,152.3,-1,-1,-1,-1
602,11.0,861.3,389.2,124.2,202.5,-1,-1,-1,-1
602,10.0,259.2,390.6,141.8,199.8,-1,-1,-1,-1
602,4.0,784.8,435.6,128.7,205.2,-1,-1,-1,-1
602,3.0,566.5,445.5,156.6,195.3,-1,-1,-1,-1
602,2.0,222.4,326.2,69.2,162.5,-1,-1,-1,-1
603,52.0,145.5,427.0,145.2,222.3,-1,-1,-1,-1
603,51.0,383.4,402.3,102.1,149.4,-1,-1,-1,-1
603,50.0,567.9,379.8,131.4,176.4,-1,-1,-1,-1
603,49.0,479.7,400.5,128.7,189.9,-1,-1,-1,-1
603,47.0,1071.0,430.0,108.0,165.8,-1,-1,-1,-1
603,46.0,784.8,378.4,90.0,165.6,-1,-1,-1,-1
603,45.0,355.5,439.2,141.3,209.7,-1,-1,-1,-1
603,43.0,238.0,382.0,87.8,170.1,-1,-1,-1,-1
603,37.0,905.8,319.3,56.2,159.5,-1,-1,-1,-1
603,35.0,105.6,418.0,117.8,174.6,-1,-1,-1,-1
603,33.0,963.9,460.8,122.4,182.7,-1,-1,-1,-1
603,30.0,666.0,397.3,150.3,197.1,-1,-1,-1,-1
603,21.0,962.1,391.9,109.8,173.7,-1,-1,-1,-1
603,13.0,472.5,321.1,59.4,150.5,-1,-1,-1,-1
603,12.0,712.3,331.4,50.4,153.2,-1,-1,-1,-1
603,11.0,864.4,385.2,117.5,206.1,-1,-1,-1,-1
603,10.0,271.6,389.5,124.2,201.8,-1,-1,-1,-1
603,4.0,790.6,432.4,119.7,208.8,-1,-1,-1,-1
603,3.0,566.5,434.7,157.5,206.1,-1,-1,-1,-1
603,2.0,223.6,326.2,60.8,158.9,-1,-1,-1,-1
604,52.0,147.4,422.3,146.5,227.5,-1,-1,-1,-1
604,51.0,380.5,404.8,108.2,149.6,-1,-1,-1,-1
604,50.0,577.8,363.6,111.6,190.3,-1,-1,-1,-1
604,49.0,481.0,395.8,129.6,195.1,-1,-1,-1,-1
604,47.0,1071.9,427.5,108.0,168.3,-1,-1,-1,-1
604,46.0,787.0,378.0,90.9,165.6,-1,-1,-1,-1
604,45.0,353.2,439.6,149.4,209.7,-1,-1,-1,-1
604,43.0,247.9,386.3,76.5,166.3,-1,-1,-1,-1
604,37.0,905.8,318.8,55.3,162.7,-1,-1,-1,-1
604,35.0,103.9,420.3,119.1,172.8,-1,-1,-1,-1
604,33.0,971.1,459.9,111.6,183.6,-1,-1,-1,-1
604,30.0,679.0,390.1,135.9,204.3,-1,-1,-1,-1
604,21.0,965.7,392.8,106.2,169.2,-1,-1,-1,-1
604,13.0,473.4,321.3,59.4,152.5,-1,-1,-1,-1
604,12.0,711.9,331.0,50.4,160.9,-1,-1,-1,-1
604,11.0,868.5,381.6,111.6,209.7,-1,-1,-1,-1
604,10.0,279.0,386.1,108.4,206.1,-1,-1,-1,-1
604,4.0,807.3,440.8,74.7,200.5,-1,-1,-1,-1
604,3.0,578.2,421.9,134.1,219.8,-1,-1,-1,-1
604,2.0,223.5,324.7,65.1,160.4,-1,-1,-1,-1
605,52.0,144.6,424.3,145.2,225.0,-1,-1,-1,-1
605,51.0,378.4,403.0,111.1,152.3,-1,-1,-1,-1
605,50.0,582.3,363.4,105.3,191.5,-1,-1,-1,-1
605,49.0,482.8,400.0,125.1,190.8,-1,-1,-1,-1
605,47.0,1077.3,423.9,97.2,171.9,-1,-1,-1,-1
605,46.0,792.9,379.8,79.2,163.8,-1,-1,-1,-1
605,45.0,352.8,439.2,149.4,209.7,-1,-1,-1,-1
605,43.0,237.6,380.2,85.9,171.9,-1,-1,-1,-1
605,37.0,906.7,321.5,52.7,160.0,-1,-1,-1,-1
605,35.0,106.5,420.7,115.6,171.9,-1,-1,-1,-1
605,33.0,983.7,456.7,86.4,186.3,-1,-1,-1,-1
605,30.0,679.9,389.2,134.1,205.2,-1,-1,-1,-1
605,21.0,966.6,392.8,104.4,164.7,-1,-1,-1,-1
605,13.0,473.8,321.3,56.7,151.2,-1,-1,-1,-1
605,12.0,711.4,331.0,51.3,160.4,-1,-1,-1,-1
605,11.0,876.6,389.0,102.6,201.8,-1,-1,-1,-1
605,10.0,277.9,383.4,103.9,208.8,-1,-1,-1,-1
605,4.0,816.7,437.2,59.4,203.2,-1,-1,-1,-1
605,3.0,572.8,425.2,139.5,216.9,-1,-1,-1,-1
605,2.0,223.2,324.7,70.2,161.8,-1,-1,-1,-1
606,52.0,147.3,434.2,120.0,215.1,-1,-1,-1,-1
606,51.0,384.3,402.3,91.3,149.4,-1,-1,-1,-1
606,50.0,592.6,374.8,86.4,183.6,-1,-1,-1,-1
606,49.0,496.8,399.1,86.4,191.7,-1,-1,-1,-1
606,47.0,1099.8,423.9,52.2,170.1,-1,-1,-1,-1
606,46.0,799.6,388.3,54.9,155.7,-1,-1,-1,-1
606,45.0,372.6,443.2,126.5,206.1,-1,-1,-1,-1
606,43.0,249.7,383.6,68.4,167.2,-1,-1,-1,-1
606,37.0,905.8,320.8,53.5,167.4,-1,-1,-1,-1
606,35.0,123.6,424.1,68.4,167.6,-1,-1,-1,-1
606,33.0,993.6,458.8,52.2,182.5,-1,-1,-1,-1
606,30.0,687.6,386.5,118.8,207.0,-1,-1,-1,-1
606,21.0,988.2,395.5,64.8,157.5,-1,-1,-1,-1
606,13.0,472.5,321.1,60.3,154.6,-1,-1,-1,-1
606,12.0,711.4,331.0,51.3,158.6,-1,-1,-1,-1
606,11.0,896.8,395.3,62.5,195.1,-1,-1,-1,-1
606,10.0,283.7,379.6,83.2,212.6,-1,-1,-1,-1
606,4.0,817.6,449.8,51.3,188.3,-1,-1,-1,-1
606,3.0,565.6,436.0,150.3,205.2,-1,-1,-1,-1
606,2.0,223.0,324.9,61.2,161.1,-1,-1,-1,-1
607,52.0,147.9,437.4,105.6,212.4,-1,-1,-1,-1
607,51.0,392.2,403.9,69.5,146.9,-1,-1,-1,-1
607,50.0,602.1,381.4,63.9,172.1,-1,-1,-1,-1
607,49.0,480.1,406.1,93.6,184.3,-1,-1,-1,-1
607,47.0,1100.7,436.9,43.2,157.5,-1,-1,-1,-1
607,46.0,806.4,391.9,48.6,152.1,-1,-1,-1,-1
607,45.0,382.0,429.5,95.8,218.5,-1,-1,-1,-1
607,43.0,255.6,389.2,54.0,161.1,-1,-1,-1,-1
607,37.0,904.5,321.3,52.2,175.5,-1,-1,-1,-1
607,35.0,133.8,425.2,53.1,165.6,-1,-1,-1,-1
607,33.0,995.4,466.2,50.4,174.6,-1,-1,-1,-1
607,30.0,697.0,385.9,101.7,206.8,-1,-1,-1,-1
607,21.0,989.1,396.9,57.6,155.7,-1,-1,-1,-1
607,13.0,470.7,320.8,63.9,151.6,-1,-1,-1,-1
607,12.0,712.3,331.2,50.4,159.3,-1,-1,-1,-1
607,11.0,899.1,397.8,50.4,191.7,-1,-1,-1,-1
607,10.0,293.2,383.8,67.9,207.9,-1,-1,-1,-1
607,4.0,803.2,455.8,65.7,183.6,-1,-1,-1,-1
607,3.0,575.5,436.0,134.1,205.2,-1,-1,-1,-1
607,2.0,223.6,325.3,57.1,148.5,-1,-1,-1,-1
608,52.0,186.0,452.7,55.9,196.2,-1,-1,-1,-1
608,51.0,407.7,409.5,43.2,140.4,-1,-1,-1,-1
608,50.0,600.3,401.8,50.4,151.2,-1,-1,-1,-1
608,49.0,525.6,421.0,43.2,167.6,-1,-1,-1,-1
608,47.0,1099.8,453.1,48.6,142.2,-1,-1,-1,-1
608,46.0,812.7,415.3,48.6,129.6,-1,-1,-1,-1
608,45.0,405.2,432.0,50.0,215.1,-1,-1,-1,-1
608,43.0,259.2,397.8,50.9,153.0,-1,-1,-1,-1
608,37.0,903.1,319.9,52.6,157.5,-1,-1,-1,-1
608,35.0,144.8,443.7,38.9,147.6,-1,-1,-1,-1
608,33.0,985.5,477.0,79.2,165.6,-1,-1,-1,-1
608,30.0,714.6,391.3,58.5,198.2,-1,-1,-1,-1
608,21.0,988.2,407.9,52.2,139.7,-1,-1,-1,-1
608,13.0,472.0,321.1,63.9,152.3,-1,-1,-1,-1
608,12.0,712.3,331.2,50.4,150.8,-1,-1,-1,-1
608,11.0,898.2,425.0,61.2,165.4,-1,-1,-1,-1
608,10.0,314.1,397.8,45.0,191.7,-1,-1,-1,-1
608,4.0,814.5,464.8,68.4,178.2,-1,-1,-1,-1
608,3.0,597.6,429.7,82.8,210.6,-1,-1,-1,-1
608,2.0,223.3,324.7,55.7,153.2,-1,-1,-1,-1
609,52.0,182.6,468.0,58.2,181.8,-1,-1,-1,-1
609,50.0,608.8,406.3,44.1,146.7,-1,-1,-1,-1
609,49.0,509.8,425.5,57.6,163.1,-1,-1,-1,-1
609,47.0,1099.8,456.3,50.4,139.5,-1,-1,-1,-1
609,46.0,815.8,419.4,44.1,144.0,-1,-1,-1,-1
609,45.0,408.1,433.6,48.1,213.5,-1,-1,-1,-1
609,43.0,257.4,401.4,53.1,150.3,-1,-1,-1,-1
609,37.0,902.7,319.9,52.2,159.3,-1,-1,-1,-1
609,35.0,144.8,447.5,39.4,145.6,-1,-1,-1,-1
609,33.0,987.3,481.0,73.8,162.0,-1,-1,-1,-1
609,30.0,717.3,403.4,49.5,187.0,-1,-1,-1,-1
609,21.0,990.9,411.7,41.4,135.0,-1,-1,-1,-1
609,13.0,472.5,321.1,62.1,151.4,-1,-1,-1,-1
609,12.0,711.9,331.2,50.4,146.7,-1,-1,-1,-1
609,11.0,898.2,429.5,61.2,161.8,-1,-1,-1,-1
609,10.0,306.0,399.4,52.6,190.6,-1,-1,-1,-1
609,4.0,814.0,469.8,63.0,173.7,-1,-1,-1,-1
609,3.0,615.6,431.1,52.2,210.6,-1,-1,-1,-1
609,2.0,222.1,324.9,56.7,153.4,-1,-1,-1,-1
610,52.0,181.5,480.1,62.2,171.0,-1,-1,-1,-1
610,50.0,607.0,411.3,46.8,144.9,-1,-1,-1,-1
610,49.0,523.3,434.5,45.0,157.7,-1,-1,-1,-1
610,47.0,1103.4,458.5,43.2,137.7,-1,-1,-1,-1
610,46.0,816.3,422.1,39.6,137.7,-1,-1,-1,-1
610,45.0,400.9,473.8,55.4,173.7,-1,-1,-1,-1
610,43.0,263.7,412.6,42.8,142.2,-1,-1,-1,-1
610,37.0,901.8,319.7,52.2,163.6,-1,-1,-1,-1
610,35.0,143.3,449.5,40.0,144.0,-1,-1,-1,-1
610,33.0,995.4,485.5,52.2,159.3,-1,-1,-1,-1
610,30.0,719.5,430.6,47.7,162.0,-1,-1,-1,-1
610,21.0,989.1,418.3,41.4,141.1,-1,-1,-1,-1
610,13.0,472.5,320.8,66.6,155.2,-1,-1,-1,-1
610,12.0,711.9,331.0,50.4,147.8,-1,-1,-1,-1
610,11.0,898.6,435.8,44.5,155.9,-1,-1,-1,-1
610,10.0,313.9,401.8,43.6,192.6,-1,-1,-1,-1
610,4.0,814.0,477.0,77.4,167.4,-1,-1,-1,-1
610,3.0,612.0,457.2,62.1,185.4,-1,-1,-1,-1
610,2.0,222.3,324.9,55.8,152.5,-1,-1,-1,-1
611,52.0,189.1,480.6,51.2,171.0,-1,-1,-1,-1
611,50.0,604.8,410.4,53.1,175.5,-1,-1,-1,-1
611,49.0,523.8,436.0,44.1,156.6,-1,-1,-1,-1
611,47.0,1086.3,455.4,77.4,141.3,-1,-1,-1,-1
611,46.0,815.4,422.1,43.2,138.6,-1,-1,-1,-1
611,45.0,407.0,479.7,46.8,168.3,-1,-1,-1,-1
611,43.0,263.7,415.8,45.0,139.5,-1,-1,-1,-1
611,37.0,902.2,319.9,50.9,163.8,-1,-1,-1,-1
611,35.0,138.5,451.3,53.3,142.2,-1,-1,-1,-1
611,33.0,990.9,480.1,77.4,164.7,-1,-1,-1,-1
611,30.0,716.4,435.6,54.9,157.5,-1,-1,-1,-1
611,21.0,992.7,418.0,41.4,131.4,-1,-1,-1,-1
611,13.0,472.5,320.8,67.5,156.1,-1,-1,-1,-1
611,12.0,711.0,331.0,51.3,147.4,-1,-1,-1,-1
611,11.0,879.7,437.4,77.9,154.8,-1,-1,-1,-1
611,10.0,312.5,410.8,45.0,183.6,-1,-1,-1,-1
611,4.0,790.6,461.7,123.3,182.7,-1,-1,-1,-1
611,3.0,613.8,464.8,63.9,178.2,-1,-1,-1,-1
611,2.0,221.7,324.7,56.1,150.5,-1,-1,-1,-1
612,52.0,174.3,479.2,104.3,172.8,-1,-1,-1,-1
612,51.0,404.8,429.3,56.9,149.4,-1,-1,-1,-1
612,50.0,571.0,399.1,117.0,185.4,-1,-1,-1,-1
612,49.0,490.9,434.9,101.7,157.7,-1,-1,-1,-1
612,47.0,1093.5,445.5,72.0,151.2,-1,-1,-1,-1
612,46.0,797.8,412.6,90.9,153.9,-1,-1,-1,-1
612,45.0,392.8,476.5,83.2,171.9,-1,-1,-1,-1
612,43.0,237.6,416.7,78.7,139.5,-1,-1,-1,-1
612,37.0,900.4,320.8,53.5,155.7,-1,-1,-1,-1
612,35.0,113.1,444.6,89.6,149.4,-1,-1,-1,-1
612,33.0,948.6,466.2,145.8,179.1,-1,-1,-1,-1
612,30.0,719.1,436.0,49.5,157.5,-1,-1,-1,-1
612,21.0,953.1,412.6,82.8,135.0,-1,-1,-1,-1
612,13.0,472.0,320.8,66.6,155.7,-1,-1,-1,-1
612,12.0,710.5,331.0,52.2,147.8,-1,-1,-1,-1
612,11.0,859.9,424.8,106.7,167.4,-1,-1,-1,-1
612,10.0,307.3,421.4,75.6,173.9,-1,-1,-1,-1
612,4.0,771.7,459.2,157.0,185.2,-1,-1,-1,-1
612,3.0,608.4,471.1,78.3,172.8,-1,-1,-1,-1
612,2.0,221.8,324.9,55.8,149.8,-1,-1,-1,-1
613,52.0,171.7,474.3,126.0,178.2,-1,-1,-1,-1
613,51.0,388.1,425.0,74.5,152.8,-1,-1,-1,-1
613,50.0,575.1,389.7,85.5,162.9,-1,-1,-1,-1
613,49.0,467.1,427.0,158.4,166.5,-1,-1,-1,-1
613,47.0,1071.0,432.7,100.8,163.1,-1,-1,-1,-1
613,46.0,799.6,404.1,92.7,162.9,-1,-1,-1,-1
613,45.0,375.7,474.3,118.4,174.6,-1,-1,-1,-1
613,43.0,247.3,415.3,71.1,140.4,-1,-1,-1,-1
613,37.0,899.1,320.6,54.0,155.9,-1,-1,-1,-1
613,35.0,115.1,437.4,102.6,156.6,-1,-1,-1,-1
613,33.0,943.2,457.9,153.0,186.5,-1,-1,-1,-1
613,30.0,702.4,433.3,81.9,160.2,-1,-1,-1,-1
613,21.0,970.2,400.7,90.0,148.3,-1,-1,-1,-1
613,13.0,472.0,320.8,65.7,155.2,-1,-1,-1,-1
613,12.0,710.5,331.0,52.2,150.5,-1,-1,-1,-1
613,11.0,862.2,414.9,90.0,176.4,-1,-1,-1,-1
613,10.0,288.9,422.3,102.1,173.5,-1,-1,-1,-1
613,4.0,757.3,446.2,169.6,195.5,-1,-1,-1,-1
613,3.0,576.0,463.9,135.9,180.9,-1,-1,-1,-1
613,2.0,221.8,324.7,55.8,152.3,-1,-1,-1,-1
614,52.0,139.9,456.3,162.2,196.2,-1,-1,-1,-1
614,51.0,377.5,405.9,109.3,164.7,-1,-1,-1,-1
614,50.0,567.9,364.9,135.9,179.1,-1,-1,-1,-1
614,49.0,469.3,402.7,158.4,189.9,-1,-1,-1,-1
614,47.0,1095.3,414.7,77.4,171.2,-1,-1,-1,-1
614,46.0,797.8,384.1,98.1,163.6,-1,-1,-1,-1
614,45.0,369.0,452.2,129.1,197.1,-1,-1,-1,-1
614,43.0,214.0,400.9,118.8,154.8,-1,-1,-1,-1
614,37.0,894.1,321.5,90.5,151.0,-1,-1,-1,-1
614,35.0,104.0,416.7,118.7,174.6,-1,-1,-1,-1
614,33.0,942.3,430.0,160.2,204.5,-1,-1,-1,-1
614,30.0,670.9,421.2,137.7,172.8,-1,-1,-1,-1
614,21.0,970.2,384.5,104.4,160.0,-1,-1,-1,-1
614,13.0,470.7,320.8,60.3,152.5,-1,-1,-1,-1
614,12.0,711.9,331.2,50.4,151.2,-1,-1,-1,-1
614,11.0,843.3,396.9,149.4,185.4,-1,-1,-1,-1
614,10.0,272.7,405.2,128.7,190.6,-1,-1,-1,-1
614,4.0,756.9,426.4,169.2,198.2,-1,-1,-1,-1
614,3.0,606.6,449.8,120.6,195.1,-1,-1,-1,-1
614,2.0,221.4,324.2,56.2,147.4,-1,-1,-1,-1
615,52.0,136.6,444.4,169.4,205.4,-1,-1,-1,-1
615,50.0,567.4,349.0,137.7,195.5,-1,-1,-1,-1
615,49.0,465.7,395.1,162.0,189.0,-1,-1,-1,-1
615,47.0,1079.1,409.9,100.8,168.3,-1,-1,-1,-1
615,46.0,769.5,374.2,129.6,169.4,-1,-1,-1,-1
615,45.0,351.9,440.1,152.5,206.1,-1,-1,-1,-1
615,43.0,216.4,389.7,130.9,165.6,-1,-1,-1,-1
615,37.0,890.1,320.8,72.0,153.5,-1,-1,-1,-1
615,35.0,98.5,412.0,130.1,173.5,-1,-1,-1,-1
615,33.0,956.7,423.0,147.6,202.5,-1,-1,-1,-1
615,30.0,684.4,414.7,135.0,179.3,-1,-1,-1,-1
615,21.0,941.4,378.0,138.6,157.5,-1,-1,-1,-1
615,13.0,472.9,321.1,57.6,150.5,-1,-1,-1,-1
615,12.0,711.9,331.2,50.4,143.5,-1,-1,-1,-1
615,11.0,824.4,393.1,173.7,179.3,-1,-1,-1,-1
615,10.0,269.5,395.1,141.3,199.8,-1,-1,-1,-1
615,4.0,763.6,412.6,163.3,200.7,-1,-1,-1,-1
615,3.0,562.9,438.3,165.6,204.3,-1,-1,-1,-1
615,2.0,219.3,324.4,63.3,159.3,-1,-1,-1,-1
616,52.0,143.5,405.0,163.1,227.7,-1,-1,-1,-1
616,50.0,561.6,337.5,150.3,183.6,-1,-1,-1,-1
616,49.0,452.0,387.7,180.2,172.1,-1,-1,-1,-1
616,47.0,1044.0,405.9,151.2,152.1,-1,-1,-1,-1
616,46.0,765.0,364.5,150.3,161.6,-1,-1,-1,-1
616,45.0,351.2,414.0,158.6,212.4,-1,-1,-1,-1
616,43.0,252.4,376.9,82.4,167.6,-1,-1,-1,-1
616,37.0,884.7,320.4,106.2,177.3,-1,-1,-1,-1
616,35.0,86.3,403.6,142.6,166.5,-1,-1,-1,-1
616,33.0,944.1,416.5,153.0,178.4,-1,-1,-1,-1
616,30.0,671.4,382.7,143.1,200.5,-1,-1,-1,-1
616,21.0,939.6,373.5,140.4,136.4,-1,-1,-1,-1
616,13.0,468.9,321.1,60.3,149.6,-1,-1,-1,-1
616,12.0,711.4,331.4,52.2,141.1,-1,-1,-1,-1
616,11.0,828.9,379.3,192.6,168.3,-1,-1,-1,-1
616,10.0,256.9,379.3,165.1,203.4,-1,-1,-1,-1
616,4.0,733.5,418.5,196.2,156.6,-1,-1,-1,-1
616,3.0,570.6,401.4,157.5,224.1,-1,-1,-1,-1
616,2.0,218.1,324.4,64.5,157.5,-1,-1,-1,-1
617,52.0,146.2,420.5,160.2,200.9,-1,-1,-1,-1
617,50.0,559.8,340.6,152.1,174.6,-1,-1,-1,-1
617,49.0,450.9,382.0,175.5,161.1,-1,-1,-1,-1
617,47.0,1061.1,409.0,135.0,133.2,-1,-1,-1,-1
617,46.0,779.4,363.8,124.2,155.9,-1,-1,-1,-1
617,45.0,339.7,415.1,171.9,199.6,-1,-1,-1,-1
617,43.0,249.1,373.3,74.7,161.8,-1,-1,-1,-1
617,37.0,878.8,319.9,100.3,182.7,-1,-1,-1,-1
617,35.0,86.6,401.8,127.8,155.7,-1,-1,-1,-1
617,33.0,949.5,414.2,160.2,160.9,-1,-1,-1,-1
617,30.0,676.3,382.7,139.5,191.0,-1,-1,-1,-1
617,21.0,936.0,373.9,142.2,141.7,-1,-1,-1,-1
617,13.0,470.7,321.5,72.9,151.0,-1,-1,-1,-1
617,12.0,709.2,331.0,54.9,147.8,-1,-1,-1,-1
617,11.0,828.0,382.3,186.3,151.4,-1,-1,-1,-1
617,10.0,256.5,380.2,170.1,193.5,-1,-1,-1,-1
617,4.0,750.1,424.8,184.0,126.0,-1,-1,-1,-1
617,3.0,570.6,401.2,117.9,209.0,-1,-1,-1,-1
617,2.0,219.6,324.4,68.4,154.4,-1,-1,-1,-1
618,52.0,137.9,417.1,155.0,169.2,-1,-1,-1,-1
618,51.0,363.1,381.8,140.8,141.1,-1,-1,-1,-1
618,50.0,566.5,342.4,138.6,129.6,-1,-1,-1,-1
618,49.0,450.0,385.2,178.2,139.1,-1,-1,-1,-1
618,47.0,1055.7,419.6,147.6,99.2,-1,-1,-1,-1
618,46.0,771.7,371.2,127.8,114.3,-1,-1,-1,-1
618,45.0,346.7,410.8,163.6,162.9,-1,-1,-1,-1
618,43.0,222.5,371.2,112.5,135.5,-1,-1,-1,-1
618,37.0,879.3,320.4,86.4,156.1,-1,-1,-1,-1
618,35.0,93.4,406.6,127.8,126.2,-1,-1,-1,-1
618,33.0,936.9,425.0,187.2,103.3,-1,-1,-1,-1
618,30.0,680.4,380.2,121.5,165.6,-1,-1,-1,-1
618,21.0,946.8,377.1,133.2,103.0,-1,-1,-1,-1
618,13.0,472.9,321.3,55.8,153.9,-1,-1,-1,-1
618,12.0,708.3,330.3,57.6,159.8,-1,-1,-1,-1
618,11.0,843.7,393.1,163.4,87.5,-1,-1,-1,-1
618,10.0,265.5,369.7,135.0,174.8,-1,-1,-1,-1
618,4.0,747.9,426.1,195.3,86.4,-1,-1,-1,-1
618,3.0,567.4,408.6,143.1,160.2,-1,-1,-1,-1
618,2.0,220.6,324.4,74.6,151.6,-1,-1,-1,-1
619,52.0,128.5,417.8,175.3,151.4,-1,-1,-1,-1
619,51.0,362.0,384.3,139.3,117.4,-1,-1,-1,-1
619,50.0,576.0,346.7,125.1,117.2,-1,-1,-1,-1
619,49.0,448.2,384.5,179.1,108.2,-1,-1,-1,-1
619,47.0,1055.7,427.9,147.6,80.1,-1,-1,-1,-1
619,46.0,779.4,377.3,109.8,101.9,-1,-1,-1,-1
619,45.0,348.7,415.3,166.1,136.8,-1,-1,-1,-1
619,43.0,230.3,372.6,106.3,122.0,-1,-1,-1,-1
619,37.0,890.5,319.7,63.4,150.1,-1,-1,-1,-1
619,35.0,86.9,412.2,122.8,108.0,-1,-1,-1,-1
619,33.0,937.8,429.5,189.0,84.4,-1,-1,-1,-1
619,30.0,678.1,382.0,114.3,159.3,-1,-1,-1,-1
619,21.0,934.2,381.4,153.0,72.5,-1,-1,-1,-1
619,13.0,472.5,321.1,62.1,154.6,-1,-1,-1,-1
619,12.0,704.7,330.3,62.1,153.4,-1,-1,-1,-1
619,11.0,832.5,395.3,194.4,86.2,-1,-1,-1,-1
619,10.0,252.2,377.5,155.2,159.8,-1,-1,-1,-1
619,4.0,744.3,430.2,195.3,83.7,-1,-1,-1,-1
619,3.0,561.1,411.1,152.1,138.8,-1,-1,-1,-1
619,2.0,219.9,324.0,69.9,151.2,-1,-1,-1,-1
620,52.0,116.8,426.4,192.8,104.2,-1,-1,-1,-1
620,51.0,356.6,388.6,130.7,82.6,-1,-1,-1,-1
620,50.0,603.4,351.4,85.5,110.2,-1,-1,-1,-1
620,49.0,458.8,388.8,189.2,75.1,-1,-1,-1,-1
620,47.0,1059.3,434.7,140.4,73.8,-1,-1,-1,-1
620,46.0,770.8,394.2,109.8,64.4,-1,-1,-1,-1
620,45.0,336.6,425.5,185.4,80.3,-1,-1,-1,-1
620,43.0,209.7,377.8,112.9,104.6,-1,-1,-1,-1
620,37.0,895.9,318.1,57.2,159.7,-1,-1,-1,-1
620,35.0,89.5,423.9,127.6,76.5,-1,-1,-1,-1
620,33.0,940.5,434.2,181.8,80.1,-1,-1,-1,-1
620,30.0,679.0,403.4,131.4,68.2,-1,-1,-1,-1
620,21.0,939.6,383.6,145.8,74.2,-1,-1,-1,-1
620,13.0,473.8,320.8,54.0,151.2,-1,-1,-1,-1
620,12.0,705.1,330.3,57.6,139.5,-1,-1,-1,-1
620,10.0,251.3,396.7,162.0,91.1,-1,-1,-1,-1
620,4.0,738.9,436.9,196.2,75.6,-1,-1,-1,-1
620,3.0,558.9,414.7,159.3,83.0,-1,-1,-1,-1
620,2.0,218.9,324.4,70.6,144.4,-1,-1,-1,-1
621,52.0,129.3,434.5,187.5,76.7,-1,-1,-1,-1
621,51.0,364.0,389.2,120.6,88.6,-1,-1,-1,-1
621,49.0,456.7,394.6,198.0,78.7,-1,-1,-1,-1
621,47.0,1059.3,435.8,136.8,84.8,-1,-1,-1,-1
621,45.0,335.7,430.2,192.1,69.3,-1,-1,-1,-1
621,43.0,203.4,380.9,118.3,105.5,-1,-1,-1,-1
621,37.0,881.1,319.9,69.3,151.2,-1,-1,-1,-1
621,35.0,91.6,429.3,119.2,81.9,-1,-1,-1,-1
621,33.0,940.5,433.8,180.0,91.8,-1,-1,-1,-1
621,30.0,676.8,408.4,138.6,64.6,-1,-1,-1,-1
621,21.0,931.5,384.1,171.0,82.6,-1,-1,-1,-1
621,13.0,473.8,321.3,54.0,148.0,-1,-1,-1,-1
621,12.0,705.1,329.8,58.5,141.3,-1,-1,-1,-1
621,10.0,235.1,403.0,173.7,73.6,-1,-1,-1,-1
621,4.0,732.6,436.3,209.7,78.5,-1,-1,-1,-1
621,3.0,564.3,418.5,150.3,78.8,-1,-1,-1,-1
621,2.0,216.9,324.4,73.8,151.6,-1,-1,-1,-1
622,52.0,117.2,439.0,203.4,90.2,-1,-1,-1,-1
622,51.0,375.1,387.7,128.0,92.5,-1,-1,-1,-1
622,49.0,451.6,394.0,184.3,80.3,-1,-1,-1,-1
622,47.0,1062.0,433.3,142.2,121.5,-1,-1,-1,-1
622,45.0,330.3,432.0,198.0,72.0,-1,-1,-1,-1
622,43.0,204.3,382.9,116.5,103.5,-1,-1,-1,-1
622,37.0,874.3,320.2,93.1,155.9,-1,-1,-1,-1
622,35.0,94.6,429.7,110.7,105.3,-1,-1,-1,-1
622,33.0,940.5,434.2,169.2,133.2,-1,-1,-1,-1
622,30.0,660.1,412.0,174.6,60.1,-1,-1,-1,-1
622,21.0,948.6,383.4,133.2,126.4,-1,-1,-1,-1
622,13.0,473.8,320.8,54.0,150.8,-1,-1,-1,-1
622,12.0,710.1,330.3,53.1,143.5,-1,-1,-1,-1
622,10.0,250.6,414.0,161.5,59.4,-1,-1,-1,-1
622,4.0,733.0,427.5,202.0,136.8,-1,-1,-1,-1
622,3.0,564.8,424.1,157.5,77.2,-1,-1,-1,-1
622,2.0,220.2,324.9,60.2,152.5,-1,-1,-1,-1
623,52.0,112.3,438.5,210.8,116.3,-1,-1,-1,-1
623,51.0,374.4,386.1,127.3,107.1,-1,-1,-1,-1
623,49.0,451.6,392.6,182.9,87.5,-1,-1,-1,-1
623,47.0,1056.6,434.7,149.4,140.4,-1,-1,-1,-1
623,45.0,325.6,435.1,207.2,81.0,-1,-1,-1,-1
623,43.0,209.4,383.2,109.7,114.1,-1,-1,-1,-1
623,37.0,875.2,319.7,85.0,165.4,-1,-1,-1,-1
623,35.0,79.5,428.2,125.9,124.0,-1,-1,-1,-1
623,33.0,936.0,432.7,167.4,159.5,-1,-1,-1,-1
623,30.0,661.9,410.8,178.2,68.4,-1,-1,-1,-1
623,21.0,946.8,384.3,127.8,117.0,-1,-1,-1,-1
623,13.0,473.8,321.3,54.0,148.0,-1,-1,-1,-1
623,12.0,712.3,330.7,52.2,146.2,-1,-1,-1,-1
623,11.0,840.6,395.5,153.9,141.3,-1,-1,-1,-1
623,10.0,256.9,416.7,156.1,65.2,-1,-1,-1,-1
623,4.0,747.4,423.7,172.8,161.8,-1,-1,-1,-1
623,3.0,560.2,423.0,165.6,79.2,-1,-1,-1,-1
623,2.0,220.9,324.7,59.4,154.1,-1,-1,-1,-1
624,52.0,131.6,437.8,187.0,148.5,-1,-1,-1,-1
624,51.0,366.1,391.0,130.7,132.3,-1,-1,-1,-1
624,50.0,568.3,357.3,145.8,141.8,-1,-1,-1,-1
624,49.0,465.7,391.7,164.7,147.4,-1,-1,-1,-1
624,47.0,1071.9,435.6,118.8,159.3,-1,-1,-1,-1
624,45.0,333.4,425.7,191.2,142.2,-1,-1,-1,-1
624,43.0,231.5,384.7,112.5,137.7,-1,-1,-1,-1
624,37.0,895.0,320.2,55.3,169.0,-1,-1,-1,-1
624,35.0,107.7,427.9,86.5,162.9,-1,-1,-1,-1
624,33.0,941.4,432.9,158.4,198.0,-1,-1,-1,-1
624,30.0,657.4,408.6,153.0,112.5,-1,-1,-1,-1
624,21.0,972.9,390.6,77.4,151.2,-1,-1,-1,-1
624,13.0,468.4,321.3,74.7,153.0,-1,-1,-1,-1
624,12.0,702.9,330.3,72.9,149.8,-1,-1,-1,-1
624,11.0,851.4,389.7,120.6,178.2,-1,-1,-1,-1
624,10.0,261.4,414.2,144.5,115.0,-1,-1,-1,-1
624,4.0,783.9,432.7,105.3,192.8,-1,-1,-1,-1
624,3.0,555.3,422.3,191.7,107.3,-1,-1,-1,-1
624,2.0,221.7,324.4,60.4,155.2,-1,-1,-1,-1
625,52.0,142.2,437.8,174.8,165.6,-1,-1,-1,-1
625,50.0,569.2,358.0,143.1,139.7,-1,-1,-1,-1
625,49.0,452.7,391.9,169.2,171.9,-1,-1,-1,-1
625,47.0,1084.5,439.9,88.2,155.0,-1,-1,-1,-1
625,46.0,777.6,392.6,96.3,150.5,-1,-1,-1,-1
625,45.0,344.2,422.5,166.1,166.5,-1,-1,-1,-1
625,43.0,239.8,388.1,83.2,148.3,-1,-1,-1,-1
625,37.0,895.5,320.6,54.0,160.4,-1,-1,-1,-1
625,35.0,117.0,432.7,74.5,168.5,-1,-1,-1,-1
625,33.0,939.6,444.4,156.6,197.8,-1,-1,-1,-1
625,30.0,652.9,407.2,184.5,140.4,-1,-1,-1,-1
625,21.0,974.7,396.7,73.8,154.1,-1,-1,-1,-1
625,13.0,464.4,320.8,74.7,148.5,-1,-1,-1,-1
625,12.0,704.2,330.7,63.0,149.4,-1,-1,-1,-1
625,11.0,859.9,400.0,93.2,181.8,-1,-1,-1,-1
625,10.0,268.4,409.0,150.8,134.1,-1,-1,-1,-1
625,4.0,796.9,437.4,68.4,202.5,-1,-1,-1,-1
625,3.0,549.4,421.6,195.3,133.2,-1,-1,-1,-1
625,2.0,221.4,324.4,59.9,153.9,-1,-1,-1,-1
626,52.0,169.4,447.7,135.5,197.1,-1,-1,-1,-1
626,50.0,568.3,367.9,144.9,169.9,-1,-1,-1,-1
626,49.0,493.6,398.5,117.9,195.1,-1,-1,-1,-1
626,47.0,1096.2,442.3,68.4,153.0,-1,-1,-1,-1
626,46.0,791.1,399.8,72.9,167.6,-1,-1,-1,-1
626,45.0,384.1,416.7,126.2,211.5,-1,-1,-1,-1
626,43.0,246.1,403.6,62.1,155.7,-1,-1,-1,-1
626,37.0,895.5,320.2,54.0,170.8,-1,-1,-1,-1
626,35.0,108.3,441.4,94.4,158.4,-1,-1,-1,-1
626,33.0,964.8,460.6,106.2,184.3,-1,-1,-1,-1
626,30.0,678.1,410.8,137.7,179.1,-1,-1,-1,-1
626,21.0,989.1,407.2,43.2,144.9,-1,-1,-1,-1
626,13.0,469.3,321.1,65.7,155.9,-1,-1,-1,-1
626,12.0,711.4,330.3,51.3,145.3,-1,-1,-1,-1
626,11.0,875.2,414.9,70.7,180.9,-1,-1,-1,-1
626,10.0,289.1,398.7,90.0,183.6,-1,-1,-1,-1
626,4.0,804.6,460.1,54.9,186.1,-1,-1,-1,-1
626,3.0,569.2,431.5,158.4,165.6,-1,-1,-1,-1
626,2.0,220.7,324.2,58.1,152.8,-1,-1,-1,-1
627,52.0,174.5,454.9,97.3,198.9,-1,-1,-1,-1
627,50.0,583.2,382.5,101.7,165.6,-1,-1,-1,-1
627,49.0,503.5,405.9,93.6,191.7,-1,-1,-1,-1
627,47.0,1095.3,436.7,63.0,157.7,-1,-1,-1,-1
627,46.0,799.6,402.7,57.6,166.5,-1,-1,-1,-1
627,45.0,370.6,422.1,115.4,217.8,-1,-1,-1,-1
627,43.0,249.1,408.1,55.8,151.2,-1,-1,-1,-1
627,37.0,895.0,319.9,55.3,160.6,-1,-1,-1,-1
627,35.0,119.7,439.0,62.8,160.4,-1,-1,-1,-1
627,33.0,978.3,468.0,86.4,177.3,-1,-1,-1,-1
627,30.0,669.1,413.8,141.3,178.4,-1,-1,-1,-1
627,21.0,986.4,404.3,46.8,151.4,-1,-1,-1,-1
627,13.0,466.2,320.8,68.4,153.9,-1,-1,-1,-1
627,12.0,712.3,330.3,50.4,147.6,-1,-1,-1,-1
627,11.0,879.3,419.8,63.0,176.4,-1,-1,-1,-1
627,10.0,294.8,397.6,77.8,200.9,-1,-1,-1,-1
627,4.0,801.0,469.8,63.9,177.3,-1,-1,-1,-1
627,3.0,566.1,437.4,160.2,180.9,-1,-1,-1,-1
627,2.0,220.8,324.0,57.7,154.4,-1,-1,-1,-1
628,52.0,182.9,470.7,108.0,183.6,-1,-1,-1,-1
628,50.0,599.8,393.3,90.0,163.8,-1,-1,-1,-1
628,49.0,513.0,422.1,72.9,175.5,-1,-1,-1,-1
628,47.0,1100.7,429.7,57.6,162.0,-1,-1,-1,-1
628,46.0,805.5,392.8,43.2,158.4,-1,-1,-1,-1
628,45.0,389.2,452.2,81.0,194.4,-1,-1,-1,-1
628,43.0,246.4,407.2,47.3,152.1,-1,-1,-1,-1
628,37.0,896.4,320.2,54.0,158.6,-1,-1,-1,-1
628,35.0,125.3,426.6,63.7,171.9,-1,-1,-1,-1
628,33.0,996.3,470.2,61.2,174.6,-1,-1,-1,-1
628,30.0,693.9,419.6,90.0,173.5,-1,-1,-1,-1
628,21.0,981.9,391.3,59.4,156.8,-1,-1,-1,-1
628,13.0,469.8,320.6,71.1,154.1,-1,-1,-1,-1
628,12.0,711.9,330.5,50.4,151.4,-1,-1,-1,-1
628,11.0,889.6,424.3,51.8,171.9,-1,-1,-1,-1
628,10.0,302.6,410.6,63.0,190.6,-1,-1,-1,-1
628,4.0,803.2,466.2,64.8,180.0,-1,-1,-1,-1
628,3.0,601.6,456.3,95.4,189.9,-1,-1,-1,-1
628,2.0,220.6,324.2,57.9,149.6,-1,-1,-1,-1
629,52.0,181.3,470.7,109.3,183.6,-1,-1,-1,-1
629,50.0,608.4,393.7,73.8,154.8,-1,-1,-1,-1
629,49.0,516.1,422.1,58.5,174.6,-1,-1,-1,-1
629,47.0,1101.6,427.3,55.8,163.6,-1,-1,-1,-1
629,46.0,805.0,387.9,42.3,161.1,-1,-1,-1,-1
629,45.0,393.5,455.4,74.9,190.8,-1,-1,-1,-1
629,43.0,248.8,402.7,44.6,157.5,-1,-1,-1,-1
629,37.0,895.9,319.9,54.5,155.7,-1,-1,-1,-1
629,35.0,123.6,423.0,64.8,174.6,-1,-1,-1,-1
629,33.0,995.4,466.2,59.4,178.2,-1,-1,-1,-1
629,30.0,698.4,419.4,77.4,173.7,-1,-1,-1,-1
629,21.0,981.0,386.8,66.6,155.9,-1,-1,-1,-1
629,13.0,469.8,320.8,67.5,152.5,-1,-1,-1,-1
629,12.0,711.9,330.7,50.4,151.6,-1,-1,-1,-1
629,11.0,891.0,419.6,51.3,176.2,-1,-1,-1,-1
629,10.0,305.5,415.3,60.3,185.4,-1,-1,-1,-1
629,4.0,805.0,462.6,58.5,181.8,-1,-1,-1,-1
629,3.0,610.2,464.8,81.9,180.9,-1,-1,-1,-1
629,2.0,220.8,324.0,57.3,153.5,-1,-1,-1,-1
630,52.0,182.9,461.2,90.2,191.7,-1,-1,-1,-1
630,50.0,617.4,387.4,51.3,150.3,-1,-1,-1,-1
630,49.0,519.3,409.0,46.8,183.6,-1,-1,-1,-1
630,47.0,1099.8,426.1,52.2,164.7,-1,-1,-1,-1
630,46.0,804.6,381.6,42.3,162.9,-1,-1,-1,-1
630,45.0,397.3,463.5,64.8,181.8,-1,-1,-1,-1
630,43.0,245.5,389.9,51.7,166.3,-1,-1,-1,-1
630,37.0,896.4,321.1,54.0,156.8,-1,-1,-1,-1
630,35.0,121.2,421.6,59.6,174.6,-1,-1,-1,-1
630,33.0,995.4,455.4,57.6,188.1,-1,-1,-1,-1
630,30.0,711.4,410.8,53.1,180.9,-1,-1,-1,-1
630,21.0,984.6,381.4,54.0,156.8,-1,-1,-1,-1
630,13.0,468.0,320.8,67.5,154.8,-1,-1,-1,-1
630,12.0,712.8,330.7,49.5,150.3,-1,-1,-1,-1
630,11.0,891.9,409.3,48.6,182.9,-1,-1,-1,-1
630,10.0,305.1,402.7,69.8,197.1,-1,-1,-1,-1
630,4.0,808.6,448.9,52.2,191.0,-1,-1,-1,-1
630,3.0,612.9,468.0,71.1,178.2,-1,-1,-1,-1
630,2.0,220.4,324.2,59.1,156.4,-1,-1,-1,-1
631,52.0,185.4,457.0,84.4,195.1,-1,-1,-1,-1
631,50.0,619.6,384.3,48.6,153.9,-1,-1,-1,-1
631,49.0,519.3,402.1,45.9,188.3,-1,-1,-1,-1
631,47.0,1099.8,427.3,52.2,163.1,-1,-1,-1,-1
631,46.0,804.1,380.9,42.3,164.0,-1,-1,-1,-1
631,45.0,401.2,458.3,59.4,186.1,-1,-1,-1,-1
631,43.0,250.6,386.5,47.7,165.6,-1,-1,-1,-1
631,37.0,896.4,321.1,54.0,155.0,-1,-1,-1,-1
631,35.0,122.1,423.0,54.2,173.7,-1,-1,-1,-1
631,33.0,998.1,453.6,54.0,186.3,-1,-1,-1,-1
631,30.0,711.0,406.8,50.4,182.7,-1,-1,-1,-1
631,21.0,983.7,380.0,61.2,157.7,-1,-1,-1,-1
631,13.0,467.1,320.8,69.3,153.5,-1,-1,-1,-1
631,12.0,712.8,331.2,49.5,148.9,-1,-1,-1,-1
631,11.0,891.9,408.6,47.7,181.8,-1,-1,-1,-1
631,10.0,300.6,396.4,80.6,202.5,-1,-1,-1,-1
631,4.0,810.0,447.1,50.4,190.6,-1,-1,-1,-1
631,3.0,613.3,463.0,64.8,181.8,-1,-1,-1,-1
631,2.0,220.3,324.2,59.9,153.7,-1,-1,-1,-1
632,52.0,193.4,454.5,64.2,192.6,-1,-1,-1,-1
632,51.0,405.2,399.8,48.1,142.0,-1,-1,-1,-1
632,50.0,621.0,371.9,45.9,152.8,-1,-1,-1,-1
632,49.0,520.2,402.3,43.2,188.1,-1,-1,-1,-1
632,47.0,1099.8,429.1,48.6,161.8,-1,-1,-1,-1
632,46.0,800.5,381.1,44.1,162.0,-1,-1,-1,-1
632,45.0,408.4,449.5,52.4,193.5,-1,-1,-1,-1
632,43.0,254.7,384.1,47.7,164.0,-1,-1,-1,-1
632,37.0,896.4,320.8,54.0,154.4,-1,-1,-1,-1
632,35.0,128.7,426.6,45.7,171.0,-1,-1,-1,-1
632,33.0,997.2,450.4,54.0,187.2,-1,-1,-1,-1
632,30.0,712.3,406.3,47.7,181.8,-1,-1,-1,-1
632,21.0,983.7,379.3,48.6,156.2,-1,-1,-1,-1
632,13.0,470.2,321.1,63.0,152.8,-1,-1,-1,-1
632,12.0,713.2,331.0,49.5,149.6,-1,-1,-1,-1
632,11.0,891.0,407.5,47.7,181.1,-1,-1,-1,-1
632,10.0,288.7,383.8,99.4,209.7,-1,-1,-1,-1
632,4.0,810.9,443.7,48.6,190.8,-1,-1,-1,-1
632,3.0,618.3,460.8,58.5,181.8,-1,-1,-1,-1
632,2.0,220.2,324.0,59.5,158.0,-1,-1,-1,-1
633,52.0,196.2,450.4,60.7,195.3,-1,-1,-1,-1
633,50.0,620.5,372.1,45.0,147.6,-1,-1,-1,-1
633,49.0,520.2,402.3,43.2,187.2,-1,-1,-1,-1
633,47.0,1100.7,429.7,46.8,161.1,-1,-1,-1,-1
633,46.0,800.1,382.9,44.1,164.7,-1,-1,-1,-1
633,45.0,410.6,452.0,51.1,193.3,-1,-1,-1,-1
633,43.0,254.5,384.1,48.2,164.9,-1,-1,-1,-1
633,37.0,896.4,321.3,54.0,156.1,-1,-1,-1,-1
633,35.0,132.2,427.0,41.8,170.1,-1,-1,-1,-1
633,33.0,999.0,450.9,52.2,187.2,-1,-1,-1,-1
633,30.0,712.3,406.1,45.9,183.4,-1,-1,-1,-1
633,21.0,983.7,380.2,43.2,157.1,-1,-1,-1,-1
633,13.0,468.0,320.8,66.6,152.5,-1,-1,-1,-1
633,12.0,712.8,331.2,49.5,148.9,-1,-1,-1,-1
633,11.0,890.5,409.5,48.1,179.1,-1,-1,-1,-1
633,10.0,282.4,384.1,92.7,209.0,-1,-1,-1,-1
633,4.0,810.9,443.5,48.6,190.6,-1,-1,-1,-1
633,3.0,620.1,457.4,54.9,184.3,-1,-1,-1,-1
633,2.0,220.4,323.8,59.7,160.9,-1,-1,-1,-1
634,52.0,200.1,448.9,56.6,195.5,-1,-1,-1,-1
634,50.0,622.3,372.4,43.2,153.2,-1,-1,-1,-1
634,49.0,519.8,402.3,43.2,188.1,-1,-1,-1,-1
634,47.0,1103.4,427.0,43.2,163.8,-1,-1,-1,-1
634,46.0,800.1,385.2,43.2,161.1,-1,-1,-1,-1
634,45.0,414.4,450.4,46.4,195.3,-1,-1,-1,-1
634,43.0,256.0,386.1,48.6,163.8,-1,-1,-1,-1
634,37.0,896.4,320.8,54.0,154.8,-1,-1,-1,-1
634,35.0,132.6,425.9,40.9,169.9,-1,-1,-1,-1
634,33.0,998.1,452.2,52.2,184.5,-1,-1,-1,-1
634,30.0,711.4,397.8,45.9,191.7,-1,-1,-1,-1
634,21.0,981.9,385.2,43.2,153.0,-1,-1,-1,-1
634,13.0,469.3,321.1,64.8,152.3,-1,-1,-1,-1
634,12.0,712.3,331.0,50.4,149.6,-1,-1,-1,-1
634,11.0,889.2,411.7,48.6,177.3,-1,-1,-1,-1
634,10.0,290.7,383.4,87.3,209.7,-1,-1,-1,-1
634,4.0,810.9,445.5,49.5,188.1,-1,-1,-1,-1
634,3.0,621.4,454.9,50.4,183.6,-1,-1,-1,-1
634,2.0,219.8,324.0,61.2,158.0,-1,-1,-1,-1
635,53.0,408.4,402.1,45.0,164.9,-1,-1,-1,-1
635,52.0,200.6,448.9,55.5,195.5,-1,-1,-1,-1
635,50.0,618.3,376.9,47.7,152.3,-1,-1,-1,-1
635,49.0,520.2,405.9,42.3,184.5,-1,-1,-1,-1
635,47.0,1101.6,426.4,50.4,163.1,-1,-1,-1,-1
635,46.0,800.1,386.8,43.2,160.4,-1,-1,-1,-1
635,45.0,415.3,450.9,46.4,194.4,-1,-1,-1,-1
635,43.0,259.2,387.9,45.5,162.0,-1,-1,-1,-1
635,37.0,896.4,321.1,54.0,153.2,-1,-1,-1,-1
635,35.0,132.3,423.7,40.9,171.2,-1,-1,-1,-1
635,33.0,998.1,453.6,52.2,183.6,-1,-1,-1,-1
635,30.0,711.4,396.4,45.9,192.6,-1,-1,-1,-1
635,21.0,980.1,390.4,41.4,150.5,-1,-1,-1,-1
635,13.0,469.3,320.8,65.7,152.1,-1,-1,-1,-1
635,12.0,712.3,331.2,50.4,147.6,-1,-1,-1,-1
635,11.0,887.4,416.7,52.2,172.8,-1,-1,-1,-1
635,10.0,266.6,384.5,115.6,208.6,-1,-1,-1,-1
635,4.0,810.9,446.4,50.4,188.1,-1,-1,-1,-1
635,3.0,621.4,454.3,50.4,184.3,-1,-1,-1,-1
635,2.0,219.7,323.8,61.1,160.4,-1,-1,-1,-1
636,53.0,408.6,400.3,45.9,167.2,-1,-1,-1,-1
636,52.0,202.8,447.7,53.4,196.2,-1,-1,-1,-1
636,50.0,621.4,378.7,43.2,148.7,-1,-1,-1,-1
636,49.0,518.8,406.8,44.1,183.6,-1,-1,-1,-1
636,47.0,1099.8,430.6,55.8,158.4,-1,-1,-1,-1
636,46.0,804.1,389.7,40.5,159.3,-1,-1,-1,-1
636,45.0,415.8,451.6,46.8,193.7,-1,-1,-1,-1
636,43.0,261.4,391.3,43.6,158.6,-1,-1,-1,-1
636,37.0,896.8,321.1,53.5,154.6,-1,-1,-1,-1
636,35.0,132.6,423.9,40.9,171.9,-1,-1,-1,-1
636,33.0,998.1,454.7,52.2,183.4,-1,-1,-1,-1
636,30.0,711.4,415.1,45.9,172.6,-1,-1,-1,-1
636,21.0,981.0,399.1,43.2,143.1,-1,-1,-1,-1
636,13.0,467.1,320.6,69.3,153.2,-1,-1,-1,-1
636,12.0,712.8,331.0,49.5,150.5,-1,-1,-1,-1
636,11.0,884.7,418.0,58.5,171.9,-1,-1,-1,-1
636,10.0,285.3,394.6,97.6,198.9,-1,-1,-1,-1
636,4.0,810.9,450.9,53.1,184.5,-1,-1,-1,-1
636,3.0,621.4,454.0,50.4,184.5,-1,-1,-1,-1
636,2.0,219.7,324.0,59.5,156.1,-1,-1,-1,-1
637,53.0,407.7,397.6,46.8,163.1,-1,-1,-1,-1
637,52.0,202.7,448.0,53.1,195.5,-1,-1,-1,-1
637,50.0,622.3,380.9,44.1,147.4,-1,-1,-1,-1
637,49.0,518.8,411.3,46.8,179.1,-1,-1,-1,-1
637,47.0,1098.9,434.0,63.0,155.0,-1,-1,-1,-1
637,46.0,803.7,390.1,44.1,162.0,-1,-1,-1,-1
637,45.0,416.2,451.3,46.8,193.5,-1,-1,-1,-1
637,43.0,263.7,392.6,39.1,157.7,-1,-1,-1,-1
637,37.0,896.4,320.6,54.0,155.9,-1,-1,-1,-1
637,35.0,132.3,423.9,40.9,171.9,-1,-1,-1,-1
637,33.0,998.1,455.2,52.2,182.5,-1,-1,-1,-1
637,30.0,710.5,412.2,46.8,172.8,-1,-1,-1,-1
637,21.0,981.9,398.0,39.6,144.7,-1,-1,-1,-1
637,13.0,467.5,320.6,67.5,153.2,-1,-1,-1,-1
637,12.0,712.8,331.0,49.5,146.9,-1,-1,-1,-1
637,11.0,876.6,417.6,67.5,171.9,-1,-1,-1,-1
637,10.0,305.1,397.8,77.9,196.2,-1,-1,-1,-1
637,4.0,810.4,451.8,62.1,183.6,-1,-1,-1,-1
637,3.0,619.6,456.5,52.2,182.5,-1,-1,-1,-1
637,2.0,219.9,323.8,58.6,155.9,-1,-1,-1,-1
638,52.0,202.7,453.1,53.6,191.7,-1,-1,-1,-1
638,50.0,619.2,384.3,48.6,139.0,-1,-1,-1,-1
638,49.0,513.9,415.3,59.4,175.5,-1,-1,-1,-1
638,47.0,1099.8,438.7,61.2,152.1,-1,-1,-1,-1
638,46.0,783.0,389.7,80.1,160.2,-1,-1,-1,-1
638,45.0,416.0,455.4,47.5,188.1,-1,-1,-1,-1
638,43.0,262.3,394.6,38.2,155.7,-1,-1,-1,-1
638,37.0,896.8,321.1,53.5,152.3,-1,-1,-1,-1
638,35.0,128.2,424.3,46.6,171.9,-1,-1,-1,-1
638,33.0,992.7,454.5,57.6,183.6,-1,-1,-1,-1
638,30.0,707.8,413.8,50.4,173.5,-1,-1,-1,-1
638,21.0,979.2,395.3,46.8,139.3,-1,-1,-1,-1
638,13.0,467.1,320.8,68.4,152.5,-1,-1,-1,-1
638,12.0,712.8,331.0,49.5,149.6,-1,-1,-1,-1
638,11.0,870.7,417.6,72.5,165.6,-1,-1,-1,-1
638,10.0,301.7,402.7,79.2,192.6,-1,-1,-1,-1
638,4.0,789.7,448.9,90.9,182.9,-1,-1,-1,-1
638,3.0,618.3,455.4,54.0,183.6,-1,-1,-1,-1
638,2.0,220.3,323.5,58.0,159.3,-1,-1,-1,-1
639,52.0,197.8,454.9,60.5,189.9,-1,-1,-1,-1
639,50.0,609.8,380.9,66.6,148.7,-1,-1,-1,-1
639,49.0,510.3,417.4,69.3,173.9,-1,-1,-1,-1
639,47.0,1100.7,439.6,59.4,151.2,-1,-1,-1,-1
639,46.0,788.8,387.9,73.8,158.4,-1,-1,-1,-1
639,45.0,415.1,458.3,49.7,186.1,-1,-1,-1,-1
639,43.0,259.0,394.6,50.4,155.7,-1,-1,-1,-1
639,37.0,896.8,321.1,53.5,151.4,-1,-1,-1,-1
639,35.0,124.5,426.4,57.1,170.8,-1,-1,-1,-1
639,33.0,982.8,452.2,68.4,185.4,-1,-1,-1,-1
639,30.0,706.0,414.2,54.9,173.5,-1,-1,-1,-1
639,21.0,956.7,392.4,82.8,140.4,-1,-1,-1,-1
639,13.0,468.0,320.6,66.6,152.3,-1,-1,-1,-1
639,12.0,712.8,331.0,49.5,147.8,-1,-1,-1,-1
639,11.0,866.7,417.4,80.1,164.0,-1,-1,-1,-1
639,10.0,302.8,402.3,79.6,192.6,-1,-1,-1,-1
639,4.0,788.8,448.4,90.9,178.4,-1,-1,-1,-1
639,3.0,616.5,457.0,56.7,182.5,-1,-1,-1,-1
639,2.0,220.3,323.5,58.0,156.6,-1,-1,-1,-1
640,52.0,178.9,453.6,107.1,190.8,-1,-1,-1,-1
640,51.0,403.6,392.4,50.8,137.7,-1,-1,-1,-1
640,50.0,594.0,375.3,105.3,144.0,-1,-1,-1,-1
640,49.0,504.0,419.4,85.5,171.9,-1,-1,-1,-1
640,47.0,1090.8,439.0,61.2,151.4,-1,-1,-1,-1
640,46.0,795.6,385.4,68.4,148.3,-1,-1,-1,-1
640,45.0,409.0,464.4,66.1,180.0,-1,-1,-1,-1
640,43.0,259.0,391.7,46.4,156.8,-1,-1,-1,-1
640,37.0,895.5,320.8,54.0,153.0,-1,-1,-1,-1
640,35.0,118.6,427.7,73.8,169.0,-1,-1,-1,-1
640,33.0,963.9,450.9,86.4,181.8,-1,-1,-1,-1
640,30.0,693.4,414.9,81.0,171.9,-1,-1,-1,-1
640,21.0,969.3,387.4,66.6,148.5,-1,-1,-1,-1
640,13.0,468.0,320.8,69.3,152.5,-1,-1,-1,-1
640,12.0,712.3,330.7,49.5,148.5,-1,-1,-1,-1
640,11.0,869.4,417.6,78.3,157.5,-1,-1,-1,-1
640,10.0,316.6,403.4,62.5,188.8,-1,-1,-1,-1
640,4.0,786.6,446.4,82.8,175.5,-1,-1,-1,-1
640,3.0,612.0,453.4,70.2,184.7,-1,-1,-1,-1
640,2.0,220.4,324.0,58.4,154.4,-1,-1,-1,-1
641,52.0,172.2,454.5,115.1,187.2,-1,-1,-1,-1
641,51.0,404.1,393.7,51.8,137.7,-1,-1,-1,-1
641,50.0,589.9,377.8,106.2,139.7,-1,-1,-1,-1
641,49.0,502.2,420.3,90.0,170.1,-1,-1,-1,-1
641,47.0,1088.1,438.3,61.2,152.1,-1,-1,-1,-1
641,46.0,797.4,385.0,61.2,146.0,-1,-1,-1,-1
641,45.0,401.8,465.3,87.3,179.1,-1,-1,-1,-1
641,43.0,256.7,388.8,50.9,157.5,-1,-1,-1,-1
641,37.0,895.9,321.1,53.5,152.8,-1,-1,-1,-1
641,35.0,123.1,426.1,69.3,169.2,-1,-1,-1,-1
641,33.0,962.1,450.4,86.4,180.0,-1,-1,-1,-1
641,30.0,688.9,414.9,90.9,169.2,-1,-1,-1,-1
641,21.0,932.4,386.1,108.0,145.8,-1,-1,-1,-1
641,13.0,469.3,320.8,66.6,153.9,-1,-1,-1,-1
641,12.0,712.3,331.0,49.5,147.8,-1,-1,-1,-1
641,11.0,871.2,412.2,72.9,160.2,-1,-1,-1,-1
641,10.0,319.0,402.3,60.8,186.3,-1,-1,-1,-1
641,4.0,786.6,445.7,77.4,173.5,-1,-1,-1,-1
641,3.0,608.8,452.0,76.5,185.2,-1,-1,-1,-1
641,2.0,220.3,324.0,59.4,156.1,-1,-1,-1,-1
642,52.0,166.7,455.4,121.5,181.8,-1,-1,-1,-1
642,51.0,405.2,401.2,53.5,130.7,-1,-1,-1,-1
642,50.0,592.2,384.5,95.4,143.8,-1,-1,-1,-1
642,49.0,499.5,421.2,90.9,164.7,-1,-1,-1,-1
642,47.0,1083.6,435.6,63.0,149.4,-1,-1,-1,-1
642,46.0,795.6,387.9,54.9,140.9,-1,-1,-1,-1
642,45.0,390.8,462.6,108.7,181.8,-1,-1,-1,-1
642,43.0,255.1,387.0,65.7,153.9,-1,-1,-1,-1
642,37.0,897.3,321.1,52.2,153.2,-1,-1,-1,-1
642,35.0,118.7,424.1,77.8,167.2,-1,-1,-1,-1
642,33.0,959.4,453.4,86.4,167.6,-1,-1,-1,-1
642,30.0,686.7,414.4,92.7,164.7,-1,-1,-1,-1
642,21.0,935.1,386.8,104.4,143.3,-1,-1,-1,-1
642,13.0,470.2,321.1,66.6,152.8,-1,-1,-1,-1
642,12.0,712.3,331.0,49.5,153.2,-1,-1,-1,-1
642,11.0,873.9,401.2,69.3,167.2,-1,-1,-1,-1
642,10.0,319.3,403.4,63.4,179.8,-1,-1,-1,-1
642,4.0,792.4,429.7,70.2,181.8,-1,-1,-1,-1
642,3.0,603.0,452.7,80.1,179.1,-1,-1,-1,-1
642,2.0,219.7,323.8,61.5,160.4,-1,-1,-1,-1
643,52.0,167.8,456.1,117.0,176.6,-1,-1,-1,-1
643,51.0,409.7,406.8,52.0,125.1,-1,-1,-1,-1
643,50.0,613.3,386.5,86.4,153.0,-1,-1,-1,-1
643,49.0,500.4,421.9,90.0,161.8,-1,-1,-1,-1
643,47.0,1083.6,436.0,61.2,146.7,-1,-1,-1,-1
643,46.0,792.9,387.7,56.7,140.6,-1,-1,-1,-1
643,45.0,389.7,463.0,112.0,176.4,-1,-1,-1,-1
643,43.0,255.1,386.8,70.2,152.8,-1,-1,-1,-1
643,37.0,897.3,320.8,52.2,154.4,-1,-1,-1,-1
643,35.0,117.7,423.0,77.4,165.6,-1,-1,-1,-1
643,33.0,960.3,456.1,84.6,162.7,-1,-1,-1,-1
643,30.0,684.4,414.0,94.5,162.9,-1,-1,-1,-1
643,21.0,936.0,388.1,102.6,141.1,-1,-1,-1,-1
643,13.0,470.2,320.8,63.9,152.5,-1,-1,-1,-1
643,12.0,712.8,330.3,49.5,152.1,-1,-1,-1,-1
643,11.0,874.8,401.8,65.7,165.6,-1,-1,-1,-1
643,10.0,319.3,406.6,64.3,173.9,-1,-1,-1,-1
643,4.0,793.3,427.7,70.2,180.2,-1,-1,-1,-1
643,3.0,602.5,454.9,79.2,174.6,-1,-1,-1,-1
643,2.0,219.8,323.5,62.6,158.8,-1,-1,-1,-1
644,52.0,174.7,454.7,109.7,173.9,-1,-1,-1,-1
644,51.0,410.6,415.6,48.6,116.8,-1,-1,-1,-1
644,50.0,615.1,379.3,72.0,151.2,-1,-1,-1,-1
644,49.0,502.2,422.3,84.6,160.9,-1,-1,-1,-1
644,47.0,1092.6,439.2,52.2,139.5,-1,-1,-1,-1
644,46.0,795.6,396.2,52.2,133.9,-1,-1,-1,-1
644,45.0,389.7,450.4,113.9,180.9,-1,-1,-1,-1
644,43.0,251.1,390.1,78.3,146.7,-1,-1,-1,-1
644,37.0,896.8,321.1,52.6,154.1,-1,-1,-1,-1
644,35.0,118.7,422.8,74.5,160.4,-1,-1,-1,-1
644,33.0,965.7,462.6,84.6,152.1,-1,-1,-1,-1
644,30.0,685.3,402.3,94.5,168.3,-1,-1,-1,-1
644,21.0,953.1,395.5,81.0,132.3,-1,-1,-1,-1
644,13.0,468.9,320.8,65.7,158.0,-1,-1,-1,-1
644,12.0,714.6,329.6,48.6,153.2,-1,-1,-1,-1
644,11.0,874.8,415.6,63.0,151.4,-1,-1,-1,-1
644,10.0,316.1,402.7,75.6,174.6,-1,-1,-1,-1
644,4.0,797.8,447.3,68.4,160.2,-1,-1,-1,-1
644,3.0,602.1,464.8,78.3,160.2,-1,-1,-1,-1
644,2.0,219.6,323.8,60.3,155.9,-1,-1,-1,-1
645,52.0,176.2,459.4,110.2,169.2,-1,-1,-1,-1
645,51.0,410.4,415.1,49.5,116.3,-1,-1,-1,-1
645,50.0,618.8,379.8,61.2,151.6,-1,-1,-1,-1
645,49.0,507.1,422.8,79.2,159.5,-1,-1,-1,-1
645,47.0,1092.6,440.5,52.2,135.9,-1,-1,-1,-1
645,46.0,794.2,405.0,53.1,125.1,-1,-1,-1,-1
645,45.0,391.9,446.4,109.4,182.7,-1,-1,-1,-1
645,43.0,254.9,394.0,75.6,144.2,-1,-1,-1,-1
645,37.0,896.8,320.8,52.6,158.9,-1,-1,-1,-1
645,35.0,119.5,424.1,73.6,157.7,-1,-1,-1,-1
645,33.0,963.9,468.4,86.4,145.8,-1,-1,-1,-1
645,30.0,683.1,404.5,98.1,164.7,-1,-1,-1,-1
645,21.0,940.5,399.8,75.6,126.7,-1,-1,-1,-1
645,13.0,467.5,320.8,68.4,157.5,-1,-1,-1,-1
645,12.0,715.0,329.6,48.6,153.2,-1,-1,-1,-1
645,11.0,874.8,425.5,63.0,141.5,-1,-1,-1,-1
645,10.0,314.8,396.2,81.9,181.6,-1,-1,-1,-1
645,4.0,788.4,461.7,74.7,145.8,-1,-1,-1,-1
645,3.0,601.2,476.1,79.2,149.4,-1,-1,-1,-1
645,2.0,219.8,323.8,60.3,154.6,-1,-1,-1,-1
646,52.0,182.5,477.9,111.6,150.3,-1,-1,-1,-1
646,51.0,405.4,409.9,56.7,122.4,-1,-1,-1,-1
646,50.0,622.3,398.7,49.5,137.7,-1,-1,-1,-1
646,49.0,501.3,425.7,90.9,153.9,-1,-1,-1,-1
646,47.0,1084.5,449.5,61.2,127.8,-1,-1,-1,-1
646,46.0,793.3,414.2,51.3,123.5,-1,-1,-1,-1
646,45.0,394.4,450.0,106.9,177.3,-1,-1,-1,-1
646,43.0,262.3,405.9,47.7,132.3,-1,-1,-1,-1
646,37.0,897.3,320.8,52.2,159.3,-1,-1,-1,-1
646,35.0,122.3,432.9,69.3,150.3,-1,-1,-1,-1
646,33.0,959.4,478.8,91.8,135.0,-1,-1,-1,-1
646,30.0,684.9,421.4,101.7,145.6,-1,-1,-1,-1
646,21.0,974.7,411.3,48.6,125.1,-1,-1,-1,-1
646,13.0,467.1,320.8,68.4,153.9,-1,-1,-1,-1
646,12.0,715.9,329.8,49.5,144.9,-1,-1,-1,-1
646,11.0,869.4,453.8,69.3,114.1,-1,-1,-1,-1
646,10.0,309.1,407.5,97.6,167.6,-1,-1,-1,-1
646,4.0,788.8,463.9,82.8,144.0,-1,-1,-1,-1
646,3.0,602.5,488.7,85.5,136.8,-1,-1,-1,-1
646,2.0,220.0,323.8,58.0,155.0,-1,-1,-1,-1
647,52.0,182.0,481.5,106.2,146.7,-1,-1,-1,-1
647,51.0,403.0,406.3,80.3,204.3,-1,-1,-1,-1
647,50.0,621.4,412.4,63.9,134.8,-1,-1,-1,-1
647,49.0,494.1,427.5,99.0,149.4,-1,-1,-1,-1
647,47.0,1080.0,454.5,66.6,123.3,-1,-1,-1,-1
647,46.0,784.8,413.8,60.3,119.5,-1,-1,-1,-1
647,45.0,394.6,458.8,103.5,168.5,-1,-1,-1,-1
647,43.0,263.2,407.7,53.5,130.5,-1,-1,-1,-1
647,37.0,896.8,321.1,53.5,156.8,-1,-1,-1,-1
647,35.0,131.4,437.8,57.1,146.7,-1,-1,-1,-1
647,33.0,957.6,479.7,99.0,134.1,-1,-1,-1,-1
647,30.0,683.5,429.5,96.3,135.2,-1,-1,-1,-1
647,21.0,968.4,414.2,48.6,126.2,-1,-1,-1,-1
647,13.0,467.1,320.6,71.1,154.1,-1,-1,-1,-1
647,12.0,714.6,329.6,52.2,148.7,-1,-1,-1,-1
647,11.0,864.4,454.3,75.2,113.6,-1,-1,-1,-1
647,10.0,303.3,420.3,109.4,155.7,-1,-1,-1,-1
647,4.0,796.0,460.6,65.7,146.9,-1,-1,-1,-1
647,3.0,598.0,492.3,91.8,133.2,-1,-1,-1,-1
647,2.0,220.0,323.5,58.0,155.7,-1,-1,-1,-1
648,52.0,184.9,478.8,102.6,149.4,-1,-1,-1,-1
648,51.0,402.5,398.2,84.4,223.2,-1,-1,-1,-1
648,50.0,616.5,417.8,58.5,156.8,-1,-1,-1,-1
648,49.0,508.9,432.9,89.1,142.2,-1,-1,-1,-1
648,47.0,1075.5,465.7,72.0,112.5,-1,-1,-1,-1
648,46.0,797.4,401.4,40.5,126.9,-1,-1,-1,-1
648,45.0,400.7,474.7,95.6,152.1,-1,-1,-1,-1
648,43.0,260.3,411.3,48.1,126.9,-1,-1,-1,-1
648,37.0,896.8,320.8,52.6,155.7,-1,-1,-1,-1
648,35.0,125.7,447.3,79.4,137.7,-1,-1,-1,-1
648,33.0,978.3,475.2,88.2,138.6,-1,-1,-1,-1
648,30.0,693.4,439.6,72.0,125.1,-1,-1,-1,-1
648,21.0,976.5,411.7,46.8,133.2,-1,-1,-1,-1
648,13.0,467.5,320.6,73.8,157.7,-1,-1,-1,-1
648,12.0,706.9,328.9,61.2,151.2,-1,-1,-1,-1
648,11.0,877.5,440.3,63.0,128.0,-1,-1,-1,-1
648,10.0,310.0,449.3,107.5,126.7,-1,-1,-1,-1
648,4.0,799.6,443.9,51.3,163.1,-1,-1,-1,-1
648,3.0,587.7,485.5,104.4,141.3,-1,-1,-1,-1
648,2.0,220.0,323.8,58.0,155.0,-1,-1,-1,-1
649,52.0,188.0,474.7,95.1,153.9,-1,-1,-1,-1
649,51.0,404.8,393.7,78.5,142.2,-1,-1,-1,-1
649,50.0,618.3,413.5,55.8,158.4,-1,-1,-1,-1
649,49.0,512.1,436.7,91.8,138.4,-1,-1,-1,-1
649,47.0,1079.1,461.7,72.0,116.1,-1,-1,-1,-1
649,46.0,798.7,397.8,41.4,131.4,-1,-1,-1,-1
649,45.0,399.8,490.0,88.9,136.8,-1,-1,-1,-1
649,43.0,262.3,411.3,42.3,126.9,-1,-1,-1,-1
649,37.0,896.8,321.1,52.6,154.6,-1,-1,-1,-1
649,35.0,125.5,447.1,78.1,138.4,-1,-1,-1,-1
649,33.0,977.4,473.4,93.6,140.4,-1,-1,-1,-1
649,30.0,695.2,440.1,73.8,125.1,-1,-1,-1,-1
649,21.0,976.5,409.9,43.2,129.6,-1,-1,-1,-1
649,13.0,467.5,320.6,71.1,156.4,-1,-1,-1,-1
649,12.0,709.2,328.9,58.5,151.2,-1,-1,-1,-1
649,11.0,885.1,435.6,48.1,133.2,-1,-1,-1,-1
649,10.0,318.4,448.9,85.0,127.1,-1,-1,-1,-1
649,4.0,800.1,441.9,50.4,165.6,-1,-1,-1,-1
649,3.0,593.5,478.3,93.6,148.5,-1,-1,-1,-1
649,2.0,220.2,323.8,57.9,155.0,-1,-1,-1,-1
650,52.0,198.7,470.7,71.1,158.4,-1,-1,-1,-1
650,51.0,407.7,435.4,94.9,92.5,-1,-1,-1,-1
650,50.0,622.3,402.3,46.8,163.8,-1,-1,-1,-1
650,49.0,515.2,441.0,90.9,134.1,-1,-1,-1,-1
650,47.0,1092.6,454.3,66.6,123.5,-1,-1,-1,-1
650,46.0,798.7,393.7,43.2,136.8,-1,-1,-1,-1
650,45.0,404.8,475.2,66.8,151.2,-1,-1,-1,-1
650,43.0,256.0,409.5,47.2,128.7,-1,-1,-1,-1
650,37.0,896.8,321.1,53.5,153.7,-1,-1,-1,-1
650,35.0,130.5,447.7,60.1,137.7,-1,-1,-1,-1
650,33.0,975.6,451.6,90.0,161.8,-1,-1,-1,-1
650,30.0,711.9,429.3,47.7,135.9,-1,-1,-1,-1
650,21.0,974.7,407.0,46.8,149.6,-1,-1,-1,-1
650,13.0,468.0,320.4,68.4,159.3,-1,-1,-1,-1
650,12.0,713.2,328.9,54.9,150.3,-1,-1,-1,-1
650,11.0,884.2,406.8,49.0,161.1,-1,-1,-1,-1
650,10.0,321.1,439.9,67.0,136.1,-1,-1,-1,-1
650,4.0,800.5,404.5,52.2,202.5,-1,-1,-1,-1
650,3.0,614.7,471.6,52.2,155.7,-1,-1,-1,-1
650,2.0,220.0,324.0,58.5,150.3,-1,-1,-1,-1
651,52.0,202.4,464.4,70.8,164.7,-1,-1,-1,-1
651,51.0,406.3,435.4,135.0,84.4,-1,-1,-1,-1
651,50.0,623.2,396.2,45.0,135.2,-1,-1,-1,-1
651,49.0,517.9,438.7,72.0,135.9,-1,-1,-1,-1
651,47.0,1090.8,449.8,55.8,128.0,-1,-1,-1,-1
651,46.0,797.8,369.4,40.5,161.1,-1,-1,-1,-1
651,45.0,416.9,468.0,52.4,158.4,-1,-1,-1,-1
651,43.0,256.5,391.5,45.4,146.7,-1,-1,-1,-1
651,37.0,896.4,321.1,54.0,153.2,-1,-1,-1,-1
651,35.0,125.0,450.4,64.8,135.0,-1,-1,-1,-1
651,33.0,974.7,419.2,79.2,193.7,-1,-1,-1,-1
651,30.0,711.4,424.3,46.8,140.4,-1,-1,-1,-1
651,21.0,973.8,380.7,45.0,147.6,-1,-1,-1,-1
651,13.0,470.7,320.6,66.6,157.7,-1,-1,-1,-1
651,12.0,713.7,328.5,54.9,153.9,-1,-1,-1,-1
651,11.0,883.3,393.1,52.6,174.8,-1,-1,-1,-1
651,10.0,321.7,432.0,59.4,144.0,-1,-1,-1,-1
651,4.0,799.6,376.6,54.0,230.4,-1,-1,-1,-1
651,3.0,614.2,449.1,53.1,177.3,-1,-1,-1,-1
651,2.0,219.6,323.8,58.9,155.9,-1,-1,-1,-1
652,52.0,202.9,440.8,58.1,188.3,-1,-1,-1,-1
652,51.0,410.8,433.1,110.7,70.4,-1,-1,-1,-1
652,50.0,622.8,351.4,45.9,179.6,-1,-1,-1,-1
652,49.0,493.2,436.7,84.6,138.4,-1,-1,-1,-1
652,47.0,1089.9,413.5,57.6,163.8,-1,-1,-1,-1
652,45.0,419.8,454.9,65.2,171.9,-1,-1,-1,-1
652,43.0,258.1,387.0,51.8,151.2,-1,-1,-1,-1
652,37.0,896.8,320.8,52.6,154.8,-1,-1,-1,-1
652,35.0,128.2,419.4,61.2,165.6,-1,-1,-1,-1
652,33.0,957.6,439.4,73.8,171.2,-1,-1,-1,-1
652,30.0,711.4,397.1,48.6,167.6,-1,-1,-1,-1
652,21.0,958.5,365.6,59.4,152.8,-1,-1,-1,-1
652,13.0,464.8,320.6,78.3,165.4,-1,-1,-1,-1
652,12.0,717.3,328.9,50.4,145.8,-1,-1,-1,-1
652,11.0,877.5,405.7,63.9,161.8,-1,-1,-1,-1
652,10.0,332.3,427.0,49.0,149.4,-1,-1,-1,-1
652,4.0,793.8,402.7,58.5,191.7,-1,-1,-1,-1
652,3.0,609.3,445.0,54.9,180.9,-1,-1,-1,-1
652,2.0,220.0,324.0,57.6,152.1,-1,-1,-1,-1
653,52.0,202.2,461.7,63.1,167.4,-1,-1,-1,-1
653,51.0,418.7,430.0,99.2,81.2,-1,-1,-1,-1
653,50.0,610.2,340.0,62.1,190.6,-1,-1,-1,-1
653,49.0,518.4,411.7,57.6,162.0,-1,-1,-1,-1
653,47.0,1084.5,399.4,63.0,178.4,-1,-1,-1,-1
653,45.0,418.5,433.6,57.1,193.7,-1,-1,-1,-1
653,43.0,257.4,411.3,49.5,126.0,-1,-1,-1,-1
653,37.0,896.8,321.1,71.5,157.7,-1,-1,-1,-1
653,35.0,126.9,437.4,62.6,147.6,-1,-1,-1,-1
653,33.0,962.1,384.7,64.8,215.1,-1,-1,-1,-1
653,30.0,711.0,401.6,48.6,163.1,-1,-1,-1,-1
653,21.0,960.3,381.1,59.4,134.1,-1,-1,-1,-1
653,13.0,469.3,320.8,68.4,158.9,-1,-1,-1,-1
653,12.0,716.8,329.2,50.4,146.0,-1,-1,-1,-1
653,11.0,879.3,439.2,97.2,120.6,-1,-1,-1,-1
653,10.0,333.2,412.4,50.0,163.6,-1,-1,-1,-1
653,4.0,790.6,405.4,63.9,174.6,-1,-1,-1,-1
653,3.0,605.2,466.6,59.4,159.3,-1,-1,-1,-1
653,2.0,219.9,324.0,57.9,150.8,-1,-1,-1,-1
654,52.0,201.3,498.1,66.5,119.7,-1,-1,-1,-1
654,51.0,419.2,406.1,96.5,116.3,-1,-1,-1,-1
654,50.0,607.5,310.3,71.1,212.2,-1,-1,-1,-1
654,49.0,526.0,411.5,52.2,163.6,-1,-1,-1,-1
654,47.0,1066.5,420.5,81.0,154.6,-1,-1,-1,-1
654,45.0,415.3,464.8,68.4,162.9,-1,-1,-1,-1
654,43.0,262.8,428.8,42.8,101.7,-1,-1,-1,-1
654,37.0,896.4,321.3,54.0,159.8,-1,-1,-1,-1
654,35.0,122.4,475.6,60.5,104.4,-1,-1,-1,-1
654,33.0,935.1,468.9,88.2,101.7,-1,-1,-1,-1
654,30.0,706.9,384.5,52.2,180.2,-1,-1,-1,-1
654,21.0,956.7,407.5,57.6,84.8,-1,-1,-1,-1
654,13.0,466.6,320.6,72.9,162.7,-1,-1,-1,-1
654,12.0,708.3,328.9,56.7,148.9,-1,-1,-1,-1
654,11.0,881.1,438.7,65.7,93.6,-1,-1,-1,-1
654,10.0,327.4,399.4,60.8,176.2,-1,-1,-1,-1
654,4.0,785.7,469.3,76.5,110.7,-1,-1,-1,-1
654,3.0,603.0,461.2,63.9,141.3,-1,-1,-1,-1
654,2.0,220.0,323.8,58.0,151.4,-1,-1,-1,-1
655,52.0,194.8,486.4,72.9,117.9,-1,-1,-1,-1
655,51.0,430.6,406.1,84.6,117.7,-1,-1,-1,-1
655,50.0,610.6,311.4,71.1,195.3,-1,-1,-1,-1
655,49.0,526.5,436.3,53.1,137.0,-1,-1,-1,-1
655,47.0,1061.1,446.8,86.4,120.6,-1,-1,-1,-1
655,43.0,262.8,427.0,50.4,95.4,-1,-1,-1,-1
655,37.0,895.5,321.3,54.0,157.0,-1,-1,-1,-1
655,35.0,120.6,474.3,58.7,98.1,-1,-1,-1,-1
655,33.0,936.9,468.9,84.6,100.8,-1,-1,-1,-1
655,30.0,707.8,409.3,52.2,154.1,-1,-1,-1,-1
655,21.0,929.7,407.2,84.6,84.6,-1,-1,-1,-1
655,13.0,468.0,320.6,69.3,160.0,-1,-1,-1,-1
655,12.0,714.1,329.4,49.5,149.8,-1,-1,-1,-1
655,11.0,879.7,435.8,67.0,99.2,-1,-1,-1,-1
655,10.0,325.6,410.8,69.8,164.7,-1,-1,-1,-1
655,4.0,784.3,421.4,79.2,167.2,-1,-1,-1,-1
655,3.0,601.6,478.3,67.5,116.1,-1,-1,-1,-1
655,2.0,219.8,323.8,58.1,153.7,-1,-1,-1,-1
656,52.0,184.3,501.3,84.6,102.6,-1,-1,-1,-1
656,51.0,437.4,406.8,78.3,117.0,-1,-1,-1,-1
656,50.0,599.4,337.9,90.9,131.4,-1,-1,-1,-1
656,49.0,522.9,448.2,54.9,104.4,-1,-1,-1,-1
656,47.0,1057.5,447.3,84.6,102.6,-1,-1,-1,-1
656,43.0,259.0,420.7,54.0,101.7,-1,-1,-1,-1
656,37.0,896.4,321.1,54.0,152.3,-1,-1,-1,-1
656,35.0,114.5,466.2,67.5,108.9,-1,-1,-1,-1
656,33.0,943.2,436.9,75.6,148.5,-1,-1,-1,-1
656,30.0,697.0,383.6,63.9,156.8,-1,-1,-1,-1
656,21.0,936.0,405.7,79.2,71.3,-1,-1,-1,-1
656,13.0,469.8,320.8,65.7,153.5,-1,-1,-1,-1
656,12.0,708.7,329.2,54.0,152.3,-1,-1,-1,-1
656,11.0,876.6,424.6,72.9,122.6,-1,-1,-1,-1
656,10.0,327.1,434.2,77.4,126.0,-1,-1,-1,-1
656,4.0,783.9,405.0,81.0,184.5,-1,-1,-1,-1
656,3.0,597.1,476.5,72.0,127.8,-1,-1,-1,-1
656,2.0,221.2,323.8,56.7,150.5,-1,-1,-1,-1
657,52.0,183.9,494.1,84.3,109.8,-1,-1,-1,-1
657,51.0,446.4,406.1,69.3,118.6,-1,-1,-1,-1
657,50.0,594.0,336.8,101.7,112.0,-1,-1,-1,-1
657,49.0,522.9,449.5,59.4,99.9,-1,-1,-1,-1
657,47.0,1059.3,448.0,81.0,91.6,-1,-1,-1,-1
657,43.0,253.6,422.5,63.5,103.5,-1,-1,-1,-1
657,37.0,896.4,320.6,54.0,159.1,-1,-1,-1,-1
657,35.0,108.6,472.0,62.8,63.0,-1,-1,-1,-1
657,33.0,945.0,429.7,75.6,157.5,-1,-1,-1,-1
657,30.0,697.0,429.7,64.8,95.4,-1,-1,-1,-1
657,13.0,471.1,320.8,63.9,153.0,-1,-1,-1,-1
657,12.0,711.4,328.5,50.4,153.9,-1,-1,-1,-1
657,11.0,876.1,407.5,74.2,141.1,-1,-1,-1,-1
657,10.0,327.8,431.1,77.4,117.9,-1,-1,-1,-1
657,4.0,783.9,403.9,81.0,186.1,-1,-1,-1,-1
657,3.0,593.5,463.5,78.3,139.5,-1,-1,-1,-1
657,2.0,221.1,323.8,56.6,150.5,-1,-1,-1,-1
658,52.0,184.0,468.9,83.7,135.0,-1,-1,-1,-1
658,51.0,447.3,406.1,72.0,118.1,-1,-1,-1,-1
658,50.0,604.8,350.8,81.0,119.5,-1,-1,-1,-1
658,49.0,516.1,437.6,73.8,112.7,-1,-1,-1,-1
658,47.0,1057.5,443.7,84.6,109.8,-1,-1,-1,-1
658,45.0,392.8,472.0,104.0,140.4,-1,-1,-1,-1
658,43.0,252.4,413.5,64.8,112.5,-1,-1,-1,-1
658,37.0,895.0,320.8,58.0,158.0,-1,-1,-1,-1
658,35.0,102.0,467.5,89.8,108.0,-1,-1,-1,-1
658,33.0,944.1,401.6,75.6,186.1,-1,-1,-1,-1
658,30.0,690.3,423.7,79.2,112.7,-1,-1,-1,-1
658,13.0,472.0,320.8,66.6,156.6,-1,-1,-1,-1
658,12.0,711.0,328.0,50.4,157.5,-1,-1,-1,-1
658,11.0,875.7,372.1,76.5,175.9,-1,-1,-1,-1
658,10.0,328.9,434.2,77.9,110.7,-1,-1,-1,-1
658,4.0,782.1,405.0,82.8,184.5,-1,-1,-1,-1
658,3.0,593.1,412.0,79.2,191.0,-1,-1,-1,-1
658,2.0,220.8,323.8,56.8,152.3,-1,-1,-1,-1
659,52.0,184.5,452.2,83.0,151.2,-1,-1,-1,-1
659,51.0,446.8,404.8,71.1,119.0,-1,-1,-1,-1
659,50.0,611.1,355.9,67.5,83.7,-1,-1,-1,-1
659,49.0,483.3,431.3,107.1,119.0,-1,-1,-1,-1
659,47.0,1055.7,446.2,88.2,111.4,-1,-1,-1,-1
659,45.0,393.5,433.3,100.1,179.1,-1,-1,-1,-1
659,43.0,252.2,410.8,65.2,115.2,-1,-1,-1,-1
659,37.0,891.0,321.3,59.4,156.6,-1,-1,-1,-1
659,35.0,108.4,464.8,83.0,110.7,-1,-1,-1,-1
659,33.0,943.2,400.0,77.4,187.2,-1,-1,-1,-1
659,30.0,691.2,418.0,79.2,126.9,-1,-1,-1,-1
659,13.0,469.8,320.8,65.7,154.4,-1,-1,-1,-1
659,12.0,711.4,327.8,49.5,146.5,-1,-1,-1,-1
659,11.0,876.1,363.1,76.0,184.9,-1,-1,-1,-1
659,10.0,328.9,434.2,80.1,117.0,-1,-1,-1,-1
659,4.0,782.5,387.0,81.9,202.5,-1,-1,-1,-1
659,3.0,594.4,418.5,77.4,184.5,-1,-1,-1,-1
659,2.0,220.8,323.8,57.3,151.4,-1,-1,-1,-1
660,52.0,184.4,411.3,82.9,191.7,-1,-1,-1,-1
660,51.0,436.7,406.1,79.0,115.4,-1,-1,-1,-1
660,50.0,607.9,310.5,63.0,182.7,-1,-1,-1,-1
660,49.0,510.3,401.8,80.1,148.5,-1,-1,-1,-1
660,47.0,1054.8,435.8,86.4,121.3,-1,-1,-1,-1
660,45.0,393.5,433.1,90.2,179.8,-1,-1,-1,-1
660,43.0,251.3,391.5,66.6,134.1,-1,-1,-1,-1
660,37.0,895.0,321.1,54.4,155.0,-1,-1,-1,-1
660,35.0,100.1,444.1,91.6,131.4,-1,-1,-1,-1
660,33.0,944.1,398.9,75.6,188.8,-1,-1,-1,-1
660,30.0,693.0,400.5,79.2,148.5,-1,-1,-1,-1
660,13.0,473.4,320.8,61.2,151.6,-1,-1,-1,-1
660,12.0,710.5,327.8,50.4,160.0,-1,-1,-1,-1
660,11.0,875.7,379.6,75.6,167.6,-1,-1,-1,-1
660,10.0,330.7,419.4,80.6,132.3,-1,-1,-1,-1
660,4.0,783.9,433.3,76.5,156.6,-1,-1,-1,-1
660,3.0,594.4,410.2,74.7,192.8,-1,-1,-1,-1
660,2.0,220.8,323.5,57.3,144.9,-1,-1,-1,-1
661,52.0,184.3,401.8,84.1,201.6,-1,-1,-1,-1
661,51.0,442.3,434.5,74.7,87.5,-1,-1,-1,-1
661,50.0,611.1,311.8,57.6,174.1,-1,-1,-1,-1
661,49.0,513.9,391.9,75.6,158.4,-1,-1,-1,-1
661,47.0,1049.4,433.8,79.2,123.3,-1,-1,-1,-1
661,45.0,393.3,412.6,88.2,199.8,-1,-1,-1,-1
661,43.0,251.1,387.4,67.5,138.6,-1,-1,-1,-1
661,37.0,896.4,321.3,59.4,154.3,-1,-1,-1,-1
661,35.0,105.0,442.8,86.6,132.3,-1,-1,-1,-1
661,33.0,941.4,405.4,79.2,180.9,-1,-1,-1,-1
661,30.0,693.0,396.7,80.1,152.8,-1,-1,-1,-1
661,13.0,472.0,320.8,64.8,153.5,-1,-1,-1,-1
661,12.0,711.0,327.8,52.2,150.5,-1,-1,-1,-1
661,11.0,875.7,381.1,73.8,165.6,-1,-1,-1,-1
661,10.0,333.2,411.3,79.6,139.5,-1,-1,-1,-1
661,4.0,786.6,422.5,68.4,159.3,-1,-1,-1,-1
661,3.0,594.0,436.7,73.8,166.3,-1,-1,-1,-1
661,2.0,221.1,323.5,57.0,143.1,-1,-1,-1,-1
662,52.0,183.7,406.3,82.7,196.2,-1,-1,-1,-1
662,51.0,456.3,437.4,59.4,84.6,-1,-1,-1,-1
662,50.0,615.6,348.7,53.1,108.9,-1,-1,-1,-1
662,49.0,522.0,411.3,62.1,138.6,-1,-1,-1,-1
662,47.0,1046.7,417.8,73.8,139.3,-1,-1,-1,-1
662,46.0,787.9,372.6,45.0,138.1,-1,-1,-1,-1
662,45.0,393.7,476.5,86.0,136.8,-1,-1,-1,-1
662,43.0,251.8,387.4,67.0,138.1,-1,-1,-1,-1
662,37.0,896.4,321.3,54.0,155.2,-1,-1,-1,-1
662,35.0,100.0,441.4,91.1,134.1,-1,-1,-1,-1
662,33.0,940.5,405.2,66.6,170.8,-1,-1,-1,-1
662,30.0,693.4,396.4,79.2,153.0,-1,-1,-1,-1
662,13.0,469.8,320.8,66.6,151.6,-1,-1,-1,-1
662,12.0,712.3,327.6,51.3,149.4,-1,-1,-1,-1
662,11.0,880.2,419.8,61.2,119.7,-1,-1,-1,-1
662,10.0,330.5,369.2,83.7,181.6,-1,-1,-1,-1
662,4.0,785.7,463.9,72.9,110.7,-1,-1,-1,-1
662,3.0,603.9,467.5,56.7,122.4,-1,-1,-1,-1
662,2.0,220.8,323.5,57.0,148.5,-1,-1,-1,-1
663,52.0,188.5,421.2,74.5,180.0,-1,-1,-1,-1
663,51.0,456.7,439.6,59.4,84.6,-1,-1,-1,-1
663,50.0,614.7,367.6,53.1,123.7,-1,-1,-1,-1
663,49.0,523.3,436.0,57.6,113.4,-1,-1,-1,-1
663,47.0,1038.6,416.0,77.4,140.6,-1,-1,-1,-1
663,46.0,787.0,387.0,47.7,123.8,-1,-1,-1,-1
663,45.0,400.3,479.2,74.0,126.9,-1,-1,-1,-1
663,43.0,251.3,391.0,67.5,134.5,-1,-1,-1,-1
663,37.0,896.4,321.3,57.6,154.8,-1,-1,-1,-1
663,35.0,103.6,453.1,86.6,121.5,-1,-1,-1,-1
663,33.0,939.6,426.1,64.8,137.7,-1,-1,-1,-1
663,30.0,693.9,404.1,78.3,144.9,-1,-1,-1,-1
663,13.0,472.0,320.8,63.9,153.0,-1,-1,-1,-1
663,12.0,713.2,327.8,50.4,148.7,-1,-1,-1,-1
663,11.0,882.9,420.5,54.0,110.9,-1,-1,-1,-1
663,10.0,331.9,356.6,81.9,194.6,-1,-1,-1,-1
663,4.0,787.9,466.6,75.6,108.0,-1,-1,-1,-1
663,3.0,607.5,472.0,54.0,107.1,-1,-1,-1,-1
663,2.0,221.7,323.5,55.9,145.8,-1,-1,-1,-1
664,52.0,196.0,461.2,64.1,125.1,-1,-1,-1,-1
664,51.0,465.3,442.3,45.9,74.7,-1,-1,-1,-1
664,49.0,525.1,437.6,48.6,110.5,-1,-1,-1,-1
664,47.0,1028.7,433.1,86.4,124.0,-1,-1,-1,-1
664,45.0,412.6,488.2,48.1,103.5,-1,-1,-1,-1
664,43.0,256.5,420.5,62.1,104.6,-1,-1,-1,-1
664,37.0,896.8,321.1,55.3,155.0,-1,-1,-1,-1
664,35.0,114.7,485.5,72.7,89.1,-1,-1,-1,-1
664,33.0,940.5,437.6,64.8,134.8,-1,-1,-1,-1
664,30.0,692.1,434.2,78.3,115.2,-1,-1,-1,-1
664,13.0,469.3,320.6,69.3,154.6,-1,-1,-1,-1
664,12.0,714.1,327.1,51.3,146.7,-1,-1,-1,-1
664,11.0,886.0,431.5,49.9,104.4,-1,-1,-1,-1
664,10.0,335.0,362.2,77.4,189.4,-1,-1,-1,-1
664,4.0,789.7,422.8,72.9,152.3,-1,-1,-1,-1
664,3.0,604.3,454.9,67.5,130.5,-1,-1,-1,-1
664,2.0,221.3,323.3,56.4,154.1,-1,-1,-1,-1
665,52.0,195.7,463.0,66.4,111.6,-1,-1,-1,-1
665,51.0,468.0,444.1,42.3,69.3,-1,-1,-1,-1
665,49.0,526.5,441.0,46.8,99.0,-1,-1,-1,-1
665,47.0,1029.6,447.3,84.6,108.9,-1,-1,-1,-1
665,45.0,412.9,485.5,50.2,109.8,-1,-1,-1,-1
665,43.0,256.0,434.2,61.6,90.9,-1,-1,-1,-1
665,37.0,895.5,321.3,55.8,156.1,-1,-1,-1,-1
665,35.0,119.7,486.0,64.8,89.1,-1,-1,-1,-1
665,33.0,939.6,436.9,63.0,135.0,-1,-1,-1,-1
665,30.0,694.8,425.9,72.0,124.9,-1,-1,-1,-1
665,13.0,468.0,320.6,71.1,155.9,-1,-1,-1,-1
665,12.0,715.0,327.1,50.4,155.7,-1,-1,-1,-1
665,11.0,884.7,420.7,52.2,116.1,-1,-1,-1,-1
665,10.0,334.6,368.8,77.0,182.9,-1,-1,-1,-1
665,4.0,790.2,416.5,69.3,158.6,-1,-1,-1,-1
665,3.0,604.8,404.5,70.2,180.9,-1,-1,-1,-1
665,2.0,221.3,323.5,55.9,150.3,-1,-1,-1,-1
666,52.0,196.2,466.2,76.5,116.1,-1,-1,-1,-1
666,51.0,463.5,441.2,47.7,71.8,-1,-1,-1,-1
666,49.0,526.0,416.9,52.2,122.6,-1,-1,-1,-1
666,47.0,1037.7,458.3,75.6,98.8,-1,-1,-1,-1
666,45.0,411.5,447.3,54.7,147.6,-1,-1,-1,-1
666,43.0,256.7,434.7,58.5,90.9,-1,-1,-1,-1
666,37.0,896.4,321.3,54.0,153.9,-1,-1,-1,-1
666,35.0,118.5,490.0,62.3,85.5,-1,-1,-1,-1
666,33.0,939.6,412.6,59.4,159.3,-1,-1,-1,-1
666,30.0,706.0,449.1,53.1,88.2,-1,-1,-1,-1
666,13.0,468.4,320.6,63.9,154.6,-1,-1,-1,-1
666,12.0,716.8,326.9,50.4,151.4,-1,-1,-1,-1
666,11.0,881.5,398.9,66.1,137.0,-1,-1,-1,-1
666,10.0,335.7,412.2,73.8,138.6,-1,-1,-1,-1
666,4.0,791.1,384.5,61.2,190.6,-1,-1,-1,-1
666,3.0,606.1,416.5,64.8,168.5,-1,-1,-1,-1
666,2.0,221.2,323.5,56.7,151.2,-1,-1,-1,-1
667,52.0,189.7,470.2,87.3,122.4,-1,-1,-1,-1
667,51.0,446.4,405.7,63.9,106.4,-1,-1,-1,-1
667,49.0,522.4,402.3,61.2,137.7,-1,-1,-1,-1
667,47.0,1042.2,463.0,72.0,93.6,-1,-1,-1,-1
667,45.0,406.6,436.3,68.2,158.6,-1,-1,-1,-1
667,43.0,256.7,442.8,57.2,84.6,-1,-1,-1,-1
667,37.0,896.4,321.5,54.0,153.7,-1,-1,-1,-1
667,35.0,118.6,492.3,61.9,82.8,-1,-1,-1,-1
667,33.0,938.7,400.3,61.2,170.8,-1,-1,-1,-1
667,30.0,705.6,441.9,57.6,96.3,-1,-1,-1,-1
667,13.0,473.8,320.8,56.7,158.0,-1,-1,-1,-1
667,12.0,717.3,326.9,50.4,154.1,-1,-1,-1,-1
667,11.0,878.8,394.2,67.9,141.3,-1,-1,-1,-1
667,10.0,336.1,433.1,71.1,118.1,-1,-1,-1,-1
667,4.0,789.3,381.4,61.2,192.8,-1,-1,-1,-1
667,3.0,605.7,408.8,66.6,176.2,-1,-1,-1,-1
667,2.0,220.5,323.3,57.2,154.6,-1,-1,-1,-1
668,52.0,183.8,454.3,114.7,138.8,-1,-1,-1,-1
668,51.0,445.9,406.1,64.8,105.5,-1,-1,-1,-1
668,49.0,513.9,377.1,75.6,162.9,-1,-1,-1,-1
668,47.0,1041.3,470.2,66.6,87.3,-1,-1,-1,-1
668,45.0,398.7,401.8,74.2,193.5,-1,-1,-1,-1
668,43.0,251.8,440.3,63.4,88.0,-1,-1,-1,-1
668,37.0,895.0,321.7,56.2,162.0,-1,-1,-1,-1
668,35.0,116.5,487.3,62.1,87.3,-1,-1,-1,-1
668,33.0,935.1,388.3,61.2,159.3,-1,-1,-1,-1
668,30.0,707.8,415.8,55.8,121.5,-1,-1,-1,-1
668,13.0,470.7,320.6,62.1,154.1,-1,-1,-1,-1
668,12.0,717.7,326.9,50.4,146.9,-1,-1,-1,-1
668,11.0,874.3,372.1,67.0,162.0,-1,-1,-1,-1
668,10.0,337.9,434.0,59.4,115.0,-1,-1,-1,-1
668,4.0,784.8,393.5,60.3,163.6,-1,-1,-1,-1
668,3.0,592.2,391.9,82.8,175.5,-1,-1,-1,-1
668,2.0,220.5,323.5,57.6,156.6,-1,-1,-1,-1
669,52.0,190.8,441.9,65.9,152.1,-1,-1,-1,-1
669,51.0,445.3,406.3,65.5,104.9,-1,-1,-1,-1
669,49.0,505.8,369.4,94.5,169.2,-1,-1,-1,-1
669,47.0,1040.4,469.8,63.0,87.3,-1,-1,-1,-1
669,45.0,397.8,403.4,65.7,190.6,-1,-1,-1,-1
669,43.0,250.4,440.5,61.6,85.5,-1,-1,-1,-1
669,37.0,877.5,321.7,71.1,206.1,-1,-1,-1,-1
669,35.0,116.2,486.0,62.8,89.1,-1,-1,-1,-1
669,33.0,935.1,387.4,61.2,140.4,-1,-1,-1,-1
669,30.0,706.5,395.1,57.6,142.2,-1,-1,-1,-1
669,13.0,472.5,320.8,60.3,151.2,-1,-1,-1,-1
669,12.0,718.2,327.1,50.4,148.0,-1,-1,-1,-1
669,10.0,348.1,438.7,49.5,108.9,-1,-1,-1,-1
669,4.0,786.1,391.0,62.1,150.3,-1,-1,-1,-1
669,3.0,588.1,387.7,85.5,163.6,-1,-1,-1,-1
669,2.0,220.8,323.5,57.0,154.8,-1,-1,-1,-1
670,52.0,192.3,394.6,62.0,198.9,-1,-1,-1,-1
670,51.0,438.1,406.6,72.2,105.5,-1,-1,-1,-1
670,49.0,512.5,371.0,86.4,140.2,-1,-1,-1,-1
670,47.0,1039.5,466.2,57.6,85.5,-1,-1,-1,-1
670,45.0,409.5,419.8,69.8,146.7,-1,-1,-1,-1
670,43.0,258.1,438.5,48.6,82.1,-1,-1,-1,-1
670,37.0,889.2,321.3,60.3,178.6,-1,-1,-1,-1
670,35.0,114.2,485.5,62.3,88.2,-1,-1,-1,-1
670,33.0,934.2,396.0,64.8,110.7,-1,-1,-1,-1
670,30.0,707.4,372.6,57.6,164.2,-1,-1,-1,-1
670,13.0,466.6,320.8,70.2,151.6,-1,-1,-1,-1
670,12.0,717.3,327.1,51.3,148.9,-1,-1,-1,-1
670,10.0,348.7,438.7,48.6,94.5,-1,-1,-1,-1
670,4.0,781.2,400.3,70.2,102.4,-1,-1,-1,-1
670,3.0,582.3,387.4,89.1,123.8,-1,-1,-1,-1
670,2.0,220.7,323.8,57.2,146.9,-1,-1,-1,-1
671,52.0,191.9,388.3,64.6,205.2,-1,-1,-1,-1
671,51.0,443.0,406.3,67.3,103.5,-1,-1,-1,-1
671,49.0,514.8,371.2,71.1,124.6,-1,-1,-1,-1
671,47.0,1039.5,462.6,55.8,85.5,-1,-1,-1,-1
671,45.0,407.7,428.4,57.1,115.2,-1,-1,-1,-1
671,43.0,258.5,436.9,46.4,81.0,-1,-1,-1,-1
671,37.0,891.4,321.7,59.0,159.3,-1,-1,-1,-1
671,35.0,112.0,484.6,66.2,90.0,-1,-1,-1,-1
671,33.0,936.0,399.6,66.6,105.8,-1,-1,-1,-1
671,30.0,709.6,354.4,58.5,182.5,-1,-1,-1,-1
671,13.0,466.2,320.8,70.2,152.5,-1,-1,-1,-1
671,12.0,714.6,327.1,54.0,149.8,-1,-1,-1,-1
671,10.0,349.0,437.6,48.6,95.2,-1,-1,-1,-1
671,4.0,779.4,404.3,68.4,97.9,-1,-1,-1,-1
671,3.0,556.2,385.9,116.1,123.5,-1,-1,-1,-1
671,2.0,221.1,323.5,56.8,146.2,-1,-1,-1,-1
672,52.0,191.2,382.7,66.6,195.1,-1,-1,-1,-1
672,51.0,400.9,410.6,97.2,96.1,-1,-1,-1,-1
672,49.0,516.1,380.9,113.4,93.8,-1,-1,-1,-1
672,47.0,1035.0,454.0,59.4,88.2,-1,-1,-1,-1
672,43.0,262.6,431.5,39.1,83.7,-1,-1,-1,-1
672,37.0,882.0,321.7,71.1,152.6,-1,-1,-1,-1
672,35.0,112.4,481.9,58.5,91.8,-1,-1,-1,-1
672,33.0,934.2,382.5,68.4,123.3,-1,-1,-1,-1
672,30.0,707.4,345.6,60.3,177.3,-1,-1,-1,-1
672,13.0,464.4,320.6,72.0,154.6,-1,-1,-1,-1
672,12.0,709.6,326.9,58.5,147.4,-1,-1,-1,-1
672,10.0,346.3,429.5,51.3,103.3,-1,-1,-1,-1
672,4.0,771.7,403.9,86.4,99.2,-1,-1,-1,-1
672,2.0,221.2,324.0,56.2,134.6,-1,-1,-1,-1
673,52.0,189.2,380.5,70.2,180.2,-1,-1,-1,-1
673,51.0,398.5,406.1,92.9,100.1,-1,-1,-1,-1
673,49.0,515.2,382.5,114.3,90.5,-1,-1,-1,-1
673,47.0,1036.8,450.4,52.2,90.9,-1,-1,-1,-1
673,43.0,262.8,428.4,39.6,86.4,-1,-1,-1,-1
673,37.0,881.5,322.0,72.4,153.7,-1,-1,-1,-1
673,35.0,112.2,482.4,58.5,90.9,-1,-1,-1,-1
673,33.0,934.2,369.9,70.2,136.3,-1,-1,-1,-1
673,30.0,707.4,353.2,55.8,155.7,-1,-1,-1,-1
673,13.0,462.6,320.2,72.9,154.1,-1,-1,-1,-1
673,12.0,715.0,327.6,53.1,148.0,-1,-1,-1,-1
673,10.0,344.5,424.3,52.6,108.0,-1,-1,-1,-1
673,4.0,767.7,392.4,90.9,111.6,-1,-1,-1,-1
673,2.0,220.6,324.4,56.6,139.5,-1,-1,-1,-1
674,52.0,181.9,396.4,78.2,115.6,-1,-1,-1,-1
674,51.0,402.3,385.2,85.5,120.6,-1,-1,-1,-1
674,49.0,512.5,371.0,109.8,94.7,-1,-1,-1,-1
674,47.0,1035.0,446.6,50.4,93.4,-1,-1,-1,-1
674,43.0,226.1,425.5,77.8,87.5,-1,-1,-1,-1
674,37.0,882.9,322.0,70.2,151.4,-1,-1,-1,-1
674,35.0,112.4,481.9,55.3,91.8,-1,-1,-1,-1
674,33.0,937.8,371.5,64.8,133.9,-1,-1,-1,-1
674,13.0,469.8,321.1,65.7,153.2,-1,-1,-1,-1
674,12.0,711.9,326.7,56.7,144.0,-1,-1,-1,-1
674,10.0,341.1,416.2,56.2,111.6,-1,-1,-1,-1
674,4.0,775.8,367.4,81.0,137.0,-1,-1,-1,-1
674,2.0,220.5,324.4,56.7,150.3,-1,-1,-1,-1
675,52.0,182.6,407.5,98.4,81.2,-1,-1,-1,-1
675,51.0,402.7,379.8,81.5,138.1,-1,-1,-1,-1
675,47.0,1033.2,444.4,50.4,94.7,-1,-1,-1,-1
675,43.0,258.8,427.5,45.4,86.4,-1,-1,-1,-1
675,37.0,897.7,321.7,57.2,150.3,-1,-1,-1,-1
675,35.0,112.5,482.4,56.0,90.9,-1,-1,-1,-1
675,33.0,937.8,390.6,64.8,114.8,-1,-1,-1,-1
675,13.0,466.2,320.6,72.0,153.2,-1,-1,-1,-1
675,12.0,711.4,327.1,56.7,142.6,-1,-1,-1,-1
675,10.0,340.0,411.5,59.9,115.4,-1,-1,-1,-1
675,4.0,761.4,360.4,92.7,144.4,-1,-1,-1,-1
675,2.0,220.8,324.2,56.1,152.8,-1,-1,-1,-1
676,52.0,184.0,406.8,116.5,98.1,-1,-1,-1,-1
676,51.0,397.8,383.8,87.3,153.9,-1,-1,-1,-1
676,50.0,540.4,362.2,125.1,138.1,-1,-1,-1,-1
676,47.0,1031.4,441.9,48.6,97.2,-1,-1,-1,-1
676,37.0,892.8,321.7,59.4,149.4,-1,-1,-1,-1
676,35.0,112.9,480.6,55.9,90.9,-1,-1,-1,-1
676,33.0,922.5,407.2,81.0,98.6,-1,-1,-1,-1
676,13.0,464.4,320.6,72.0,152.8,-1,-1,-1,-1
676,12.0,710.5,327.1,57.6,142.6,-1,-1,-1,-1
676,10.0,338.4,412.2,77.4,115.2,-1,-1,-1,-1
676,4.0,763.6,378.7,75.6,126.7,-1,-1,-1,-1
676,2.0,220.5,324.4,57.2,154.8,-1,-1,-1,-1
677,52.0,186.6,389.5,88.5,117.2,-1,-1,-1,-1
677,51.0,386.5,404.1,97.6,135.0,-1,-1,-1,-1
677,50.0,560.2,385.0,108.0,119.0,-1,-1,-1,-1
677,47.0,1031.4,436.9,48.6,101.7,-1,-1,-1,-1
677,37.0,889.2,322.2,62.1,150.8,-1,-1,-1,-1
677,35.0,112.2,479.2,56.2,89.1,-1,-1,-1,-1
677,33.0,928.8,417.4,73.8,88.9,-1,-1,-1,-1
677,13.0,467.1,320.8,74.7,152.1,-1,-1,-1,-1
677,12.0,711.0,326.5,56.7,144.2,-1,-1,-1,-1
677,11.0,879.3,363.8,72.9,111.4,-1,-1,-1,-1
677,10.0,337.7,412.9,71.1,113.6,-1,-1,-1,-1
677,4.0,765.0,407.9,73.8,97.9,-1,-1,-1,-1
677,2.0,221.5,324.4,55.7,154.4,-1,-1,-1,-1
678,52.0,188.5,400.9,61.4,128.7,-1,-1,-1,-1
678,51.0,384.7,422.3,98.6,116.3,-1,-1,-1,-1
678,50.0,604.8,403.0,63.0,100.6,-1,-1,-1,-1
678,49.0,513.4,378.7,62.1,86.6,-1,-1,-1,-1
678,47.0,1032.3,430.6,45.0,108.9,-1,-1,-1,-1
678,37.0,896.4,321.7,55.8,154.8,-1,-1,-1,-1
678,35.0,109.9,474.3,58.0,90.0,-1,-1,-1,-1
678,33.0,873.4,400.0,131.0,120.6,-1,-1,-1,-1
678,13.0,467.1,320.2,66.6,151.4,-1,-1,-1,-1
678,12.0,713.2,326.7,54.9,139.5,-1,-1,-1,-1
678,10.0,336.8,414.2,71.5,112.3,-1,-1,-1,-1
678,4.0,768.6,407.2,65.7,117.9,-1,-1,-1,-1
678,2.0,220.2,324.4,57.3,151.6,-1,-1,-1,-1
679,52.0,187.2,417.6,62.5,121.5,-1,-1,-1,-1
679,51.0,400.0,423.4,84.6,121.5,-1,-1,-1,-1
679,50.0,611.1,403.4,56.7,100.6,-1,-1,-1,-1
679,47.0,1025.1,427.3,52.2,111.8,-1,-1,-1,-1
679,43.0,260.8,427.3,41.9,86.2,-1,-1,-1,-1
679,37.0,872.1,321.3,79.2,156.1,-1,-1,-1,-1
679,35.0,103.6,470.7,66.8,90.9,-1,-1,-1,-1
679,33.0,935.1,435.8,68.4,107.8,-1,-1,-1,-1
679,13.0,467.1,320.4,66.6,153.0,-1,-1,-1,-1
679,12.0,710.1,326.7,57.6,152.1,-1,-1,-1,-1
679,10.0,336.6,415.3,72.9,110.7,-1,-1,-1,-1
679,4.0,774.0,399.1,63.9,149.4,-1,-1,-1,-1
679,2.0,220.4,324.0,57.3,152.1,-1,-1,-1,-1
680,52.0,186.9,444.8,61.1,99.7,-1,-1,-1,-1
680,51.0,393.1,448.4,83.5,116.3,-1,-1,-1,-1
680,50.0,606.6,404.8,61.2,99.2,-1,-1,-1,-1
680,47.0,1024.2,423.7,54.0,115.4,-1,-1,-1,-1
680,43.0,260.8,427.5,41.4,85.5,-1,-1,-1,-1
680,37.0,884.7,322.0,65.7,159.5,-1,-1,-1,-1
680,35.0,95.7,468.4,77.6,92.7,-1,-1,-1,-1
680,33.0,935.1,437.2,61.2,113.6,-1,-1,-1,-1
680,13.0,470.2,320.6,63.9,151.9,-1,-1,-1,-1
680,12.0,711.0,326.7,56.7,151.6,-1,-1,-1,-1
680,10.0,336.6,416.2,71.6,110.7,-1,-1,-1,-1
680,4.0,776.2,399.4,63.9,155.9,-1,-1,-1,-1
680,2.0,220.7,324.0,57.2,152.6,-1,-1,-1,-1
681,52.0,183.4,461.7,66.2,86.4,-1,-1,-1,-1
681,51.0,393.5,472.0,65.2,92.7,-1,-1,-1,-1
681,50.0,612.4,409.3,54.9,94.3,-1,-1,-1,-1
681,47.0,1019.7,418.7,59.4,120.4,-1,-1,-1,-1
681,43.0,260.5,427.7,41.4,84.8,-1,-1,-1,-1
681,37.0,895.9,322.0,52.7,153.7,-1,-1,-1,-1
681,35.0,91.9,465.7,86.6,94.5,-1,-1,-1,-1
681,33.0,934.2,434.2,61.2,117.0,-1,-1,-1,-1
681,13.0,470.7,320.6,66.6,152.8,-1,-1,-1,-1
681,12.0,711.9,326.9,55.8,151.9,-1,-1,-1,-1
681,10.0,336.4,415.6,72.0,110.0,-1,-1,-1,-1
681,4.0,776.7,468.9,63.0,86.4,-1,-1,-1,-1
681,2.0,220.5,324.2,57.2,155.0,-1,-1,-1,-1
682,54.0,553.0,449.3,73.8,114.1,-1,-1,-1,-1
682,52.0,178.9,472.0,75.2,88.2,-1,-1,-1,-1
682,51.0,402.7,481.9,56.2,82.8,-1,-1,-1,-1
682,50.0,614.2,409.9,53.1,93.6,-1,-1,-1,-1
682,47.0,1004.4,414.4,75.6,124.2,-1,-1,-1,-1
682,43.0,260.1,427.9,42.3,84.6,-1,-1,-1,-1
682,37.0,896.4,321.5,54.0,154.1,-1,-1,-1,-1
682,35.0,80.6,460.6,101.2,99.2,-1,-1,-1,-1
682,33.0,934.2,458.3,64.8,92.0,-1,-1,-1,-1
682,13.0,471.6,320.6,61.2,155.5,-1,-1,-1,-1
682,12.0,717.3,327.4,50.4,158.6,-1,-1,-1,-1
682,10.0,337.0,415.6,73.4,110.5,-1,-1,-1,-1
682,4.0,774.9,470.7,72.9,83.7,-1,-1,-1,-1
682,2.0,220.6,324.4,57.0,153.4,-1,-1,-1,-1
683,55.0,436.9,406.6,49.5,99.2,-1,-1,-1,-1
683,54.0,553.5,447.1,72.0,114.5,-1,-1,-1,-1
683,52.0,172.3,483.3,78.5,78.3,-1,-1,-1,-1
683,51.0,403.6,477.4,58.5,87.3,-1,-1,-1,-1
683,50.0,615.1,410.8,52.2,92.7,-1,-1,-1,-1
683,47.0,1004.4,409.3,79.2,128.9,-1,-1,-1,-1
683,46.0,788.8,396.0,44.1,108.9,-1,-1,-1,-1
683,43.0,260.3,427.9,41.9,84.6,-1,-1,-1,-1
683,37.0,896.4,321.1,54.0,159.5,-1,-1,-1,-1
683,35.0,97.9,459.2,82.3,100.6,-1,-1,-1,-1
683,33.0,934.2,422.1,64.8,128.7,-1,-1,-1,-1
683,13.0,470.7,320.8,66.6,151.6,-1,-1,-1,-1
683,12.0,717.7,327.6,49.5,157.5,-1,-1,-1,-1
683,11.0,876.1,426.1,65.2,84.6,-1,-1,-1,-1
683,10.0,339.1,415.3,72.0,110.7,-1,-1,-1,-1
683,4.0,771.3,469.3,76.5,84.6,-1,-1,-1,-1
683,2.0,220.6,324.7,56.8,146.9,-1,-1,-1,-1
684,55.0,436.9,406.6,48.6,99.2,-1,-1,-1,-1
684,54.0,553.9,436.5,72.9,123.3,-1,-1,-1,-1
684,52.0,172.1,491.8,76.9,81.0,-1,-1,-1,-1
684,51.0,404.5,466.6,58.5,98.1,-1,-1,-1,-1
684,50.0,614.7,408.6,52.2,95.0,-1,-1,-1,-1
684,47.0,1018.8,402.7,66.6,135.0,-1,-1,-1,-1
684,46.0,787.0,396.0,45.9,105.8,-1,-1,-1,-1
684,43.0,260.5,427.7,41.9,84.4,-1,-1,-1,-1
684,37.0,896.8,321.5,54.4,161.8,-1,-1,-1,-1
684,35.0,82.5,442.8,100.2,116.1,-1,-1,-1,-1
684,33.0,933.3,455.2,57.6,94.3,-1,-1,-1,-1
684,30.0,702.4,430.2,68.4,89.1,-1,-1,-1,-1
684,13.0,470.7,320.6,65.7,152.3,-1,-1,-1,-1
684,12.0,718.2,327.1,49.5,150.7,-1,-1,-1,-1
684,11.0,877.5,411.3,59.4,99.0,-1,-1,-1,-1
684,10.0,340.2,414.9,72.5,110.7,-1,-1,-1,-1
684,4.0,769.5,459.2,70.2,94.3,-1,-1,-1,-1
684,2.0,220.6,324.7,56.8,147.8,-1,-1,-1,-1
685,56.0,517.5,432.0,58.5,95.4,-1,-1,-1,-1
685,55.0,435.6,406.1,50.0,98.8,-1,-1,-1,-1
685,54.0,552.1,427.7,68.4,130.7,-1,-1,-1,-1
685,52.0,171.2,488.7,79.2,84.6,-1,-1,-1,-1
685,51.0,403.0,455.2,66.8,108.2,-1,-1,-1,-1
685,50.0,616.5,408.1,50.4,95.4,-1,-1,-1,-1
685,47.0,1009.8,400.0,75.6,136.8,-1,-1,-1,-1
685,46.0,785.7,396.2,46.8,100.1,-1,-1,-1,-1
685,43.0,260.1,427.5,42.8,84.6,-1,-1,-1,-1
685,37.0,896.8,321.7,52.6,156.6,-1,-1,-1,-1
685,35.0,87.7,436.0,89.8,123.3,-1,-1,-1,-1
685,33.0,934.2,450.4,54.0,99.0,-1,-1,-1,-1
685,30.0,706.5,428.8,63.9,90.9,-1,-1,-1,-1
685,13.0,470.7,320.8,64.8,152.5,-1,-1,-1,-1
685,12.0,718.2,327.6,49.5,148.0,-1,-1,-1,-1
685,11.0,876.1,404.3,53.5,106.0,-1,-1,-1,-1
685,10.0,342.4,414.7,71.5,111.4,-1,-1,-1,-1
685,4.0,765.0,457.2,72.0,96.3,-1,-1,-1,-1
685,2.0,220.9,324.4,56.2,147.1,-1,-1,-1,-1
686,56.0,517.5,420.3,59.4,105.3,-1,-1,-1,-1
686,55.0,435.8,406.1,49.3,102.8,-1,-1,-1,-1
686,54.0,545.4,419.8,72.9,135.0,-1,-1,-1,-1
686,52.0,176.6,482.4,70.9,89.1,-1,-1,-1,-1
686,50.0,611.5,408.1,56.7,95.4,-1,-1,-1,-1
686,47.0,1012.5,390.1,68.4,146.7,-1,-1,-1,-1
686,46.0,787.9,396.0,45.0,109.8,-1,-1,-1,-1
686,43.0,260.1,423.9,42.8,88.2,-1,-1,-1,-1
686,37.0,896.4,322.0,54.0,153.7,-1,-1,-1,-1
686,35.0,96.7,435.1,70.9,124.2,-1,-1,-1,-1
686,33.0,935.1,441.4,52.2,107.1,-1,-1,-1,-1
686,30.0,708.3,423.9,58.5,94.5,-1,-1,-1,-1
686,21.0,952.2,390.1,39.6,128.7,-1,-1,-1,-1
686,13.0,468.9,320.8,65.7,154.4,-1,-1,-1,-1
686,12.0,718.2,327.4,49.5,149.6,-1,-1,-1,-1
686,11.0,871.2,382.9,57.6,126.9,-1,-1,-1,-1
686,10.0,345.4,411.1,65.7,114.5,-1,-1,-1,-1
686,4.0,766.3,442.6,71.1,110.5,-1,-1,-1,-1
686,2.0,220.8,324.4,56.6,147.1,-1,-1,-1,-1
687,56.0,517.0,400.9,52.2,124.2,-1,-1,-1,-1
687,55.0,433.1,406.1,50.2,101.0,-1,-1,-1,-1
687,54.0,545.4,418.3,83.7,135.7,-1,-1,-1,-1
687,52.0,184.3,476.5,63.0,85.5,-1,-1,-1,-1
687,50.0,613.3,407.9,54.9,95.6,-1,-1,-1,-1
687,47.0,1015.2,390.4,63.0,146.0,-1,-1,-1,-1
687,45.0,400.3,434.2,58.0,130.5,-1,-1,-1,-1
687,43.0,259.4,424.1,43.2,88.0,-1,-1,-1,-1
687,37.0,895.5,322.2,54.0,150.8,-1,-1,-1,-1
687,35.0,102.0,429.7,61.9,129.6,-1,-1,-1,-1
687,33.0,935.1,427.5,50.4,120.6,-1,-1,-1,-1
687,30.0,706.0,421.2,62.1,97.2,-1,-1,-1,-1
687,21.0,951.3,384.5,41.4,130.3,-1,-1,-1,-1
687,13.0,469.3,320.8,63.9,153.5,-1,-1,-1,-1
687,12.0,718.6,327.4,49.5,148.7,-1,-1,-1,-1
687,11.0,866.2,374.6,65.2,133.9,-1,-1,-1,-1
687,10.0,349.2,405.9,62.5,119.7,-1,-1,-1,-1
687,4.0,768.6,435.1,70.2,116.1,-1,-1,-1,-1
687,2.0,220.3,324.2,57.1,152.3,-1,-1,-1,-1
688,56.0,514.3,395.5,61.2,128.7,-1,-1,-1,-1
688,55.0,434.7,399.8,47.7,106.9,-1,-1,-1,-1
688,54.0,546.3,420.3,111.6,134.1,-1,-1,-1,-1
688,52.0,190.6,463.0,58.9,96.3,-1,-1,-1,-1
688,50.0,611.5,407.2,57.6,96.3,-1,-1,-1,-1
688,47.0,1024.2,393.3,59.4,144.0,-1,-1,-1,-1
688,45.0,392.8,415.8,65.7,150.3,-1,-1,-1,-1
688,43.0,259.2,414.0,42.8,97.2,-1,-1,-1,-1
688,37.0,896.8,322.4,53.5,154.6,-1,-1,-1,-1
688,35.0,100.7,416.2,61.5,143.1,-1,-1,-1,-1
688,33.0,931.5,414.4,52.2,134.1,-1,-1,-1,-1
688,30.0,700.2,407.0,76.5,110.5,-1,-1,-1,-1
688,21.0,949.5,378.0,46.8,125.1,-1,-1,-1,-1
688,13.0,467.1,320.4,66.6,152.1,-1,-1,-1,-1
688,12.0,718.2,326.9,50.4,155.9,-1,-1,-1,-1
688,11.0,863.5,361.3,77.8,143.1,-1,-1,-1,-1
688,10.0,349.2,389.0,62.5,135.7,-1,-1,-1,-1
688,4.0,754.6,396.0,87.3,150.3,-1,-1,-1,-1
688,2.0,220.7,324.2,56.7,155.9,-1,-1,-1,-1
689,56.0,512.1,388.8,64.8,136.3,-1,-1,-1,-1
689,55.0,437.2,392.6,45.7,113.6,-1,-1,-1,-1
689,54.0,546.8,421.2,117.9,133.2,-1,-1,-1,-1
689,52.0,190.2,453.6,60.0,105.3,-1,-1,-1,-1
689,50.0,614.2,406.1,54.9,97.4,-1,-1,-1,-1
689,47.0,1034.1,395.1,52.2,142.2,-1,-1,-1,-1
689,45.0,390.6,410.6,68.0,155.0,-1,-1,-1,-1
689,43.0,258.5,404.1,42.3,107.1,-1,-1,-1,-1
689,37.0,895.9,322.0,52.7,152.3,-1,-1,-1,-1
689,35.0,98.5,410.8,65.2,148.5,-1,-1,-1,-1
689,33.0,928.8,409.0,55.8,139.5,-1,-1,-1,-1
689,30.0,700.2,406.6,77.4,110.9,-1,-1,-1,-1
689,21.0,950.4,373.9,48.6,131.4,-1,-1,-1,-1
689,13.0,467.1,320.4,65.7,152.5,-1,-1,-1,-1
689,12.0,717.7,326.9,51.3,175.3,-1,-1,-1,-1
689,11.0,860.4,359.5,88.2,144.4,-1,-1,-1,-1
689,10.0,349.2,384.1,63.0,140.6,-1,-1,-1,-1
689,4.0,752.8,395.5,98.1,149.4,-1,-1,-1,-1
689,2.0,220.8,324.2,56.6,155.5,-1,-1,-1,-1
690,56.0,496.8,383.4,88.2,147.6,-1,-1,-1,-1
690,55.0,428.4,382.3,52.6,122.6,-1,-1,-1,-1
690,54.0,544.5,416.2,91.8,137.7,-1,-1,-1,-1
690,52.0,185.8,431.3,72.2,126.2,-1,-1,-1,-1
690,50.0,603.4,405.2,67.5,98.3,-1,-1,-1,-1
690,47.0,1034.1,395.8,54.0,144.2,-1,-1,-1,-1
690,45.0,392.8,403.6,71.1,162.0,-1,-1,-1,-1
690,43.0,257.6,388.8,43.2,121.5,-1,-1,-1,-1
690,37.0,894.1,322.2,56.2,154.4,-1,-1,-1,-1
690,35.0,98.7,405.0,66.2,153.0,-1,-1,-1,-1
690,33.0,922.5,398.9,70.2,149.6,-1,-1,-1,-1
690,30.0,696.1,377.8,90.0,139.7,-1,-1,-1,-1
690,21.0,953.1,367.4,46.8,140.2,-1,-1,-1,-1
690,13.0,468.4,320.6,68.4,152.8,-1,-1,-1,-1
690,12.0,716.4,327.4,52.2,163.1,-1,-1,-1,-1
690,11.0,855.9,356.4,97.2,149.8,-1,-1,-1,-1
690,10.0,349.6,373.7,65.7,151.0,-1,-1,-1,-1
690,4.0,749.7,387.0,109.8,162.0,-1,-1,-1,-1
690,2.0,220.9,324.4,56.7,144.4,-1,-1,-1,-1
691,56.0,492.3,383.4,95.4,151.2,-1,-1,-1,-1
691,55.0,430.6,375.3,50.4,130.0,-1,-1,-1,-1
691,54.0,542.2,403.0,87.3,150.5,-1,-1,-1,-1
691,52.0,187.1,422.8,78.4,135.7,-1,-1,-1,-1
691,50.0,605.7,404.5,65.7,99.0,-1,-1,-1,-1
691,47.0,1034.1,396.7,54.0,144.2,-1,-1,-1,-1
691,45.0,392.6,399.6,74.5,166.5,-1,-1,-1,-1
691,43.0,256.5,383.6,45.0,126.2,-1,-1,-1,-1
691,37.0,895.9,322.4,53.5,152.8,-1,-1,-1,-1
691,35.0,103.0,403.0,62.8,154.1,-1,-1,-1,-1
691,33.0,919.8,396.4,75.6,152.1,-1,-1,-1,-1
691,30.0,702.0,370.6,84.6,146.9,-1,-1,-1,-1
691,21.0,956.7,367.2,46.8,140.9,-1,-1,-1,-1
691,13.0,466.6,320.6,70.2,151.9,-1,-1,-1,-1
691,12.0,716.8,327.4,51.3,163.1,-1,-1,-1,-1
691,11.0,855.4,346.9,97.7,160.2,-1,-1,-1,-1
691,10.0,349.6,369.0,67.0,156.1,-1,-1,-1,-1
691,4.0,751.5,386.3,109.8,166.3,-1,-1,-1,-1
691,2.0,220.7,324.4,57.2,145.8,-1,-1,-1,-1
692,56.0,497.2,382.5,88.2,156.6,-1,-1,-1,-1
692,55.0,430.4,369.7,51.1,135.2,-1,-1,-1,-1
692,54.0,546.3,402.3,95.4,152.1,-1,-1,-1,-1
692,52.0,184.9,406.8,86.6,148.5,-1,-1,-1,-1
692,50.0,614.7,403.6,57.6,100.3,-1,-1,-1,-1
692,47.0,1033.2,397.1,54.0,144.2,-1,-1,-1,-1
692,45.0,391.7,405.7,88.0,159.5,-1,-1,-1,-1
692,43.0,254.2,374.4,47.3,135.4,-1,-1,-1,-1
692,37.0,894.6,322.2,55.8,157.0,-1,-1,-1,-1
692,35.0,106.5,386.3,59.2,171.2,-1,-1,-1,-1
692,33.0,921.6,393.7,72.0,153.9,-1,-1,-1,-1
692,30.0,701.1,363.6,76.5,154.8,-1,-1,-1,-1
692,21.0,955.8,365.4,52.2,143.5,-1,-1,-1,-1
692,13.0,468.0,320.6,68.4,152.3,-1,-1,-1,-1
692,12.0,717.3,327.6,50.4,162.9,-1,-1,-1,-1
692,11.0,855.9,357.7,98.1,150.8,-1,-1,-1,-1
692,10.0,349.4,363.1,76.5,162.4,-1,-1,-1,-1
692,4.0,755.1,391.7,107.1,163.6,-1,-1,-1,-1
692,2.0,220.7,324.2,57.6,154.6,-1,-1,-1,-1
693,56.0,498.6,382.9,87.3,156.6,-1,-1,-1,-1
693,55.0,424.3,369.4,59.0,135.4,-1,-1,-1,-1
693,54.0,547.6,398.0,85.5,155.9,-1,-1,-1,-1
693,52.0,182.4,403.6,93.9,151.2,-1,-1,-1,-1
693,50.0,613.8,403.0,59.4,101.0,-1,-1,-1,-1
693,47.0,1032.3,389.0,55.8,152.3,-1,-1,-1,-1
693,45.0,390.8,388.6,97.0,176.6,-1,-1,-1,-1
693,43.0,254.9,373.0,45.9,137.2,-1,-1,-1,-1
693,37.0,895.5,321.7,54.0,156.1,-1,-1,-1,-1
693,35.0,108.0,372.4,59.0,184.7,-1,-1,-1,-1
693,33.0,913.9,393.7,79.7,153.9,-1,-1,-1,-1
693,30.0,699.3,352.8,76.5,166.5,-1,-1,-1,-1
693,21.0,948.6,344.9,59.4,163.6,-1,-1,-1,-1
693,13.0,467.5,320.6,68.4,152.3,-1,-1,-1,-1
693,12.0,717.3,327.1,49.5,154.3,-1,-1,-1,-1
693,11.0,856.3,364.5,97.6,143.1,-1,-1,-1,-1
693,10.0,349.4,361.8,84.1,163.3,-1,-1,-1,-1
693,4.0,755.1,412.0,107.1,144.7,-1,-1,-1,-1
693,2.0,219.6,324.4,59.8,153.4,-1,-1,-1,-1
694,56.0,499.9,382.5,88.2,158.4,-1,-1,-1,-1
694,55.0,421.6,371.9,63.9,134.3,-1,-1,-1,-1
694,54.0,549.0,395.1,100.8,160.2,-1,-1,-1,-1
694,52.0,181.3,398.2,97.7,156.6,-1,-1,-1,-1
694,50.0,618.8,402.1,56.7,101.5,-1,-1,-1,-1
694,47.0,1032.3,376.2,54.0,164.7,-1,-1,-1,-1
694,45.0,389.9,390.1,103.3,179.1,-1,-1,-1,-1
694,43.0,256.0,374.8,43.2,136.4,-1,-1,-1,-1
694,37.0,894.1,322.2,56.2,153.4,-1,-1,-1,-1
694,35.0,108.4,370.8,59.7,186.3,-1,-1,-1,-1
694,33.0,913.9,388.3,80.5,160.2,-1,-1,-1,-1
694,30.0,701.1,347.8,63.9,171.9,-1,-1,-1,-1
694,21.0,940.5,349.0,66.6,159.5,-1,-1,-1,-1
694,13.0,464.4,320.4,72.0,153.0,-1,-1,-1,-1
694,12.0,715.5,326.7,51.3,153.4,-1,-1,-1,-1
694,11.0,856.8,366.3,97.2,141.3,-1,-1,-1,-1
694,10.0,349.6,361.6,98.5,163.1,-1,-1,-1,-1
694,4.0,755.5,417.1,107.1,139.5,-1,-1,-1,-1
694,2.0,219.6,324.9,61.2,151.6,-1,-1,-1,-1
695,56.0,501.7,376.6,86.4,164.2,-1,-1,-1,-1
695,55.0,415.8,371.7,76.0,133.6,-1,-1,-1,-1
695,54.0,550.8,394.6,99.0,161.1,-1,-1,-1,-1
695,52.0,181.2,399.1,98.2,155.7,-1,-1,-1,-1
695,50.0,618.8,400.0,57.6,103.5,-1,-1,-1,-1
695,47.0,1034.1,371.2,52.2,168.3,-1,-1,-1,-1
695,46.0,785.2,366.3,48.6,140.8,-1,-1,-1,-1
695,45.0,379.8,384.3,113.4,185.4,-1,-1,-1,-1
695,43.0,255.8,373.5,43.2,137.7,-1,-1,-1,-1
695,37.0,894.6,322.0,55.8,153.2,-1,-1,-1,-1
695,35.0,108.2,382.3,60.3,174.8,-1,-1,-1,-1
695,33.0,912.6,387.0,84.6,162.0,-1,-1,-1,-1
695,30.0,702.0,344.5,60.3,174.8,-1,-1,-1,-1
695,21.0,940.5,354.8,66.6,153.7,-1,-1,-1,-1
695,13.0,463.0,320.6,72.9,153.2,-1,-1,-1,-1
695,12.0,715.5,326.9,51.3,154.6,-1,-1,-1,-1
695,11.0,856.3,368.3,97.6,139.3,-1,-1,-1,-1
695,10.0,349.4,357.3,104.4,167.8,-1,-1,-1,-1
695,4.0,755.1,418.3,107.1,138.4,-1,-1,-1,-1
695,2.0,219.7,324.9,60.6,153.4,-1,-1,-1,-1
696,56.0,500.4,372.6,87.3,167.8,-1,-1,-1,-1
696,54.0,559.8,394.6,90.0,162.9,-1,-1,-1,-1
696,52.0,181.6,398.0,97.2,156.8,-1,-1,-1,-1
696,50.0,621.4,397.3,54.9,106.2,-1,-1,-1,-1
696,47.0,1035.0,380.9,52.2,156.8,-1,-1,-1,-1
696,46.0,787.5,365.6,45.9,141.1,-1,-1,-1,-1
696,45.0,383.2,390.1,116.8,180.0,-1,-1,-1,-1
696,43.0,255.8,374.4,43.6,136.3,-1,-1,-1,-1
696,37.0,894.1,322.2,57.1,156.6,-1,-1,-1,-1
696,35.0,105.9,384.5,63.2,173.5,-1,-1,-1,-1
696,33.0,911.7,387.4,93.6,161.1,-1,-1,-1,-1
696,30.0,701.5,341.1,62.1,178.2,-1,-1,-1,-1
696,21.0,940.5,360.9,66.6,147.1,-1,-1,-1,-1
696,13.0,463.9,320.8,72.0,152.1,-1,-1,-1,-1
696,12.0,715.9,326.9,50.4,154.6,-1,-1,-1,-1
696,11.0,856.3,369.9,97.6,137.7,-1,-1,-1,-1
696,10.0,351.7,354.6,111.8,172.8,-1,-1,-1,-1
696,4.0,755.1,412.6,107.1,144.0,-1,-1,-1,-1
696,2.0,219.7,324.7,59.5,149.6,-1,-1,-1,-1
697,56.0,502.6,372.1,85.5,168.3,-1,-1,-1,-1
697,54.0,562.9,394.6,86.4,162.9,-1,-1,-1,-1
697,52.0,181.2,395.1,97.8,160.2,-1,-1,-1,-1
697,50.0,621.0,395.5,54.0,108.0,-1,-1,-1,-1
697,47.0,1035.0,383.6,54.0,154.6,-1,-1,-1,-1
697,46.0,785.7,365.2,48.6,145.1,-1,-1,-1,-1
697,45.0,385.4,392.8,113.2,177.3,-1,-1,-1,-1
697,43.0,255.8,374.8,43.6,135.9,-1,-1,-1,-1
697,37.0,894.1,322.6,59.0,157.9,-1,-1,-1,-1
697,35.0,105.1,382.0,63.8,175.5,-1,-1,-1,-1
697,33.0,913.0,387.7,94.1,160.4,-1,-1,-1,-1
697,30.0,702.4,338.4,63.0,180.9,-1,-1,-1,-1
697,21.0,941.4,360.4,66.6,147.6,-1,-1,-1,-1
697,13.0,463.0,320.6,73.8,152.3,-1,-1,-1,-1
697,12.0,716.4,326.7,50.4,154.8,-1,-1,-1,-1
697,11.0,855.9,371.2,99.0,136.8,-1,-1,-1,-1
697,10.0,358.0,355.5,108.7,170.6,-1,-1,-1,-1
697,4.0,755.1,408.1,107.1,148.5,-1,-1,-1,-1
697,2.0,220.4,324.9,57.9,147.6,-1,-1,-1,-1
698,56.0,502.2,372.4,86.4,168.5,-1,-1,-1,-1
698,54.0,564.8,394.6,84.6,165.6,-1,-1,-1,-1
698,52.0,184.7,385.2,108.0,169.2,-1,-1,-1,-1
698,50.0,622.3,390.8,53.1,113.2,-1,-1,-1,-1
698,47.0,1035.9,398.9,57.6,139.3,-1,-1,-1,-1
698,46.0,788.4,364.9,45.9,144.9,-1,-1,-1,-1
698,45.0,385.2,391.5,109.4,179.1,-1,-1,-1,-1
698,43.0,253.8,373.7,47.7,138.4,-1,-1,-1,-1
698,37.0,895.5,322.2,59.4,163.4,-1,-1,-1,-1
698,35.0,101.7,381.1,68.6,176.4,-1,-1,-1,-1
698,33.0,912.6,386.5,109.8,160.2,-1,-1,-1,-1
698,30.0,703.8,335.7,64.8,184.1,-1,-1,-1,-1
698,21.0,937.8,354.1,70.2,156.1,-1,-1,-1,-1
698,13.0,464.8,320.6,71.1,152.3,-1,-1,-1,-1
698,12.0,715.9,326.5,52.2,167.2,-1,-1,-1,-1
698,11.0,855.4,369.7,99.5,137.0,-1,-1,-1,-1
698,10.0,378.0,354.6,98.1,168.8,-1,-1,-1,-1
698,4.0,755.1,398.7,107.1,157.5,-1,-1,-1,-1
698,2.0,220.8,324.9,57.0,150.7,-1,-1,-1,-1
699,56.0,501.7,372.6,87.3,166.5,-1,-1,-1,-1
699,54.0,565.6,395.8,90.9,167.2,-1,-1,-1,-1
699,52.0,190.6,385.6,105.7,165.6,-1,-1,-1,-1
699,50.0,623.2,387.0,52.2,117.0,-1,-1,-1,-1
699,47.0,1039.5,399.6,57.6,138.6,-1,-1,-1,-1
699,46.0,789.3,365.4,46.8,143.5,-1,-1,-1,-1
699,45.0,389.0,389.5,104.2,181.1,-1,-1,-1,-1
699,43.0,251.8,373.0,51.8,139.5,-1,-1,-1,-1
699,37.0,895.5,322.0,57.6,164.9,-1,-1,-1,-1
699,35.0,100.5,383.8,70.2,173.7,-1,-1,-1,-1
699,33.0,915.7,386.5,108.5,159.3,-1,-1,-1,-1
699,30.0,703.3,337.5,69.3,181.8,-1,-1,-1,-1
699,21.0,938.7,352.6,68.4,157.7,-1,-1,-1,-1
699,13.0,466.2,320.6,69.3,151.9,-1,-1,-1,-1
699,12.0,715.5,326.2,53.1,162.9,-1,-1,-1,-1
699,11.0,855.4,366.7,100.3,140.0,-1,-1,-1,-1
699,10.0,391.0,353.9,86.4,169.0,-1,-1,-1,-1
699,4.0,756.0,397.6,101.7,158.6,-1,-1,-1,-1
699,2.0,220.2,324.9,57.5,148.9,-1,-1,-1,-1
700,56.0,499.9,373.3,89.1,164.0,-1,-1,-1,-1
700,54.0,573.8,396.4,101.7,167.4,-1,-1,-1,-1
700,52.0,210.8,378.2,78.7,172.6,-1,-1,-1,-1
700,50.0,621.4,383.6,54.9,119.5,-1,-1,-1,-1
700,47.0,1045.8,396.4,50.4,141.3,-1,-1,-1,-1
700,46.0,788.4,367.2,48.6,144.0,-1,-1,-1,-1
700,45.0,390.8,387.7,102.4,182.5,-1,-1,-1,-1
700,43.0,256.0,373.9,52.2,140.4,-1,-1,-1,-1
700,37.0,896.4,321.3,54.0,164.7,-1,-1,-1,-1
700,35.0,98.3,391.9,71.1,165.6,-1,-1,-1,-1
700,33.0,912.6,387.4,86.4,156.6,-1,-1,-1,-1
700,30.0,702.0,344.0,73.8,175.3,-1,-1,-1,-1
700,21.0,944.1,353.5,61.2,154.1,-1,-1,-1,-1
700,13.0,463.9,320.8,73.8,153.5,-1,-1,-1,-1
700,12.0,714.6,326.9,53.1,153.2,-1,-1,-1,-1
700,11.0,850.0,357.1,99.4,148.7,-1,-1,-1,-1
700,10.0,415.1,353.2,64.1,158.0,-1,-1,-1,-1
700,4.0,757.3,388.6,83.7,167.2,-1,-1,-1,-1
700,2.0,220.5,324.9,56.7,144.4,-1,-1,-1,-1
701,56.0,495.9,373.3,92.7,163.1,-1,-1,-1,-1
701,54.0,578.2,396.2,104.4,167.6,-1,-1,-1,-1
701,52.0,220.4,379.1,78.2,171.2,-1,-1,-1,-1
701,50.0,622.3,371.5,57.6,130.7,-1,-1,-1,-1
701,47.0,1045.8,396.4,52.2,141.3,-1,-1,-1,-1
701,46.0,789.3,368.8,48.6,141.1,-1,-1,-1,-1
701,45.0,389.9,386.8,104.2,182.9,-1,-1,-1,-1
701,43.0,252.0,376.6,60.3,138.1,-1,-1,-1,-1
701,37.0,896.4,320.8,54.0,165.6,-1,-1,-1,-1
701,35.0,98.6,396.7,70.4,160.4,-1,-1,-1,-1
701,33.0,906.7,387.4,78.8,156.6,-1,-1,-1,-1
701,30.0,700.2,354.1,78.3,165.6,-1,-1,-1,-1
701,21.0,945.0,353.9,59.4,153.7,-1,-1,-1,-1
701,13.0,464.4,320.8,72.0,153.0,-1,-1,-1,-1
701,12.0,716.4,326.9,56.7,152.8,-1,-1,-1,-1
701,11.0,845.1,352.3,95.4,153.0,-1,-1,-1,-1
701,10.0,411.3,352.3,68.4,169.2,-1,-1,-1,-1
701,4.0,757.3,387.7,76.5,167.6,-1,-1,-1,-1
701,2.0,220.6,324.7,57.3,146.5,-1,-1,-1,-1
702,56.0,495.4,372.6,99.9,163.8,-1,-1,-1,-1
702,54.0,572.4,397.1,99.9,167.6,-1,-1,-1,-1
702,52.0,243.7,380.2,70.6,170.1,-1,-1,-1,-1
702,50.0,623.2,361.8,53.1,140.8,-1,-1,-1,-1
702,47.0,1044.9,396.4,55.8,142.2,-1,-1,-1,-1
702,46.0,788.4,368.5,54.0,140.8,-1,-1,-1,-1
702,45.0,389.0,386.3,108.7,184.3,-1,-1,-1,-1
702,43.0,258.3,384.1,61.6,131.6,-1,-1,-1,-1
702,37.0,895.9,320.8,53.5,161.1,-1,-1,-1,-1
702,35.0,102.5,401.6,65.0,155.9,-1,-1,-1,-1
702,33.0,895.5,387.7,88.2,156.8,-1,-1,-1,-1
702,30.0,695.7,362.7,84.6,157.5,-1,-1,-1,-1
702,21.0,945.0,355.7,61.2,151.4,-1,-1,-1,-1
702,13.0,465.3,320.6,77.4,155.0,-1,-1,-1,-1
702,12.0,716.4,327.1,62.1,153.4,-1,-1,-1,-1
702,11.0,823.9,347.6,96.3,155.9,-1,-1,-1,-1
702,10.0,408.8,353.9,70.4,163.1,-1,-1,-1,-1
702,4.0,756.9,388.8,73.8,167.4,-1,-1,-1,-1
702,2.0,220.5,324.7,58.1,146.5,-1,-1,-1,-1
703,56.0,498.6,372.8,102.6,162.7,-1,-1,-1,-1
703,54.0,574.2,397.6,83.7,167.2,-1,-1,-1,-1
703,52.0,250.0,380.2,57.2,170.1,-1,-1,-1,-1
703,50.0,623.7,358.6,52.2,144.0,-1,-1,-1,-1
703,47.0,1045.8,397.1,55.8,144.7,-1,-1,-1,-1
703,46.0,789.7,369.9,54.0,141.3,-1,-1,-1,-1
703,45.0,386.1,389.7,126.9,180.9,-1,-1,-1,-1
703,43.0,259.2,387.4,65.7,128.7,-1,-1,-1,-1
703,37.0,896.4,321.3,55.8,159.8,-1,-1,-1,-1
703,35.0,107.0,401.6,63.4,155.0,-1,-1,-1,-1
703,33.0,891.4,387.0,84.2,157.5,-1,-1,-1,-1
703,30.0,695.2,364.0,85.5,158.4,-1,-1,-1,-1
703,21.0,944.1,354.8,63.0,151.9,-1,-1,-1,-1
703,13.0,467.1,320.8,76.5,153.0,-1,-1,-1,-1
703,12.0,715.5,327.4,63.0,154.1,-1,-1,-1,-1
703,11.0,831.6,347.2,81.0,154.6,-1,-1,-1,-1
703,10.0,406.1,355.0,88.0,169.6,-1,-1,-1,-1
703,4.0,756.9,389.2,73.8,167.4,-1,-1,-1,-1
703,2.0,220.7,324.9,57.6,146.7,-1,-1,-1,-1
704,56.0,503.1,373.0,101.7,161.5,-1,-1,-1,-1
704,54.0,587.7,396.7,72.9,167.2,-1,-1,-1,-1
704,52.0,249.5,382.9,73.8,166.5,-1,-1,-1,-1
704,50.0,625.5,354.4,51.3,147.4,-1,-1,-1,-1
704,47.0,1045.8,400.3,61.2,141.5,-1,-1,-1,-1
704,46.0,802.3,371.5,46.8,143.3,-1,-1,-1,-1
704,45.0,364.7,398.7,165.4,171.0,-1,-1,-1,-1
704,43.0,280.6,390.8,48.1,128.0,-1,-1,-1,-1
704,37.0,897.3,321.5,54.0,160.9,-1,-1,-1,-1
704,35.0,114.7,403.0,54.9,152.8,-1,-1,-1,-1
704,33.0,882.4,387.9,91.3,156.6,-1,-1,-1,-1
704,30.0,691.2,366.7,86.4,159.3,-1,-1,-1,-1
704,21.0,969.3,365.8,39.6,140.9,-1,-1,-1,-1
704,13.0,468.9,321.1,71.1,155.9,-1,-1,-1,-1
704,12.0,715.5,327.8,54.0,158.6,-1,-1,-1,-1
704,11.0,836.5,349.0,66.6,152.3,-1,-1,-1,-1
704,10.0,401.4,357.1,106.2,170.8,-1,-1,-1,-1
704,4.0,756.4,392.6,72.9,163.6,-1,-1,-1,-1
704,2.0,220.9,325.3,55.8,145.8,-1,-1,-1,-1
705,56.0,481.0,374.4,114.3,160.2,-1,-1,-1,-1
705,54.0,551.2,398.7,121.5,164.7,-1,-1,-1,-1
705,52.0,249.7,384.5,78.3,164.0,-1,-1,-1,-1
705,50.0,625.5,352.3,51.3,149.9,-1,-1,-1,-1
705,47.0,1044.0,402.5,64.8,139.7,-1,-1,-1,-1
705,46.0,806.4,373.9,46.8,141.7,-1,-1,-1,-1
705,45.0,371.5,395.3,155.0,172.6,-1,-1,-1,-1
705,43.0,285.8,388.8,46.8,131.4,-1,-1,-1,-1
705,37.0,896.8,321.3,54.4,163.3,-1,-1,-1,-1
705,35.0,115.9,402.7,50.4,153.0,-1,-1,-1,-1
705,33.0,882.0,392.2,91.8,152.3,-1,-1,-1,-1
705,30.0,693.9,367.6,81.9,160.2,-1,-1,-1,-1
705,21.0,969.3,365.8,39.6,140.9,-1,-1,-1,-1
705,13.0,467.5,320.8,76.5,157.5,-1,-1,-1,-1
705,12.0,715.0,327.8,54.0,160.9,-1,-1,-1,-1
705,11.0,827.5,351.9,74.7,149.8,-1,-1,-1,-1
705,10.0,414.9,359.8,95.4,167.6,-1,-1,-1,-1
705,4.0,756.0,392.8,75.6,162.9,-1,-1,-1,-1
705,2.0,219.8,325.6,56.2,145.6,-1,-1,-1,-1
706,56.0,486.4,373.9,94.5,161.1,-1,-1,-1,-1
706,54.0,586.3,403.6,99.0,162.0,-1,-1,-1,-1
706,52.0,249.3,388.1,94.0,160.9,-1,-1,-1,-1
706,50.0,627.8,351.4,50.4,148.0,-1,-1,-1,-1
706,47.0,1047.6,406.6,61.2,138.8,-1,-1,-1,-1
706,46.0,807.3,378.4,52.2,137.7,-1,-1,-1,-1
706,45.0,408.1,392.4,82.3,172.8,-1,-1,-1,-1
706,43.0,301.3,382.0,41.8,136.3,-1,-1,-1,-1
706,37.0,897.3,321.5,52.2,167.2,-1,-1,-1,-1
706,35.0,116.2,403.2,45.4,152.1,-1,-1,-1,-1
706,33.0,881.1,393.7,91.8,151.2,-1,-1,-1,-1
706,30.0,694.8,370.1,79.2,160.0,-1,-1,-1,-1
706,21.0,965.7,359.5,45.0,146.7,-1,-1,-1,-1
706,13.0,474.7,320.4,62.1,159.3,-1,-1,-1,-1
706,12.0,715.5,327.6,54.0,158.9,-1,-1,-1,-1
706,11.0,812.7,358.6,91.8,147.6,-1,-1,-1,-1
706,10.0,408.1,359.5,102.1,166.5,-1,-1,-1,-1
706,4.0,756.9,392.2,75.6,160.4,-1,-1,-1,-1
706,2.0,220.4,326.5,56.6,145.6,-1,-1,-1,-1
707,56.0,494.1,374.2,79.2,160.9,-1,-1,-1,-1
707,55.0,380.2,364.7,101.2,148.7,-1,-1,-1,-1
707,54.0,586.8,406.1,99.0,160.0,-1,-1,-1,-1
707,52.0,249.1,388.8,98.1,159.3,-1,-1,-1,-1
707,50.0,627.8,350.5,50.4,149.4,-1,-1,-1,-1
707,47.0,1052.1,407.7,57.6,144.0,-1,-1,-1,-1
707,45.0,408.6,393.5,64.8,171.2,-1,-1,-1,-1
707,43.0,306.2,378.4,42.3,137.7,-1,-1,-1,-1
707,37.0,896.8,321.5,52.6,167.6,-1,-1,-1,-1
707,35.0,115.9,404.1,45.2,151.2,-1,-1,-1,-1
707,33.0,881.1,392.8,91.8,152.1,-1,-1,-1,-1
707,30.0,695.7,371.0,74.7,160.4,-1,-1,-1,-1
707,13.0,468.9,320.8,64.8,161.1,-1,-1,-1,-1
707,12.0,715.5,327.6,53.1,152.5,-1,-1,-1,-1
707,11.0,810.4,361.6,91.8,151.4,-1,-1,-1,-1
707,10.0,434.7,358.2,74.7,168.7,-1,-1,-1,-1
707,4.0,756.0,390.6,79.2,162.0,-1,-1,-1,-1
707,2.0,218.4,326.0,57.7,146.5,-1,-1,-1,-1
708,56.0,492.3,375.7,80.1,159.3,-1,-1,-1,-1
708,55.0,369.7,372.1,93.8,137.7,-1,-1,-1,-1
708,54.0,585.9,410.4,99.9,155.7,-1,-1,-1,-1
708,52.0,254.2,392.6,91.3,154.6,-1,-1,-1,-1
708,50.0,629.1,350.5,51.3,149.4,-1,-1,-1,-1
708,47.0,1052.1,410.6,55.8,144.2,-1,-1,-1,-1
708,45.0,417.4,392.8,51.1,172.8,-1,-1,-1,-1
708,43.0,313.9,369.9,44.1,144.9,-1,-1,-1,-1
708,37.0,895.9,320.6,52.7,154.1,-1,-1,-1,-1
708,35.0,115.3,405.0,46.8,151.2,-1,-1,-1,-1
708,33.0,881.1,392.8,91.8,152.1,-1,-1,-1,-1
708,30.0,698.8,370.6,67.5,160.9,-1,-1,-1,-1
708,13.0,473.8,320.8,53.1,154.8,-1,-1,-1,-1
708,12.0,715.0,327.6,52.2,149.4,-1,-1,-1,-1
708,11.0,810.4,366.7,92.7,148.9,-1,-1,-1,-1
708,10.0,456.1,355.0,61.4,170.5,-1,-1,-1,-1
708,4.0,764.5,387.2,66.6,165.4,-1,-1,-1,-1
708,2.0,216.3,326.7,59.5,145.4,-1,-1,-1,-1
709,57.0,948.6,369.2,61.2,137.5,-1,-1,-1,-1
709,56.0,478.8,375.5,92.7,160.0,-1,-1,-1,-1
709,55.0,376.4,372.8,85.3,134.8,-1,-1,-1,-1
709,54.0,586.3,413.8,99.0,152.3,-1,-1,-1,-1
709,52.0,259.2,387.9,86.4,157.5,-1,-1,-1,-1
709,50.0,628.6,350.1,54.0,149.9,-1,-1,-1,-1
709,47.0,1054.8,411.5,50.4,144.7,-1,-1,-1,-1
709,45.0,419.8,394.0,54.0,171.2,-1,-1,-1,-1
709,43.0,303.8,367.0,72.0,144.7,-1,-1,-1,-1
709,37.0,895.9,320.6,58.0,152.3,-1,-1,-1,-1
709,35.0,115.4,406.6,46.3,149.6,-1,-1,-1,-1
709,33.0,881.5,392.8,93.1,152.1,-1,-1,-1,-1
709,30.0,699.3,370.1,65.7,161.8,-1,-1,-1,-1
709,13.0,473.8,320.4,53.1,162.9,-1,-1,-1,-1
709,12.0,714.1,327.6,53.1,147.1,-1,-1,-1,-1
709,11.0,817.2,364.5,83.7,150.8,-1,-1,-1,-1
709,10.0,468.9,349.4,55.8,179.3,-1,-1,-1,-1
709,4.0,769.5,385.6,60.3,166.5,-1,-1,-1,-1
709,2.0,215.9,326.5,60.4,145.6,-1,-1,-1,-1
710,57.0,938.7,370.6,70.2,136.1,-1,-1,-1,-1
710,56.0,487.8,374.8,72.9,159.3,-1,-1,-1,-1
710,55.0,380.9,372.6,70.6,135.5,-1,-1,-1,-1
710,54.0,586.3,412.6,99.0,153.9,-1,-1,-1,-1
710,52.0,276.1,380.7,77.0,161.1,-1,-1,-1,-1
710,50.0,628.6,350.3,64.8,148.7,-1,-1,-1,-1
710,47.0,1057.5,410.4,43.2,146.7,-1,-1,-1,-1
710,45.0,422.3,394.4,52.0,170.8,-1,-1,-1,-1
710,43.0,322.4,363.1,52.6,153.4,-1,-1,-1,-1
710,37.0,896.8,320.6,53.5,153.2,-1,-1,-1,-1
710,35.0,111.7,409.0,50.6,147.6,-1,-1,-1,-1
710,33.0,877.9,394.9,92.2,148.7,-1,-1,-1,-1
710,30.0,699.7,368.5,61.2,163.8,-1,-1,-1,-1
710,13.0,468.9,320.6,56.7,160.9,-1,-1,-1,-1
710,12.0,712.8,327.8,54.0,145.6,-1,-1,-1,-1
710,11.0,827.5,363.1,55.8,148.9,-1,-1,-1,-1
710,4.0,773.5,385.6,54.9,164.7,-1,-1,-1,-1
710,2.0,214.1,327.4,61.8,145.1,-1,-1,-1,-1
711,56.0,488.2,371.5,63.0,163.1,-1,-1,-1,-1
711,55.0,384.3,372.1,62.1,135.9,-1,-1,-1,-1
711,54.0,586.3,412.0,99.0,154.1,-1,-1,-1,-1
711,52.0,286.2,375.7,68.4,165.1,-1,-1,-1,-1
711,50.0,630.0,350.3,69.3,148.7,-1,-1,-1,-1
711,47.0,1055.7,409.5,45.0,147.6,-1,-1,-1,-1
711,45.0,425.9,392.6,46.1,173.5,-1,-1,-1,-1
711,43.0,329.4,364.3,51.3,153.7,-1,-1,-1,-1
711,37.0,896.8,321.1,64.3,153.2,-1,-1,-1,-1
711,35.0,109.6,409.9,52.0,146.7,-1,-1,-1,-1
711,33.0,875.7,393.3,88.2,151.2,-1,-1,-1,-1
711,30.0,697.5,369.0,63.0,163.4,-1,-1,-1,-1
711,21.0,968.4,368.8,41.4,138.4,-1,-1,-1,-1
711,13.0,471.6,320.2,57.6,157.7,-1,-1,-1,-1
711,12.0,714.1,327.6,52.2,145.4,-1,-1,-1,-1
711,11.0,823.9,362.9,60.3,152.3,-1,-1,-1,-1
711,4.0,774.9,385.9,54.9,164.0,-1,-1,-1,-1
711,2.0,213.7,327.8,60.8,143.8,-1,-1,-1,-1
712,56.0,480.6,369.4,50.4,166.1,-1,-1,-1,-1
712,55.0,393.7,372.6,48.6,136.4,-1,-1,-1,-1
712,54.0,585.9,413.8,99.9,152.8,-1,-1,-1,-1
712,52.0,307.6,369.0,59.9,170.1,-1,-1,-1,-1
712,50.0,634.5,351.4,69.3,148.9,-1,-1,-1,-1
712,47.0,1051.2,406.1,54.0,150.5,-1,-1,-1,-1
712,46.0,772.6,357.3,63.9,137.7,-1,-1,-1,-1
712,45.0,427.7,390.6,43.0,175.5,-1,-1,-1,-1
712,43.0,347.4,368.1,45.0,150.3,-1,-1,-1,-1
712,37.0,896.8,320.6,52.6,155.0,-1,-1,-1,-1
712,35.0,105.0,413.1,55.6,149.4,-1,-1,-1,-1
712,33.0,869.8,391.0,71.5,152.1,-1,-1,-1,-1
712,30.0,695.2,370.8,63.9,162.0,-1,-1,-1,-1
712,13.0,474.7,321.1,54.9,153.7,-1,-1,-1,-1
712,12.0,715.0,327.4,51.3,145.1,-1,-1,-1,-1
712,11.0,834.3,366.1,61.2,154.1,-1,-1,-1,-1
712,4.0,777.1,389.2,53.1,161.1,-1,-1,-1,-1
712,2.0,212.6,328.0,60.3,146.2,-1,-1,-1,-1
713,56.0,473.4,369.9,56.7,167.9,-1,-1,-1,-1
713,55.0,397.6,372.6,38.7,137.7,-1,-1,-1,-1
713,54.0,585.4,412.2,99.9,154.8,-1,-1,-1,-1
713,52.0,316.6,368.1,57.1,169.2,-1,-1,-1,-1
713,50.0,634.9,351.4,69.3,148.9,-1,-1,-1,-1
713,47.0,1053.0,404.5,54.0,152.1,-1,-1,-1,-1
713,46.0,765.0,357.3,63.0,137.2,-1,-1,-1,-1
713,45.0,427.0,390.4,41.8,176.2,-1,-1,-1,-1
713,43.0,350.5,372.8,48.6,148.3,-1,-1,-1,-1
713,37.0,896.8,320.8,53.5,153.9,-1,-1,-1,-1
713,35.0,105.1,414.4,55.3,150.3,-1,-1,-1,-1
713,33.0,863.1,386.5,68.4,157.5,-1,-1,-1,-1
713,30.0,692.5,372.8,63.0,162.7,-1,-1,-1,-1
713,13.0,474.3,321.1,54.0,160.0,-1,-1,-1,-1
713,12.0,715.0,327.6,52.2,144.9,-1,-1,-1,-1
713,11.0,834.7,370.3,63.9,150.8,-1,-1,-1,-1
713,4.0,776.7,392.4,54.0,158.4,-1,-1,-1,-1
713,2.0,212.6,328.5,58.9,147.1,-1,-1,-1,-1
714,57.0,930.6,372.6,77.4,135.5,-1,-1,-1,-1
714,56.0,468.9,373.5,53.1,167.9,-1,-1,-1,-1
714,55.0,392.6,372.1,40.5,137.2,-1,-1,-1,-1
714,54.0,585.9,407.2,99.9,160.2,-1,-1,-1,-1
714,52.0,320.6,371.0,64.4,166.3,-1,-1,-1,-1
714,50.0,638.5,351.2,65.7,149.6,-1,-1,-1,-1
714,47.0,1067.4,400.9,37.8,156.6,-1,-1,-1,-1
714,46.0,749.7,358.4,80.1,137.0,-1,-1,-1,-1
714,45.0,426.1,390.1,43.2,176.4,-1,-1,-1,-1
714,43.0,350.3,382.7,77.4,142.0,-1,-1,-1,-1
714,37.0,896.8,320.4,52.6,153.4,-1,-1,-1,-1
714,35.0,102.3,418.9,58.0,149.4,-1,-1,-1,-1
714,30.0,689.4,383.4,63.0,155.7,-1,-1,-1,-1
714,13.0,473.4,320.2,54.9,161.8,-1,-1,-1,-1
714,12.0,714.1,327.4,54.0,145.6,-1,-1,-1,-1
714,11.0,834.3,381.4,74.7,162.7,-1,-1,-1,-1
714,10.0,489.6,359.8,99.0,160.9,-1,-1,-1,-1
714,4.0,766.8,387.9,62.1,162.9,-1,-1,-1,-1
714,2.0,212.1,329.8,55.7,148.0,-1,-1,-1,-1
715,57.0,936.9,372.6,72.0,135.5,-1,-1,-1,-1
715,56.0,458.3,374.8,64.1,166.5,-1,-1,-1,-1
715,54.0,585.9,406.8,99.9,161.1,-1,-1,-1,-1
715,52.0,320.4,376.2,72.4,160.6,-1,-1,-1,-1
715,50.0,642.6,351.4,63.0,150.3,-1,-1,-1,-1
715,47.0,1064.7,400.9,37.8,156.6,-1,-1,-1,-1
715,46.0,741.6,360.0,84.6,135.9,-1,-1,-1,-1
715,45.0,425.9,390.6,50.2,175.5,-1,-1,-1,-1
715,43.0,351.2,374.4,87.8,150.7,-1,-1,-1,-1
715,37.0,895.9,320.4,52.7,153.9,-1,-1,-1,-1
715,35.0,101.9,420.3,57.3,148.5,-1,-1,-1,-1
715,30.0,688.0,381.8,63.9,157.7,-1,-1,-1,-1
715,13.0,470.7,320.2,63.9,160.4,-1,-1,-1,-1
715,12.0,715.5,327.1,52.2,155.2,-1,-1,-1,-1
715,11.0,835.2,382.9,78.3,143.6,-1,-1,-1,-1
715,10.0,487.8,360.4,103.5,161.1,-1,-1,-1,-1
715,4.0,758.7,387.4,67.5,162.0,-1,-1,-1,-1
715,2.0,211.8,330.5,55.7,146.5,-1,-1,-1,-1
716,57.0,930.6,373.5,77.4,135.9,-1,-1,-1,-1
716,56.0,438.3,382.3,83.7,153.2,-1,-1,-1,-1
716,54.0,586.8,402.1,98.1,164.9,-1,-1,-1,-1
716,52.0,320.6,378.7,94.5,158.6,-1,-1,-1,-1
716,50.0,653.8,349.6,56.7,151.6,-1,-1,-1,-1
716,47.0,1058.4,400.5,68.4,156.6,-1,-1,-1,-1
716,45.0,427.5,391.0,52.6,174.6,-1,-1,-1,-1
716,43.0,356.2,376.0,88.6,151.4,-1,-1,-1,-1
716,37.0,895.0,321.1,55.3,154.1,-1,-1,-1,-1
716,35.0,99.6,420.7,55.6,150.3,-1,-1,-1,-1
716,30.0,685.8,376.0,63.0,166.3,-1,-1,-1,-1
716,13.0,470.7,320.6,65.7,152.8,-1,-1,-1,-1
716,12.0,715.0,327.1,54.0,157.9,-1,-1,-1,-1
716,11.0,834.7,383.2,62.1,161.8,-1,-1,-1,-1
716,10.0,495.4,359.5,97.2,162.9,-1,-1,-1,-1
716,4.0,766.8,384.3,54.0,160.2,-1,-1,-1,-1
716,2.0,212.1,331.6,55.5,146.7,-1,-1,-1,-1
717,57.0,928.8,375.3,79.2,135.0,-1,-1,-1,-1
717,56.0,432.4,385.9,90.0,150.5,-1,-1,-1,-1
717,54.0,591.3,396.0,95.4,169.2,-1,-1,-1,-1
717,52.0,321.7,378.9,90.9,158.4,-1,-1,-1,-1
717,50.0,657.9,349.4,54.0,151.0,-1,-1,-1,-1
717,47.0,1053.9,399.8,75.6,156.8,-1,-1,-1,-1
717,45.0,429.1,387.4,54.7,177.3,-1,-1,-1,-1
717,43.0,395.1,385.4,55.8,142.9,-1,-1,-1,-1
717,37.0,895.9,320.8,54.5,155.2,-1,-1,-1,-1
717,35.0,97.0,420.5,53.4,149.6,-1,-1,-1,-1
717,33.0,877.9,382.9,38.7,144.0,-1,-1,-1,-1
717,30.0,684.4,375.1,64.8,168.5,-1,-1,-1,-1
717,13.0,470.7,320.4,67.5,153.4,-1,-1,-1,-1
717,12.0,715.0,326.9,52.2,152.8,-1,-1,-1,-1
717,11.0,822.1,384.3,74.7,160.2,-1,-1,-1,-1
717,10.0,496.8,358.6,96.3,163.4,-1,-1,-1,-1
717,4.0,764.1,382.5,57.6,159.3,-1,-1,-1,-1
717,2.0,212.2,332.1,55.8,146.7,-1,-1,-1,-1
718,57.0,929.7,377.3,77.4,133.0,-1,-1,-1,-1
718,56.0,428.8,391.3,89.1,163.6,-1,-1,-1,-1
718,54.0,609.8,390.8,87.3,171.2,-1,-1,-1,-1
718,52.0,335.2,378.4,73.4,156.1,-1,-1,-1,-1
718,50.0,661.9,348.3,52.2,151.6,-1,-1,-1,-1
718,47.0,1047.6,400.5,79.2,156.6,-1,-1,-1,-1
718,45.0,432.4,392.8,57.6,169.2,-1,-1,-1,-1
718,43.0,393.1,382.9,80.8,145.8,-1,-1,-1,-1
718,37.0,895.0,321.3,54.4,157.9,-1,-1,-1,-1
718,35.0,93.5,416.0,54.5,154.6,-1,-1,-1,-1
718,33.0,880.6,383.2,45.5,145.1,-1,-1,-1,-1
718,30.0,674.1,377.5,71.1,168.3,-1,-1,-1,-1
718,13.0,471.6,320.6,65.7,151.9,-1,-1,-1,-1
718,12.0,705.6,327.6,63.9,166.5,-1,-1,-1,-1
718,11.0,800.1,391.3,98.1,154.1,-1,-1,-1,-1
718,10.0,522.0,357.3,71.1,164.7,-1,-1,-1,-1
718,4.0,762.3,382.7,57.6,152.8,-1,-1,-1,-1
718,2.0,213.4,332.1,55.5,146.7,-1,-1,-1,-1
719,57.0,929.7,373.9,75.6,135.9,-1,-1,-1,-1
719,56.0,430.4,385.9,53.8,145.6,-1,-1,-1,-1
719,54.0,621.4,392.8,78.3,169.2,-1,-1,-1,-1
719,52.0,345.1,375.3,75.6,155.7,-1,-1,-1,-1
719,50.0,662.4,349.2,59.4,161.1,-1,-1,-1,-1
719,47.0,1045.8,400.0,79.2,157.5,-1,-1,-1,-1
719,45.0,435.8,391.9,52.0,169.2,-1,-1,-1,-1
719,37.0,895.9,321.3,52.7,154.3,-1,-1,-1,-1
719,35.0,90.8,415.8,55.8,154.8,-1,-1,-1,-1
719,33.0,891.4,382.3,38.2,145.6,-1,-1,-1,-1
719,30.0,671.4,376.9,70.2,168.5,-1,-1,-1,-1
719,13.0,469.8,320.4,67.5,152.5,-1,-1,-1,-1
719,12.0,702.4,326.9,65.7,169.4,-1,-1,-1,-1
719,11.0,792.4,392.8,105.3,153.0,-1,-1,-1,-1
719,10.0,532.3,356.2,61.2,165.8,-1,-1,-1,-1
719,4.0,759.6,379.8,58.5,153.5,-1,-1,-1,-1
719,2.0,214.1,332.5,55.7,145.8,-1,-1,-1,-1
720,57.0,927.0,373.7,64.8,136.6,-1,-1,-1,-1
720,56.0,431.1,381.8,59.4,150.1,-1,-1,-1,-1
720,52.0,364.3,374.2,58.5,154.1,-1,-1,-1,-1
720,50.0,665.1,345.1,71.1,171.0,-1,-1,-1,-1
720,47.0,1044.0,400.9,77.4,156.6,-1,-1,-1,-1
720,45.0,438.5,390.1,55.6,169.2,-1,-1,-1,-1
720,37.0,896.4,321.1,52.2,169.9,-1,-1,-1,-1
720,35.0,84.3,415.8,60.5,155.7,-1,-1,-1,-1
720,33.0,895.0,380.9,50.8,146.5,-1,-1,-1,-1
720,30.0,650.7,389.7,83.7,171.9,-1,-1,-1,-1
720,13.0,468.9,320.4,68.4,152.5,-1,-1,-1,-1
720,12.0,712.3,327.4,54.0,155.9,-1,-1,-1,-1
720,11.0,799.2,391.7,93.6,153.2,-1,-1,-1,-1
720,10.0,555.3,354.1,43.2,167.9,-1,-1,-1,-1
720,4.0,755.5,378.0,58.5,156.6,-1,-1,-1,-1
720,2.0,215.1,333.0,55.8,145.4,-1,-1,-1,-1
721,57.0,925.2,371.2,61.2,137.7,-1,-1,-1,-1
721,56.0,427.5,384.5,60.3,154.1,-1,-1,-1,-1
721,52.0,366.3,371.7,58.5,155.7,-1,-1,-1,-1
721,50.0,667.3,345.4,61.2,179.3,-1,-1,-1,-1
721,47.0,1044.0,401.6,75.6,155.9,-1,-1,-1,-1
721,45.0,440.1,382.9,55.8,177.3,-1,-1,-1,-1
721,37.0,896.8,321.1,52.6,167.6,-1,-1,-1,-1
721,35.0,80.3,418.0,63.1,156.6,-1,-1,-1,-1
721,33.0,896.4,380.7,64.8,147.6,-1,-1,-1,-1
721,30.0,652.9,393.3,79.2,167.4,-1,-1,-1,-1
721,13.0,470.7,320.4,66.6,152.5,-1,-1,-1,-1
721,12.0,711.0,327.6,54.9,155.2,-1,-1,-1,-1
721,11.0,798.3,390.8,89.1,153.2,-1,-1,-1,-1
721,10.0,558.0,353.9,45.9,169.0,-1,-1,-1,-1
721,4.0,753.3,379.1,58.5,160.0,-1,-1,-1,-1
721,2.0,215.8,332.1,55.8,146.7,-1,-1,-1,-1
722,52.0,371.0,373.0,89.5,163.3,-1,-1,-1,-1
722,50.0,663.3,346.9,58.5,144.9,-1,-1,-1,-1
722,47.0,1044.0,402.5,70.2,155.0,-1,-1,-1,-1
722,45.0,441.0,389.2,68.4,171.9,-1,-1,-1,-1
722,37.0,896.4,321.3,55.8,155.2,-1,-1,-1,-1
722,35.0,74.0,421.2,67.5,157.5,-1,-1,-1,-1
722,33.0,905.4,382.7,63.0,147.4,-1,-1,-1,-1
722,30.0,654.3,377.8,88.2,182.9,-1,-1,-1,-1
722,13.0,470.7,320.4,66.6,152.5,-1,-1,-1,-1
722,12.0,712.8,327.1,54.0,149.4,-1,-1,-1,-1
722,11.0,789.3,389.9,81.0,153.7,-1,-1,-1,-1
722,10.0,563.4,355.0,56.7,169.2,-1,-1,-1,-1
722,4.0,751.0,379.8,55.8,154.8,-1,-1,-1,-1
722,2.0,216.4,331.2,56.2,146.2,-1,-1,-1,-1
723,50.0,657.0,349.2,47.7,147.6,-1,-1,-1,-1
723,47.0,1043.1,403.0,66.6,154.1,-1,-1,-1,-1
723,45.0,444.4,390.1,68.6,170.1,-1,-1,-1,-1
723,37.0,897.3,321.3,52.2,152.1,-1,-1,-1,-1
723,35.0,71.5,423.0,68.9,159.3,-1,-1,-1,-1
723,33.0,911.7,388.8,57.6,141.3,-1,-1,-1,-1
723,30.0,654.7,378.4,102.6,183.6,-1,-1,-1,-1
723,13.0,472.9,320.6,63.9,152.3,-1,-1,-1,-1
723,12.0,711.9,327.4,55.8,146.9,-1,-1,-1,-1
723,11.0,787.9,388.6,69.3,154.1,-1,-1,-1,-1
723,10.0,564.8,356.6,65.7,168.5,-1,-1,-1,-1
723,4.0,749.2,379.6,54.9,154.6,-1,-1,-1,-1
723,2.0,216.9,331.2,56.2,147.1,-1,-1,-1,-1
724,55.0,370.6,374.8,48.1,136.8,-1,-1,-1,-1
724,50.0,671.8,349.9,54.9,147.8,-1,-1,-1,-1
724,47.0,1040.4,403.4,57.6,152.8,-1,-1,-1,-1
724,45.0,445.5,389.7,70.2,169.2,-1,-1,-1,-1
724,37.0,897.3,321.1,52.2,154.1,-1,-1,-1,-1
724,35.0,67.9,427.3,69.3,158.6,-1,-1,-1,-1
724,33.0,927.9,393.3,50.4,137.7,-1,-1,-1,-1
724,30.0,657.4,392.6,112.5,169.9,-1,-1,-1,-1
724,13.0,474.3,320.6,62.1,152.8,-1,-1,-1,-1
724,12.0,715.9,327.1,51.3,148.5,-1,-1,-1,-1
724,11.0,776.7,386.1,70.2,156.6,-1,-1,-1,-1
724,10.0,566.5,358.6,72.9,169.2,-1,-1,-1,-1
724,4.0,742.5,375.3,63.9,153.5,-1,-1,-1,-1
724,2.0,217.2,331.2,56.1,146.7,-1,-1,-1,-1
725,55.0,369.0,374.8,49.1,138.6,-1,-1,-1,-1
725,50.0,675.4,349.0,52.2,159.5,-1,-1,-1,-1
725,47.0,1038.6,402.1,57.6,152.3,-1,-1,-1,-1
725,45.0,447.7,390.6,67.5,170.1,-1,-1,-1,-1
725,43.0,490.0,381.1,44.1,148.9,-1,-1,-1,-1
725,37.0,896.4,321.3,52.2,153.4,-1,-1,-1,-1
725,35.0,66.5,426.6,69.5,162.0,-1,-1,-1,-1
725,33.0,936.0,393.5,46.8,137.0,-1,-1,-1,-1
725,30.0,661.9,403.2,111.6,158.4,-1,-1,-1,-1
725,13.0,474.3,320.6,53.1,155.9,-1,-1,-1,-1
725,12.0,716.8,327.4,49.5,152.8,-1,-1,-1,-1
725,11.0,772.2,385.2,70.2,157.5,-1,-1,-1,-1
725,10.0,568.8,359.5,72.0,168.3,-1,-1,-1,-1
725,4.0,742.0,374.2,62.1,153.2,-1,-1,-1,-1
725,2.0,217.6,331.2,55.8,147.6,-1,-1,-1,-1
726,57.0,894.6,371.2,55.8,140.4,-1,-1,-1,-1
726,55.0,369.9,374.4,47.2,139.5,-1,-1,-1,-1
726,54.0,659.2,385.9,60.3,165.8,-1,-1,-1,-1
726,52.0,430.2,369.7,60.3,159.5,-1,-1,-1,-1
726,50.0,677.7,350.1,52.2,155.7,-1,-1,-1,-1
726,47.0,1035.9,399.6,52.2,149.4,-1,-1,-1,-1
726,45.0,452.2,390.4,63.9,167.6,-1,-1,-1,-1
726,43.0,508.9,385.4,40.5,144.7,-1,-1,-1,-1
726,37.0,896.4,321.3,52.2,153.9,-1,-1,-1,-1
726,35.0,67.2,425.2,64.6,163.8,-1,-1,-1,-1
726,33.0,940.5,389.7,46.8,147.6,-1,-1,-1,-1
726,30.0,692.5,401.6,111.6,160.0,-1,-1,-1,-1
726,13.0,472.5,320.6,55.8,154.1,-1,-1,-1,-1
726,12.0,715.9,327.1,50.4,155.7,-1,-1,-1,-1
726,11.0,753.3,384.7,78.3,157.5,-1,-1,-1,-1
726,10.0,580.9,360.4,63.9,166.5,-1,-1,-1,-1
726,4.0,731.2,370.1,57.6,153.7,-1,-1,-1,-1
726,2.0,217.7,331.9,55.7,146.0,-1,-1,-1,-1
727,58.0,596.7,344.2,78.3,144.9,-1,-1,-1,-1
727,57.0,889.6,373.5,59.0,138.6,-1,-1,-1,-1
727,55.0,370.1,374.8,45.5,139.0,-1,-1,-1,-1
727,54.0,654.3,387.0,68.4,164.7,-1,-1,-1,-1
727,52.0,437.6,367.6,59.2,162.0,-1,-1,-1,-1
727,50.0,679.0,349.0,54.9,154.6,-1,-1,-1,-1
727,47.0,1034.1,399.1,48.6,148.5,-1,-1,-1,-1
727,45.0,454.9,388.1,60.3,169.9,-1,-1,-1,-1
727,43.0,512.5,382.3,54.9,149.6,-1,-1,-1,-1
727,37.0,896.4,321.5,52.2,160.4,-1,-1,-1,-1
727,35.0,67.8,424.1,61.2,165.4,-1,-1,-1,-1
727,33.0,941.4,387.9,48.6,151.2,-1,-1,-1,-1
727,30.0,707.4,399.8,90.9,161.8,-1,-1,-1,-1
727,13.0,474.7,320.6,55.8,151.9,-1,-1,-1,-1
727,12.0,711.4,327.8,54.9,155.9,-1,-1,-1,-1
727,11.0,747.4,386.1,80.1,155.7,-1,-1,-1,-1
727,10.0,587.2,359.8,61.2,167.6,-1,-1,-1,-1
727,2.0,217.2,332.1,56.4,147.6,-1,-1,-1,-1
728,57.0,886.5,372.8,62.1,141.1,-1,-1,-1,-1
728,56.0,373.7,380.9,77.4,162.7,-1,-1,-1,-1
728,55.0,369.9,374.4,46.3,141.3,-1,-1,-1,-1
728,54.0,660.1,388.6,53.1,163.6,-1,-1,-1,-1
728,52.0,437.8,362.2,74.7,160.6,-1,-1,-1,-1
728,50.0,685.8,349.4,47.7,155.9,-1,-1,-1,-1
728,47.0,1032.3,397.1,45.0,149.6,-1,-1,-1,-1
728,45.0,463.5,385.9,54.0,167.2,-1,-1,-1,-1
728,43.0,517.0,382.9,81.0,149.4,-1,-1,-1,-1
728,37.0,896.4,321.7,52.2,156.6,-1,-1,-1,-1
728,35.0,67.0,424.8,57.5,164.7,-1,-1,-1,-1
728,33.0,947.7,389.5,48.6,155.0,-1,-1,-1,-1
728,30.0,727.2,392.8,66.6,167.4,-1,-1,-1,-1
728,13.0,470.7,320.6,65.7,152.3,-1,-1,-1,-1
728,12.0,714.1,327.1,53.1,157.5,-1,-1,-1,-1
728,11.0,737.1,391.5,74.7,152.1,-1,-1,-1,-1
728,10.0,595.3,357.3,51.3,168.3,-1,-1,-1,-1
728,2.0,216.4,336.4,56.7,145.1,-1,-1,-1,-1
729,57.0,886.0,375.3,62.5,138.6,-1,-1,-1,-1
729,56.0,373.7,378.7,70.2,164.0,-1,-1,-1,-1
729,55.0,369.7,375.5,47.2,139.3,-1,-1,-1,-1
729,54.0,652.9,387.7,56.7,164.0,-1,-1,-1,-1
729,52.0,441.9,359.8,76.5,163.1,-1,-1,-1,-1
729,50.0,690.7,349.6,54.0,155.2,-1,-1,-1,-1
729,47.0,1030.5,396.9,46.8,150.3,-1,-1,-1,-1
729,45.0,465.3,385.6,52.2,167.4,-1,-1,-1,-1
729,43.0,525.6,384.7,78.3,151.6,-1,-1,-1,-1
729,37.0,896.8,321.5,52.6,155.5,-1,-1,-1,-1
729,35.0,66.5,425.7,56.4,165.6,-1,-1,-1,-1
729,33.0,949.5,392.2,50.4,153.7,-1,-1,-1,-1
729,30.0,724.0,388.1,74.7,171.2,-1,-1,-1,-1
729,13.0,468.0,320.4,67.5,155.7,-1,-1,-1,-1
729,12.0,718.6,327.8,48.6,139.7,-1,-1,-1,-1
729,10.0,598.0,357.1,49.5,169.0,-1,-1,-1,-1
729,2.0,216.1,337.0,56.4,143.5,-1,-1,-1,-1
730,57.0,885.6,374.4,57.6,139.9,-1,-1,-1,-1
730,56.0,371.5,375.3,54.5,164.2,-1,-1,-1,-1
730,54.0,652.5,388.3,45.0,163.8,-1,-1,-1,-1
730,52.0,461.2,362.5,74.7,157.7,-1,-1,-1,-1
730,50.0,694.8,351.2,61.2,154.1,-1,-1,-1,-1
730,47.0,1029.6,396.0,50.4,150.3,-1,-1,-1,-1
730,45.0,461.7,385.4,59.4,167.6,-1,-1,-1,-1
730,43.0,546.8,387.7,57.6,148.7,-1,-1,-1,-1
730,37.0,897.3,321.3,52.2,153.9,-1,-1,-1,-1
730,35.0,59.3,427.3,61.6,169.4,-1,-1,-1,-1
730,33.0,961.2,399.4,46.8,146.0,-1,-1,-1,-1
730,30.0,746.5,391.0,84.6,168.3,-1,-1,-1,-1
730,13.0,472.9,320.4,56.7,158.8,-1,-1,-1,-1
730,12.0,715.0,327.6,52.2,142.2,-1,-1,-1,-1
730,10.0,601.2,355.7,59.4,170.8,-1,-1,-1,-1
730,2.0,215.0,340.2,56.6,146.2,-1,-1,-1,-1
731,58.0,558.0,355.0,49.5,142.2,-1,-1,-1,-1
731,57.0,885.1,374.4,53.5,139.9,-1,-1,-1,-1
731,56.0,370.1,373.9,49.1,164.7,-1,-1,-1,-1
731,54.0,645.3,388.1,45.0,165.4,-1,-1,-1,-1
731,52.0,478.8,363.1,56.7,157.0,-1,-1,-1,-1
731,50.0,694.8,353.9,63.9,153.2,-1,-1,-1,-1
731,47.0,1028.7,396.4,52.2,149.4,-1,-1,-1,-1
731,45.0,466.6,384.3,54.9,168.3,-1,-1,-1,-1
731,43.0,552.1,389.7,52.2,146.7,-1,-1,-1,-1
731,37.0,897.3,320.8,52.2,153.9,-1,-1,-1,-1
731,35.0,57.9,429.1,62.7,170.8,-1,-1,-1,-1
731,33.0,964.8,400.0,46.8,145.8,-1,-1,-1,-1
731,30.0,746.5,391.0,94.5,168.3,-1,-1,-1,-1
731,13.0,473.8,320.8,53.1,162.0,-1,-1,-1,-1
731,12.0,711.0,327.6,56.7,146.2,-1,-1,-1,-1
731,10.0,602.5,355.9,63.9,171.0,-1,-1,-1,-1
731,2.0,213.7,338.8,56.3,148.5,-1,-1,-1,-1
732,58.0,556.2,358.6,36.9,139.0,-1,-1,-1,-1
732,57.0,885.1,373.5,46.3,140.9,-1,-1,-1,-1
732,56.0,365.4,373.3,49.5,164.0,-1,-1,-1,-1
732,54.0,634.9,387.4,54.9,169.2,-1,-1,-1,-1
732,52.0,502.2,366.1,46.8,153.7,-1,-1,-1,-1
732,50.0,694.8,357.1,80.1,150.5,-1,-1,-1,-1
732,47.0,1025.1,397.8,57.6,146.7,-1,-1,-1,-1
732,45.0,467.5,384.1,59.4,168.5,-1,-1,-1,-1
732,43.0,562.0,389.7,54.0,146.7,-1,-1,-1,-1
732,37.0,895.9,320.8,53.5,153.0,-1,-1,-1,-1
732,35.0,52.4,434.2,63.9,168.3,-1,-1,-1,-1
732,33.0,965.7,399.6,54.0,146.7,-1,-1,-1,-1
732,30.0,755.5,391.7,98.1,167.6,-1,-1,-1,-1
732,13.0,474.3,320.8,55.8,162.9,-1,-1,-1,-1
732,12.0,713.2,327.4,57.6,153.7,-1,-1,-1,-1
732,11.0,711.9,385.9,54.9,149.6,-1,-1,-1,-1
732,10.0,603.4,356.4,61.2,170.5,-1,-1,-1,-1
732,2.0,211.2,335.0,56.4,152.8,-1,-1,-1,-1
733,58.0,541.8,357.1,46.8,139.7,-1,-1,-1,-1
733,57.0,885.6,370.8,40.5,144.0,-1,-1,-1,-1
733,56.0,360.0,371.9,53.1,165.4,-1,-1,-1,-1
733,54.0,630.4,388.1,58.5,170.8,-1,-1,-1,-1
733,52.0,505.3,366.5,64.8,152.8,-1,-1,-1,-1
733,50.0,695.2,354.1,70.2,154.8,-1,-1,-1,-1
733,47.0,1021.5,397.1,61.2,147.4,-1,-1,-1,-1
733,45.0,468.4,384.3,60.3,168.3,-1,-1,-1,-1
733,43.0,567.4,391.3,59.4,145.6,-1,-1,-1,-1
733,37.0,895.5,321.5,54.0,153.7,-1,-1,-1,-1
733,35.0,48.8,435.1,65.4,169.2,-1,-1,-1,-1
733,33.0,966.6,398.0,63.0,149.6,-1,-1,-1,-1
733,30.0,765.4,392.2,89.1,164.9,-1,-1,-1,-1
733,13.0,475.2,320.4,54.0,165.1,-1,-1,-1,-1
733,12.0,713.7,326.7,58.5,164.7,-1,-1,-1,-1
733,11.0,711.0,382.3,50.4,152.3,-1,-1,-1,-1
733,10.0,607.9,357.3,55.8,170.1,-1,-1,-1,-1
733,2.0,210.0,333.2,56.8,154.6,-1,-1,-1,-1
734,57.0,886.0,370.8,32.4,143.5,-1,-1,-1,-1
734,56.0,345.1,371.5,63.9,165.8,-1,-1,-1,-1
734,54.0,628.2,391.0,59.4,170.1,-1,-1,-1,-1
734,52.0,509.8,363.4,71.1,155.9,-1,-1,-1,-1
734,50.0,712.3,327.6,75.6,176.4,-1,-1,-1,-1
734,47.0,1019.7,395.5,61.2,147.6,-1,-1,-1,-1
734,45.0,470.2,384.7,52.2,167.4,-1,-1,-1,-1
734,43.0,574.2,387.4,67.5,149.4,-1,-1,-1,-1
734,37.0,892.8,321.1,56.7,153.2,-1,-1,-1,-1
734,35.0,42.9,435.6,66.5,169.2,-1,-1,-1,-1
734,33.0,970.2,397.3,75.6,156.6,-1,-1,-1,-1
734,30.0,790.2,391.0,64.8,162.9,-1,-1,-1,-1
734,13.0,474.7,320.4,59.4,161.1,-1,-1,-1,-1
734,11.0,694.8,365.4,55.8,168.7,-1,-1,-1,-1
734,10.0,612.0,358.2,54.0,166.1,-1,-1,-1,-1
734,2.0,209.0,333.0,56.2,154.4,-1,-1,-1,-1
735,57.0,885.6,370.3,32.4,144.5,-1,-1,-1,-1
735,56.0,336.6,370.8,70.2,166.5,-1,-1,-1,-1
735,54.0,627.8,392.6,58.5,169.9,-1,-1,-1,-1
735,52.0,511.6,364.0,84.6,155.2,-1,-1,-1,-1
735,50.0,711.4,356.6,78.3,146.5,-1,-1,-1,-1
735,47.0,1015.2,394.4,63.0,147.4,-1,-1,-1,-1
735,45.0,471.1,385.2,52.2,166.5,-1,-1,-1,-1
735,43.0,579.6,386.5,64.8,149.4,-1,-1,-1,-1
735,37.0,894.1,321.3,55.3,153.0,-1,-1,-1,-1
735,35.0,41.5,436.3,65.4,168.5,-1,-1,-1,-1
735,33.0,973.8,399.1,81.0,158.4,-1,-1,-1,-1
735,30.0,801.4,389.0,53.1,165.4,-1,-1,-1,-1
735,13.0,474.3,320.6,54.0,169.4,-1,-1,-1,-1
735,11.0,687.6,364.3,62.1,169.0,-1,-1,-1,-1
735,10.0,613.8,358.9,54.9,164.9,-1,-1,-1,-1
735,2.0,209.0,333.0,55.8,154.4,-1,-1,-1,-1
736,57.0,882.9,370.3,33.3,144.5,-1,-1,-1,-1
736,56.0,331.4,371.7,70.6,164.7,-1,-1,-1,-1
736,54.0,623.7,392.6,58.5,169.0,-1,-1,-1,-1
736,52.0,524.7,366.7,92.7,158.4,-1,-1,-1,-1
736,50.0,707.8,357.7,81.9,144.9,-1,-1,-1,-1
736,47.0,1013.4,390.6,57.6,141.3,-1,-1,-1,-1
736,45.0,472.0,385.6,50.4,164.7,-1,-1,-1,-1
736,43.0,587.2,385.6,57.6,148.9,-1,-1,-1,-1
736,37.0,895.9,321.3,53.5,153.0,-1,-1,-1,-1
736,35.0,40.2,436.0,63.6,168.3,-1,-1,-1,-1
736,33.0,985.5,404.8,72.0,154.1,-1,-1,-1,-1
736,30.0,806.4,384.5,51.3,169.0,-1,-1,-1,-1
736,13.0,474.7,320.4,54.0,157.0,-1,-1,-1,-1
736,11.0,679.9,373.7,66.6,151.0,-1,-1,-1,-1
736,10.0,615.1,358.4,55.8,161.8,-1,-1,-1,-1
736,2.0,209.1,333.0,55.7,154.4,-1,-1,-1,-1
737,57.0,882.0,370.3,32.4,144.5,-1,-1,-1,-1
737,56.0,332.3,372.4,66.6,163.1,-1,-1,-1,-1
737,54.0,622.3,391.7,57.6,169.9,-1,-1,-1,-1
737,52.0,532.8,368.8,85.5,156.8,-1,-1,-1,-1
737,50.0,706.9,356.4,82.8,146.2,-1,-1,-1,-1
737,45.0,471.6,385.2,50.4,165.6,-1,-1,-1,-1
737,43.0,589.0,385.6,56.7,147.1,-1,-1,-1,-1
737,37.0,895.5,321.1,54.0,153.2,-1,-1,-1,-1
737,35.0,40.4,437.4,62.0,169.2,-1,-1,-1,-1
737,33.0,993.6,406.8,70.2,152.1,-1,-1,-1,-1
737,30.0,810.0,383.4,62.1,168.3,-1,-1,-1,-1
737,13.0,474.7,320.8,53.1,155.2,-1,-1,-1,-1
737,12.0,714.1,327.4,53.1,146.0,-1,-1,-1,-1
737,11.0,679.5,375.5,59.4,145.6,-1,-1,-1,-1
737,10.0,616.5,357.5,56.7,160.9,-1,-1,-1,-1
737,2.0,209.0,333.9,55.8,153.4,-1,-1,-1,-1
738,58.0,485.5,356.4,69.3,158.4,-1,-1,-1,-1
738,57.0,881.5,371.7,31.5,143.6,-1,-1,-1,-1
738,56.0,334.6,373.0,59.0,162.0,-1,-1,-1,-1
738,54.0,620.1,390.4,59.4,170.8,-1,-1,-1,-1
738,52.0,556.2,371.0,63.0,152.8,-1,-1,-1,-1
738,50.0,719.1,355.9,71.1,148.9,-1,-1,-1,-1
738,45.0,471.6,380.5,49.5,167.6,-1,-1,-1,-1
738,43.0,594.9,384.3,52.2,151.2,-1,-1,-1,-1
738,37.0,895.9,321.3,53.5,153.4,-1,-1,-1,-1
738,35.0,40.2,439.6,60.3,171.9,-1,-1,-1,-1
738,33.0,1017.0,407.5,52.2,152.8,-1,-1,-1,-1
738,30.0,814.9,383.4,74.7,168.3,-1,-1,-1,-1
738,13.0,474.7,320.8,52.2,158.9,-1,-1,-1,-1
738,12.0,711.4,327.6,57.6,153.5,-1,-1,-1,-1
738,10.0,618.3,357.5,57.6,155.9,-1,-1,-1,-1
738,2.0,208.9,333.2,56.4,154.6,-1,-1,-1,-1
739,58.0,481.9,356.8,63.0,170.5,-1,-1,-1,-1
739,57.0,881.1,371.2,31.5,144.0,-1,-1,-1,-1
739,56.0,333.4,373.3,58.0,160.4,-1,-1,-1,-1
739,54.0,619.6,389.5,59.4,171.2,-1,-1,-1,-1
739,52.0,560.7,370.3,60.3,152.5,-1,-1,-1,-1
739,50.0,718.6,355.0,72.0,150.8,-1,-1,-1,-1
739,45.0,472.0,379.3,50.4,166.5,-1,-1,-1,-1
739,43.0,597.1,383.8,46.8,152.5,-1,-1,-1,-1
739,37.0,895.5,321.3,54.0,153.0,-1,-1,-1,-1
739,35.0,41.5,439.9,58.0,173.9,-1,-1,-1,-1
739,33.0,1023.3,404.5,50.4,154.8,-1,-1,-1,-1
739,30.0,816.3,382.9,73.8,169.2,-1,-1,-1,-1
739,13.0,473.8,320.4,53.1,158.4,-1,-1,-1,-1
739,12.0,713.7,327.1,52.2,153.4,-1,-1,-1,-1
739,10.0,621.0,357.5,55.8,150.5,-1,-1,-1,-1
739,2.0,209.1,333.0,57.0,154.8,-1,-1,-1,-1
740,57.0,880.2,370.3,31.5,145.3,-1,-1,-1,-1
740,56.0,333.4,369.7,53.5,159.5,-1,-1,-1,-1
740,54.0,617.8,391.5,59.4,169.2,-1,-1,-1,-1
740,52.0,567.9,367.9,57.6,155.0,-1,-1,-1,-1
740,50.0,743.8,352.3,51.3,151.6,-1,-1,-1,-1
740,47.0,1013.4,381.1,45.0,148.5,-1,-1,-1,-1
740,46.0,662.8,361.8,70.2,153.5,-1,-1,-1,-1
740,45.0,471.6,378.0,51.3,164.3,-1,-1,-1,-1
740,43.0,599.8,383.2,47.7,155.9,-1,-1,-1,-1
740,37.0,895.5,321.3,54.0,153.0,-1,-1,-1,-1
740,35.0,46.5,441.9,51.9,172.8,-1,-1,-1,-1
740,33.0,1033.2,402.1,52.2,164.9,-1,-1,-1,-1
740,30.0,824.4,384.1,65.7,167.6,-1,-1,-1,-1
740,13.0,473.8,319.9,60.3,152.1,-1,-1,-1,-1
740,12.0,715.5,327.6,52.2,151.2,-1,-1,-1,-1
740,10.0,620.5,359.1,59.4,158.4,-1,-1,-1,-1
740,2.0,209.7,333.0,59.4,154.8,-1,-1,-1,-1
741,57.0,877.9,370.1,33.3,145.6,-1,-1,-1,-1
741,56.0,333.2,368.3,52.6,159.1,-1,-1,-1,-1
741,55.0,362.2,373.9,38.2,140.9,-1,-1,-1,-1
741,54.0,618.3,392.6,57.6,167.6,-1,-1,-1,-1
741,52.0,579.1,366.5,51.3,155.5,-1,-1,-1,-1
741,50.0,754.6,351.9,43.2,152.1,-1,-1,-1,-1
741,47.0,1012.5,381.6,43.2,148.5,-1,-1,-1,-1
741,46.0,662.4,363.1,70.2,149.4,-1,-1,-1,-1
741,45.0,472.9,378.2,51.3,163.6,-1,-1,-1,-1
741,43.0,598.5,384.7,52.2,156.6,-1,-1,-1,-1
741,37.0,895.5,321.5,54.0,152.8,-1,-1,-1,-1
741,35.0,49.8,441.9,48.0,172.8,-1,-1,-1,-1
741,33.0,1039.5,403.9,50.4,165.8,-1,-1,-1,-1
741,30.0,827.1,384.7,65.7,166.5,-1,-1,-1,-1
741,13.0,472.0,319.9,63.0,152.5,-1,-1,-1,-1
741,12.0,715.0,327.4,51.3,144.7,-1,-1,-1,-1
741,10.0,622.3,359.8,67.5,156.8,-1,-1,-1,-1
741,2.0,210.6,333.0,60.3,154.8,-1,-1,-1,-1
742,57.0,882.0,369.0,28.8,146.3,-1,-1,-1,-1
742,56.0,331.9,365.2,53.1,160.9,-1,-1,-1,-1
742,55.0,367.6,374.6,33.3,139.7,-1,-1,-1,-1
742,54.0,615.6,394.6,60.3,165.6,-1,-1,-1,-1
742,52.0,571.9,365.8,71.1,155.2,-1,-1,-1,-1
742,50.0,763.2,351.7,42.3,153.7,-1,-1,-1,-1
742,47.0,1009.8,382.3,43.2,145.1,-1,-1,-1,-1
742,46.0,653.4,363.1,74.7,157.9,-1,-1,-1,-1
742,45.0,475.2,376.2,54.0,164.7,-1,-1,-1,-1
742,43.0,592.6,385.2,62.1,149.4,-1,-1,-1,-1
742,37.0,895.0,321.3,54.4,153.0,-1,-1,-1,-1
742,35.0,46.7,441.9,49.1,172.8,-1,-1,-1,-1
742,33.0,1053.9,413.5,46.8,160.2,-1,-1,-1,-1
742,30.0,832.5,384.3,61.2,165.6,-1,-1,-1,-1
742,13.0,470.2,320.4,62.1,153.4,-1,-1,-1,-1
742,12.0,713.7,327.1,52.2,146.7,-1,-1,-1,-1
742,10.0,622.3,360.4,54.9,162.0,-1,-1,-1,-1
742,2.0,211.7,331.9,61.7,155.9,-1,-1,-1,-1
743,57.0,881.1,369.2,29.7,146.5,-1,-1,-1,-1
743,56.0,331.6,364.0,53.1,162.0,-1,-1,-1,-1
743,55.0,367.9,375.7,33.3,138.6,-1,-1,-1,-1
743,54.0,615.6,395.8,59.4,163.1,-1,-1,-1,-1
743,52.0,574.2,366.7,74.7,162.4,-1,-1,-1,-1
743,50.0,763.6,351.4,52.2,152.5,-1,-1,-1,-1
743,47.0,1009.8,382.9,41.4,144.9,-1,-1,-1,-1
743,46.0,653.4,362.9,71.1,147.4,-1,-1,-1,-1
743,45.0,477.4,375.7,54.9,165.6,-1,-1,-1,-1
743,43.0,590.8,385.9,61.2,146.5,-1,-1,-1,-1
743,37.0,895.0,321.3,54.4,153.0,-1,-1,-1,-1
743,35.0,42.6,441.0,51.9,173.7,-1,-1,-1,-1
743,33.0,1061.1,414.0,43.2,160.2,-1,-1,-1,-1
743,30.0,833.4,383.8,60.3,160.2,-1,-1,-1,-1
743,13.0,472.9,321.1,59.4,153.7,-1,-1,-1,-1
743,12.0,715.5,327.1,51.3,146.2,-1,-1,-1,-1
743,10.0,617.8,360.2,59.4,154.1,-1,-1,-1,-1
743,2.0,212.4,332.5,63.9,155.2,-1,-1,-1,-1
744,57.0,877.0,369.9,33.3,145.4,-1,-1,-1,-1
744,56.0,329.8,364.3,54.0,161.8,-1,-1,-1,-1
744,55.0,368.3,377.1,32.9,136.8,-1,-1,-1,-1
744,54.0,613.3,397.3,66.6,158.4,-1,-1,-1,-1
744,52.0,579.6,369.7,76.5,140.6,-1,-1,-1,-1
744,50.0,765.0,352.8,72.9,150.8,-1,-1,-1,-1
744,47.0,1007.1,382.9,41.4,143.6,-1,-1,-1,-1
744,46.0,641.7,358.9,64.8,152.3,-1,-1,-1,-1
744,45.0,478.3,375.7,65.7,165.6,-1,-1,-1,-1
744,43.0,602.5,385.6,60.3,149.4,-1,-1,-1,-1
744,37.0,893.7,321.3,55.8,153.0,-1,-1,-1,-1
744,35.0,38.3,439.9,54.7,174.8,-1,-1,-1,-1
744,33.0,1072.8,413.5,41.4,161.1,-1,-1,-1,-1
744,30.0,835.2,383.4,59.4,158.4,-1,-1,-1,-1
744,13.0,474.7,321.1,54.0,153.7,-1,-1,-1,-1
744,12.0,715.0,327.4,52.2,145.6,-1,-1,-1,-1
744,2.0,214.0,332.8,65.2,155.0,-1,-1,-1,-1
745,58.0,450.2,359.5,60.1,159.3,-1,-1,-1,-1
745,57.0,873.9,369.4,36.0,145.4,-1,-1,-1,-1
745,56.0,327.8,364.5,55.8,160.6,-1,-1,-1,-1
745,55.0,367.2,376.9,34.2,137.0,-1,-1,-1,-1
745,54.0,609.8,399.1,67.5,153.9,-1,-1,-1,-1
745,52.0,584.1,371.2,92.7,157.9,-1,-1,-1,-1
745,50.0,764.5,354.8,81.0,149.6,-1,-1,-1,-1
745,47.0,1005.3,382.7,41.4,142.9,-1,-1,-1,-1
745,46.0,640.3,357.1,63.0,155.0,-1,-1,-1,-1
745,45.0,478.3,376.6,72.9,164.7,-1,-1,-1,-1
745,43.0,598.5,383.6,62.1,152.8,-1,-1,-1,-1
745,37.0,895.0,321.3,54.4,153.0,-1,-1,-1,-1
745,35.0,39.1,439.6,53.1,175.5,-1,-1,-1,-1
745,33.0,1074.6,412.6,46.8,162.9,-1,-1,-1,-1
745,30.0,836.1,382.0,59.4,159.3,-1,-1,-1,-1
745,13.0,477.4,320.8,51.3,154.4,-1,-1,-1,-1
745,12.0,715.0,327.1,52.2,146.7,-1,-1,-1,-1
745,2.0,215.1,333.7,64.3,154.1,-1,-1,-1,-1
746,58.0,447.3,365.6,53.1,156.8,-1,-1,-1,-1
746,57.0,873.9,370.3,36.0,144.5,-1,-1,-1,-1
746,56.0,327.4,364.0,55.8,160.2,-1,-1,-1,-1
746,55.0,360.7,377.5,41.4,136.3,-1,-1,-1,-1
746,54.0,592.6,403.2,81.0,148.5,-1,-1,-1,-1
746,52.0,590.4,370.8,75.6,167.0,-1,-1,-1,-1
746,50.0,765.9,358.0,90.0,146.9,-1,-1,-1,-1
746,47.0,1000.8,379.3,45.0,139.5,-1,-1,-1,-1
746,46.0,633.6,356.2,53.1,146.5,-1,-1,-1,-1
746,45.0,481.5,376.2,74.7,164.2,-1,-1,-1,-1
746,37.0,894.1,321.3,55.3,153.0,-1,-1,-1,-1
746,35.0,41.3,441.4,48.7,177.3,-1,-1,-1,-1
746,33.0,1080.0,412.6,59.4,169.2,-1,-1,-1,-1
746,30.0,837.4,374.8,62.1,165.2,-1,-1,-1,-1
746,13.0,474.7,320.8,53.1,156.6,-1,-1,-1,-1
746,12.0,714.6,327.6,52.2,144.9,-1,-1,-1,-1
746,2.0,217.5,334.3,61.8,153.0,-1,-1,-1,-1
747,58.0,448.0,364.5,52.4,157.9,-1,-1,-1,-1
747,57.0,874.3,370.1,35.1,144.7,-1,-1,-1,-1
747,56.0,327.1,364.9,55.8,158.9,-1,-1,-1,-1
747,55.0,363.4,376.9,39.2,137.9,-1,-1,-1,-1
747,54.0,585.4,406.3,88.2,144.9,-1,-1,-1,-1
747,52.0,596.2,382.0,71.1,153.0,-1,-1,-1,-1
747,50.0,768.1,358.2,89.1,148.9,-1,-1,-1,-1
747,47.0,997.2,377.5,45.0,141.3,-1,-1,-1,-1
747,46.0,632.2,355.3,50.4,147.8,-1,-1,-1,-1
747,45.0,481.9,375.7,73.8,163.8,-1,-1,-1,-1
747,37.0,895.5,321.3,54.0,153.0,-1,-1,-1,-1
747,35.0,39.8,442.1,49.5,178.0,-1,-1,-1,-1
747,33.0,1083.6,413.5,61.2,170.1,-1,-1,-1,-1
747,30.0,836.5,374.6,61.2,165.8,-1,-1,-1,-1
747,13.0,472.5,320.6,54.9,155.0,-1,-1,-1,-1
747,12.0,714.1,327.1,53.1,145.3,-1,-1,-1,-1
747,2.0,218.4,333.4,60.9,153.9,-1,-1,-1,-1
748,58.0,443.2,362.2,54.0,159.8,-1,-1,-1,-1
748,57.0,872.1,370.3,36.9,144.9,-1,-1,-1,-1
748,56.0,327.6,365.2,54.0,158.6,-1,-1,-1,-1
748,55.0,361.8,376.9,40.5,138.8,-1,-1,-1,-1
748,54.0,580.5,412.9,93.6,138.8,-1,-1,-1,-1
748,52.0,603.0,383.8,61.2,149.4,-1,-1,-1,-1
748,50.0,782.1,358.4,76.5,149.6,-1,-1,-1,-1
748,47.0,992.7,374.4,43.2,144.0,-1,-1,-1,-1
748,46.0,623.2,357.1,57.6,146.9,-1,-1,-1,-1
748,45.0,483.3,375.7,72.0,162.9,-1,-1,-1,-1
748,37.0,895.5,321.3,54.0,153.0,-1,-1,-1,-1
748,35.0,39.9,443.0,48.2,177.1,-1,-1,-1,-1
748,33.0,1094.4,418.9,57.6,170.1,-1,-1,-1,-1
748,30.0,837.0,374.8,61.2,165.2,-1,-1,-1,-1
748,13.0,468.4,320.8,59.4,158.9,-1,-1,-1,-1
748,12.0,714.6,327.6,52.2,144.9,-1,-1,-1,-1
748,2.0,220.2,332.3,59.3,155.0,-1,-1,-1,-1
749,58.0,441.4,360.0,45.0,162.0,-1,-1,-1,-1
749,57.0,870.7,370.3,37.8,144.9,-1,-1,-1,-1
749,56.0,328.0,364.5,52.2,157.5,-1,-1,-1,-1
749,55.0,364.0,376.0,38.7,139.7,-1,-1,-1,-1
749,54.0,579.1,415.3,94.5,135.9,-1,-1,-1,-1
749,52.0,604.3,383.6,63.0,150.5,-1,-1,-1,-1
749,50.0,790.2,358.2,66.6,150.8,-1,-1,-1,-1
749,47.0,989.1,373.9,43.2,144.0,-1,-1,-1,-1
749,46.0,605.2,356.4,76.5,148.5,-1,-1,-1,-1
749,45.0,484.6,373.9,71.1,164.2,-1,-1,-1,-1
749,37.0,894.1,321.3,54.5,153.0,-1,-1,-1,-1
749,35.0,39.5,443.5,48.4,176.6,-1,-1,-1,-1
749,33.0,1103.4,421.6,52.2,167.4,-1,-1,-1,-1
749,30.0,837.0,375.3,61.2,164.7,-1,-1,-1,-1
749,13.0,468.0,320.8,61.2,158.4,-1,-1,-1,-1
749,12.0,714.1,327.4,53.1,144.7,-1,-1,-1,-1
749,2.0,225.2,332.3,54.4,155.0,-1,-1,-1,-1
750,58.0,436.5,359.1,40.5,162.9,-1,-1,-1,-1
750,57.0,872.1,370.3,36.0,145.8,-1,-1,-1,-1
750,56.0,329.2,362.2,49.0,153.4,-1,-1,-1,-1
750,55.0,370.3,375.3,32.9,140.4,-1,-1,-1,-1
750,54.0,579.1,416.5,94.5,135.2,-1,-1,-1,-1
750,52.0,602.5,381.4,71.1,153.7,-1,-1,-1,-1
750,50.0,810.4,358.9,56.7,150.5,-1,-1,-1,-1
750,47.0,981.0,373.9,50.4,143.6,-1,-1,-1,-1
750,46.0,599.4,356.8,85.5,149.4,-1,-1,-1,-1
750,45.0,488.2,374.4,67.5,162.0,-1,-1,-1,-1
750,37.0,895.5,321.5,54.0,152.8,-1,-1,-1,-1
750,35.0,39.0,443.5,47.9,176.6,-1,-1,-1,-1
750,33.0,1119.6,423.0,45.0,166.5,-1,-1,-1,-1
750,30.0,834.3,377.5,63.9,161.1,-1,-1,-1,-1
750,13.0,469.3,321.3,62.1,154.8,-1,-1,-1,-1
750,12.0,714.1,327.4,53.1,144.7,-1,-1,-1,-1
750,2.0,225.8,333.2,54.1,153.7,-1,-1,-1,-1
751,58.0,433.8,359.3,43.6,162.7,-1,-1,-1,-1
751,57.0,873.9,370.8,34.2,145.8,-1,-1,-1,-1
751,56.0,328.9,360.9,49.0,154.4,-1,-1,-1,-1
751,55.0,371.0,375.1,32.4,140.6,-1,-1,-1,-1
751,54.0,579.1,418.5,94.5,133.2,-1,-1,-1,-1
751,52.0,603.0,380.7,72.0,153.4,-1,-1,-1,-1
751,50.0,819.9,358.9,49.5,148.7,-1,-1,-1,-1
751,47.0,977.4,374.6,52.2,142.4,-1,-1,-1,-1
751,46.0,602.1,357.1,82.8,146.5,-1,-1,-1,-1
751,45.0,490.9,373.9,64.8,161.1,-1,-1,-1,-1
751,37.0,895.5,321.5,54.0,152.8,-1,-1,-1,-1
751,35.0,38.8,443.5,45.1,176.6,-1,-1,-1,-1
751,33.0,1122.3,422.8,46.8,168.5,-1,-1,-1,-1
751,30.0,835.2,377.1,61.2,162.0,-1,-1,-1,-1
751,13.0,468.4,321.3,62.1,153.9,-1,-1,-1,-1
751,12.0,714.1,327.4,53.1,144.2,-1,-1,-1,-1
751,2.0,228.1,333.2,52.2,154.1,-1,-1,-1,-1
752,58.0,425.7,360.0,45.4,162.4,-1,-1,-1,-1
752,57.0,875.2,371.2,33.3,145.4,-1,-1,-1,-1
752,56.0,329.4,359.5,49.5,155.7,-1,-1,-1,-1
752,55.0,369.2,376.2,34.2,139.5,-1,-1,-1,-1
752,54.0,579.1,421.2,94.5,130.5,-1,-1,-1,-1
752,52.0,603.0,381.1,71.1,153.4,-1,-1,-1,-1
752,50.0,824.8,357.3,46.8,150.8,-1,-1,-1,-1
752,47.0,971.1,376.0,57.6,140.6,-1,-1,-1,-1
752,46.0,600.8,356.8,84.6,151.2,-1,-1,-1,-1
752,45.0,500.4,373.0,55.8,160.2,-1,-1,-1,-1
752,37.0,895.5,321.5,54.0,152.8,-1,-1,-1,-1
752,35.0,37.8,443.7,42.7,176.4,-1,-1,-1,-1
752,33.0,1131.3,425.0,48.6,175.3,-1,-1,-1,-1
752,30.0,836.1,375.7,60.3,162.0,-1,-1,-1,-1
752,13.0,464.4,320.8,70.2,153.5,-1,-1,-1,-1
752,12.0,714.1,327.6,53.1,144.0,-1,-1,-1,-1
752,2.0,229.4,333.7,53.4,152.8,-1,-1,-1,-1
753,58.0,422.1,361.3,48.6,160.2,-1,-1,-1,-1
753,57.0,873.9,371.9,34.2,144.7,-1,-1,-1,-1
753,56.0,331.2,358.6,48.6,156.6,-1,-1,-1,-1
753,55.0,370.1,376.2,33.8,139.5,-1,-1,-1,-1
753,54.0,579.6,424.8,93.6,126.9,-1,-1,-1,-1
753,52.0,603.4,378.4,70.2,157.5,-1,-1,-1,-1
753,50.0,827.1,355.0,48.6,151.6,-1,-1,-1,-1
753,47.0,968.4,375.7,59.4,140.4,-1,-1,-1,-1
753,46.0,602.1,357.3,83.7,150.8,-1,-1,-1,-1
753,45.0,505.8,372.4,50.4,160.9,-1,-1,-1,-1
753,37.0,895.5,321.5,54.0,152.8,-1,-1,-1,-1
753,35.0,37.9,443.5,41.7,176.6,-1,-1,-1,-1
753,33.0,1135.8,428.8,48.6,173.7,-1,-1,-1,-1
753,30.0,837.0,373.9,59.4,161.1,-1,-1,-1,-1
753,13.0,463.9,320.8,72.0,153.9,-1,-1,-1,-1
753,12.0,713.7,327.8,54.0,143.8,-1,-1,-1,-1
753,2.0,230.1,333.4,53.4,153.4,-1,-1,-1,-1
754,58.0,422.5,363.1,47.7,160.2,-1,-1,-1,-1
754,57.0,870.3,371.5,37.8,145.6,-1,-1,-1,-1
754,56.0,333.0,358.6,45.9,156.1,-1,-1,-1,-1
754,55.0,373.0,376.0,30.6,139.7,-1,-1,-1,-1
754,54.0,580.0,427.3,92.7,124.4,-1,-1,-1,-1
754,52.0,604.3,378.7,70.2,157.7,-1,-1,-1,-1
754,50.0,831.6,355.0,47.7,152.1,-1,-1,-1,-1
754,47.0,966.6,376.2,55.8,137.7,-1,-1,-1,-1
754,46.0,603.9,357.7,80.1,153.5,-1,-1,-1,-1
754,45.0,515.2,371.7,40.5,162.0,-1,-1,-1,-1
754,37.0,895.5,321.5,54.0,152.8,-1,-1,-1,-1
754,35.0,37.5,443.7,41.1,176.4,-1,-1,-1,-1
754,33.0,1143.9,433.6,52.2,170.8,-1,-1,-1,-1
754,30.0,834.3,371.0,63.9,159.1,-1,-1,-1,-1
754,13.0,463.9,320.6,70.2,152.8,-1,-1,-1,-1
754,12.0,712.3,328.0,54.0,143.5,-1,-1,-1,-1
754,2.0,231.3,333.0,54.0,153.0,-1,-1,-1,-1
755,58.0,421.9,364.3,47.0,159.5,-1,-1,-1,-1
755,57.0,868.9,372.1,41.4,143.5,-1,-1,-1,-1
755,56.0,333.9,358.6,44.5,156.1,-1,-1,-1,-1
755,55.0,371.2,375.7,32.4,139.9,-1,-1,-1,-1
755,54.0,580.0,426.6,92.7,125.1,-1,-1,-1,-1
755,52.0,604.3,376.4,70.2,160.0,-1,-1,-1,-1
755,50.0,834.7,357.7,49.5,156.6,-1,-1,-1,-1
755,47.0,968.4,375.3,50.4,136.3,-1,-1,-1,-1
755,45.0,516.6,371.7,39.6,161.6,-1,-1,-1,-1
755,37.0,895.5,321.5,54.0,152.8,-1,-1,-1,-1
755,35.0,37.4,443.7,40.6,176.4,-1,-1,-1,-1
755,33.0,1149.3,434.2,50.4,170.1,-1,-1,-1,-1
755,30.0,837.9,366.1,61.2,163.1,-1,-1,-1,-1
755,13.0,464.8,320.8,70.2,153.0,-1,-1,-1,-1
755,12.0,711.4,328.0,54.9,143.5,-1,-1,-1,-1
755,2.0,231.3,332.8,54.5,153.2,-1,-1,-1,-1
756,58.0,416.2,364.5,45.5,159.3,-1,-1,-1,-1
756,57.0,859.9,373.9,57.6,137.7,-1,-1,-1,-1
756,56.0,333.7,358.0,45.4,156.8,-1,-1,-1,-1
756,55.0,369.7,375.3,33.8,140.4,-1,-1,-1,-1
756,54.0,580.9,430.9,91.8,120.8,-1,-1,-1,-1
756,52.0,603.9,378.0,72.9,157.9,-1,-1,-1,-1
756,47.0,964.8,370.3,41.4,136.8,-1,-1,-1,-1
756,45.0,520.6,371.2,40.5,161.6,-1,-1,-1,-1
756,37.0,895.5,321.3,54.0,153.0,-1,-1,-1,-1
756,35.0,38.1,443.5,39.2,176.6,-1,-1,-1,-1
756,33.0,1158.3,435.6,57.6,171.0,-1,-1,-1,-1
756,30.0,839.2,360.0,64.8,167.4,-1,-1,-1,-1
756,13.0,464.8,321.1,71.1,153.2,-1,-1,-1,-1
756,12.0,710.5,327.8,55.8,143.8,-1,-1,-1,-1
756,2.0,231.3,333.7,55.4,152.3,-1,-1,-1,-1
757,58.0,409.9,364.0,50.4,159.3,-1,-1,-1,-1
757,57.0,861.7,373.0,58.5,140.4,-1,-1,-1,-1
757,56.0,333.7,358.0,46.8,156.8,-1,-1,-1,-1
757,55.0,371.9,375.5,31.0,140.2,-1,-1,-1,-1
757,54.0,580.5,434.7,91.8,117.0,-1,-1,-1,-1
757,52.0,604.3,377.5,72.9,158.0,-1,-1,-1,-1
757,47.0,957.6,369.0,41.4,137.2,-1,-1,-1,-1
757,45.0,522.4,371.5,48.6,161.8,-1,-1,-1,-1
757,37.0,895.5,321.3,54.0,153.0,-1,-1,-1,-1
757,35.0,37.7,442.8,38.2,177.3,-1,-1,-1,-1
757,33.0,1161.9,437.8,63.0,171.9,-1,-1,-1,-1
757,30.0,838.8,366.5,68.4,160.4,-1,-1,-1,-1
757,13.0,464.4,321.5,72.9,152.8,-1,-1,-1,-1
757,12.0,709.6,328.0,54.0,143.5,-1,-1,-1,-1
757,2.0,232.0,333.9,54.9,151.6,-1,-1,-1,-1
758,58.0,401.4,363.1,55.3,159.7,-1,-1,-1,-1
758,57.0,868.0,374.4,50.4,142.6,-1,-1,-1,-1
758,56.0,334.1,358.0,45.5,156.8,-1,-1,-1,-1
758,55.0,371.7,375.1,31.0,140.6,-1,-1,-1,-1
758,54.0,581.8,435.6,90.9,116.1,-1,-1,-1,-1
758,52.0,604.8,376.6,72.9,159.3,-1,-1,-1,-1
758,47.0,948.6,368.5,50.4,136.8,-1,-1,-1,-1
758,45.0,527.4,372.1,54.0,161.1,-1,-1,-1,-1
758,37.0,895.9,321.3,55.3,154.3,-1,-1,-1,-1
758,35.0,37.3,442.8,35.3,177.3,-1,-1,-1,-1
758,33.0,1169.1,437.6,63.0,177.1,-1,-1,-1,-1
758,30.0,838.8,365.4,72.9,160.6,-1,-1,-1,-1
758,13.0,464.8,322.0,73.8,152.3,-1,-1,-1,-1
758,12.0,709.2,328.5,50.4,146.2,-1,-1,-1,-1
758,2.0,232.2,334.3,54.9,151.6,-1,-1,-1,-1
759,58.0,398.0,363.1,58.5,160.2,-1,-1,-1,-1
759,57.0,868.9,373.9,51.3,141.7,-1,-1,-1,-1
759,56.0,334.6,358.2,44.1,156.1,-1,-1,-1,-1
759,55.0,370.8,375.7,31.9,139.9,-1,-1,-1,-1
759,54.0,581.4,435.1,90.9,116.1,-1,-1,-1,-1
759,52.0,605.7,377.8,71.1,157.7,-1,-1,-1,-1
759,47.0,938.7,369.0,59.4,136.4,-1,-1,-1,-1
759,45.0,528.3,371.7,54.9,161.6,-1,-1,-1,-1
759,37.0,895.9,321.3,54.5,156.1,-1,-1,-1,-1
759,35.0,37.0,442.8,35.8,176.4,-1,-1,-1,-1
759,33.0,1173.6,439.2,59.4,178.2,-1,-1,-1,-1
759,30.0,838.8,364.5,73.8,161.1,-1,-1,-1,-1
759,13.0,464.8,322.2,74.7,152.1,-1,-1,-1,-1
759,12.0,708.7,328.7,47.7,145.6,-1,-1,-1,-1
759,2.0,232.4,333.9,54.9,152.1,-1,-1,-1,-1
760,58.0,386.1,363.6,73.8,160.2,-1,-1,-1,-1
760,56.0,334.1,358.0,45.9,155.9,-1,-1,-1,-1
760,55.0,371.7,376.2,32.4,141.3,-1,-1,-1,-1
760,54.0,581.8,435.1,90.9,116.1,-1,-1,-1,-1
760,52.0,607.5,379.3,68.4,156.6,-1,-1,-1,-1
760,47.0,920.2,371.0,77.9,133.9,-1,-1,-1,-1
760,45.0,529.6,371.5,57.6,160.9,-1,-1,-1,-1
760,37.0,895.9,321.5,53.5,155.5,-1,-1,-1,-1
760,35.0,37.1,442.8,35.5,175.5,-1,-1,-1,-1
760,33.0,1180.8,443.5,64.8,173.5,-1,-1,-1,-1
760,30.0,841.9,365.2,71.1,160.4,-1,-1,-1,-1
760,13.0,465.7,323.1,72.0,151.2,-1,-1,-1,-1
760,12.0,707.4,329.6,49.5,145.6,-1,-1,-1,-1
760,2.0,232.6,334.1,55.4,151.4,-1,-1,-1,-1
761,58.0,381.1,364.0,75.6,159.8,-1,-1,-1,-1
761,56.0,333.7,358.2,48.6,155.7,-1,-1,-1,-1
761,55.0,373.0,376.2,33.3,143.6,-1,-1,-1,-1
761,54.0,581.4,436.9,90.9,114.3,-1,-1,-1,-1
761,52.0,607.9,378.4,67.5,157.1,-1,-1,-1,-1
761,47.0,917.1,374.8,81.0,130.0,-1,-1,-1,-1
761,45.0,530.1,371.9,58.5,160.4,-1,-1,-1,-1
761,37.0,895.5,321.7,54.0,158.0,-1,-1,-1,-1
761,35.0,36.8,442.8,35.9,174.6,-1,-1,-1,-1
761,33.0,1182.6,443.0,63.0,173.9,-1,-1,-1,-1
761,30.0,842.8,364.9,70.2,160.6,-1,-1,-1,-1
761,13.0,467.5,323.1,71.1,150.8,-1,-1,-1,-1
761,12.0,706.9,330.1,49.5,144.2,-1,-1,-1,-1
761,2.0,233.3,334.3,54.9,151.6,-1,-1,-1,-1
762,58.0,370.3,367.0,85.5,155.9,-1,-1,-1,-1
762,56.0,333.4,358.6,50.4,155.2,-1,-1,-1,-1
762,54.0,581.4,436.0,90.9,115.2,-1,-1,-1,-1
762,52.0,608.8,378.4,65.7,157.1,-1,-1,-1,-1
762,50.0,872.5,358.6,48.6,154.4,-1,-1,-1,-1
762,47.0,916.2,372.6,79.2,131.9,-1,-1,-1,-1
762,46.0,601.6,356.4,55.8,157.5,-1,-1,-1,-1
762,45.0,530.5,370.3,57.6,161.5,-1,-1,-1,-1
762,37.0,895.9,321.5,53.5,151.9,-1,-1,-1,-1
762,35.0,36.4,442.8,36.4,174.6,-1,-1,-1,-1
762,33.0,1185.3,442.1,57.6,175.3,-1,-1,-1,-1
762,30.0,845.1,364.7,69.3,160.9,-1,-1,-1,-1
762,13.0,469.3,322.2,72.9,151.6,-1,-1,-1,-1
762,12.0,703.3,330.7,53.1,144.5,-1,-1,-1,-1
762,10.0,622.8,357.1,54.0,152.3,-1,-1,-1,-1
762,2.0,233.5,333.9,55.4,152.1,-1,-1,-1,-1
763,58.0,368.5,368.8,85.0,155.0,-1,-1,-1,-1
763,56.0,333.4,358.4,57.6,155.9,-1,-1,-1,-1
763,54.0,581.4,436.0,90.9,115.2,-1,-1,-1,-1
763,52.0,609.8,376.6,64.8,159.3,-1,-1,-1,-1
763,50.0,873.4,359.1,49.0,154.8,-1,-1,-1,-1
763,47.0,915.3,374.4,75.6,130.5,-1,-1,-1,-1
763,46.0,599.8,356.6,54.9,153.7,-1,-1,-1,-1
763,45.0,532.3,370.1,55.8,161.8,-1,-1,-1,-1
763,37.0,895.9,321.7,56.2,153.0,-1,-1,-1,-1
763,35.0,36.6,442.6,36.3,174.8,-1,-1,-1,-1
763,33.0,1188.0,443.0,55.8,176.2,-1,-1,-1,-1
763,30.0,846.4,364.9,67.5,161.1,-1,-1,-1,-1
763,13.0,474.3,322.2,70.2,151.6,-1,-1,-1,-1
763,12.0,702.9,331.6,54.0,142.6,-1,-1,-1,-1
763,2.0,233.5,333.9,55.4,152.1,-1,-1,-1,-1
764,58.0,367.4,372.4,77.9,150.5,-1,-1,-1,-1
764,56.0,333.0,358.4,56.7,155.5,-1,-1,-1,-1
764,54.0,580.9,434.5,91.8,116.3,-1,-1,-1,-1
764,52.0,610.2,377.5,64.8,158.0,-1,-1,-1,-1
764,50.0,875.7,358.2,47.7,155.7,-1,-1,-1,-1
764,47.0,913.9,371.2,63.5,132.3,-1,-1,-1,-1
764,46.0,598.9,356.4,52.2,152.5,-1,-1,-1,-1
764,45.0,536.4,369.0,52.2,161.1,-1,-1,-1,-1
764,37.0,897.3,321.3,52.2,161.1,-1,-1,-1,-1
764,35.0,36.9,442.3,36.1,175.5,-1,-1,-1,-1
764,33.0,1190.7,445.5,52.2,179.1,-1,-1,-1,-1
764,30.0,848.2,365.6,64.8,160.9,-1,-1,-1,-1
764,13.0,487.8,320.8,61.2,152.1,-1,-1,-1,-1
764,12.0,702.4,332.5,55.8,139.5,-1,-1,-1,-1
764,2.0,234.4,335.5,54.9,150.5,-1,-1,-1,-1
765,58.0,366.3,375.7,75.6,146.7,-1,-1,-1,-1
765,56.0,333.0,358.4,49.5,155.0,-1,-1,-1,-1
765,54.0,581.4,433.6,90.9,117.2,-1,-1,-1,-1
765,52.0,610.2,377.5,64.8,158.0,-1,-1,-1,-1
765,50.0,879.3,357.7,46.8,155.3,-1,-1,-1,-1
765,47.0,908.1,371.2,59.4,134.6,-1,-1,-1,-1
765,46.0,598.0,356.6,52.2,152.3,-1,-1,-1,-1
765,45.0,540.0,368.1,48.6,160.7,-1,-1,-1,-1
765,37.0,897.7,321.7,51.8,160.2,-1,-1,-1,-1
765,35.0,37.0,442.8,35.5,175.5,-1,-1,-1,-1
765,33.0,1190.7,447.5,54.0,178.4,-1,-1,-1,-1
765,30.0,848.7,365.8,64.8,160.2,-1,-1,-1,-1
765,13.0,495.4,321.1,54.9,152.3,-1,-1,-1,-1
765,12.0,702.4,333.0,56.7,139.1,-1,-1,-1,-1
765,2.0,234.2,335.2,55.3,150.8,-1,-1,-1,-1
766,58.0,364.9,379.3,72.5,143.5,-1,-1,-1,-1
766,56.0,333.2,360.0,53.6,154.4,-1,-1,-1,-1
766,54.0,581.4,432.9,90.9,117.9,-1,-1,-1,-1
766,52.0,610.2,375.5,64.8,160.4,-1,-1,-1,-1
766,50.0,877.5,357.1,46.8,149.6,-1,-1,-1,-1
766,47.0,906.7,366.3,42.8,143.5,-1,-1,-1,-1
766,46.0,597.6,357.1,53.1,152.3,-1,-1,-1,-1
766,45.0,548.5,367.2,40.5,160.6,-1,-1,-1,-1
766,37.0,897.3,321.5,52.2,162.7,-1,-1,-1,-1
766,35.0,36.8,442.8,35.5,175.5,-1,-1,-1,-1
766,33.0,1190.7,450.4,54.0,180.9,-1,-1,-1,-1
766,30.0,849.1,365.6,64.8,160.9,-1,-1,-1,-1
766,13.0,499.0,321.1,55.8,154.6,-1,-1,-1,-1
766,12.0,703.8,332.3,55.8,139.7,-1,-1,-1,-1
766,2.0,236.7,335.2,53.1,150.8,-1,-1,-1,-1
767,58.0,364.0,378.7,73.8,144.2,-1,-1,-1,-1
767,56.0,333.4,359.5,48.1,154.8,-1,-1,-1,-1
767,54.0,581.4,431.3,90.9,119.5,-1,-1,-1,-1
767,52.0,610.2,371.7,64.8,164.2,-1,-1,-1,-1
767,50.0,875.7,359.1,51.3,149.0,-1,-1,-1,-1
767,47.0,900.4,364.9,41.0,145.4,-1,-1,-1,-1
767,46.0,598.5,357.1,66.6,154.1,-1,-1,-1,-1
767,45.0,550.3,367.0,38.7,160.4,-1,-1,-1,-1
767,37.0,896.4,321.3,52.2,155.7,-1,-1,-1,-1
767,35.0,36.8,442.8,35.5,175.5,-1,-1,-1,-1
767,33.0,1190.7,450.7,55.8,181.1,-1,-1,-1,-1
767,30.0,848.7,364.9,66.6,161.1,-1,-1,-1,-1
767,13.0,500.4,321.1,56.7,155.0,-1,-1,-1,-1
767,12.0,703.8,331.9,56.7,139.7,-1,-1,-1,-1
767,2.0,237.4,336.1,53.1,149.8,-1,-1,-1,-1
768,58.0,364.0,376.4,73.8,146.9,-1,-1,-1,-1
768,56.0,333.7,359.8,51.8,155.0,-1,-1,-1,-1
768,54.0,581.8,431.3,90.9,119.5,-1,-1,-1,-1
768,52.0,609.8,372.4,66.6,164.0,-1,-1,-1,-1
768,50.0,880.6,359.8,57.1,152.3,-1,-1,-1,-1
768,46.0,598.5,360.0,76.5,151.2,-1,-1,-1,-1
768,45.0,553.9,366.5,37.8,161.8,-1,-1,-1,-1
768,37.0,897.7,321.5,53.5,154.1,-1,-1,-1,-1
768,35.0,36.6,442.8,36.1,175.5,-1,-1,-1,-1
768,33.0,1191.6,452.0,57.6,179.8,-1,-1,-1,-1
768,30.0,848.7,364.5,66.6,161.6,-1,-1,-1,-1
768,13.0,501.7,321.3,58.5,156.1,-1,-1,-1,-1
768,12.0,706.9,331.6,54.0,139.9,-1,-1,-1,-1
768,2.0,238.7,335.9,51.7,150.1,-1,-1,-1,-1
769,58.0,363.8,376.4,70.2,147.4,-1,-1,-1,-1
769,56.0,333.9,360.4,48.1,153.9,-1,-1,-1,-1
769,54.0,581.4,431.3,91.8,119.0,-1,-1,-1,-1
769,52.0,611.1,373.5,64.8,162.0,-1,-1,-1,-1
769,50.0,880.6,359.5,58.0,152.5,-1,-1,-1,-1
769,46.0,598.5,361.3,73.8,152.5,-1,-1,-1,-1
769,45.0,556.6,366.7,37.8,162.0,-1,-1,-1,-1
769,37.0,897.7,322.2,53.5,154.8,-1,-1,-1,-1
769,35.0,36.4,442.8,36.3,175.5,-1,-1,-1,-1
769,33.0,1191.6,452.0,59.4,179.8,-1,-1,-1,-1
769,30.0,848.7,364.0,67.5,162.5,-1,-1,-1,-1
769,13.0,502.2,321.7,59.4,155.7,-1,-1,-1,-1
769,12.0,709.6,331.2,51.3,141.3,-1,-1,-1,-1
769,2.0,239.6,335.9,51.3,150.5,-1,-1,-1,-1
770,58.0,364.0,378.9,69.3,146.7,-1,-1,-1,-1
770,56.0,333.9,360.4,50.4,154.4,-1,-1,-1,-1
770,54.0,581.4,432.4,90.9,117.9,-1,-1,-1,-1
770,52.0,608.8,375.1,66.6,160.4,-1,-1,-1,-1
770,50.0,879.3,359.1,57.6,153.5,-1,-1,-1,-1
770,46.0,597.1,361.3,59.4,155.2,-1,-1,-1,-1
770,45.0,558.9,366.7,40.5,161.6,-1,-1,-1,-1
770,37.0,897.7,322.4,50.9,157.7,-1,-1,-1,-1
770,35.0,36.7,442.8,36.1,175.5,-1,-1,-1,-1
770,33.0,1193.4,450.4,59.4,181.8,-1,-1,-1,-1
770,30.0,848.7,364.0,67.5,162.5,-1,-1,-1,-1
770,13.0,502.6,322.4,61.2,154.6,-1,-1,-1,-1
770,12.0,711.0,331.2,49.5,142.6,-1,-1,-1,-1
770,2.0,241.6,336.1,49.0,149.8,-1,-1,-1,-1
771,58.0,364.0,402.3,68.9,123.3,-1,-1,-1,-1
771,56.0,334.1,361.3,48.2,153.9,-1,-1,-1,-1
771,54.0,580.9,436.7,91.8,113.6,-1,-1,-1,-1
771,52.0,611.1,375.5,63.9,160.0,-1,-1,-1,-1
771,50.0,879.7,358.2,55.4,155.2,-1,-1,-1,-1
771,46.0,595.3,361.1,48.6,159.5,-1,-1,-1,-1
771,45.0,559.3,366.7,39.6,162.4,-1,-1,-1,-1
771,37.0,895.9,321.7,53.5,168.3,-1,-1,-1,-1
771,35.0,36.3,442.8,36.5,175.5,-1,-1,-1,-1
771,33.0,1194.3,449.1,59.4,182.7,-1,-1,-1,-1
771,30.0,847.8,363.8,68.4,162.7,-1,-1,-1,-1
771,13.0,503.5,322.9,60.3,152.8,-1,-1,-1,-1
771,12.0,711.4,331.2,49.5,144.9,-1,-1,-1,-1
771,2.0,242.5,335.7,48.1,151.2,-1,-1,-1,-1
772,58.0,364.7,406.3,68.4,119.7,-1,-1,-1,-1
772,56.0,333.9,361.6,47.2,154.1,-1,-1,-1,-1
772,54.0,581.4,438.7,90.9,112.5,-1,-1,-1,-1
772,52.0,608.8,378.9,65.7,157.5,-1,-1,-1,-1
772,50.0,878.8,358.4,58.0,153.7,-1,-1,-1,-1
772,46.0,590.8,359.5,49.5,165.6,-1,-1,-1,-1
772,45.0,560.7,365.8,38.7,163.3,-1,-1,-1,-1
772,37.0,895.0,322.4,53.5,172.6,-1,-1,-1,-1
772,35.0,36.8,442.6,36.3,174.8,-1,-1,-1,-1
772,33.0,1196.1,438.3,64.8,194.4,-1,-1,-1,-1
772,30.0,848.2,363.8,68.4,162.7,-1,-1,-1,-1
772,13.0,505.8,323.1,60.3,151.2,-1,-1,-1,-1
772,12.0,711.9,331.2,47.7,145.4,-1,-1,-1,-1
772,2.0,245.2,334.8,45.9,151.6,-1,-1,-1,-1
773,58.0,364.3,411.7,68.8,114.3,-1,-1,-1,-1
773,56.0,333.7,362.0,48.1,153.7,-1,-1,-1,-1
773,55.0,359.1,375.5,47.2,142.4,-1,-1,-1,-1
773,54.0,581.4,440.3,91.8,111.4,-1,-1,-1,-1
773,52.0,608.8,382.0,65.7,154.3,-1,-1,-1,-1
773,50.0,879.3,358.4,59.4,154.6,-1,-1,-1,-1
773,46.0,593.5,354.4,46.8,168.5,-1,-1,-1,-1
773,45.0,560.7,366.1,39.6,163.1,-1,-1,-1,-1
773,37.0,894.6,322.4,54.0,165.4,-1,-1,-1,-1
773,35.0,36.7,442.8,36.3,175.5,-1,-1,-1,-1
773,33.0,1196.1,433.1,68.4,201.8,-1,-1,-1,-1
773,30.0,848.7,363.6,67.5,162.0,-1,-1,-1,-1
773,13.0,506.2,322.9,59.4,150.5,-1,-1,-1,-1
773,12.0,711.9,331.6,47.7,144.9,-1,-1,-1,-1
773,2.0,247.0,335.7,45.0,150.8,-1,-1,-1,-1
774,58.0,364.3,414.7,68.8,111.4,-1,-1,-1,-1
774,56.0,333.4,362.2,50.4,153.4,-1,-1,-1,-1
774,55.0,354.8,375.1,51.8,141.5,-1,-1,-1,-1
774,54.0,581.8,438.3,90.9,113.4,-1,-1,-1,-1
774,52.0,609.3,371.0,73.8,165.4,-1,-1,-1,-1
774,50.0,882.0,358.2,58.5,153.9,-1,-1,-1,-1
774,46.0,589.5,350.5,48.6,167.8,-1,-1,-1,-1
774,45.0,561.1,366.7,46.8,162.4,-1,-1,-1,-1
774,37.0,894.1,322.0,55.3,155.9,-1,-1,-1,-1
774,35.0,36.6,442.8,36.4,175.5,-1,-1,-1,-1
774,33.0,1195.2,436.7,77.4,201.4,-1,-1,-1,-1
774,30.0,849.1,364.5,69.3,161.1,-1,-1,-1,-1
774,13.0,509.8,322.6,59.4,152.5,-1,-1,-1,-1
774,12.0,711.9,331.4,46.8,145.6,-1,-1,-1,-1
774,10.0,604.8,311.8,80.1,164.7,-1,-1,-1,-1
774,2.0,247.7,335.9,46.3,151.0,-1,-1,-1,-1
775,58.0,364.3,416.2,68.8,109.8,-1,-1,-1,-1
775,56.0,333.9,363.1,51.3,152.5,-1,-1,-1,-1
775,55.0,353.9,375.3,52.6,140.0,-1,-1,-1,-1
775,54.0,581.4,435.8,91.8,115.4,-1,-1,-1,-1
775,52.0,609.3,375.3,68.4,161.1,-1,-1,-1,-1
775,50.0,880.2,357.5,59.4,155.5,-1,-1,-1,-1
775,46.0,588.1,356.4,49.5,159.3,-1,-1,-1,-1
775,45.0,562.5,366.5,48.6,162.7,-1,-1,-1,-1
775,37.0,893.2,322.6,56.2,155.2,-1,-1,-1,-1
775,35.0,36.8,442.8,36.3,175.5,-1,-1,-1,-1
775,33.0,1197.0,438.5,77.4,201.4,-1,-1,-1,-1
775,30.0,848.7,365.4,69.3,160.2,-1,-1,-1,-1
775,13.0,511.2,322.4,59.4,150.5,-1,-1,-1,-1
775,12.0,711.4,331.9,46.8,144.7,-1,-1,-1,-1
775,10.0,601.2,312.5,85.5,152.3,-1,-1,-1,-1
775,2.0,245.7,335.9,52.6,150.5,-1,-1,-1,-1
776,58.0,364.3,417.6,68.8,108.0,-1,-1,-1,-1
776,56.0,333.9,363.4,51.3,152.3,-1,-1,-1,-1
776,55.0,351.4,375.3,55.8,137.7,-1,-1,-1,-1
776,54.0,580.5,427.7,92.7,123.5,-1,-1,-1,-1
776,52.0,608.8,367.9,74.7,168.5,-1,-1,-1,-1
776,50.0,882.0,358.9,57.6,154.1,-1,-1,-1,-1
776,46.0,586.3,343.1,54.9,175.3,-1,-1,-1,-1
776,45.0,562.9,367.6,62.1,161.1,-1,-1,-1,-1
776,37.0,892.3,322.2,56.2,155.2,-1,-1,-1,-1
776,35.0,36.5,442.8,36.3,175.5,-1,-1,-1,-1
776,33.0,1199.7,448.6,75.6,196.2,-1,-1,-1,-1
776,30.0,848.7,368.8,69.3,156.8,-1,-1,-1,-1
776,13.0,513.0,322.6,58.5,154.3,-1,-1,-1,-1
776,12.0,710.5,332.1,46.8,144.0,-1,-1,-1,-1
776,10.0,603.9,306.0,82.8,135.4,-1,-1,-1,-1
776,2.0,243.2,336.6,57.6,150.3,-1,-1,-1,-1
777,58.0,363.4,418.0,69.8,108.0,-1,-1,-1,-1
777,56.0,333.9,363.4,54.0,152.3,-1,-1,-1,-1
777,54.0,580.0,425.7,93.6,126.0,-1,-1,-1,-1
777,52.0,612.9,364.9,70.2,170.1,-1,-1,-1,-1
777,50.0,884.7,358.9,60.3,154.1,-1,-1,-1,-1
777,46.0,583.6,345.4,51.3,157.7,-1,-1,-1,-1
777,45.0,565.2,367.2,61.2,161.1,-1,-1,-1,-1
777,37.0,892.8,322.4,55.8,160.0,-1,-1,-1,-1
777,35.0,36.4,442.6,36.6,174.8,-1,-1,-1,-1
777,33.0,1200.6,462.6,75.6,181.8,-1,-1,-1,-1
777,30.0,849.1,372.1,67.5,153.0,-1,-1,-1,-1
777,13.0,515.2,322.4,55.8,154.6,-1,-1,-1,-1
777,12.0,710.5,332.1,45.9,144.0,-1,-1,-1,-1
777,10.0,603.4,301.5,81.0,125.1,-1,-1,-1,-1
777,2.0,243.7,336.6,62.5,151.2,-1,-1,-1,-1
778,58.0,363.4,418.5,69.8,107.1,-1,-1,-1,-1
778,56.0,334.1,365.6,72.0,150.1,-1,-1,-1,-1
778,54.0,581.4,412.6,91.8,138.6,-1,-1,-1,-1
778,52.0,608.8,362.2,72.0,172.8,-1,-1,-1,-1
778,50.0,882.4,359.1,60.8,155.2,-1,-1,-1,-1
778,46.0,585.0,355.0,50.4,144.0,-1,-1,-1,-1
778,45.0,567.4,367.2,55.8,161.6,-1,-1,-1,-1
778,37.0,890.1,322.0,57.6,156.8,-1,-1,-1,-1
778,35.0,36.2,443.2,36.4,174.6,-1,-1,-1,-1
778,33.0,1207.8,464.8,68.4,180.0,-1,-1,-1,-1
778,30.0,848.7,374.4,63.0,151.2,-1,-1,-1,-1
778,13.0,517.0,322.2,54.9,154.8,-1,-1,-1,-1
778,12.0,709.6,332.1,46.8,144.5,-1,-1,-1,-1
778,10.0,598.5,293.8,84.6,114.3,-1,-1,-1,-1
778,2.0,243.9,337.9,64.4,150.3,-1,-1,-1,-1
779,58.0,362.7,417.8,70.6,107.8,-1,-1,-1,-1
779,56.0,334.1,364.9,72.5,150.7,-1,-1,-1,-1
779,54.0,581.8,410.2,90.9,139.7,-1,-1,-1,-1
779,52.0,611.1,360.9,68.4,174.1,-1,-1,-1,-1
779,50.0,882.0,358.9,61.2,156.8,-1,-1,-1,-1
779,46.0,584.1,357.1,52.2,147.4,-1,-1,-1,-1
779,45.0,567.9,367.4,56.7,161.8,-1,-1,-1,-1
779,37.0,890.5,322.0,56.2,154.1,-1,-1,-1,-1
779,35.0,36.3,443.2,36.5,174.6,-1,-1,-1,-1
779,33.0,1199.7,465.7,77.4,180.0,-1,-1,-1,-1
779,30.0,848.7,382.0,62.1,143.5,-1,-1,-1,-1
779,13.0,517.9,322.4,56.7,154.1,-1,-1,-1,-1
779,12.0,708.7,332.5,46.8,144.0,-1,-1,-1,-1
779,10.0,598.9,290.2,82.8,133.6,-1,-1,-1,-1
779,2.0,243.4,338.4,65.2,151.2,-1,-1,-1,-1
780,58.0,361.8,416.9,71.1,108.2,-1,-1,-1,-1
780,56.0,333.7,365.2,72.4,150.5,-1,-1,-1,-1
780,54.0,584.1,411.7,89.1,136.8,-1,-1,-1,-1
780,52.0,611.5,355.5,68.4,178.6,-1,-1,-1,-1
780,50.0,883.3,359.3,63.4,155.9,-1,-1,-1,-1
780,45.0,569.2,367.2,54.0,161.6,-1,-1,-1,-1
780,37.0,890.1,321.7,53.1,154.4,-1,-1,-1,-1
780,35.0,36.3,443.5,37.4,174.8,-1,-1,-1,-1
780,33.0,1197.9,464.4,81.0,181.8,-1,-1,-1,-1
780,30.0,848.7,391.5,61.2,134.6,-1,-1,-1,-1
780,13.0,520.2,322.6,59.4,154.3,-1,-1,-1,-1
780,12.0,707.4,333.0,47.7,143.6,-1,-1,-1,-1
780,10.0,603.4,286.0,76.5,108.0,-1,-1,-1,-1
780,2.0,247.9,338.6,67.5,152.3,-1,-1,-1,-1
781,58.0,361.6,413.3,71.5,112.3,-1,-1,-1,-1
781,56.0,333.9,364.7,68.4,150.5,-1,-1,-1,-1
781,54.0,588.1,413.1,83.7,133.2,-1,-1,-1,-1
781,52.0,612.9,354.1,66.6,180.0,-1,-1,-1,-1
781,50.0,881.5,359.5,61.6,157.0,-1,-1,-1,-1
781,45.0,570.1,367.2,45.9,161.6,-1,-1,-1,-1
781,37.0,890.1,322.0,54.9,153.2,-1,-1,-1,-1
781,35.0,36.1,442.8,37.8,175.5,-1,-1,-1,-1
781,33.0,1201.5,463.5,77.4,182.7,-1,-1,-1,-1
781,30.0,849.6,394.2,60.3,131.4,-1,-1,-1,-1
781,13.0,521.1,322.4,59.4,154.1,-1,-1,-1,-1
781,12.0,706.0,333.0,48.6,144.0,-1,-1,-1,-1
781,10.0,605.2,284.4,73.8,112.5,-1,-1,-1,-1
781,2.0,249.5,338.4,65.7,153.0,-1,-1,-1,-1
782,58.0,361.1,411.1,72.0,115.0,-1,-1,-1,-1
782,57.0,855.0,365.2,55.8,133.0,-1,-1,-1,-1
782,56.0,333.2,365.4,66.1,149.9,-1,-1,-1,-1
782,54.0,593.5,412.2,70.2,135.0,-1,-1,-1,-1
782,52.0,609.8,353.7,69.3,182.2,-1,-1,-1,-1
782,50.0,882.9,359.1,60.3,157.5,-1,-1,-1,-1
782,45.0,570.6,365.6,45.9,162.7,-1,-1,-1,-1
782,37.0,886.0,322.4,58.0,153.2,-1,-1,-1,-1
782,35.0,36.4,443.2,37.5,175.5,-1,-1,-1,-1
782,33.0,1214.1,464.4,64.8,180.9,-1,-1,-1,-1
782,30.0,849.1,396.4,61.2,128.7,-1,-1,-1,-1
782,13.0,522.4,323.3,58.5,153.7,-1,-1,-1,-1
782,12.0,705.6,333.0,48.6,144.0,-1,-1,-1,-1
782,10.0,606.6,282.1,71.1,112.0,-1,-1,-1,-1
782,2.0,257.4,338.2,58.9,153.7,-1,-1,-1,-1
783,58.0,360.7,409.7,72.4,115.4,-1,-1,-1,-1
783,57.0,854.5,364.7,56.7,133.0,-1,-1,-1,-1
783,56.0,332.8,365.6,70.6,149.6,-1,-1,-1,-1
783,54.0,593.5,415.6,65.7,133.9,-1,-1,-1,-1
783,52.0,609.8,362.9,69.3,173.5,-1,-1,-1,-1
783,50.0,881.5,359.1,60.7,157.0,-1,-1,-1,-1
783,45.0,571.0,351.7,56.7,176.6,-1,-1,-1,-1
783,37.0,885.6,322.4,56.7,153.7,-1,-1,-1,-1
783,35.0,36.4,443.0,37.3,175.3,-1,-1,-1,-1
783,33.0,1215.9,464.4,63.0,180.9,-1,-1,-1,-1
783,30.0,849.1,395.8,63.0,128.9,-1,-1,-1,-1
783,13.0,523.3,323.8,59.4,153.7,-1,-1,-1,-1
783,12.0,705.6,333.4,48.6,143.5,-1,-1,-1,-1
783,10.0,607.5,281.5,69.3,119.2,-1,-1,-1,-1
783,2.0,262.1,338.6,54.0,153.7,-1,-1,-1,-1
784,58.0,361.6,408.4,71.5,117.2,-1,-1,-1,-1
784,57.0,856.8,365.2,57.6,140.6,-1,-1,-1,-1
784,56.0,331.9,366.3,72.5,149.4,-1,-1,-1,-1
784,54.0,593.5,419.4,65.7,130.5,-1,-1,-1,-1
784,52.0,612.4,385.2,66.6,152.1,-1,-1,-1,-1
784,50.0,891.4,360.0,50.8,156.6,-1,-1,-1,-1
784,45.0,572.4,362.7,54.0,165.1,-1,-1,-1,-1
784,37.0,884.7,322.2,54.9,160.2,-1,-1,-1,-1
784,35.0,36.3,442.8,37.0,175.5,-1,-1,-1,-1
784,33.0,1228.5,465.3,50.4,180.9,-1,-1,-1,-1
784,30.0,848.7,398.7,63.0,126.9,-1,-1,-1,-1
784,13.0,524.7,324.4,59.4,152.5,-1,-1,-1,-1
784,12.0,706.0,333.9,47.7,143.5,-1,-1,-1,-1
784,10.0,606.1,279.9,69.3,125.5,-1,-1,-1,-1
784,2.0,265.7,338.8,51.3,153.5,-1,-1,-1,-1
785,58.0,361.8,407.5,71.5,118.1,-1,-1,-1,-1
785,57.0,856.8,364.5,58.5,141.8,-1,-1,-1,-1
785,56.0,331.4,366.3,68.9,149.0,-1,-1,-1,-1
785,54.0,594.0,422.3,64.8,127.6,-1,-1,-1,-1
785,52.0,613.8,387.0,64.8,150.3,-1,-1,-1,-1
785,50.0,888.7,359.8,53.5,156.8,-1,-1,-1,-1
785,45.0,572.8,364.3,58.5,164.0,-1,-1,-1,-1
785,37.0,883.8,322.4,54.9,160.9,-1,-1,-1,-1
785,35.0,36.7,442.6,36.2,176.2,-1,-1,-1,-1
785,33.0,1231.2,464.8,48.6,180.9,-1,-1,-1,-1
785,30.0,848.7,398.7,63.0,126.9,-1,-1,-1,-1
785,13.0,526.0,325.1,58.5,152.8,-1,-1,-1,-1
785,12.0,705.1,334.1,48.6,145.6,-1,-1,-1,-1
785,10.0,605.7,279.0,70.2,125.1,-1,-1,-1,-1
785,2.0,268.0,338.8,49.1,153.5,-1,-1,-1,-1
786,58.0,363.1,407.5,70.2,118.6,-1,-1,-1,-1
786,57.0,857.7,364.5,55.8,145.4,-1,-1,-1,-1
786,56.0,331.4,366.3,68.4,148.0,-1,-1,-1,-1
786,54.0,593.1,421.6,65.7,127.8,-1,-1,-1,-1
786,52.0,615.6,389.9,61.2,147.4,-1,-1,-1,-1
786,50.0,895.5,360.4,47.7,156.6,-1,-1,-1,-1
786,46.0,603.0,342.4,74.7,187.2,-1,-1,-1,-1
786,45.0,572.8,350.3,59.4,178.0,-1,-1,-1,-1
786,37.0,885.1,322.9,52.6,157.7,-1,-1,-1,-1
786,35.0,36.4,442.1,36.6,176.2,-1,-1,-1,-1
786,33.0,1242.9,463.9,36.0,181.8,-1,-1,-1,-1
786,30.0,848.7,400.5,63.9,125.1,-1,-1,-1,-1
786,13.0,527.8,326.2,57.6,152.6,-1,-1,-1,-1
786,12.0,706.5,334.8,46.8,146.2,-1,-1,-1,-1
786,10.0,603.9,278.8,72.0,128.2,-1,-1,-1,-1
786,2.0,270.0,339.1,49.5,153.2,-1,-1,-1,-1
787,58.0,363.4,406.1,70.2,119.5,-1,-1,-1,-1
787,57.0,858.1,364.0,54.0,143.1,-1,-1,-1,-1
787,56.0,331.9,366.3,72.0,147.6,-1,-1,-1,-1
787,54.0,593.1,421.9,65.7,128.0,-1,-1,-1,-1
787,52.0,615.6,385.2,61.2,152.1,-1,-1,-1,-1
787,50.0,894.6,360.9,48.6,155.7,-1,-1,-1,-1
787,46.0,603.9,342.7,72.0,182.9,-1,-1,-1,-1
787,45.0,572.8,353.7,53.1,174.6,-1,-1,-1,-1
787,37.0,884.7,322.2,53.1,159.3,-1,-1,-1,-1
787,35.0,35.8,442.8,37.0,175.5,-1,-1,-1,-1
787,33.0,1242.9,464.4,36.0,180.9,-1,-1,-1,-1
787,30.0,848.2,399.6,63.9,126.0,-1,-1,-1,-1
787,13.0,528.8,327.4,56.7,151.4,-1,-1,-1,-1
787,12.0,706.5,335.2,46.8,146.2,-1,-1,-1,-1
787,10.0,605.7,277.9,69.3,127.8,-1,-1,-1,-1
787,2.0,271.6,339.3,50.9,153.0,-1,-1,-1,-1
788,58.0,362.9,405.0,70.6,120.6,-1,-1,-1,-1
788,57.0,859.0,363.6,54.0,143.1,-1,-1,-1,-1
788,56.0,331.6,365.8,59.4,148.0,-1,-1,-1,-1
788,54.0,593.1,414.2,66.6,135.7,-1,-1,-1,-1
788,50.0,892.3,360.2,49.9,155.9,-1,-1,-1,-1
788,46.0,609.3,352.3,68.4,184.0,-1,-1,-1,-1
788,45.0,572.8,343.3,49.5,185.4,-1,-1,-1,-1
788,37.0,883.8,322.6,54.0,161.1,-1,-1,-1,-1
788,35.0,36.1,442.8,36.5,175.5,-1,-1,-1,-1
788,33.0,1243.8,464.8,36.0,180.9,-1,-1,-1,-1
788,30.0,848.2,401.4,64.8,124.2,-1,-1,-1,-1
788,13.0,531.0,328.5,56.7,152.6,-1,-1,-1,-1
788,12.0,706.9,335.5,46.8,146.0,-1,-1,-1,-1
788,10.0,605.7,275.4,66.6,128.7,-1,-1,-1,-1
788,2.0,273.4,342.0,62.1,150.8,-1,-1,-1,-1
789,58.0,363.8,405.0,70.2,120.6,-1,-1,-1,-1
789,57.0,858.1,363.6,54.9,145.8,-1,-1,-1,-1
789,56.0,331.6,365.8,67.0,148.5,-1,-1,-1,-1
789,54.0,593.1,408.8,65.7,140.6,-1,-1,-1,-1
789,50.0,891.0,360.7,51.3,155.9,-1,-1,-1,-1
789,46.0,612.0,340.6,65.7,197.1,-1,-1,-1,-1
789,45.0,572.4,344.7,53.1,184.1,-1,-1,-1,-1
789,37.0,884.7,323.1,53.1,157.5,-1,-1,-1,-1
789,35.0,36.3,442.3,36.2,175.5,-1,-1,-1,-1
789,33.0,1243.8,464.4,36.0,180.9,-1,-1,-1,-1
789,30.0,848.7,402.1,64.8,124.0,-1,-1,-1,-1
789,13.0,532.3,328.9,57.6,153.4,-1,-1,-1,-1
789,12.0,706.9,335.5,46.8,146.0,-1,-1,-1,-1
789,10.0,605.2,274.0,65.7,132.3,-1,-1,-1,-1
789,2.0,274.9,344.5,66.1,146.9,-1,-1,-1,-1
790,58.0,364.9,406.1,70.2,119.5,-1,-1,-1,-1
790,57.0,859.0,363.4,54.9,147.8,-1,-1,-1,-1
790,56.0,332.1,366.3,75.1,148.5,-1,-1,-1,-1
790,54.0,593.5,404.8,64.8,144.2,-1,-1,-1,-1
790,50.0,883.8,360.9,57.6,156.6,-1,-1,-1,-1
790,46.0,611.5,341.1,64.8,194.4,-1,-1,-1,-1
790,45.0,571.0,365.6,59.4,162.7,-1,-1,-1,-1
790,37.0,884.2,323.8,52.7,156.8,-1,-1,-1,-1
790,35.0,36.2,442.8,36.3,175.5,-1,-1,-1,-1
790,33.0,1243.8,461.2,36.0,184.5,-1,-1,-1,-1
790,30.0,848.2,401.8,65.7,124.2,-1,-1,-1,-1
790,13.0,534.6,329.8,54.9,152.5,-1,-1,-1,-1
790,12.0,706.5,334.6,47.7,146.9,-1,-1,-1,-1
790,10.0,605.2,269.5,64.8,131.4,-1,-1,-1,-1
790,2.0,277.6,342.0,67.9,150.3,-1,-1,-1,-1
791,58.0,365.6,406.1,69.8,119.0,-1,-1,-1,-1
791,57.0,858.1,363.1,55.8,144.0,-1,-1,-1,-1
791,56.0,332.1,367.0,75.1,147.4,-1,-1,-1,-1
791,54.0,593.1,401.4,65.7,147.6,-1,-1,-1,-1
791,50.0,886.9,360.9,55.3,156.1,-1,-1,-1,-1
791,46.0,611.5,332.8,57.6,157.7,-1,-1,-1,-1
791,45.0,571.0,365.6,57.6,162.7,-1,-1,-1,-1
791,37.0,885.1,324.4,52.6,157.0,-1,-1,-1,-1
791,35.0,36.2,442.8,35.9,175.5,-1,-1,-1,-1
791,33.0,1243.8,459.7,36.0,186.1,-1,-1,-1,-1
791,30.0,848.7,401.8,63.9,124.2,-1,-1,-1,-1
791,13.0,535.5,330.3,53.1,152.1,-1,-1,-1,-1
791,12.0,706.9,334.3,47.7,146.7,-1,-1,-1,-1
791,10.0,604.3,267.8,64.8,144.4,-1,-1,-1,-1
791,2.0,278.8,340.0,66.6,152.3,-1,-1,-1,-1
792,58.0,366.7,407.7,70.2,117.9,-1,-1,-1,-1
792,57.0,863.5,362.7,49.5,140.4,-1,-1,-1,-1
792,56.0,333.7,365.8,69.8,148.5,-1,-1,-1,-1
792,54.0,593.1,388.3,66.6,159.3,-1,-1,-1,-1
792,50.0,883.8,360.7,57.6,156.8,-1,-1,-1,-1
792,45.0,571.0,365.4,58.5,162.0,-1,-1,-1,-1
792,37.0,884.2,325.6,53.5,154.6,-1,-1,-1,-1
792,35.0,35.9,442.8,35.4,175.5,-1,-1,-1,-1
792,33.0,1243.8,460.8,36.0,184.5,-1,-1,-1,-1
792,30.0,848.2,409.5,63.9,117.0,-1,-1,-1,-1
792,13.0,535.5,332.1,55.8,150.8,-1,-1,-1,-1
792,12.0,706.0,334.3,49.5,146.7,-1,-1,-1,-1
792,10.0,603.9,263.2,63.9,151.6,-1,-1,-1,-1
792,2.0,282.6,340.4,63.0,151.4,-1,-1,-1,-1
793,58.0,367.0,407.2,69.8,118.8,-1,-1,-1,-1
793,57.0,864.4,362.7,49.5,138.6,-1,-1,-1,-1
793,56.0,334.3,366.7,68.9,148.1,-1,-1,-1,-1
793,54.0,593.5,375.7,65.7,171.9,-1,-1,-1,-1
793,52.0,621.9,351.7,63.0,182.9,-1,-1,-1,-1
793,50.0,882.0,360.9,59.4,156.6,-1,-1,-1,-1
793,45.0,571.5,362.5,57.6,165.4,-1,-1,-1,-1
793,37.0,884.2,325.8,53.5,152.5,-1,-1,-1,-1
793,35.0,36.1,442.8,35.3,175.5,-1,-1,-1,-1
793,33.0,1243.8,461.7,36.0,183.6,-1,-1,-1,-1
793,30.0,848.2,410.2,63.9,116.3,-1,-1,-1,-1
793,13.0,535.9,333.4,56.7,149.9,-1,-1,-1,-1
793,12.0,704.2,334.1,51.3,147.4,-1,-1,-1,-1
793,10.0,604.3,262.6,63.0,146.2,-1,-1,-1,-1
793,2.0,283.3,340.2,62.5,152.1,-1,-1,-1,-1
794,58.0,366.7,407.7,69.8,117.9,-1,-1,-1,-1
794,57.0,864.0,363.1,50.4,141.7,-1,-1,-1,-1
794,56.0,335.7,366.3,64.8,148.5,-1,-1,-1,-1
794,54.0,593.1,378.2,67.5,167.6,-1,-1,-1,-1
794,52.0,618.3,333.2,71.1,198.7,-1,-1,-1,-1
794,50.0,883.3,361.3,58.0,155.2,-1,-1,-1,-1
794,45.0,570.1,364.9,58.5,162.4,-1,-1,-1,-1
794,37.0,883.8,327.1,54.9,151.6,-1,-1,-1,-1
794,35.0,35.8,442.8,35.5,175.5,-1,-1,-1,-1
794,33.0,1244.7,464.4,34.2,180.9,-1,-1,-1,-1
794,30.0,848.7,411.3,63.0,115.2,-1,-1,-1,-1
794,13.0,535.5,336.4,57.6,146.5,-1,-1,-1,-1
794,12.0,702.9,334.1,53.1,147.4,-1,-1,-1,-1
794,10.0,600.3,273.1,61.2,145.3,-1,-1,-1,-1
794,2.0,285.1,340.2,62.1,152.5,-1,-1,-1,-1
795,58.0,367.0,407.9,70.2,117.2,-1,-1,-1,-1
795,57.0,864.9,363.6,50.4,140.9,-1,-1,-1,-1
795,56.0,333.9,366.5,58.5,148.3,-1,-1,-1,-1
795,54.0,593.1,352.8,67.5,192.1,-1,-1,-1,-1
795,52.0,620.1,328.5,71.1,203.9,-1,-1,-1,-1
795,50.0,883.8,362.0,57.6,154.6,-1,-1,-1,-1
795,45.0,571.9,358.2,58.5,169.6,-1,-1,-1,-1
795,37.0,884.2,326.9,55.4,152.8,-1,-1,-1,-1
795,35.0,35.4,442.8,35.7,175.5,-1,-1,-1,-1
795,33.0,1244.7,464.8,34.2,180.9,-1,-1,-1,-1
795,30.0,848.2,412.2,63.9,114.3,-1,-1,-1,-1
795,13.0,535.0,338.6,58.5,144.2,-1,-1,-1,-1
795,12.0,702.4,334.1,53.1,147.4,-1,-1,-1,-1
795,10.0,603.0,258.5,61.2,154.3,-1,-1,-1,-1
795,2.0,285.8,341.1,60.7,152.1,-1,-1,-1,-1
796,58.0,366.5,409.7,69.8,115.4,-1,-1,-1,-1
796,57.0,865.3,364.0,49.5,138.1,-1,-1,-1,-1
796,56.0,337.7,366.7,68.4,147.1,-1,-1,-1,-1
796,54.0,594.4,345.1,71.1,199.4,-1,-1,-1,-1
796,52.0,611.1,313.6,83.7,223.6,-1,-1,-1,-1
796,50.0,883.8,362.5,57.6,154.1,-1,-1,-1,-1
796,45.0,571.0,350.5,58.5,176.8,-1,-1,-1,-1
796,37.0,885.1,327.6,54.5,152.5,-1,-1,-1,-1
796,35.0,35.5,442.8,35.9,175.5,-1,-1,-1,-1
796,33.0,1245.6,464.8,34.2,180.9,-1,-1,-1,-1
796,30.0,848.2,411.5,63.0,115.0,-1,-1,-1,-1
796,13.0,534.1,342.0,60.3,141.3,-1,-1,-1,-1
796,12.0,697.0,334.1,58.5,147.4,-1,-1,-1,-1
796,10.0,607.0,234.9,52.2,148.0,-1,-1,-1,-1
796,2.0,287.1,340.2,59.0,152.5,-1,-1,-1,-1
797,58.0,366.7,411.3,69.8,114.3,-1,-1,-1,-1
797,57.0,866.2,363.1,49.5,136.8,-1,-1,-1,-1
797,56.0,337.9,366.3,62.1,148.0,-1,-1,-1,-1
797,54.0,594.0,337.3,76.5,208.1,-1,-1,-1,-1
797,52.0,620.1,316.3,75.6,223.2,-1,-1,-1,-1
797,50.0,881.1,362.7,60.3,154.8,-1,-1,-1,-1
797,45.0,571.9,353.9,60.3,173.9,-1,-1,-1,-1
797,37.0,886.5,327.6,54.0,150.3,-1,-1,-1,-1
797,35.0,35.7,442.8,36.3,175.5,-1,-1,-1,-1
797,33.0,1244.7,465.3,34.2,180.0,-1,-1,-1,-1
797,30.0,848.7,411.5,63.0,114.5,-1,-1,-1,-1
797,13.0,533.7,343.3,61.2,140.4,-1,-1,-1,-1
797,12.0,696.6,333.9,58.5,147.6,-1,-1,-1,-1
797,10.0,609.8,223.9,51.3,158.8,-1,-1,-1,-1
797,2.0,287.5,339.3,60.3,153.4,-1,-1,-1,-1
798,58.0,366.5,412.9,69.8,113.2,-1,-1,-1,-1
798,57.0,865.3,364.5,50.4,139.1,-1,-1,-1,-1
798,56.0,336.8,366.1,68.4,147.8,-1,-1,-1,-1
798,54.0,588.1,348.3,81.9,199.3,-1,-1,-1,-1
798,52.0,632.2,325.8,66.6,214.6,-1,-1,-1,-1
798,50.0,881.5,362.9,59.8,155.0,-1,-1,-1,-1
798,45.0,569.2,359.5,59.4,167.8,-1,-1,-1,-1
798,37.0,887.8,327.6,54.4,152.1,-1,-1,-1,-1
798,35.0,35.9,442.8,35.8,175.5,-1,-1,-1,-1
798,33.0,1245.6,465.3,34.2,180.0,-1,-1,-1,-1
798,30.0,848.7,412.0,63.0,114.5,-1,-1,-1,-1
798,13.0,533.7,345.1,60.3,138.6,-1,-1,-1,-1
798,12.0,694.3,333.9,60.3,148.0,-1,-1,-1,-1
798,10.0,606.1,203.8,55.8,160.6,-1,-1,-1,-1
798,2.0,289.1,340.0,58.5,152.3,-1,-1,-1,-1
799,58.0,366.5,412.0,69.8,114.1,-1,-1,-1,-1
799,56.0,337.3,366.5,67.5,147.8,-1,-1,-1,-1
799,54.0,593.1,339.5,77.4,209.5,-1,-1,-1,-1
799,52.0,631.3,328.5,67.5,211.5,-1,-1,-1,-1
799,50.0,881.1,363.4,60.3,155.0,-1,-1,-1,-1
799,45.0,568.8,363.8,60.3,161.8,-1,-1,-1,-1
799,37.0,890.1,327.8,53.1,150.1,-1,-1,-1,-1
799,35.0,36.3,442.8,35.9,175.5,-1,-1,-1,-1
799,33.0,1244.7,465.3,34.2,180.0,-1,-1,-1,-1
799,30.0,848.7,411.5,67.5,115.0,-1,-1,-1,-1
799,13.0,534.1,345.6,59.4,137.7,-1,-1,-1,-1
799,12.0,692.5,333.9,62.1,148.0,-1,-1,-1,-1
799,10.0,607.0,193.3,53.1,165.1,-1,-1,-1,-1
799,2.0,291.8,340.2,58.0,152.5,-1,-1,-1,-1
800,58.0,366.5,412.0,69.8,113.6,-1,-1,-1,-1
800,56.0,335.9,366.3,68.9,147.6,-1,-1,-1,-1
800,54.0,594.4,349.4,75.6,198.7,-1,-1,-1,-1
800,52.0,630.9,330.5,68.4,209.5,-1,-1,-1,-1
800,50.0,880.6,363.6,60.8,154.8,-1,-1,-1,-1
800,45.0,567.9,365.2,63.0,161.8,-1,-1,-1,-1
800,37.0,889.2,328.0,54.0,151.2,-1,-1,-1,-1
800,35.0,36.3,443.2,36.2,175.5,-1,-1,-1,-1
800,33.0,1239.3,465.7,39.6,180.0,-1,-1,-1,-1
800,30.0,848.7,411.3,69.3,115.2,-1,-1,-1,-1
800,13.0,534.6,346.0,60.3,137.2,-1,-1,-1,-1
800,12.0,691.2,334.3,63.0,148.5,-1,-1,-1,-1
800,10.0,618.8,178.9,36.9,172.8,-1,-1,-1,-1
800,2.0,300.1,340.2,54.0,152.1,-1,-1,-1,-1
801,58.0,366.5,412.4,69.8,113.2,-1,-1,-1,-1
801,56.0,336.6,366.1,67.5,147.8,-1,-1,-1,-1
801,54.0,599.4,351.0,70.2,196.6,-1,-1,-1,-1
801,52.0,629.5,331.2,70.2,209.7,-1,-1,-1,-1
801,50.0,881.5,364.0,60.7,154.3,-1,-1,-1,-1
801,45.0,568.3,361.1,54.9,166.3,-1,-1,-1,-1
801,37.0,889.6,328.5,54.5,149.9,-1,-1,-1,-1
801,35.0,36.5,443.2,36.2,175.5,-1,-1,-1,-1
801,33.0,1232.1,466.2,46.8,179.1,-1,-1,-1,-1
801,30.0,848.7,411.1,63.9,115.9,-1,-1,-1,-1
801,13.0,534.1,346.0,61.2,137.2,-1,-1,-1,-1
801,12.0,690.7,334.3,63.0,148.5,-1,-1,-1,-1
801,10.0,616.5,174.4,44.1,159.7,-1,-1,-1,-1
801,2.0,302.6,340.4,51.7,152.8,-1,-1,-1,-1
802,58.0,366.5,411.5,69.8,114.1,-1,-1,-1,-1
802,56.0,335.7,364.9,60.3,149.9,-1,-1,-1,-1
802,54.0,598.9,349.0,71.1,197.3,-1,-1,-1,-1
802,52.0,633.1,334.6,65.7,206.8,-1,-1,-1,-1
802,50.0,882.0,364.7,59.4,153.7,-1,-1,-1,-1
802,46.0,606.1,234.4,56.7,156.1,-1,-1,-1,-1
802,45.0,567.0,362.0,51.3,165.4,-1,-1,-1,-1
802,37.0,890.1,328.5,54.9,152.1,-1,-1,-1,-1
802,35.0,36.8,443.2,36.0,175.5,-1,-1,-1,-1
802,33.0,1227.6,466.6,52.2,179.1,-1,-1,-1,-1
802,30.0,848.2,409.5,63.0,117.0,-1,-1,-1,-1
802,13.0,534.6,346.0,60.3,134.5,-1,-1,-1,-1
802,12.0,691.2,335.0,61.2,148.3,-1,-1,-1,-1
802,10.0,612.9,167.4,61.2,155.2,-1,-1,-1,-1
802,2.0,304.9,341.5,51.7,152.1,-1,-1,-1,-1
803,58.0,366.3,412.2,70.2,113.4,-1,-1,-1,-1
803,56.0,336.4,365.4,68.0,149.4,-1,-1,-1,-1
803,54.0,598.5,349.2,71.1,195.3,-1,-1,-1,-1
803,52.0,636.3,338.8,63.0,202.0,-1,-1,-1,-1
803,50.0,882.0,364.7,59.4,153.7,-1,-1,-1,-1
803,46.0,604.3,234.2,70.2,162.0,-1,-1,-1,-1
803,45.0,567.0,362.9,47.7,165.4,-1,-1,-1,-1
803,37.0,891.9,329.4,54.0,150.3,-1,-1,-1,-1
803,35.0,36.9,443.2,35.7,175.5,-1,-1,-1,-1
803,33.0,1228.5,466.2,50.4,179.1,-1,-1,-1,-1
803,30.0,848.2,409.5,63.0,117.0,-1,-1,-1,-1
803,13.0,534.1,346.0,60.3,134.1,-1,-1,-1,-1
803,12.0,690.7,335.2,60.3,147.6,-1,-1,-1,-1
803,10.0,608.4,164.7,74.7,155.7,-1,-1,-1,-1
803,2.0,306.4,342.0,50.4,151.6,-1,-1,-1,-1
804,58.0,366.3,412.9,70.2,112.7,-1,-1,-1,-1
804,56.0,334.6,364.9,67.5,150.3,-1,-1,-1,-1
804,54.0,598.5,346.9,65.7,194.4,-1,-1,-1,-1
804,52.0,640.8,343.3,57.6,197.1,-1,-1,-1,-1
804,50.0,882.4,364.0,59.0,154.3,-1,-1,-1,-1
804,46.0,602.1,232.4,59.4,173.2,-1,-1,-1,-1
804,45.0,566.5,355.0,47.7,174.1,-1,-1,-1,-1
804,37.0,893.7,331.6,54.9,151.6,-1,-1,-1,-1
804,35.0,37.2,443.5,35.4,174.8,-1,-1,-1,-1
804,33.0,1233.0,466.2,46.8,179.1,-1,-1,-1,-1
804,30.0,847.8,405.9,63.0,120.6,-1,-1,-1,-1
804,13.0,534.6,346.0,61.2,134.1,-1,-1,-1,-1
804,12.0,690.3,334.8,57.6,147.6,-1,-1,-1,-1
804,10.0,591.3,164.6,100.8,149.1,-1,-1,-1,-1
804,2.0,306.7,342.2,50.9,151.0,-1,-1,-1,-1
805,58.0,366.5,412.2,69.8,113.4,-1,-1,-1,-1
805,57.0,854.1,369.4,55.8,144.4,-1,-1,-1,-1
805,56.0,334.6,364.9,69.8,150.3,-1,-1,-1,-1
805,54.0,598.5,348.7,60.3,190.8,-1,-1,-1,-1
805,52.0,642.1,342.2,56.7,198.7,-1,-1,-1,-1
805,50.0,882.0,364.3,59.4,154.1,-1,-1,-1,-1
805,46.0,598.5,240.3,68.4,162.9,-1,-1,-1,-1
805,45.0,565.6,355.0,49.5,174.1,-1,-1,-1,-1
805,37.0,897.3,332.1,52.2,154.8,-1,-1,-1,-1
805,35.0,37.2,443.2,36.1,175.5,-1,-1,-1,-1
805,33.0,1234.8,466.2,45.0,179.1,-1,-1,-1,-1
805,30.0,848.2,403.0,63.0,123.5,-1,-1,-1,-1
805,13.0,534.1,346.7,61.2,134.3,-1,-1,-1,-1
805,12.0,689.8,335.2,56.7,146.7,-1,-1,-1,-1
805,10.0,583.6,164.4,108.9,152.0,-1,-1,-1,-1
805,2.0,306.7,342.0,49.9,151.6,-1,-1,-1,-1
806,58.0,366.5,412.9,69.8,113.2,-1,-1,-1,-1
806,57.0,859.0,366.7,54.0,140.9,-1,-1,-1,-1
806,56.0,334.8,364.9,68.9,149.9,-1,-1,-1,-1
806,54.0,598.5,345.8,54.9,193.3,-1,-1,-1,-1
806,52.0,640.8,343.3,57.6,197.1,-1,-1,-1,-1
806,50.0,880.6,363.8,59.0,154.1,-1,-1,-1,-1
806,46.0,594.0,253.3,82.8,142.6,-1,-1,-1,-1
806,45.0,565.6,351.0,53.1,179.1,-1,-1,-1,-1
806,37.0,901.8,334.3,50.4,144.0,-1,-1,-1,-1
806,35.0,37.6,443.5,35.8,174.8,-1,-1,-1,-1
806,33.0,1234.8,465.3,45.0,180.0,-1,-1,-1,-1
806,30.0,848.2,403.2,63.0,124.2,-1,-1,-1,-1
806,13.0,534.1,346.7,62.1,132.5,-1,-1,-1,-1
806,12.0,688.0,335.5,57.6,146.0,-1,-1,-1,-1
806,10.0,572.8,168.5,115.2,150.8,-1,-1,-1,-1
806,2.0,307.3,342.0,49.5,151.6,-1,-1,-1,-1
807,58.0,366.5,412.0,69.8,113.6,-1,-1,-1,-1
807,57.0,858.1,366.3,53.1,139.0,-1,-1,-1,-1
807,56.0,335.0,364.9,70.6,149.9,-1,-1,-1,-1
807,54.0,598.9,347.4,54.9,191.7,-1,-1,-1,-1
807,52.0,640.3,343.8,58.5,196.6,-1,-1,-1,-1
807,50.0,880.2,364.3,59.4,154.1,-1,-1,-1,-1
807,46.0,591.8,258.3,83.7,137.7,-1,-1,-1,-1
807,45.0,566.1,350.5,52.2,179.5,-1,-1,-1,-1
807,37.0,903.6,333.0,50.4,147.6,-1,-1,-1,-1
807,35.0,37.8,443.5,35.8,174.8,-1,-1,-1,-1
807,33.0,1233.0,466.2,46.8,179.1,-1,-1,-1,-1
807,30.0,848.7,402.3,74.7,124.2,-1,-1,-1,-1
807,13.0,534.6,346.9,62.1,132.8,-1,-1,-1,-1
807,12.0,687.1,335.2,57.6,146.2,-1,-1,-1,-1
807,10.0,569.2,170.8,118.8,153.4,-1,-1,-1,-1
807,2.0,307.6,342.9,50.0,150.7,-1,-1,-1,-1
808,58.0,366.5,412.2,69.8,113.4,-1,-1,-1,-1
808,57.0,857.7,366.3,53.1,140.8,-1,-1,-1,-1
808,56.0,335.2,365.4,61.2,150.3,-1,-1,-1,-1
808,54.0,599.4,351.9,54.0,186.7,-1,-1,-1,-1
808,52.0,637.2,347.2,61.2,192.8,-1,-1,-1,-1
808,50.0,880.2,364.7,57.6,153.7,-1,-1,-1,-1
808,46.0,586.3,243.9,88.2,154.8,-1,-1,-1,-1
808,45.0,565.6,350.8,51.3,179.3,-1,-1,-1,-1
808,37.0,903.6,333.0,55.8,148.1,-1,-1,-1,-1
808,35.0,38.3,443.2,35.3,175.5,-1,-1,-1,-1
808,33.0,1227.6,467.1,52.2,178.2,-1,-1,-1,-1
808,30.0,848.7,403.9,83.7,122.6,-1,-1,-1,-1
808,13.0,534.6,346.9,60.3,131.4,-1,-1,-1,-1
808,12.0,686.2,335.2,52.2,147.6,-1,-1,-1,-1
808,10.0,567.9,178.9,120.6,155.2,-1,-1,-1,-1
808,2.0,307.8,342.0,48.1,151.6,-1,-1,-1,-1
809,58.0,366.5,413.1,69.8,112.5,-1,-1,-1,-1
809,57.0,857.7,365.6,52.2,140.2,-1,-1,-1,-1
809,56.0,334.3,365.2,57.6,150.5,-1,-1,-1,-1
809,54.0,598.9,353.0,54.9,186.1,-1,-1,-1,-1
809,52.0,636.8,349.6,61.2,189.4,-1,-1,-1,-1
809,50.0,880.2,365.2,60.3,153.2,-1,-1,-1,-1
809,46.0,584.1,252.4,90.9,144.0,-1,-1,-1,-1
809,45.0,566.1,352.1,52.2,178.0,-1,-1,-1,-1
809,37.0,905.8,331.2,55.3,152.5,-1,-1,-1,-1
809,35.0,38.4,443.5,35.1,174.8,-1,-1,-1,-1
809,33.0,1224.0,466.6,55.8,179.1,-1,-1,-1,-1
809,30.0,848.7,403.0,82.8,123.5,-1,-1,-1,-1
809,13.0,534.6,346.9,61.2,131.4,-1,-1,-1,-1
809,12.0,684.4,335.0,52.2,148.3,-1,-1,-1,-1
809,10.0,568.3,184.9,120.6,152.5,-1,-1,-1,-1
809,2.0,307.6,342.4,48.1,151.2,-1,-1,-1,-1
810,58.0,366.5,407.9,69.8,117.7,-1,-1,-1,-1
810,57.0,856.3,364.5,52.2,141.8,-1,-1,-1,-1
810,56.0,335.2,366.1,66.6,149.6,-1,-1,-1,-1
810,54.0,598.0,355.0,55.8,183.6,-1,-1,-1,-1
810,52.0,636.3,350.8,61.2,187.0,-1,-1,-1,-1
810,50.0,880.6,364.9,59.0,153.0,-1,-1,-1,-1
810,46.0,582.3,256.9,85.5,144.0,-1,-1,-1,-1
810,45.0,564.8,354.6,57.6,175.5,-1,-1,-1,-1
810,37.0,908.5,332.1,55.4,151.6,-1,-1,-1,-1
810,35.0,38.4,443.2,35.2,175.5,-1,-1,-1,-1
810,33.0,1223.1,467.1,55.8,178.2,-1,-1,-1,-1
810,30.0,848.2,403.2,77.9,123.3,-1,-1,-1,-1
810,13.0,534.1,346.5,60.3,131.9,-1,-1,-1,-1
810,12.0,683.1,335.7,50.4,148.0,-1,-1,-1,-1
810,10.0,570.6,192.3,119.7,148.4,-1,-1,-1,-1
810,2.0,307.6,342.2,48.1,151.0,-1,-1,-1,-1
811,58.0,366.5,407.7,69.8,117.9,-1,-1,-1,-1
811,57.0,855.9,364.3,52.2,142.0,-1,-1,-1,-1
811,56.0,335.2,366.3,70.2,149.0,-1,-1,-1,-1
811,54.0,597.6,355.0,56.7,183.6,-1,-1,-1,-1
811,52.0,635.4,351.0,61.2,186.3,-1,-1,-1,-1
811,50.0,881.1,365.2,58.5,152.3,-1,-1,-1,-1
811,46.0,580.0,261.9,85.5,136.3,-1,-1,-1,-1
811,45.0,564.8,354.8,59.4,175.3,-1,-1,-1,-1
811,37.0,909.9,331.2,54.0,152.5,-1,-1,-1,-1
811,35.0,38.7,443.2,34.9,175.5,-1,-1,-1,-1
811,33.0,1227.6,466.6,52.2,179.1,-1,-1,-1,-1
811,30.0,848.2,404.5,66.6,122.4,-1,-1,-1,-1
811,13.0,534.6,346.5,60.3,132.3,-1,-1,-1,-1
811,12.0,682.6,335.7,50.4,147.6,-1,-1,-1,-1
811,10.0,564.3,196.9,126.0,146.7,-1,-1,-1,-1
811,2.0,307.6,342.2,47.7,151.0,-1,-1,-1,-1
812,58.0,366.5,405.0,69.8,120.6,-1,-1,-1,-1
812,57.0,854.1,363.1,51.3,135.0,-1,-1,-1,-1
812,56.0,334.8,365.4,63.0,149.9,-1,-1,-1,-1
812,54.0,596.2,356.2,59.4,182.5,-1,-1,-1,-1
812,52.0,635.4,353.9,63.0,179.8,-1,-1,-1,-1
812,50.0,881.5,365.8,58.9,152.1,-1,-1,-1,-1
812,46.0,576.9,266.6,89.1,134.5,-1,-1,-1,-1
812,45.0,564.3,360.0,66.6,169.6,-1,-1,-1,-1
812,37.0,915.3,330.7,54.0,152.6,-1,-1,-1,-1
812,35.0,38.6,443.2,35.7,175.5,-1,-1,-1,-1
812,33.0,1235.7,466.2,43.2,179.1,-1,-1,-1,-1
812,30.0,848.7,405.9,62.1,120.6,-1,-1,-1,-1
812,13.0,534.6,346.0,59.4,133.6,-1,-1,-1,-1
812,12.0,680.8,335.9,51.3,148.3,-1,-1,-1,-1
812,10.0,571.9,202.3,118.8,143.1,-1,-1,-1,-1
812,2.0,307.6,342.4,48.1,151.2,-1,-1,-1,-1
813,58.0,366.5,405.0,69.8,120.6,-1,-1,-1,-1
813,57.0,853.6,361.8,50.4,138.6,-1,-1,-1,-1
813,56.0,334.3,366.3,59.4,149.8,-1,-1,-1,-1
813,54.0,594.4,357.7,62.1,180.9,-1,-1,-1,-1
813,52.0,634.9,356.4,63.9,175.9,-1,-1,-1,-1
813,50.0,884.7,366.1,58.5,152.3,-1,-1,-1,-1
813,46.0,577.3,266.4,89.1,138.1,-1,-1,-1,-1
813,45.0,566.1,360.9,67.5,168.7,-1,-1,-1,-1
813,37.0,918.4,330.3,53.5,154.3,-1,-1,-1,-1
813,35.0,38.6,443.2,35.3,175.5,-1,-1,-1,-1
813,33.0,1240.2,466.2,39.6,179.1,-1,-1,-1,-1
813,30.0,848.2,409.5,61.2,117.0,-1,-1,-1,-1
813,13.0,534.6,345.8,58.5,134.8,-1,-1,-1,-1
813,12.0,680.4,336.1,51.3,147.6,-1,-1,-1,-1
813,10.0,574.2,204.3,114.3,139.9,-1,-1,-1,-1
813,2.0,307.8,342.4,47.7,151.2,-1,-1,-1,-1
814,58.0,366.5,404.1,69.8,121.5,-1,-1,-1,-1
814,57.0,851.8,362.5,54.0,136.1,-1,-1,-1,-1
814,56.0,334.3,366.7,62.1,148.5,-1,-1,-1,-1
814,54.0,595.3,358.2,61.2,180.9,-1,-1,-1,-1
814,52.0,633.6,356.6,65.7,172.6,-1,-1,-1,-1
814,50.0,882.9,367.6,58.5,150.3,-1,-1,-1,-1
814,46.0,576.9,265.9,89.1,137.7,-1,-1,-1,-1
814,45.0,565.2,360.4,68.4,168.7,-1,-1,-1,-1
814,37.0,928.8,333.4,46.8,151.2,-1,-1,-1,-1
814,35.0,38.7,443.2,35.2,175.5,-1,-1,-1,-1
814,33.0,1245.6,466.2,34.2,179.1,-1,-1,-1,-1
814,30.0,848.2,412.0,61.2,114.5,-1,-1,-1,-1
814,13.0,534.6,345.4,57.6,135.7,-1,-1,-1,-1
814,12.0,674.1,336.1,56.7,147.6,-1,-1,-1,-1
814,10.0,573.8,203.4,112.5,144.9,-1,-1,-1,-1
814,2.0,307.8,342.4,47.7,151.2,-1,-1,-1,-1
815,58.0,366.5,404.5,70.2,121.5,-1,-1,-1,-1
815,57.0,852.3,362.7,54.0,137.2,-1,-1,-1,-1
815,56.0,334.3,366.7,62.1,148.1,-1,-1,-1,-1
815,54.0,594.0,358.6,63.0,180.4,-1,-1,-1,-1
815,52.0,634.0,356.4,63.9,171.0,-1,-1,-1,-1
815,50.0,882.4,368.5,58.0,149.0,-1,-1,-1,-1
815,46.0,577.8,263.9,87.3,138.1,-1,-1,-1,-1
815,45.0,564.3,361.1,67.5,167.6,-1,-1,-1,-1
815,37.0,930.6,333.7,46.8,150.5,-1,-1,-1,-1
815,35.0,38.7,443.2,35.2,175.5,-1,-1,-1,-1
815,33.0,1247.4,466.2,32.4,179.1,-1,-1,-1,-1
815,30.0,848.2,412.2,61.2,114.3,-1,-1,-1,-1
815,13.0,534.6,345.1,58.5,135.9,-1,-1,-1,-1
815,12.0,673.2,336.1,57.6,146.7,-1,-1,-1,-1
815,10.0,571.5,201.1,115.2,147.1,-1,-1,-1,-1
815,2.0,307.8,342.4,47.7,151.2,-1,-1,-1,-1
816,58.0,366.5,405.0,70.2,120.6,-1,-1,-1,-1
816,57.0,852.3,363.6,54.0,136.4,-1,-1,-1,-1
816,56.0,334.8,368.5,64.4,146.2,-1,-1,-1,-1
816,54.0,592.6,357.5,63.0,181.6,-1,-1,-1,-1
816,52.0,633.6,356.8,62.1,170.1,-1,-1,-1,-1
816,50.0,883.3,369.7,58.0,147.8,-1,-1,-1,-1
816,46.0,580.0,261.4,81.9,139.0,-1,-1,-1,-1
816,45.0,562.5,360.4,65.7,170.1,-1,-1,-1,-1
816,37.0,937.8,332.5,46.8,152.5,-1,-1,-1,-1
816,35.0,38.6,443.2,35.4,175.5,-1,-1,-1,-1
816,33.0,1247.4,466.2,32.4,179.1,-1,-1,-1,-1
816,30.0,848.2,412.2,61.2,114.3,-1,-1,-1,-1
816,13.0,534.6,344.5,58.5,135.7,-1,-1,-1,-1
816,12.0,671.4,336.4,58.5,145.1,-1,-1,-1,-1
816,10.0,562.9,198.1,123.3,143.0,-1,-1,-1,-1
816,2.0,307.6,342.9,49.0,151.2,-1,-1,-1,-1
817,58.0,365.2,408.4,71.1,117.2,-1,-1,-1,-1
817,57.0,851.4,362.7,53.1,141.3,-1,-1,-1,-1
817,56.0,334.8,369.2,55.8,145.6,-1,-1,-1,-1
817,54.0,593.5,357.3,62.1,181.8,-1,-1,-1,-1
817,52.0,632.7,355.9,63.0,171.0,-1,-1,-1,-1
817,50.0,882.4,369.7,57.2,147.8,-1,-1,-1,-1
817,46.0,583.6,258.3,74.7,141.3,-1,-1,-1,-1
817,45.0,561.6,360.7,61.2,169.0,-1,-1,-1,-1
817,37.0,941.4,332.5,50.4,152.1,-1,-1,-1,-1
817,35.0,38.2,443.2,36.2,175.5,-1,-1,-1,-1
817,33.0,1247.4,466.2,32.4,179.1,-1,-1,-1,-1
817,30.0,848.2,410.4,61.2,116.1,-1,-1,-1,-1
817,13.0,535.0,344.2,58.5,135.0,-1,-1,-1,-1
817,12.0,670.0,336.4,59.4,144.2,-1,-1,-1,-1
817,10.0,562.5,196.4,123.3,144.4,-1,-1,-1,-1
817,2.0,307.6,342.9,50.0,151.2,-1,-1,-1,-1
818,58.0,365.2,412.2,71.1,113.4,-1,-1,-1,-1
818,57.0,851.4,362.7,53.1,141.3,-1,-1,-1,-1
818,56.0,334.8,370.1,58.0,144.7,-1,-1,-1,-1
818,54.0,593.5,357.3,62.1,181.8,-1,-1,-1,-1
818,52.0,633.6,355.7,62.1,170.8,-1,-1,-1,-1
818,50.0,880.6,368.1,59.0,149.4,-1,-1,-1,-1
818,46.0,584.1,256.9,70.2,141.8,-1,-1,-1,-1
818,45.0,562.0,359.8,57.6,169.9,-1,-1,-1,-1
818,37.0,942.3,331.6,64.8,152.5,-1,-1,-1,-1
818,35.0,38.3,443.2,36.0,175.5,-1,-1,-1,-1
818,33.0,1247.4,466.2,32.4,179.1,-1,-1,-1,-1
818,30.0,848.2,411.7,61.2,114.3,-1,-1,-1,-1
818,13.0,534.6,343.6,59.4,134.3,-1,-1,-1,-1
818,12.0,668.2,336.4,61.2,144.2,-1,-1,-1,-1
818,10.0,563.8,191.7,119.7,144.0,-1,-1,-1,-1
818,2.0,308.0,342.9,51.3,151.2,-1,-1,-1,-1
819,58.0,362.9,412.9,73.8,113.2,-1,-1,-1,-1
819,57.0,851.4,362.0,54.0,141.1,-1,-1,-1,-1
819,56.0,335.9,370.8,57.1,143.5,-1,-1,-1,-1
819,54.0,592.2,357.1,63.9,181.6,-1,-1,-1,-1
819,52.0,633.6,355.3,62.1,171.2,-1,-1,-1,-1
819,50.0,881.5,367.9,58.0,149.6,-1,-1,-1,-1
819,46.0,584.1,255.6,71.1,144.4,-1,-1,-1,-1
819,45.0,562.5,356.8,57.6,172.8,-1,-1,-1,-1
819,37.0,942.3,331.9,72.0,152.3,-1,-1,-1,-1
819,35.0,38.1,443.2,36.0,175.5,-1,-1,-1,-1
819,33.0,1247.4,466.2,32.4,179.1,-1,-1,-1,-1
819,30.0,848.7,407.2,60.3,118.8,-1,-1,-1,-1
819,13.0,534.6,343.3,58.5,134.5,-1,-1,-1,-1
819,12.0,666.4,336.6,63.9,143.5,-1,-1,-1,-1
819,10.0,564.8,190.6,117.9,148.9,-1,-1,-1,-1
819,2.0,307.6,343.1,52.6,150.5,-1,-1,-1,-1
820,58.0,358.9,406.6,78.3,119.0,-1,-1,-1,-1
820,57.0,851.8,357.1,54.0,146.9,-1,-1,-1,-1
820,56.0,338.4,370.3,57.1,145.3,-1,-1,-1,-1
820,54.0,591.3,356.2,65.7,181.6,-1,-1,-1,-1
820,52.0,634.0,355.0,61.2,172.3,-1,-1,-1,-1
820,50.0,879.7,367.2,57.2,148.9,-1,-1,-1,-1
820,46.0,584.5,248.8,70.2,148.9,-1,-1,-1,-1
820,45.0,564.8,356.6,58.5,172.6,-1,-1,-1,-1
820,37.0,942.3,336.4,81.0,148.7,-1,-1,-1,-1
820,35.0,37.7,443.0,36.6,175.3,-1,-1,-1,-1
820,33.0,1247.4,466.6,32.4,178.2,-1,-1,-1,-1
820,30.0,848.7,407.5,61.2,118.6,-1,-1,-1,-1
820,13.0,535.0,342.9,57.6,135.4,-1,-1,-1,-1
820,12.0,662.8,336.1,59.4,144.0,-1,-1,-1,-1
820,10.0,567.0,188.9,108.9,149.1,-1,-1,-1,-1
820,2.0,308.0,343.1,51.8,151.0,-1,-1,-1,-1
821,58.0,346.5,405.0,90.5,120.6,-1,-1,-1,-1
821,57.0,851.4,355.9,54.0,147.6,-1,-1,-1,-1
821,56.0,338.4,370.6,63.0,146.0,-1,-1,-1,-1
821,54.0,591.3,356.2,68.4,182.5,-1,-1,-1,-1
821,52.0,635.4,353.7,60.3,172.8,-1,-1,-1,-1
821,50.0,881.1,367.2,55.8,149.4,-1,-1,-1,-1
821,46.0,585.4,247.9,69.3,149.9,-1,-1,-1,-1
821,45.0,564.3,355.9,60.3,173.2,-1,-1,-1,-1
821,37.0,942.3,337.3,84.6,147.8,-1,-1,-1,-1
821,35.0,37.7,443.2,36.7,174.6,-1,-1,-1,-1
821,33.0,1247.4,467.1,32.4,177.3,-1,-1,-1,-1
821,30.0,848.2,407.5,61.2,118.6,-1,-1,-1,-1
821,13.0,535.0,342.7,57.6,135.7,-1,-1,-1,-1
821,12.0,661.9,335.9,60.3,144.7,-1,-1,-1,-1
821,10.0,569.2,187.1,105.3,150.0,-1,-1,-1,-1
821,2.0,307.6,342.9,51.8,151.6,-1,-1,-1,-1
822,58.0,351.0,402.3,86.4,123.3,-1,-1,-1,-1
822,57.0,852.7,355.9,53.1,146.2,-1,-1,-1,-1
822,56.0,339.7,370.3,63.0,144.5,-1,-1,-1,-1
822,54.0,591.8,356.4,80.1,181.8,-1,-1,-1,-1
822,52.0,632.7,351.7,63.9,174.8,-1,-1,-1,-1
822,50.0,880.6,367.9,56.2,147.4,-1,-1,-1,-1
822,46.0,583.2,248.2,71.1,150.8,-1,-1,-1,-1
822,45.0,564.3,358.2,62.1,171.4,-1,-1,-1,-1
822,37.0,944.1,335.2,84.6,151.2,-1,-1,-1,-1
822,35.0,37.7,443.2,36.6,175.5,-1,-1,-1,-1
822,33.0,1245.6,467.5,34.2,176.4,-1,-1,-1,-1
822,30.0,846.9,407.0,63.0,119.5,-1,-1,-1,-1
822,13.0,535.0,342.0,58.5,136.8,-1,-1,-1,-1
822,12.0,657.4,336.1,63.0,144.4,-1,-1,-1,-1
822,10.0,574.2,184.3,98.1,153.4,-1,-1,-1,-1
822,2.0,308.0,342.9,52.2,151.2,-1,-1,-1,-1
823,58.0,353.7,400.5,84.1,125.1,-1,-1,-1,-1
823,57.0,852.7,356.8,53.1,144.9,-1,-1,-1,-1
823,56.0,340.4,370.3,63.4,137.7,-1,-1,-1,-1
823,54.0,591.8,355.9,83.7,182.2,-1,-1,-1,-1
823,52.0,630.9,351.0,64.8,175.9,-1,-1,-1,-1
823,50.0,878.8,369.0,57.1,145.4,-1,-1,-1,-1
823,46.0,575.5,246.1,81.0,152.5,-1,-1,-1,-1
823,45.0,564.3,355.0,61.2,174.6,-1,-1,-1,-1
823,37.0,948.6,335.2,79.2,151.2,-1,-1,-1,-1
823,35.0,37.7,443.2,36.5,175.5,-1,-1,-1,-1
823,33.0,1245.6,467.5,34.2,175.5,-1,-1,-1,-1
823,30.0,845.1,405.9,67.5,120.6,-1,-1,-1,-1
823,13.0,535.5,342.0,57.6,136.4,-1,-1,-1,-1
823,12.0,658.8,336.1,60.3,144.0,-1,-1,-1,-1
823,10.0,575.5,184.0,96.3,152.5,-1,-1,-1,-1
823,2.0,308.2,342.9,52.6,151.2,-1,-1,-1,-1
824,58.0,356.2,399.1,81.9,126.0,-1,-1,-1,-1
824,57.0,854.1,362.2,51.3,141.3,-1,-1,-1,-1
824,56.0,343.3,370.3,60.8,140.9,-1,-1,-1,-1
824,54.0,591.3,355.5,84.6,182.7,-1,-1,-1,-1
824,52.0,630.9,352.3,64.8,175.0,-1,-1,-1,-1
824,50.0,878.4,373.5,58.5,143.1,-1,-1,-1,-1
824,46.0,566.5,245.2,103.5,155.7,-1,-1,-1,-1
824,45.0,564.3,355.7,61.2,173.5,-1,-1,-1,-1
824,37.0,956.7,334.8,72.0,151.6,-1,-1,-1,-1
824,35.0,38.1,443.2,36.0,175.5,-1,-1,-1,-1
824,33.0,1245.6,467.1,34.2,177.3,-1,-1,-1,-1
824,30.0,844.2,404.3,69.3,122.2,-1,-1,-1,-1
824,13.0,535.5,341.5,57.6,136.8,-1,-1,-1,-1
824,12.0,657.9,336.1,59.4,144.4,-1,-1,-1,-1
824,10.0,576.0,183.8,96.3,155.2,-1,-1,-1,-1
824,2.0,308.5,342.9,52.2,151.2,-1,-1,-1,-1
825,58.0,356.4,399.6,81.9,125.1,-1,-1,-1,-1
825,57.0,854.1,363.1,50.4,141.3,-1,-1,-1,-1
825,56.0,343.8,370.3,62.5,142.2,-1,-1,-1,-1
825,54.0,591.8,356.2,70.2,182.5,-1,-1,-1,-1
825,52.0,631.8,353.7,65.7,173.7,-1,-1,-1,-1
825,50.0,875.7,376.2,62.1,140.9,-1,-1,-1,-1
825,46.0,568.3,243.2,101.7,156.1,-1,-1,-1,-1
825,45.0,564.3,357.3,58.5,171.5,-1,-1,-1,-1
825,37.0,964.8,335.2,64.8,151.2,-1,-1,-1,-1
825,35.0,38.0,443.0,36.3,175.3,-1,-1,-1,-1
825,33.0,1245.6,467.1,34.2,177.3,-1,-1,-1,-1
825,30.0,844.2,404.5,71.1,121.5,-1,-1,-1,-1
825,13.0,535.9,341.1,57.6,137.7,-1,-1,-1,-1
825,12.0,658.8,336.4,57.6,144.2,-1,-1,-1,-1
825,10.0,576.9,184.0,95.4,154.4,-1,-1,-1,-1
825,2.0,308.2,342.9,52.6,151.2,-1,-1,-1,-1
826,58.0,361.1,403.6,77.9,121.5,-1,-1,-1,-1
826,56.0,344.7,374.2,62.1,142.4,-1,-1,-1,-1
826,54.0,594.4,351.9,60.3,186.7,-1,-1,-1,-1
826,52.0,634.0,352.6,61.2,174.8,-1,-1,-1,-1
826,50.0,874.8,384.3,63.9,134.5,-1,-1,-1,-1
826,46.0,565.6,246.4,103.5,153.0,-1,-1,-1,-1
826,45.0,563.8,355.5,55.8,173.3,-1,-1,-1,-1
826,37.0,981.9,334.3,54.0,152.1,-1,-1,-1,-1
826,35.0,38.2,443.2,35.7,174.6,-1,-1,-1,-1
826,33.0,1245.6,466.6,34.2,178.2,-1,-1,-1,-1
826,30.0,844.2,412.2,81.0,114.3,-1,-1,-1,-1
826,13.0,535.9,341.1,57.6,137.2,-1,-1,-1,-1
826,12.0,658.3,336.4,55.8,145.1,-1,-1,-1,-1
826,10.0,576.9,184.5,97.2,154.3,-1,-1,-1,-1
826,2.0,308.2,342.9,58.9,151.2,-1,-1,-1,-1
827,58.0,360.4,405.0,79.2,120.6,-1,-1,-1,-1
827,56.0,345.8,377.3,67.5,142.4,-1,-1,-1,-1
827,54.0,594.9,354.6,59.4,184.0,-1,-1,-1,-1
827,52.0,632.2,353.2,62.1,174.6,-1,-1,-1,-1
827,50.0,871.6,388.3,66.1,125.5,-1,-1,-1,-1
827,46.0,567.0,244.8,102.6,155.7,-1,-1,-1,-1
827,45.0,562.9,353.7,62.1,175.9,-1,-1,-1,-1
827,37.0,983.7,334.8,55.8,152.1,-1,-1,-1,-1
827,35.0,38.4,443.0,36.0,175.3,-1,-1,-1,-1
827,33.0,1245.6,466.6,34.2,178.2,-1,-1,-1,-1
827,30.0,843.7,412.9,81.5,113.6,-1,-1,-1,-1
827,13.0,535.9,341.1,57.6,137.2,-1,-1,-1,-1
827,12.0,660.1,336.8,54.0,149.6,-1,-1,-1,-1
827,10.0,576.4,184.0,98.1,154.4,-1,-1,-1,-1
827,2.0,308.2,342.9,58.0,151.2,-1,-1,-1,-1
828,58.0,370.1,408.1,69.3,117.9,-1,-1,-1,-1
828,56.0,347.4,384.1,69.8,136.1,-1,-1,-1,-1
828,54.0,595.3,353.2,60.3,185.4,-1,-1,-1,-1
828,52.0,628.6,352.6,63.0,174.8,-1,-1,-1,-1
828,50.0,877.0,393.5,58.9,124.9,-1,-1,-1,-1
828,46.0,565.6,244.3,103.5,157.9,-1,-1,-1,-1
828,45.0,563.8,352.8,67.5,178.6,-1,-1,-1,-1
828,37.0,986.4,337.7,59.4,151.4,-1,-1,-1,-1
828,35.0,38.4,443.0,36.0,175.3,-1,-1,-1,-1
828,33.0,1245.6,466.6,34.2,178.2,-1,-1,-1,-1
828,30.0,843.7,419.2,81.5,107.8,-1,-1,-1,-1
828,13.0,535.9,340.9,58.5,137.9,-1,-1,-1,-1
828,12.0,663.3,336.6,50.4,149.0,-1,-1,-1,-1
828,10.0,576.4,183.9,98.1,157.2,-1,-1,-1,-1
828,2.0,308.5,343.1,56.7,150.5,-1,-1,-1,-1
829,58.0,372.4,409.9,67.5,116.1,-1,-1,-1,-1
829,56.0,349.4,385.4,66.1,134.8,-1,-1,-1,-1
829,54.0,595.3,353.7,61.2,184.9,-1,-1,-1,-1
829,52.0,623.7,352.8,65.7,173.2,-1,-1,-1,-1
829,50.0,878.4,395.1,55.8,124.7,-1,-1,-1,-1
829,46.0,564.8,243.2,104.4,159.3,-1,-1,-1,-1
829,45.0,564.3,353.2,64.8,177.8,-1,-1,-1,-1
829,37.0,987.3,337.3,59.4,153.7,-1,-1,-1,-1
829,35.0,38.4,443.0,35.8,175.3,-1,-1,-1,-1
829,33.0,1246.5,466.6,32.4,178.2,-1,-1,-1,-1
829,30.0,843.7,420.3,80.5,106.2,-1,-1,-1,-1
829,13.0,535.9,340.6,57.6,138.1,-1,-1,-1,-1
829,12.0,662.8,336.6,51.3,148.0,-1,-1,-1,-1
829,10.0,576.0,183.6,99.0,157.5,-1,-1,-1,-1
829,2.0,308.7,343.1,54.9,150.5,-1,-1,-1,-1
830,58.0,367.0,409.3,73.4,116.3,-1,-1,-1,-1
830,56.0,356.2,380.9,69.8,140.2,-1,-1,-1,-1
830,54.0,594.0,355.0,80.1,183.1,-1,-1,-1,-1
830,52.0,625.9,350.3,62.1,173.5,-1,-1,-1,-1
830,50.0,869.8,390.1,58.9,130.5,-1,-1,-1,-1
830,46.0,564.3,243.2,105.3,163.3,-1,-1,-1,-1
830,45.0,563.8,353.9,66.6,176.6,-1,-1,-1,-1
830,37.0,991.8,339.3,64.8,153.0,-1,-1,-1,-1
830,35.0,38.1,443.0,36.4,175.3,-1,-1,-1,-1
830,33.0,1245.6,465.7,34.2,179.1,-1,-1,-1,-1
830,30.0,844.2,414.0,80.1,112.5,-1,-1,-1,-1
830,13.0,535.9,341.1,58.5,137.7,-1,-1,-1,-1
830,12.0,662.8,336.1,51.3,150.3,-1,-1,-1,-1
830,10.0,574.6,183.8,100.8,161.5,-1,-1,-1,-1
830,2.0,309.6,343.1,55.8,150.5,-1,-1,-1,-1
831,58.0,368.3,403.0,72.9,123.1,-1,-1,-1,-1
831,56.0,357.3,378.0,68.4,141.3,-1,-1,-1,-1
831,54.0,594.9,356.2,81.0,182.5,-1,-1,-1,-1
831,52.0,625.0,350.3,63.0,174.8,-1,-1,-1,-1
831,50.0,864.0,384.7,61.2,135.0,-1,-1,-1,-1
831,46.0,564.3,243.2,105.3,163.3,-1,-1,-1,-1
831,45.0,563.4,354.1,68.4,177.3,-1,-1,-1,-1
831,37.0,991.8,340.6,64.8,152.5,-1,-1,-1,-1
831,35.0,38.0,443.2,36.5,174.6,-1,-1,-1,-1
831,33.0,1246.5,465.7,32.4,179.1,-1,-1,-1,-1
831,30.0,843.7,412.0,72.0,115.0,-1,-1,-1,-1
831,13.0,535.5,340.9,58.5,138.4,-1,-1,-1,-1
831,12.0,661.5,336.1,53.1,151.2,-1,-1,-1,-1
831,10.0,572.4,184.0,103.5,162.9,-1,-1,-1,-1
831,2.0,309.8,344.0,53.1,149.6,-1,-1,-1,-1
832,58.0,357.7,393.7,83.2,131.9,-1,-1,-1,-1
832,56.0,362.2,357.3,74.2,156.1,-1,-1,-1,-1
832,54.0,594.9,356.8,65.7,180.5,-1,-1,-1,-1
832,52.0,625.0,351.4,54.0,174.1,-1,-1,-1,-1
832,50.0,864.0,374.8,62.1,136.4,-1,-1,-1,-1
832,46.0,564.8,247.0,104.4,157.5,-1,-1,-1,-1
832,45.0,562.5,355.0,65.7,175.5,-1,-1,-1,-1
832,37.0,999.0,342.2,61.2,153.2,-1,-1,-1,-1
832,35.0,37.8,443.2,36.6,174.6,-1,-1,-1,-1
832,33.0,1246.5,465.7,32.4,179.1,-1,-1,-1,-1
832,30.0,842.8,407.9,71.1,118.6,-1,-1,-1,-1
832,13.0,535.9,341.1,58.5,137.7,-1,-1,-1,-1
832,12.0,661.9,336.6,54.0,149.4,-1,-1,-1,-1
832,10.0,572.4,183.6,103.5,163.3,-1,-1,-1,-1
832,2.0,309.8,343.8,52.2,149.8,-1,-1,-1,-1
833,58.0,360.2,395.5,80.1,129.6,-1,-1,-1,-1
833,56.0,370.1,346.7,69.8,160.0,-1,-1,-1,-1
833,54.0,594.9,355.9,63.0,181.4,-1,-1,-1,-1
833,52.0,621.4,351.0,56.7,175.1,-1,-1,-1,-1
833,50.0,858.6,364.5,66.6,145.4,-1,-1,-1,-1
833,46.0,564.3,247.0,104.4,158.9,-1,-1,-1,-1
833,45.0,562.5,354.1,66.6,177.3,-1,-1,-1,-1
833,37.0,1000.8,342.2,61.2,152.8,-1,-1,-1,-1
833,35.0,37.5,443.2,36.3,174.6,-1,-1,-1,-1
833,33.0,1246.5,465.3,32.4,180.0,-1,-1,-1,-1
833,30.0,841.0,401.4,70.2,125.1,-1,-1,-1,-1
833,13.0,535.9,340.9,58.5,138.4,-1,-1,-1,-1
833,12.0,663.7,336.4,52.2,149.6,-1,-1,-1,-1
833,10.0,572.4,183.4,103.5,163.3,-1,-1,-1,-1
833,2.0,310.3,343.8,52.2,149.8,-1,-1,-1,-1
834,58.0,365.8,381.1,72.9,144.4,-1,-1,-1,-1
834,56.0,368.1,350.1,72.0,158.0,-1,-1,-1,-1
834,54.0,596.7,353.7,60.3,184.1,-1,-1,-1,-1
834,52.0,624.6,349.9,53.1,176.2,-1,-1,-1,-1
834,50.0,842.4,356.8,72.9,149.4,-1,-1,-1,-1
834,46.0,564.8,246.6,104.4,160.2,-1,-1,-1,-1
834,45.0,562.9,353.7,64.8,177.7,-1,-1,-1,-1
834,37.0,1008.9,342.0,57.6,154.8,-1,-1,-1,-1
834,35.0,37.6,443.0,35.7,175.3,-1,-1,-1,-1
834,33.0,1246.5,465.3,32.4,180.0,-1,-1,-1,-1
834,30.0,834.7,398.9,73.8,127.6,-1,-1,-1,-1
834,13.0,535.9,341.1,58.5,138.1,-1,-1,-1,-1
834,12.0,663.3,336.6,54.0,149.4,-1,-1,-1,-1
834,10.0,572.8,183.5,102.6,162.1,-1,-1,-1,-1
834,2.0,310.5,343.8,51.7,150.3,-1,-1,-1,-1
835,58.0,368.8,372.6,70.6,152.5,-1,-1,-1,-1
835,54.0,597.1,351.2,61.2,187.0,-1,-1,-1,-1
835,52.0,620.1,350.8,57.6,174.8,-1,-1,-1,-1
835,50.0,837.9,351.7,74.7,149.6,-1,-1,-1,-1
835,46.0,566.1,245.9,102.6,160.2,-1,-1,-1,-1
835,45.0,563.4,352.3,68.4,179.1,-1,-1,-1,-1
835,37.0,1011.6,341.8,55.8,155.0,-1,-1,-1,-1
835,35.0,37.6,443.2,35.9,174.6,-1,-1,-1,-1
835,33.0,1245.6,465.3,34.2,180.0,-1,-1,-1,-1
835,30.0,828.9,395.1,81.9,131.4,-1,-1,-1,-1
835,13.0,535.9,341.3,58.5,138.4,-1,-1,-1,-1
835,12.0,663.3,336.6,54.9,149.4,-1,-1,-1,-1
835,10.0,573.3,183.4,102.6,160.2,-1,-1,-1,-1
835,2.0,310.3,343.3,52.2,151.2,-1,-1,-1,-1
836,58.0,374.4,358.2,72.0,166.9,-1,-1,-1,-1
836,54.0,597.6,353.2,57.6,185.4,-1,-1,-1,-1
836,52.0,622.8,344.5,54.9,181.6,-1,-1,-1,-1
836,50.0,822.6,345.1,90.0,168.3,-1,-1,-1,-1
836,46.0,572.8,245.0,96.3,162.4,-1,-1,-1,-1
836,45.0,562.9,353.0,62.1,178.0,-1,-1,-1,-1
836,37.0,1015.2,340.2,57.6,157.5,-1,-1,-1,-1
836,35.0,37.3,443.0,36.1,175.3,-1,-1,-1,-1
836,33.0,1242.0,465.3,37.8,180.0,-1,-1,-1,-1
836,30.0,821.7,389.5,85.5,137.0,-1,-1,-1,-1
836,13.0,535.9,341.5,58.5,137.7,-1,-1,-1,-1
836,12.0,663.7,336.6,55.8,149.4,-1,-1,-1,-1
836,10.0,573.8,182.9,101.7,158.4,-1,-1,-1,-1
836,2.0,309.8,344.0,52.6,151.9,-1,-1,-1,-1
837,61.0,425.2,273.6,50.4,144.5,-1,-1,-1,-1
837,60.0,792.9,279.0,81.0,119.2,-1,-1,-1,-1
837,58.0,374.4,370.6,78.7,153.2,-1,-1,-1,-1
837,54.0,596.2,352.8,58.5,185.4,-1,-1,-1,-1
837,52.0,623.7,338.2,54.0,188.3,-1,-1,-1,-1
837,50.0,834.3,346.9,80.1,140.4,-1,-1,-1,-1
837,46.0,572.4,245.5,96.3,162.0,-1,-1,-1,-1
837,45.0,562.5,352.6,61.2,178.4,-1,-1,-1,-1
837,37.0,1017.9,340.4,57.6,156.4,-1,-1,-1,-1
837,35.0,37.3,443.0,35.6,175.3,-1,-1,-1,-1
837,33.0,1241.1,465.3,37.8,180.0,-1,-1,-1,-1
837,30.0,812.7,385.4,95.4,139.7,-1,-1,-1,-1
837,13.0,535.5,341.3,59.4,137.5,-1,-1,-1,-1
837,12.0,662.8,336.4,56.7,150.5,-1,-1,-1,-1
837,10.0,574.6,182.5,100.8,163.3,-1,-1,-1,-1
837,2.0,310.0,344.7,53.1,151.2,-1,-1,-1,-1
838,61.0,432.7,247.5,65.5,141.7,-1,-1,-1,-1
838,60.0,757.8,256.0,103.5,132.8,-1,-1,-1,-1
838,58.0,377.3,325.3,83.9,198.0,-1,-1,-1,-1
838,54.0,597.1,351.9,58.5,186.7,-1,-1,-1,-1
838,52.0,624.6,341.1,52.2,185.4,-1,-1,-1,-1
838,50.0,816.7,322.2,88.2,194.4,-1,-1,-1,-1
838,46.0,576.9,245.7,91.8,158.9,-1,-1,-1,-1
838,45.0,562.5,351.9,55.8,180.9,-1,-1,-1,-1
838,37.0,1019.7,342.0,66.6,157.5,-1,-1,-1,-1
838,35.0,37.1,443.0,35.5,175.3,-1,-1,-1,-1
838,33.0,1241.1,465.3,37.8,180.0,-1,-1,-1,-1
838,30.0,803.7,355.3,97.2,168.5,-1,-1,-1,-1
838,13.0,535.5,341.8,59.4,137.0,-1,-1,-1,-1
838,12.0,661.9,337.0,58.5,149.4,-1,-1,-1,-1
838,10.0,574.2,182.5,101.7,165.1,-1,-1,-1,-1
838,2.0,309.6,344.9,53.6,152.8,-1,-1,-1,-1
839,61.0,438.7,235.3,74.7,143.6,-1,-1,-1,-1
839,60.0,742.5,244.3,98.1,137.2,-1,-1,-1,-1
839,58.0,377.1,320.2,86.0,203.6,-1,-1,-1,-1
839,54.0,592.2,350.8,63.9,188.3,-1,-1,-1,-1
839,52.0,622.8,348.7,54.0,178.2,-1,-1,-1,-1
839,50.0,813.6,319.9,90.0,198.0,-1,-1,-1,-1
839,46.0,576.9,244.1,92.7,161.1,-1,-1,-1,-1
839,45.0,562.0,351.9,59.4,180.4,-1,-1,-1,-1
839,37.0,1021.5,343.3,68.4,158.4,-1,-1,-1,-1
839,35.0,37.2,443.0,35.4,175.3,-1,-1,-1,-1
839,33.0,1241.1,465.3,37.8,180.0,-1,-1,-1,-1
839,30.0,801.9,353.2,90.9,170.6,-1,-1,-1,-1
839,13.0,535.5,342.0,60.3,136.8,-1,-1,-1,-1
839,12.0,664.2,337.3,55.8,148.7,-1,-1,-1,-1
839,10.0,573.8,182.5,102.6,164.7,-1,-1,-1,-1
839,2.0,309.1,344.5,54.4,154.1,-1,-1,-1,-1
840,61.0,456.3,214.3,89.1,141.6,-1,-1,-1,-1
840,60.0,714.6,220.7,112.5,149.8,-1,-1,-1,-1
840,58.0,376.9,338.4,92.0,182.7,-1,-1,-1,-1
840,54.0,589.5,353.7,66.6,185.4,-1,-1,-1,-1
840,52.0,622.3,353.0,54.0,173.9,-1,-1,-1,-1
840,50.0,824.4,324.9,68.4,180.4,-1,-1,-1,-1
840,46.0,579.6,243.9,89.1,160.6,-1,-1,-1,-1
840,45.0,562.5,352.3,60.3,181.3,-1,-1,-1,-1
840,37.0,1024.2,346.5,66.6,158.0,-1,-1,-1,-1
840,35.0,37.2,443.2,35.5,174.6,-1,-1,-1,-1
840,33.0,1241.1,466.2,37.8,179.1,-1,-1,-1,-1
840,30.0,790.2,353.0,79.2,169.0,-1,-1,-1,-1
840,13.0,535.0,341.8,61.2,137.0,-1,-1,-1,-1
840,12.0,665.1,337.5,54.9,148.5,-1,-1,-1,-1
840,10.0,571.9,180.9,107.1,160.2,-1,-1,-1,-1
840,2.0,309.6,346.3,54.9,153.2,-1,-1,-1,-1
841,61.0,462.1,207.0,97.2,137.7,-1,-1,-1,-1
841,60.0,703.8,211.4,117.0,145.0,-1,-1,-1,-1
841,58.0,376.6,333.0,98.1,187.2,-1,-1,-1,-1
841,54.0,587.2,354.8,68.4,184.3,-1,-1,-1,-1
841,52.0,622.8,353.0,54.0,173.9,-1,-1,-1,-1
841,50.0,821.7,332.8,72.0,172.1,-1,-1,-1,-1
841,46.0,579.6,243.7,88.2,161.5,-1,-1,-1,-1
841,45.0,563.4,352.8,63.0,181.3,-1,-1,-1,-1
841,37.0,1026.0,348.3,64.8,157.5,-1,-1,-1,-1
841,35.0,37.1,443.2,35.5,174.6,-1,-1,-1,-1
841,33.0,1241.1,466.2,37.8,179.1,-1,-1,-1,-1
841,30.0,786.1,341.5,77.4,180.5,-1,-1,-1,-1
841,13.0,535.5,342.4,61.2,136.4,-1,-1,-1,-1
841,12.0,664.6,337.3,54.9,148.7,-1,-1,-1,-1
841,10.0,571.9,180.9,108.9,160.2,-1,-1,-1,-1
841,2.0,309.1,346.7,55.3,152.8,-1,-1,-1,-1
842,61.0,478.8,190.3,103.5,136.3,-1,-1,-1,-1
842,60.0,685.3,191.1,111.6,148.2,-1,-1,-1,-1
842,58.0,375.3,326.7,115.6,195.3,-1,-1,-1,-1
842,54.0,585.0,354.1,70.2,184.0,-1,-1,-1,-1
842,52.0,623.7,352.8,53.1,174.6,-1,-1,-1,-1
842,50.0,814.0,350.8,88.2,168.5,-1,-1,-1,-1
842,46.0,579.6,244.1,88.2,160.7,-1,-1,-1,-1
842,45.0,562.5,352.6,69.3,180.2,-1,-1,-1,-1
842,37.0,1026.9,351.0,63.0,157.5,-1,-1,-1,-1
842,35.0,37.2,443.0,35.4,175.3,-1,-1,-1,-1
842,33.0,1241.1,465.7,37.8,180.0,-1,-1,-1,-1
842,30.0,778.0,324.9,82.8,191.2,-1,-1,-1,-1
842,13.0,535.0,342.4,63.0,136.4,-1,-1,-1,-1
842,12.0,661.9,337.5,57.6,148.1,-1,-1,-1,-1
842,10.0,571.0,181.7,112.5,162.1,-1,-1,-1,-1
842,2.0,309.6,347.4,55.4,152.1,-1,-1,-1,-1
843,61.0,481.9,181.9,105.3,138.0,-1,-1,-1,-1
843,60.0,678.6,181.6,121.5,152.5,-1,-1,-1,-1
843,58.0,375.3,326.9,118.3,196.0,-1,-1,-1,-1
843,54.0,585.9,354.8,70.2,184.3,-1,-1,-1,-1
843,52.0,623.7,352.1,53.1,173.5,-1,-1,-1,-1
843,50.0,810.9,362.9,84.6,155.9,-1,-1,-1,-1
843,46.0,580.0,244.1,88.2,160.2,-1,-1,-1,-1
843,45.0,562.9,352.6,70.2,179.3,-1,-1,-1,-1
843,37.0,1027.8,352.8,63.0,156.1,-1,-1,-1,-1
843,35.0,37.2,442.8,35.3,175.5,-1,-1,-1,-1
843,33.0,1241.1,465.7,37.8,180.0,-1,-1,-1,-1
843,30.0,769.9,321.1,85.5,195.5,-1,-1,-1,-1
843,13.0,534.6,343.1,66.6,135.7,-1,-1,-1,-1
843,12.0,661.9,338.2,57.6,147.8,-1,-1,-1,-1
843,10.0,570.6,182.0,114.3,159.8,-1,-1,-1,-1
843,2.0,310.0,347.4,56.2,152.1,-1,-1,-1,-1
844,61.0,487.8,171.1,117.0,137.6,-1,-1,-1,-1
844,60.0,658.3,170.5,125.1,146.7,-1,-1,-1,-1
844,58.0,385.2,329.8,111.1,193.0,-1,-1,-1,-1
844,54.0,585.4,353.5,69.3,186.1,-1,-1,-1,-1
844,52.0,621.9,351.9,54.9,174.6,-1,-1,-1,-1
844,50.0,796.5,362.7,81.9,156.6,-1,-1,-1,-1
844,46.0,594.0,245.0,66.6,156.1,-1,-1,-1,-1
844,45.0,570.1,352.8,70.2,177.8,-1,-1,-1,-1
844,37.0,1029.6,359.1,61.2,150.3,-1,-1,-1,-1
844,35.0,37.4,442.8,35.0,175.5,-1,-1,-1,-1
844,33.0,1241.1,465.7,37.8,180.0,-1,-1,-1,-1
844,30.0,747.9,324.2,90.0,196.0,-1,-1,-1,-1
844,13.0,535.0,343.3,64.8,136.8,-1,-1,-1,-1
844,12.0,657.4,339.5,61.2,146.5,-1,-1,-1,-1
844,10.0,569.7,181.9,118.8,157.4,-1,-1,-1,-1
844,2.0,311.6,349.0,56.2,150.5,-1,-1,-1,-1
845,61.0,490.0,170.3,117.0,130.9,-1,-1,-1,-1
845,60.0,655.6,166.0,123.3,142.6,-1,-1,-1,-1
845,58.0,391.9,327.1,108.0,195.3,-1,-1,-1,-1
845,54.0,585.4,352.8,70.2,187.2,-1,-1,-1,-1
845,52.0,621.9,351.9,54.9,174.6,-1,-1,-1,-1
845,50.0,796.5,364.0,75.6,154.8,-1,-1,-1,-1
845,46.0,595.3,245.2,63.9,157.1,-1,-1,-1,-1
845,45.0,567.4,353.7,67.5,175.5,-1,-1,-1,-1
845,37.0,1029.6,360.2,61.2,149.6,-1,-1,-1,-1
845,35.0,37.3,442.8,35.1,175.5,-1,-1,-1,-1
845,33.0,1241.1,466.2,37.8,179.1,-1,-1,-1,-1
845,30.0,739.8,330.5,81.9,193.3,-1,-1,-1,-1
845,13.0,535.5,343.3,63.0,136.4,-1,-1,-1,-1
845,12.0,656.1,340.4,62.1,143.8,-1,-1,-1,-1
845,10.0,571.9,181.6,117.9,160.2,-1,-1,-1,-1
845,2.0,312.5,348.7,59.8,151.2,-1,-1,-1,-1
846,61.0,500.4,163.2,109.8,134.7,-1,-1,-1,-1
846,60.0,648.0,161.3,127.8,129.6,-1,-1,-1,-1
846,58.0,411.7,326.9,100.8,193.3,-1,-1,-1,-1
846,54.0,585.9,352.6,72.9,188.3,-1,-1,-1,-1
846,52.0,621.0,351.9,54.9,175.5,-1,-1,-1,-1
846,50.0,796.9,362.5,66.6,156.8,-1,-1,-1,-1
846,46.0,587.7,246.6,78.3,156.1,-1,-1,-1,-1
846,45.0,567.4,353.5,69.3,175.3,-1,-1,-1,-1
846,37.0,1029.6,358.9,61.2,151.4,-1,-1,-1,-1
846,35.0,37.6,443.0,34.9,175.3,-1,-1,-1,-1
846,33.0,1241.1,465.7,37.8,180.0,-1,-1,-1,-1
846,30.0,723.6,342.2,77.4,181.6,-1,-1,-1,-1
846,13.0,535.5,343.1,63.0,137.0,-1,-1,-1,-1
846,12.0,653.8,341.5,63.9,145.8,-1,-1,-1,-1
846,10.0,570.1,180.7,117.0,146.7,-1,-1,-1,-1
846,2.0,315.9,351.2,70.6,148.7,-1,-1,-1,-1
847,61.0,506.7,163.0,104.4,133.5,-1,-1,-1,-1
847,60.0,644.8,160.2,125.1,127.1,-1,-1,-1,-1
847,58.0,420.7,330.7,97.2,190.4,-1,-1,-1,-1
847,54.0,585.4,353.5,72.9,187.0,-1,-1,-1,-1
847,52.0,618.8,352.6,56.7,176.2,-1,-1,-1,-1
847,50.0,791.5,362.0,72.0,156.8,-1,-1,-1,-1
847,46.0,589.0,247.3,77.4,156.6,-1,-1,-1,-1
847,45.0,567.9,353.9,68.4,174.8,-1,-1,-1,-1
847,37.0,1026.9,358.6,63.0,151.6,-1,-1,-1,-1
847,35.0,37.5,443.0,35.8,175.3,-1,-1,-1,-1
847,33.0,1241.1,465.7,37.8,180.0,-1,-1,-1,-1
847,30.0,715.9,346.0,81.9,177.3,-1,-1,-1,-1
847,13.0,534.6,342.2,63.0,137.5,-1,-1,-1,-1
847,12.0,652.9,341.8,61.2,144.2,-1,-1,-1,-1
847,10.0,580.0,181.2,103.5,150.0,-1,-1,-1,-1
847,2.0,316.1,350.1,77.4,150.3,-1,-1,-1,-1
848,61.0,531.9,160.2,88.2,139.3,-1,-1,-1,-1
848,60.0,641.7,156.4,117.9,127.1,-1,-1,-1,-1
848,58.0,428.8,355.7,89.1,167.6,-1,-1,-1,-1
848,54.0,585.9,353.5,74.7,187.0,-1,-1,-1,-1
848,52.0,621.0,353.0,54.0,176.2,-1,-1,-1,-1
848,50.0,760.5,365.4,102.6,154.4,-1,-1,-1,-1
848,46.0,596.7,247.7,64.8,157.5,-1,-1,-1,-1
848,45.0,569.2,355.7,68.4,173.5,-1,-1,-1,-1
848,37.0,1022.4,354.6,68.4,159.3,-1,-1,-1,-1
848,35.0,37.7,442.8,35.4,175.5,-1,-1,-1,-1
848,33.0,1241.1,466.2,37.8,179.1,-1,-1,-1,-1
848,30.0,702.9,347.8,95.4,178.7,-1,-1,-1,-1
848,13.0,535.5,341.5,62.1,138.6,-1,-1,-1,-1
848,12.0,651.6,342.2,61.2,140.2,-1,-1,-1,-1
848,10.0,592.2,182.7,87.3,142.2,-1,-1,-1,-1
848,2.0,316.8,350.8,85.9,149.6,-1,-1,-1,-1
849,61.0,544.5,158.8,77.4,137.7,-1,-1,-1,-1
849,60.0,639.4,155.9,112.5,130.3,-1,-1,-1,-1
849,58.0,429.1,368.1,82.1,157.0,-1,-1,-1,-1
849,54.0,585.9,353.7,73.8,187.2,-1,-1,-1,-1
849,52.0,619.2,353.5,55.8,175.3,-1,-1,-1,-1
849,50.0,751.9,366.7,108.9,152.6,-1,-1,-1,-1
849,46.0,594.0,247.9,62.1,157.5,-1,-1,-1,-1
849,45.0,567.0,356.4,68.4,173.2,-1,-1,-1,-1
849,37.0,1017.9,354.4,72.0,160.4,-1,-1,-1,-1
849,35.0,38.1,443.0,35.2,175.3,-1,-1,-1,-1
849,33.0,1241.1,465.7,37.8,180.0,-1,-1,-1,-1
849,30.0,690.7,349.0,107.1,178.0,-1,-1,-1,-1
849,13.0,536.4,341.1,62.1,139.0,-1,-1,-1,-1
849,12.0,651.6,342.7,60.3,144.2,-1,-1,-1,-1
849,10.0,589.5,185.1,88.2,148.4,-1,-1,-1,-1
849,2.0,317.2,350.5,89.1,151.2,-1,-1,-1,-1
850,61.0,543.6,156.6,124.2,137.5,-1,-1,-1,-1
850,60.0,643.0,152.3,87.3,113.2,-1,-1,-1,-1
850,58.0,428.4,377.1,99.0,150.3,-1,-1,-1,-1
850,54.0,585.4,355.5,73.8,185.4,-1,-1,-1,-1
850,52.0,618.8,353.7,56.7,174.1,-1,-1,-1,-1
850,50.0,751.5,367.2,101.7,152.6,-1,-1,-1,-1
850,46.0,588.6,228.8,81.0,180.5,-1,-1,-1,-1
850,45.0,567.4,358.9,71.1,171.2,-1,-1,-1,-1
850,37.0,1016.1,354.4,72.0,164.9,-1,-1,-1,-1
850,35.0,38.2,443.0,34.9,175.3,-1,-1,-1,-1
850,33.0,1241.1,466.2,37.8,179.1,-1,-1,-1,-1
850,30.0,679.5,348.1,116.1,182.9,-1,-1,-1,-1
850,13.0,537.8,340.6,61.2,139.5,-1,-1,-1,-1
850,12.0,645.3,342.9,76.5,145.3,-1,-1,-1,-1
850,10.0,591.8,185.2,85.5,154.4,-1,-1,-1,-1
850,2.0,317.9,354.8,91.4,147.4,-1,-1,-1,-1
851,63.0,473.4,353.7,93.6,163.8,-1,-1,-1,-1
851,62.0,801.4,366.3,45.9,140.8,-1,-1,-1,-1
851,61.0,549.0,155.0,100.8,135.4,-1,-1,-1,-1
851,60.0,639.0,150.9,85.5,114.2,-1,-1,-1,-1
851,58.0,428.4,379.6,103.5,148.7,-1,-1,-1,-1
851,54.0,585.4,354.6,74.7,186.8,-1,-1,-1,-1
851,52.0,618.3,352.1,58.5,173.5,-1,-1,-1,-1
851,50.0,751.9,366.1,96.3,153.2,-1,-1,-1,-1
851,46.0,588.1,218.5,79.2,193.5,-1,-1,-1,-1
851,45.0,566.1,359.5,70.2,171.0,-1,-1,-1,-1
851,37.0,1016.1,357.1,72.0,164.0,-1,-1,-1,-1
851,35.0,38.1,443.0,35.2,175.3,-1,-1,-1,-1
851,33.0,1242.0,466.2,37.8,179.1,-1,-1,-1,-1
851,30.0,677.2,346.0,113.4,185.4,-1,-1,-1,-1
851,13.0,533.2,340.9,67.5,141.5,-1,-1,-1,-1
851,12.0,644.4,342.9,68.4,149.8,-1,-1,-1,-1
851,10.0,590.4,184.9,82.8,159.7,-1,-1,-1,-1
851,2.0,319.3,356.4,91.3,146.7,-1,-1,-1,-1
852,63.0,475.2,351.4,99.9,166.5,-1,-1,-1,-1
852,62.0,799.2,366.3,47.7,135.4,-1,-1,-1,-1
852,61.0,552.6,151.6,86.4,138.6,-1,-1,-1,-1
852,60.0,630.4,147.4,84.6,115.6,-1,-1,-1,-1
852,58.0,430.4,380.2,113.2,150.8,-1,-1,-1,-1
852,54.0,586.3,357.1,72.9,183.4,-1,-1,-1,-1
852,52.0,619.6,354.8,56.7,171.2,-1,-1,-1,-1
852,50.0,747.4,364.0,81.0,150.8,-1,-1,-1,-1
852,46.0,588.6,214.9,79.2,198.9,-1,-1,-1,-1
852,45.0,566.5,359.8,70.2,169.9,-1,-1,-1,-1
852,37.0,1010.7,360.2,73.8,161.8,-1,-1,-1,-1
852,35.0,38.5,443.0,35.0,175.3,-1,-1,-1,-1
852,33.0,1242.9,466.2,36.0,179.1,-1,-1,-1,-1
852,30.0,676.8,345.1,102.6,187.2,-1,-1,-1,-1
852,13.0,531.0,339.7,68.4,142.6,-1,-1,-1,-1
852,12.0,641.2,343.1,63.0,142.0,-1,-1,-1,-1
852,2.0,322.0,355.9,89.1,147.1,-1,-1,-1,-1
853,63.0,475.6,359.8,100.8,160.9,-1,-1,-1,-1
853,62.0,793.8,366.3,51.3,135.0,-1,-1,-1,-1
853,61.0,559.3,152.1,80.1,135.4,-1,-1,-1,-1
853,60.0,634.9,145.1,80.1,116.3,-1,-1,-1,-1
853,58.0,432.9,373.9,109.8,157.5,-1,-1,-1,-1
853,54.0,586.8,356.4,72.0,184.0,-1,-1,-1,-1
853,52.0,621.4,354.8,55.8,171.2,-1,-1,-1,-1
853,50.0,742.9,362.5,75.6,153.2,-1,-1,-1,-1
853,46.0,590.4,218.0,72.9,191.7,-1,-1,-1,-1
853,45.0,566.5,359.1,70.2,169.2,-1,-1,-1,-1
853,37.0,1008.9,361.3,70.2,161.1,-1,-1,-1,-1
853,35.0,38.5,443.2,35.0,174.6,-1,-1,-1,-1
853,33.0,1243.8,466.2,36.0,179.1,-1,-1,-1,-1
853,30.0,672.7,346.3,95.4,186.1,-1,-1,-1,-1
853,13.0,537.3,339.3,60.3,144.4,-1,-1,-1,-1
853,12.0,640.3,343.8,65.7,138.6,-1,-1,-1,-1
853,2.0,324.4,355.5,86.4,148.1,-1,-1,-1,-1
854,63.0,486.9,365.2,91.8,153.7,-1,-1,-1,-1
854,62.0,792.9,365.6,47.7,139.3,-1,-1,-1,-1
854,61.0,565.2,145.8,101.7,147.6,-1,-1,-1,-1
854,60.0,618.8,142.4,104.4,137.0,-1,-1,-1,-1
854,58.0,445.7,379.1,96.5,151.4,-1,-1,-1,-1
854,54.0,585.9,356.6,72.9,184.3,-1,-1,-1,-1
854,52.0,621.4,354.8,58.5,171.2,-1,-1,-1,-1
854,50.0,733.0,360.4,61.2,155.7,-1,-1,-1,-1
854,46.0,592.6,236.7,69.3,168.8,-1,-1,-1,-1
854,45.0,565.2,360.7,69.3,168.5,-1,-1,-1,-1
854,37.0,1001.7,364.9,61.2,157.5,-1,-1,-1,-1
854,35.0,38.5,443.2,35.3,174.6,-1,-1,-1,-1
854,33.0,1244.7,466.6,34.2,179.1,-1,-1,-1,-1
854,30.0,661.0,372.4,87.3,160.4,-1,-1,-1,-1
854,13.0,526.9,339.3,72.0,149.4,-1,-1,-1,-1
854,12.0,641.7,337.9,63.9,150.3,-1,-1,-1,-1
854,2.0,338.4,354.6,72.9,148.5,-1,-1,-1,-1
855,63.0,496.3,365.2,82.8,153.2,-1,-1,-1,-1
855,62.0,792.4,365.8,45.0,138.6,-1,-1,-1,-1
855,61.0,565.6,146.7,102.6,146.0,-1,-1,-1,-1
855,60.0,619.2,141.8,100.8,137.2,-1,-1,-1,-1
855,58.0,452.7,379.1,90.9,151.0,-1,-1,-1,-1
855,54.0,585.9,355.9,72.9,184.9,-1,-1,-1,-1
855,52.0,624.6,351.7,54.9,174.8,-1,-1,-1,-1
855,50.0,730.8,360.2,57.6,156.4,-1,-1,-1,-1
855,46.0,593.1,235.1,73.8,167.8,-1,-1,-1,-1
855,45.0,564.8,360.4,64.8,169.2,-1,-1,-1,-1
855,37.0,999.9,364.9,54.0,158.4,-1,-1,-1,-1
855,35.0,38.6,443.2,35.4,174.6,-1,-1,-1,-1
855,33.0,1243.8,466.2,36.0,179.1,-1,-1,-1,-1
855,30.0,657.4,360.2,78.3,172.6,-1,-1,-1,-1
855,13.0,530.5,339.1,67.5,155.9,-1,-1,-1,-1
855,12.0,635.4,312.1,67.5,205.0,-1,-1,-1,-1
855,10.0,593.1,189.6,72.0,157.4,-1,-1,-1,-1
855,2.0,346.7,354.6,64.4,149.0,-1,-1,-1,-1
856,63.0,513.4,360.9,70.2,158.4,-1,-1,-1,-1
856,62.0,792.0,365.8,41.4,138.6,-1,-1,-1,-1
856,61.0,566.1,140.8,100.8,154.1,-1,-1,-1,-1
856,60.0,617.4,140.4,97.2,150.1,-1,-1,-1,-1
856,58.0,471.6,370.3,72.9,160.7,-1,-1,-1,-1
856,54.0,585.9,355.5,74.7,185.9,-1,-1,-1,-1
856,52.0,621.4,342.7,58.5,181.1,-1,-1,-1,-1
856,50.0,722.7,360.9,60.3,157.0,-1,-1,-1,-1
856,46.0,595.8,237.6,67.5,165.6,-1,-1,-1,-1
856,45.0,551.2,354.8,71.1,175.3,-1,-1,-1,-1
856,37.0,993.6,366.3,46.8,159.8,-1,-1,-1,-1
856,35.0,38.6,443.2,35.7,174.6,-1,-1,-1,-1
856,33.0,1243.8,466.2,36.0,179.1,-1,-1,-1,-1
856,30.0,643.5,351.9,73.8,178.6,-1,-1,-1,-1
856,10.0,593.5,185.6,76.5,161.1,-1,-1,-1,-1
856,2.0,361.6,355.3,57.1,150.5,-1,-1,-1,-1
857,63.0,526.5,358.6,62.1,161.1,-1,-1,-1,-1
857,62.0,789.7,365.4,43.2,139.0,-1,-1,-1,-1
857,61.0,568.8,137.0,101.7,157.3,-1,-1,-1,-1
857,60.0,608.8,140.4,103.5,151.4,-1,-1,-1,-1
857,58.0,483.3,369.0,62.1,162.0,-1,-1,-1,-1
857,54.0,580.9,354.4,80.1,186.5,-1,-1,-1,-1
857,50.0,727.6,361.3,53.1,158.0,-1,-1,-1,-1
857,46.0,597.1,235.3,67.5,170.6,-1,-1,-1,-1
857,45.0,557.1,357.3,65.7,172.8,-1,-1,-1,-1
857,37.0,992.7,367.2,46.8,158.4,-1,-1,-1,-1
857,35.0,38.9,443.2,35.4,174.6,-1,-1,-1,-1
857,33.0,1242.9,466.2,36.0,179.1,-1,-1,-1,-1
857,30.0,638.1,342.4,74.7,189.4,-1,-1,-1,-1
857,10.0,594.9,186.7,74.7,158.4,-1,-1,-1,-1
857,2.0,367.2,353.5,55.8,154.1,-1,-1,-1,-1
858,63.0,534.1,338.6,64.8,182.5,-1,-1,-1,-1
858,62.0,785.7,365.4,46.8,139.0,-1,-1,-1,-1
858,61.0,573.3,139.6,95.4,151.1,-1,-1,-1,-1
858,60.0,614.7,133.0,92.7,160.2,-1,-1,-1,-1
858,58.0,495.0,363.6,54.9,166.0,-1,-1,-1,-1
858,54.0,586.3,353.0,76.5,188.8,-1,-1,-1,-1
858,50.0,707.4,362.7,69.3,156.1,-1,-1,-1,-1
858,46.0,600.8,242.1,63.0,161.1,-1,-1,-1,-1
858,45.0,560.2,358.0,63.0,172.6,-1,-1,-1,-1
858,37.0,978.3,368.1,61.2,159.3,-1,-1,-1,-1
858,35.0,39.2,443.2,35.5,175.5,-1,-1,-1,-1
858,33.0,1241.1,466.2,37.8,179.1,-1,-1,-1,-1
858,30.0,639.4,334.6,65.7,197.3,-1,-1,-1,-1
858,10.0,598.0,183.9,72.0,166.6,-1,-1,-1,-1
858,2.0,371.0,352.8,58.0,157.0,-1,-1,-1,-1
859,63.0,537.3,339.3,63.9,182.2,-1,-1,-1,-1
859,62.0,783.9,365.4,48.6,139.0,-1,-1,-1,-1
859,61.0,573.3,136.8,93.6,158.0,-1,-1,-1,-1
859,60.0,612.0,129.8,93.6,161.1,-1,-1,-1,-1
859,58.0,496.8,365.4,54.0,165.1,-1,-1,-1,-1
859,54.0,585.9,350.8,77.4,191.0,-1,-1,-1,-1
859,50.0,706.9,362.9,68.4,155.9,-1,-1,-1,-1
859,46.0,602.1,238.5,64.8,166.1,-1,-1,-1,-1
859,45.0,561.6,360.2,66.6,171.2,-1,-1,-1,-1
859,37.0,971.1,367.0,68.4,160.4,-1,-1,-1,-1
859,35.0,39.0,442.8,35.8,175.5,-1,-1,-1,-1
859,33.0,1241.1,466.2,37.8,179.1,-1,-1,-1,-1
859,30.0,637.6,346.5,66.6,186.8,-1,-1,-1,-1
859,10.0,596.7,185.3,73.8,166.6,-1,-1,-1,-1
859,2.0,373.3,353.7,58.5,156.6,-1,-1,-1,-1
860,63.0,535.5,340.2,72.9,182.2,-1,-1,-1,-1
860,62.0,774.0,365.4,50.4,139.0,-1,-1,-1,-1
860,61.0,573.8,138.6,94.5,157.1,-1,-1,-1,-1
860,60.0,619.2,126.4,81.9,170.3,-1,-1,-1,-1
860,58.0,499.0,374.6,53.1,155.5,-1,-1,-1,-1
860,54.0,585.9,349.4,77.4,191.0,-1,-1,-1,-1
860,50.0,706.5,363.1,63.0,156.6,-1,-1,-1,-1
860,46.0,603.4,232.2,67.5,172.8,-1,-1,-1,-1
860,45.0,565.2,349.0,62.1,181.6,-1,-1,-1,-1
860,37.0,964.8,366.5,73.8,163.6,-1,-1,-1,-1
860,35.0,39.0,443.5,38.0,174.8,-1,-1,-1,-1
860,33.0,1239.3,466.2,39.6,179.1,-1,-1,-1,-1
860,30.0,636.3,344.2,66.6,188.6,-1,-1,-1,-1
860,10.0,601.2,185.1,69.3,168.2,-1,-1,-1,-1
860,2.0,375.5,355.7,61.2,156.4,-1,-1,-1,-1
861,63.0,534.6,339.7,72.9,184.1,-1,-1,-1,-1
861,62.0,769.0,365.4,54.0,139.0,-1,-1,-1,-1
861,61.0,572.4,136.8,95.4,160.6,-1,-1,-1,-1
861,60.0,619.6,127.3,78.3,166.9,-1,-1,-1,-1
861,58.0,500.4,371.9,51.3,158.6,-1,-1,-1,-1
861,54.0,585.4,346.3,78.3,195.1,-1,-1,-1,-1
861,50.0,697.0,362.9,70.2,156.4,-1,-1,-1,-1
861,46.0,603.4,236.7,65.7,167.9,-1,-1,-1,-1
861,45.0,562.9,347.6,62.1,183.4,-1,-1,-1,-1
861,37.0,963.0,366.5,73.8,164.0,-1,-1,-1,-1
861,35.0,39.1,443.5,38.4,174.8,-1,-1,-1,-1
861,33.0,1238.4,465.3,41.4,180.0,-1,-1,-1,-1
861,30.0,636.8,346.0,67.5,187.2,-1,-1,-1,-1
861,10.0,600.8,184.7,71.1,168.3,-1,-1,-1,-1
861,2.0,377.8,356.6,59.8,155.9,-1,-1,-1,-1
862,63.0,535.0,340.9,66.6,181.1,-1,-1,-1,-1
862,62.0,765.9,365.4,54.0,139.0,-1,-1,-1,-1
862,61.0,582.8,148.6,81.9,146.1,-1,-1,-1,-1
862,60.0,616.5,126.7,77.4,161.8,-1,-1,-1,-1
862,58.0,506.2,380.9,49.5,149.6,-1,-1,-1,-1
862,54.0,583.6,349.9,79.2,190.6,-1,-1,-1,-1
862,50.0,694.8,362.2,68.4,157.5,-1,-1,-1,-1
862,46.0,604.3,231.5,66.6,175.5,-1,-1,-1,-1
862,45.0,567.4,345.4,60.3,185.2,-1,-1,-1,-1
862,37.0,962.1,366.7,70.2,164.7,-1,-1,-1,-1
862,35.0,38.8,443.2,41.7,175.5,-1,-1,-1,-1
862,33.0,1236.6,466.6,43.2,178.2,-1,-1,-1,-1
862,30.0,635.8,346.0,64.8,187.2,-1,-1,-1,-1
862,10.0,600.8,186.1,70.2,165.1,-1,-1,-1,-1
862,2.0,382.3,358.2,58.5,157.1,-1,-1,-1,-1
863,63.0,534.6,342.2,68.4,178.0,-1,-1,-1,-1
863,62.0,765.0,365.4,54.9,139.0,-1,-1,-1,-1
863,61.0,581.4,148.9,81.0,144.7,-1,-1,-1,-1
863,60.0,615.6,127.0,76.5,157.4,-1,-1,-1,-1
863,58.0,507.1,380.7,55.8,149.4,-1,-1,-1,-1
863,54.0,586.3,348.7,76.5,191.3,-1,-1,-1,-1
863,50.0,693.9,362.9,67.5,156.4,-1,-1,-1,-1
863,46.0,602.1,227.5,71.1,181.3,-1,-1,-1,-1
863,45.0,563.8,351.4,63.0,177.7,-1,-1,-1,-1
863,37.0,961.2,367.4,66.6,164.9,-1,-1,-1,-1
863,35.0,38.6,443.2,44.0,175.5,-1,-1,-1,-1
863,33.0,1235.7,466.6,43.2,178.2,-1,-1,-1,-1
863,30.0,634.9,343.6,65.7,190.1,-1,-1,-1,-1
863,10.0,602.5,186.3,66.6,165.6,-1,-1,-1,-1
863,2.0,383.8,359.3,58.5,156.4,-1,-1,-1,-1
864,62.0,765.0,365.4,54.0,139.0,-1,-1,-1,-1
864,61.0,581.8,148.2,83.7,143.9,-1,-1,-1,-1
864,60.0,625.9,126.9,61.2,148.0,-1,-1,-1,-1
864,58.0,508.0,381.6,61.2,148.5,-1,-1,-1,-1
864,54.0,586.3,349.0,76.5,191.0,-1,-1,-1,-1
864,50.0,691.6,363.8,64.8,156.4,-1,-1,-1,-1
864,46.0,603.0,228.6,68.4,178.2,-1,-1,-1,-1
864,45.0,561.1,352.3,65.7,175.5,-1,-1,-1,-1
864,37.0,961.2,367.9,57.6,164.0,-1,-1,-1,-1
864,35.0,38.9,444.4,46.7,173.9,-1,-1,-1,-1
864,33.0,1231.2,468.4,48.6,176.4,-1,-1,-1,-1
864,30.0,634.5,343.6,66.6,190.1,-1,-1,-1,-1
864,10.0,603.4,184.4,69.3,166.6,-1,-1,-1,-1
864,2.0,387.4,360.0,54.9,156.6,-1,-1,-1,-1
865,62.0,765.0,366.1,54.0,138.4,-1,-1,-1,-1
865,61.0,575.1,148.2,92.7,144.8,-1,-1,-1,-1
865,60.0,626.4,127.9,57.6,170.9,-1,-1,-1,-1
865,58.0,508.9,381.4,57.6,148.7,-1,-1,-1,-1
865,54.0,586.3,350.5,76.5,189.5,-1,-1,-1,-1
865,50.0,692.5,364.5,63.0,156.1,-1,-1,-1,-1
865,46.0,602.5,235.3,69.3,168.7,-1,-1,-1,-1
865,45.0,564.3,350.5,63.9,179.1,-1,-1,-1,-1
865,37.0,959.4,367.2,54.0,164.2,-1,-1,-1,-1
865,35.0,39.8,444.6,48.4,172.8,-1,-1,-1,-1
865,33.0,1224.9,467.1,54.0,178.2,-1,-1,-1,-1
865,30.0,635.4,343.8,65.7,190.3,-1,-1,-1,-1
865,10.0,603.0,186.5,69.3,169.2,-1,-1,-1,-1
865,2.0,389.2,360.0,53.1,156.6,-1,-1,-1,-1
866,62.0,764.5,365.4,54.0,139.0,-1,-1,-1,-1
866,61.0,594.0,149.2,78.3,144.9,-1,-1,-1,-1
866,58.0,508.5,378.7,45.9,152.3,-1,-1,-1,-1
866,54.0,586.3,355.9,78.3,183.6,-1,-1,-1,-1
866,50.0,693.4,364.9,61.2,155.2,-1,-1,-1,-1
866,46.0,600.3,228.9,74.7,170.2,-1,-1,-1,-1
866,45.0,563.8,354.1,63.0,175.5,-1,-1,-1,-1
866,37.0,959.4,366.5,41.4,164.0,-1,-1,-1,-1
866,35.0,44.0,446.6,56.1,170.8,-1,-1,-1,-1
866,33.0,1206.9,463.9,70.2,180.9,-1,-1,-1,-1
866,30.0,633.1,342.9,68.4,190.4,-1,-1,-1,-1
866,13.0,541.3,342.7,59.4,148.7,-1,-1,-1,-1
866,10.0,604.3,184.2,69.3,168.2,-1,-1,-1,-1
866,2.0,392.4,358.6,48.6,158.4,-1,-1,-1,-1
867,62.0,764.5,365.4,54.0,139.0,-1,-1,-1,-1
867,61.0,585.9,149.4,84.6,144.2,-1,-1,-1,-1
867,58.0,507.6,374.4,46.8,156.6,-1,-1,-1,-1
867,54.0,587.2,356.2,76.5,183.4,-1,-1,-1,-1
867,50.0,696.1,364.5,60.3,155.3,-1,-1,-1,-1
867,46.0,600.8,226.8,73.8,178.2,-1,-1,-1,-1
867,45.0,564.3,354.1,61.2,175.5,-1,-1,-1,-1
867,37.0,956.7,365.8,41.4,165.2,-1,-1,-1,-1
867,35.0,44.5,445.9,72.4,171.0,-1,-1,-1,-1
867,33.0,1200.6,462.6,77.4,182.7,-1,-1,-1,-1
867,30.0,634.5,342.9,67.5,190.4,-1,-1,-1,-1
867,13.0,542.7,342.0,55.8,150.3,-1,-1,-1,-1
867,10.0,607.0,184.7,65.7,166.5,-1,-1,-1,-1
867,2.0,393.7,358.0,48.2,158.6,-1,-1,-1,-1
868,62.0,761.8,366.3,55.8,137.7,-1,-1,-1,-1
868,61.0,592.2,148.0,76.5,149.2,-1,-1,-1,-1
868,58.0,501.3,353.7,54.0,177.3,-1,-1,-1,-1
868,54.0,586.8,354.8,77.4,185.2,-1,-1,-1,-1
868,50.0,696.1,362.7,63.9,157.5,-1,-1,-1,-1
868,46.0,600.3,227.6,72.0,174.3,-1,-1,-1,-1
868,45.0,564.8,355.5,61.2,173.7,-1,-1,-1,-1
868,37.0,948.6,365.4,45.0,166.0,-1,-1,-1,-1
868,35.0,45.4,443.2,91.8,173.7,-1,-1,-1,-1
868,33.0,1189.8,461.7,86.4,181.8,-1,-1,-1,-1
868,30.0,632.2,342.4,70.2,190.8,-1,-1,-1,-1
868,13.0,544.5,342.7,53.1,146.9,-1,-1,-1,-1
868,10.0,599.4,172.3,70.2,182.2,-1,-1,-1,-1
868,2.0,395.8,357.1,51.3,159.5,-1,-1,-1,-1
869,62.0,762.3,366.5,54.9,137.0,-1,-1,-1,-1
869,61.0,594.4,151.0,77.4,146.9,-1,-1,-1,-1
869,58.0,500.8,346.5,54.0,184.1,-1,-1,-1,-1
869,54.0,586.8,357.3,77.4,182.7,-1,-1,-1,-1
869,50.0,696.1,362.2,64.8,158.9,-1,-1,-1,-1
869,46.0,600.8,224.5,71.1,180.9,-1,-1,-1,-1
869,45.0,565.6,355.0,61.2,175.0,-1,-1,-1,-1
869,37.0,938.7,365.4,52.2,166.5,-1,-1,-1,-1
869,35.0,45.5,442.1,96.8,173.9,-1,-1,-1,-1
869,33.0,1186.2,459.7,88.2,182.9,-1,-1,-1,-1
869,30.0,634.0,346.7,68.4,186.1,-1,-1,-1,-1
869,13.0,544.9,342.4,54.9,153.4,-1,-1,-1,-1
869,10.0,608.8,176.8,60.3,174.6,-1,-1,-1,-1
869,2.0,394.6,357.1,60.7,159.5,-1,-1,-1,-1
870,62.0,755.1,366.7,61.2,136.4,-1,-1,-1,-1
870,61.0,594.9,147.0,78.3,150.0,-1,-1,-1,-1
870,58.0,495.4,353.5,58.5,176.2,-1,-1,-1,-1
870,54.0,586.8,357.3,77.4,182.2,-1,-1,-1,-1
870,52.0,643.5,337.5,71.1,149.4,-1,-1,-1,-1
870,50.0,697.0,355.7,65.7,167.2,-1,-1,-1,-1
870,46.0,601.2,225.2,70.2,179.1,-1,-1,-1,-1
870,45.0,565.2,355.5,61.2,172.4,-1,-1,-1,-1
870,37.0,927.0,365.8,61.2,166.0,-1,-1,-1,-1
870,35.0,47.8,442.3,96.0,172.8,-1,-1,-1,-1
870,33.0,1180.8,460.3,93.6,182.7,-1,-1,-1,-1
870,30.0,635.4,347.4,67.5,185.9,-1,-1,-1,-1
870,13.0,545.4,342.9,55.8,151.6,-1,-1,-1,-1
870,10.0,608.4,182.2,61.2,170.1,-1,-1,-1,-1
870,2.0,399.6,356.8,70.6,160.2,-1,-1,-1,-1
871,62.0,755.1,366.3,61.2,136.8,-1,-1,-1,-1
871,61.0,594.4,149.2,78.3,144.5,-1,-1,-1,-1
871,58.0,496.8,350.3,61.2,179.8,-1,-1,-1,-1
871,54.0,586.8,358.6,78.3,180.9,-1,-1,-1,-1
871,52.0,651.6,351.0,64.8,139.1,-1,-1,-1,-1
871,50.0,698.4,350.8,63.0,172.6,-1,-1,-1,-1
871,46.0,600.8,224.4,72.9,178.8,-1,-1,-1,-1
871,45.0,564.3,357.5,63.0,172.1,-1,-1,-1,-1
871,37.0,923.4,365.6,63.0,166.3,-1,-1,-1,-1
871,35.0,48.2,443.0,93.6,172.6,-1,-1,-1,-1
871,33.0,1178.1,462.1,97.2,180.9,-1,-1,-1,-1
871,30.0,635.8,347.8,68.4,185.0,-1,-1,-1,-1
871,13.0,544.9,343.3,57.6,150.8,-1,-1,-1,-1
871,10.0,611.5,181.3,58.5,168.7,-1,-1,-1,-1
871,2.0,399.8,357.7,74.5,158.9,-1,-1,-1,-1
872,62.0,754.2,365.4,59.4,137.7,-1,-1,-1,-1
872,61.0,593.5,148.2,78.3,143.0,-1,-1,-1,-1
872,58.0,504.0,359.3,72.0,172.6,-1,-1,-1,-1
872,54.0,586.8,358.0,78.3,181.1,-1,-1,-1,-1
872,52.0,656.1,353.0,60.3,134.8,-1,-1,-1,-1
872,50.0,699.3,328.9,61.2,193.5,-1,-1,-1,-1
872,46.0,603.4,227.0,60.3,174.6,-1,-1,-1,-1
872,45.0,566.5,354.6,61.2,175.5,-1,-1,-1,-1
872,37.0,921.1,364.9,65.2,166.9,-1,-1,-1,-1
872,35.0,47.1,448.6,84.4,168.3,-1,-1,-1,-1
872,33.0,1179.0,468.0,97.2,175.5,-1,-1,-1,-1
872,30.0,632.2,345.6,71.1,187.2,-1,-1,-1,-1
872,13.0,541.3,342.9,63.9,144.9,-1,-1,-1,-1
872,10.0,612.0,185.2,54.0,159.8,-1,-1,-1,-1
872,2.0,399.6,359.3,76.0,157.7,-1,-1,-1,-1
873,62.0,753.3,364.5,58.5,138.6,-1,-1,-1,-1
873,61.0,593.1,147.3,79.2,143.9,-1,-1,-1,-1
873,58.0,504.9,360.9,90.9,171.0,-1,-1,-1,-1
873,54.0,586.8,356.6,78.3,182.5,-1,-1,-1,-1
873,52.0,655.2,351.9,62.1,138.1,-1,-1,-1,-1
873,50.0,697.5,317.5,64.8,203.6,-1,-1,-1,-1
873,46.0,602.5,226.1,60.3,179.6,-1,-1,-1,-1
873,45.0,567.4,353.7,59.4,177.3,-1,-1,-1,-1
873,37.0,919.8,361.3,66.6,170.5,-1,-1,-1,-1
873,35.0,46.8,452.9,89.4,164.0,-1,-1,-1,-1
873,33.0,1170.9,472.5,106.2,171.0,-1,-1,-1,-1
873,30.0,632.7,346.0,71.1,186.8,-1,-1,-1,-1
873,13.0,542.2,342.9,60.3,144.0,-1,-1,-1,-1
873,10.0,610.2,176.8,59.4,168.7,-1,-1,-1,-1
873,2.0,399.6,359.5,76.0,157.5,-1,-1,-1,-1
874,62.0,752.8,364.3,54.9,138.4,-1,-1,-1,-1
874,61.0,592.6,143.9,80.1,145.9,-1,-1,-1,-1
874,58.0,506.7,359.1,84.6,172.8,-1,-1,-1,-1
874,54.0,586.3,356.2,81.0,183.4,-1,-1,-1,-1
874,52.0,657.0,351.7,60.3,136.1,-1,-1,-1,-1
874,50.0,697.9,309.6,70.2,205.7,-1,-1,-1,-1
874,46.0,603.0,226.6,61.2,179.5,-1,-1,-1,-1
874,45.0,567.0,355.5,63.9,176.9,-1,-1,-1,-1
874,37.0,919.8,360.9,66.6,171.0,-1,-1,-1,-1
874,35.0,46.6,463.5,95.7,153.9,-1,-1,-1,-1
874,33.0,1171.8,477.9,100.8,166.5,-1,-1,-1,-1
874,30.0,634.5,346.5,68.4,185.9,-1,-1,-1,-1
874,13.0,539.5,342.9,63.9,145.8,-1,-1,-1,-1
874,10.0,609.8,183.8,61.2,158.4,-1,-1,-1,-1
874,2.0,399.6,359.3,76.0,157.7,-1,-1,-1,-1
875,62.0,752.8,364.5,53.1,138.1,-1,-1,-1,-1
875,61.0,592.6,145.1,79.2,146.9,-1,-1,-1,-1
875,58.0,506.2,355.3,74.7,176.6,-1,-1,-1,-1
875,54.0,585.4,355.7,80.1,183.4,-1,-1,-1,-1
875,52.0,654.7,351.4,63.9,138.1,-1,-1,-1,-1
875,50.0,697.9,306.9,72.9,206.1,-1,-1,-1,-1
875,46.0,602.5,225.7,63.0,178.2,-1,-1,-1,-1
875,45.0,566.5,355.5,62.1,180.4,-1,-1,-1,-1
875,37.0,919.8,360.2,66.6,171.2,-1,-1,-1,-1
875,35.0,47.6,464.4,99.6,153.0,-1,-1,-1,-1
875,33.0,1166.4,478.8,100.8,165.6,-1,-1,-1,-1
875,30.0,633.6,342.9,69.3,190.4,-1,-1,-1,-1
875,13.0,543.6,343.3,57.6,143.5,-1,-1,-1,-1
875,10.0,607.9,182.4,63.0,164.6,-1,-1,-1,-1
875,2.0,399.8,358.9,75.8,157.7,-1,-1,-1,-1
876,62.0,753.7,364.7,49.5,137.0,-1,-1,-1,-1
876,61.0,592.2,142.0,80.1,153.0,-1,-1,-1,-1
876,58.0,509.8,346.5,41.4,185.4,-1,-1,-1,-1
876,54.0,587.2,357.3,85.5,181.8,-1,-1,-1,-1
876,52.0,658.8,352.6,60.3,140.6,-1,-1,-1,-1
876,50.0,699.3,306.9,74.7,206.1,-1,-1,-1,-1
876,46.0,603.4,223.0,63.0,184.1,-1,-1,-1,-1
876,45.0,566.5,358.4,63.0,173.5,-1,-1,-1,-1
876,37.0,918.9,360.4,66.6,171.4,-1,-1,-1,-1
876,35.0,57.1,465.3,107.4,151.2,-1,-1,-1,-1
876,33.0,1150.2,480.6,99.0,163.8,-1,-1,-1,-1
876,30.0,631.3,345.1,71.1,187.6,-1,-1,-1,-1
876,13.0,544.9,343.8,54.9,141.3,-1,-1,-1,-1
876,10.0,604.3,171.4,68.4,176.4,-1,-1,-1,-1
876,2.0,399.6,357.7,76.0,158.4,-1,-1,-1,-1
877,62.0,753.7,364.5,48.6,137.7,-1,-1,-1,-1
877,61.0,591.8,142.9,79.2,151.0,-1,-1,-1,-1
877,58.0,509.8,345.4,39.6,186.1,-1,-1,-1,-1
877,54.0,587.2,355.3,94.5,182.9,-1,-1,-1,-1
877,52.0,660.1,353.5,59.4,150.5,-1,-1,-1,-1
877,50.0,700.6,308.7,73.8,205.2,-1,-1,-1,-1
877,46.0,603.4,224.3,64.8,180.9,-1,-1,-1,-1
877,45.0,567.4,354.4,61.2,177.1,-1,-1,-1,-1
877,37.0,919.3,360.4,66.1,171.0,-1,-1,-1,-1
877,35.0,65.5,466.2,107.5,150.3,-1,-1,-1,-1
877,33.0,1142.1,480.1,95.4,163.8,-1,-1,-1,-1
877,30.0,636.8,345.1,64.8,188.1,-1,-1,-1,-1
877,13.0,544.9,343.6,55.8,141.1,-1,-1,-1,-1
877,10.0,607.0,173.2,63.9,174.2,-1,-1,-1,-1
877,2.0,399.4,357.3,76.3,158.8,-1,-1,-1,-1
878,62.0,755.5,364.0,45.0,138.6,-1,-1,-1,-1
878,61.0,590.4,154.0,74.7,138.9,-1,-1,-1,-1
878,58.0,505.3,358.9,41.4,172.1,-1,-1,-1,-1
878,54.0,587.2,355.9,99.0,183.1,-1,-1,-1,-1
878,52.0,653.8,352.3,64.8,147.6,-1,-1,-1,-1
878,50.0,702.4,316.3,70.2,204.8,-1,-1,-1,-1
878,46.0,603.9,229.6,63.9,174.5,-1,-1,-1,-1
878,45.0,566.5,352.6,58.5,180.2,-1,-1,-1,-1
878,37.0,919.3,360.9,65.2,170.5,-1,-1,-1,-1
878,35.0,94.3,466.2,96.1,151.2,-1,-1,-1,-1
878,33.0,1125.0,481.5,88.2,163.8,-1,-1,-1,-1
878,30.0,638.5,344.9,63.9,189.2,-1,-1,-1,-1
878,13.0,544.5,343.8,54.0,139.9,-1,-1,-1,-1
878,10.0,607.5,178.4,63.9,167.9,-1,-1,-1,-1
878,2.0,398.7,357.1,76.5,158.6,-1,-1,-1,-1
879,62.0,755.5,364.0,45.0,139.0,-1,-1,-1,-1
879,61.0,589.5,157.6,77.4,134.4,-1,-1,-1,-1
879,58.0,504.9,364.5,40.5,166.5,-1,-1,-1,-1
879,54.0,587.2,355.3,98.1,184.3,-1,-1,-1,-1
879,52.0,656.5,353.7,61.2,139.0,-1,-1,-1,-1
879,50.0,703.8,321.3,68.4,202.0,-1,-1,-1,-1
879,46.0,603.4,227.5,63.9,174.6,-1,-1,-1,-1
879,45.0,565.2,353.2,61.2,180.9,-1,-1,-1,-1
879,37.0,919.8,360.7,64.8,170.8,-1,-1,-1,-1
879,35.0,114.4,464.4,84.8,152.1,-1,-1,-1,-1
879,33.0,1116.9,480.1,93.6,164.7,-1,-1,-1,-1
879,30.0,639.9,345.8,61.2,188.3,-1,-1,-1,-1
879,13.0,544.9,343.6,57.6,139.7,-1,-1,-1,-1
879,10.0,608.4,185.8,61.2,160.2,-1,-1,-1,-1
879,2.0,399.1,357.3,76.0,158.4,-1,-1,-1,-1
880,62.0,756.9,363.8,44.1,139.3,-1,-1,-1,-1
880,61.0,585.0,157.0,72.9,135.5,-1,-1,-1,-1
880,60.0,621.0,143.3,56.7,168.7,-1,-1,-1,-1
880,58.0,505.8,363.8,41.4,167.2,-1,-1,-1,-1
880,54.0,586.3,358.2,100.8,181.8,-1,-1,-1,-1
880,52.0,659.7,354.1,57.6,142.6,-1,-1,-1,-1
880,50.0,702.9,333.4,70.2,189.9,-1,-1,-1,-1
880,46.0,603.0,238.3,65.7,161.5,-1,-1,-1,-1
880,45.0,563.4,354.1,61.2,179.5,-1,-1,-1,-1
880,37.0,919.3,360.9,61.6,169.2,-1,-1,-1,-1
880,35.0,119.9,450.7,96.1,165.8,-1,-1,-1,-1
880,33.0,1098.9,473.8,104.4,170.1,-1,-1,-1,-1
880,30.0,640.8,346.0,60.3,186.8,-1,-1,-1,-1
880,13.0,544.5,343.1,72.9,141.1,-1,-1,-1,-1
880,10.0,607.0,187.0,60.3,160.2,-1,-1,-1,-1
880,2.0,399.1,357.1,76.0,158.6,-1,-1,-1,-1
881,62.0,757.8,363.4,43.2,139.7,-1,-1,-1,-1
881,61.0,580.5,158.6,87.3,132.1,-1,-1,-1,-1
881,58.0,504.9,363.1,42.3,168.3,-1,-1,-1,-1
881,54.0,604.3,351.4,92.7,188.6,-1,-1,-1,-1
881,52.0,655.2,354.6,60.3,145.8,-1,-1,-1,-1
881,50.0,702.9,337.0,70.2,186.8,-1,-1,-1,-1
881,46.0,603.9,230.6,65.7,174.2,-1,-1,-1,-1
881,45.0,564.3,349.4,60.3,186.1,-1,-1,-1,-1
881,37.0,920.2,359.3,60.8,169.9,-1,-1,-1,-1
881,35.0,125.8,450.2,101.5,167.2,-1,-1,-1,-1
881,33.0,1089.9,471.6,106.2,168.3,-1,-1,-1,-1
881,30.0,633.6,346.9,63.9,191.2,-1,-1,-1,-1
881,13.0,544.9,343.3,67.5,140.0,-1,-1,-1,-1
881,10.0,607.0,182.5,63.0,165.6,-1,-1,-1,-1
881,2.0,399.1,356.8,75.6,158.8,-1,-1,-1,-1
882,62.0,756.9,363.8,49.5,139.3,-1,-1,-1,-1
882,61.0,571.9,159.5,103.5,131.4,-1,-1,-1,-1
882,58.0,505.8,361.3,73.8,170.1,-1,-1,-1,-1
882,54.0,601.2,358.2,61.2,175.9,-1,-1,-1,-1
882,52.0,655.2,355.5,59.4,136.8,-1,-1,-1,-1
882,50.0,699.7,342.4,73.8,180.9,-1,-1,-1,-1
882,46.0,602.5,225.0,64.8,186.3,-1,-1,-1,-1
882,45.0,564.8,360.4,60.3,170.1,-1,-1,-1,-1
882,37.0,919.3,360.0,57.1,166.5,-1,-1,-1,-1
882,35.0,142.2,455.2,108.0,155.9,-1,-1,-1,-1
882,33.0,1070.1,470.7,109.8,169.2,-1,-1,-1,-1
882,30.0,630.9,342.7,69.3,197.8,-1,-1,-1,-1
882,13.0,545.4,341.8,71.1,155.0,-1,-1,-1,-1
882,10.0,605.7,185.4,58.5,157.0,-1,-1,-1,-1
882,2.0,398.7,356.6,77.4,159.1,-1,-1,-1,-1
883,62.0,758.7,363.6,45.0,139.0,-1,-1,-1,-1
883,61.0,568.8,160.2,78.3,129.6,-1,-1,-1,-1
883,58.0,505.3,358.6,49.5,172.4,-1,-1,-1,-1
883,54.0,601.6,359.1,67.5,167.8,-1,-1,-1,-1
883,52.0,657.4,355.0,58.5,134.1,-1,-1,-1,-1
883,50.0,697.5,343.3,77.4,179.1,-1,-1,-1,-1
883,46.0,603.0,227.5,63.0,182.2,-1,-1,-1,-1
883,45.0,562.9,360.0,63.0,170.1,-1,-1,-1,-1
883,37.0,918.9,359.3,55.8,167.2,-1,-1,-1,-1
883,35.0,156.6,454.3,103.7,159.5,-1,-1,-1,-1
883,33.0,1061.1,471.6,106.2,171.0,-1,-1,-1,-1
883,30.0,622.8,341.3,80.1,198.7,-1,-1,-1,-1
883,13.0,544.9,337.7,74.7,151.4,-1,-1,-1,-1
883,10.0,609.8,187.4,54.0,150.3,-1,-1,-1,-1
883,2.0,398.9,356.8,77.2,158.8,-1,-1,-1,-1
884,62.0,759.1,363.1,45.0,139.9,-1,-1,-1,-1
884,61.0,561.1,162.0,80.1,126.2,-1,-1,-1,-1
884,58.0,504.9,353.2,47.7,177.3,-1,-1,-1,-1
884,54.0,601.6,358.0,60.3,172.1,-1,-1,-1,-1
884,52.0,653.8,353.2,62.1,137.2,-1,-1,-1,-1
884,50.0,696.6,340.4,79.2,182.5,-1,-1,-1,-1
884,46.0,602.1,228.4,65.7,175.9,-1,-1,-1,-1
884,45.0,564.8,359.8,60.3,169.4,-1,-1,-1,-1
884,37.0,918.4,359.5,53.5,166.5,-1,-1,-1,-1
884,35.0,200.9,456.7,79.6,159.3,-1,-1,-1,-1
884,33.0,1043.1,479.2,84.6,163.8,-1,-1,-1,-1
884,30.0,639.4,344.5,63.9,193.7,-1,-1,-1,-1
884,13.0,545.4,342.9,51.3,145.3,-1,-1,-1,-1
884,10.0,601.2,184.5,61.2,154.3,-1,-1,-1,-1
884,2.0,398.9,357.7,70.9,158.4,-1,-1,-1,-1
885,62.0,759.6,362.9,45.9,139.7,-1,-1,-1,-1
885,61.0,554.8,160.9,79.2,131.8,-1,-1,-1,-1
885,60.0,636.8,143.5,53.1,150.8,-1,-1,-1,-1
885,58.0,503.5,351.7,49.5,178.4,-1,-1,-1,-1
885,54.0,601.6,358.6,61.2,172.4,-1,-1,-1,-1
885,50.0,697.9,338.4,78.3,184.0,-1,-1,-1,-1
885,46.0,602.5,233.5,63.9,170.1,-1,-1,-1,-1
885,45.0,568.8,361.6,55.8,166.3,-1,-1,-1,-1
885,37.0,918.4,359.3,51.8,167.2,-1,-1,-1,-1
885,35.0,220.7,456.7,68.8,160.2,-1,-1,-1,-1
885,33.0,1033.2,478.3,79.2,164.7,-1,-1,-1,-1
885,30.0,640.8,342.4,71.1,196.2,-1,-1,-1,-1
885,13.0,544.9,344.0,51.3,168.5,-1,-1,-1,-1
885,10.0,603.4,183.3,61.2,152.0,-1,-1,-1,-1
885,2.0,399.1,359.5,69.7,156.6,-1,-1,-1,-1
886,62.0,760.5,362.9,45.0,139.7,-1,-1,-1,-1
886,61.0,541.3,166.0,90.9,122.6,-1,-1,-1,-1
886,60.0,642.1,146.9,49.5,141.8,-1,-1,-1,-1
886,58.0,503.5,346.9,49.5,180.4,-1,-1,-1,-1
886,54.0,602.1,356.4,61.2,174.6,-1,-1,-1,-1
886,50.0,699.3,337.3,75.6,186.1,-1,-1,-1,-1
886,46.0,601.6,252.0,62.1,150.7,-1,-1,-1,-1
886,45.0,565.2,362.2,54.9,167.9,-1,-1,-1,-1
886,37.0,919.3,360.4,51.8,165.6,-1,-1,-1,-1
886,35.0,224.0,455.2,122.1,160.4,-1,-1,-1,-1
886,33.0,990.9,470.7,115.2,172.8,-1,-1,-1,-1
886,30.0,649.3,361.3,72.0,175.5,-1,-1,-1,-1
886,13.0,544.9,343.1,50.4,156.8,-1,-1,-1,-1
886,10.0,603.4,182.0,61.2,153.9,-1,-1,-1,-1
886,2.0,399.4,363.4,70.0,153.7,-1,-1,-1,-1
887,62.0,760.9,363.1,45.0,139.9,-1,-1,-1,-1
887,61.0,536.4,171.7,97.2,118.8,-1,-1,-1,-1
887,60.0,644.8,149.8,48.6,146.2,-1,-1,-1,-1
887,58.0,503.1,346.5,48.6,180.4,-1,-1,-1,-1
887,54.0,601.6,356.2,63.0,173.9,-1,-1,-1,-1
887,50.0,699.3,336.1,75.6,188.1,-1,-1,-1,-1
887,46.0,605.2,252.2,67.5,150.7,-1,-1,-1,-1
887,45.0,570.6,366.3,54.0,161.1,-1,-1,-1,-1
887,37.0,918.9,360.4,52.2,165.6,-1,-1,-1,-1
887,35.0,231.1,455.6,140.9,160.0,-1,-1,-1,-1
887,33.0,963.0,468.4,135.0,172.8,-1,-1,-1,-1
887,30.0,650.7,368.1,77.4,168.8,-1,-1,-1,-1
887,13.0,544.9,343.8,55.8,178.2,-1,-1,-1,-1
887,10.0,601.2,182.8,65.7,151.1,-1,-1,-1,-1
887,2.0,399.1,365.8,69.7,151.2,-1,-1,-1,-1
888,62.0,761.8,363.1,45.0,139.9,-1,-1,-1,-1
888,61.0,526.0,175.8,86.4,121.2,-1,-1,-1,-1
888,60.0,647.5,154.0,46.8,142.5,-1,-1,-1,-1
888,58.0,501.7,346.7,50.4,181.1,-1,-1,-1,-1
888,54.0,601.6,350.1,62.1,180.0,-1,-1,-1,-1
888,50.0,699.3,335.7,75.6,188.6,-1,-1,-1,-1
888,46.0,603.0,250.6,67.5,157.0,-1,-1,-1,-1
888,45.0,568.3,365.6,54.0,159.1,-1,-1,-1,-1
888,37.0,919.3,360.0,55.3,166.9,-1,-1,-1,-1
888,35.0,254.5,456.7,144.9,158.4,-1,-1,-1,-1
888,33.0,930.6,467.5,154.8,175.5,-1,-1,-1,-1
888,30.0,670.9,375.7,74.7,161.6,-1,-1,-1,-1
888,13.0,540.4,338.4,58.5,190.8,-1,-1,-1,-1
888,10.0,591.8,184.0,74.7,142.6,-1,-1,-1,-1
888,2.0,399.1,368.8,69.3,147.8,-1,-1,-1,-1
889,63.0,639.9,346.0,64.8,185.0,-1,-1,-1,-1
889,62.0,762.3,362.9,45.0,139.7,-1,-1,-1,-1
889,61.0,522.0,181.8,96.3,117.0,-1,-1,-1,-1
889,60.0,646.2,157.5,52.2,139.5,-1,-1,-1,-1
889,58.0,499.9,348.7,51.3,178.6,-1,-1,-1,-1
889,54.0,603.0,347.8,57.6,182.7,-1,-1,-1,-1
889,50.0,698.8,334.6,75.6,190.1,-1,-1,-1,-1
889,46.0,599.4,250.6,70.2,156.1,-1,-1,-1,-1
889,45.0,562.9,364.0,55.8,162.5,-1,-1,-1,-1
889,37.0,921.6,360.9,54.0,164.7,-1,-1,-1,-1
889,35.0,277.2,445.0,126.9,170.1,-1,-1,-1,-1
889,33.0,919.8,472.5,149.4,171.0,-1,-1,-1,-1
889,30.0,674.5,376.2,81.9,162.0,-1,-1,-1,-1
889,13.0,533.7,336.8,64.8,190.6,-1,-1,-1,-1
889,10.0,595.8,185.5,72.9,148.4,-1,-1,-1,-1
889,2.0,399.6,369.7,68.9,146.9,-1,-1,-1,-1
890,63.0,638.1,343.8,63.9,185.0,-1,-1,-1,-1
890,62.0,763.2,362.9,45.0,139.7,-1,-1,-1,-1
890,61.0,513.4,193.5,103.5,109.3,-1,-1,-1,-1
890,60.0,637.6,161.3,70.2,140.4,-1,-1,-1,-1
890,58.0,499.0,353.0,53.1,173.5,-1,-1,-1,-1
890,54.0,601.6,348.7,59.4,180.9,-1,-1,-1,-1
890,50.0,699.3,334.1,75.6,190.1,-1,-1,-1,-1
890,46.0,600.8,250.9,72.0,150.7,-1,-1,-1,-1
890,45.0,571.5,357.5,57.6,167.2,-1,-1,-1,-1
890,37.0,923.4,359.1,54.0,164.7,-1,-1,-1,-1
890,35.0,324.0,423.0,86.9,191.7,-1,-1,-1,-1
890,33.0,916.6,454.5,106.6,189.9,-1,-1,-1,-1
890,30.0,684.0,379.3,85.5,158.4,-1,-1,-1,-1
890,13.0,523.8,335.9,73.8,193.7,-1,-1,-1,-1
890,10.0,597.6,184.5,68.4,153.4,-1,-1,-1,-1
890,2.0,399.4,369.0,69.1,147.6,-1,-1,-1,-1
891,63.0,638.5,336.1,59.4,193.9,-1,-1,-1,-1
891,62.0,763.2,363.1,45.9,139.5,-1,-1,-1,-1
891,61.0,508.0,200.7,103.5,107.1,-1,-1,-1,-1
891,60.0,636.8,166.0,80.1,133.6,-1,-1,-1,-1
891,58.0,496.3,349.9,53.1,176.2,-1,-1,-1,-1
891,54.0,601.2,352.3,61.2,177.8,-1,-1,-1,-1
891,50.0,700.2,334.8,76.5,186.8,-1,-1,-1,-1
891,46.0,603.9,250.6,69.3,152.1,-1,-1,-1,-1
891,45.0,571.0,356.8,59.4,170.1,-1,-1,-1,-1
891,37.0,927.9,357.7,50.4,166.9,-1,-1,-1,-1
891,35.0,326.7,423.7,90.0,191.0,-1,-1,-1,-1
891,33.0,912.1,441.9,95.8,202.5,-1,-1,-1,-1
891,30.0,688.0,379.3,87.3,158.0,-1,-1,-1,-1
891,13.0,522.0,340.6,77.4,189.4,-1,-1,-1,-1
891,10.0,601.6,184.5,63.9,148.1,-1,-1,-1,-1
891,2.0,398.7,368.3,69.8,148.3,-1,-1,-1,-1
892,63.0,635.8,322.4,56.7,209.0,-1,-1,-1,-1
892,62.0,765.4,362.9,45.0,139.7,-1,-1,-1,-1
892,61.0,496.8,218.0,109.8,98.1,-1,-1,-1,-1
892,60.0,641.2,174.0,90.0,124.8,-1,-1,-1,-1
892,58.0,491.4,362.9,54.9,164.0,-1,-1,-1,-1
892,54.0,600.3,346.0,59.4,183.6,-1,-1,-1,-1
892,50.0,699.3,336.4,80.1,191.0,-1,-1,-1,-1
892,46.0,595.8,250.0,83.7,152.6,-1,-1,-1,-1
892,45.0,570.1,354.8,59.4,172.6,-1,-1,-1,-1
892,37.0,932.4,355.0,48.6,165.6,-1,-1,-1,-1
892,35.0,344.9,426.6,102.1,181.8,-1,-1,-1,-1
892,33.0,883.3,439.4,111.1,204.1,-1,-1,-1,-1
892,30.0,690.7,377.1,90.0,157.0,-1,-1,-1,-1
892,13.0,517.9,340.2,80.1,188.1,-1,-1,-1,-1
892,10.0,607.0,184.7,54.0,156.6,-1,-1,-1,-1
892,2.0,401.6,367.2,67.3,143.5,-1,-1,-1,-1
893,63.0,635.8,334.6,55.8,196.0,-1,-1,-1,-1
893,62.0,765.0,362.5,45.9,139.7,-1,-1,-1,-1
893,61.0,491.4,226.7,113.4,96.0,-1,-1,-1,-1
893,60.0,646.6,175.3,90.0,122.9,-1,-1,-1,-1
893,58.0,490.0,339.5,59.4,187.0,-1,-1,-1,-1
893,54.0,601.2,344.5,54.9,185.2,-1,-1,-1,-1
893,52.0,659.7,342.2,68.4,179.8,-1,-1,-1,-1
893,50.0,692.1,340.6,90.0,194.4,-1,-1,-1,-1
893,46.0,594.0,247.9,97.2,152.5,-1,-1,-1,-1
893,45.0,567.9,355.9,63.0,167.9,-1,-1,-1,-1
893,37.0,932.4,353.9,50.4,166.3,-1,-1,-1,-1
893,35.0,359.8,425.2,106.4,177.3,-1,-1,-1,-1
893,33.0,867.1,440.5,115.6,197.1,-1,-1,-1,-1
893,13.0,514.8,337.3,82.8,192.8,-1,-1,-1,-1
893,10.0,605.2,184.0,55.8,151.2,-1,-1,-1,-1
893,2.0,407.2,365.8,60.8,144.0,-1,-1,-1,-1
894,63.0,636.8,338.8,58.5,192.2,-1,-1,-1,-1
894,62.0,763.2,362.7,49.5,139.9,-1,-1,-1,-1
894,61.0,476.5,259.6,114.3,95.4,-1,-1,-1,-1
894,60.0,652.0,195.3,99.9,107.1,-1,-1,-1,-1
894,58.0,483.7,329.6,57.6,192.8,-1,-1,-1,-1
894,54.0,599.8,340.6,56.7,189.0,-1,-1,-1,-1
894,52.0,666.9,343.8,57.6,146.7,-1,-1,-1,-1
894,50.0,702.9,339.1,79.2,195.1,-1,-1,-1,-1
894,46.0,600.8,245.0,77.4,155.2,-1,-1,-1,-1
894,45.0,571.0,358.2,56.7,172.8,-1,-1,-1,-1
894,37.0,931.5,351.4,55.8,168.3,-1,-1,-1,-1
894,35.0,430.4,421.2,95.6,187.2,-1,-1,-1,-1
894,33.0,831.1,468.9,97.6,169.2,-1,-1,-1,-1
894,13.0,500.8,328.9,79.2,187.2,-1,-1,-1,-1
894,10.0,603.0,182.4,60.3,155.6,-1,-1,-1,-1
894,2.0,399.1,361.6,66.6,155.9,-1,-1,-1,-1
895,63.0,636.3,339.3,59.4,191.2,-1,-1,-1,-1
895,62.0,763.2,362.9,49.5,139.7,-1,-1,-1,-1
895,61.0,476.5,259.6,114.3,95.8,-1,-1,-1,-1
895,60.0,652.5,195.1,99.0,107.6,-1,-1,-1,-1
895,58.0,484.2,328.9,57.6,193.1,-1,-1,-1,-1
895,54.0,598.9,341.1,62.1,188.1,-1,-1,-1,-1
895,52.0,666.9,343.6,57.6,146.5,-1,-1,-1,-1
895,50.0,702.4,338.2,78.3,195.5,-1,-1,-1,-1
895,46.0,601.2,243.0,76.5,157.1,-1,-1,-1,-1
895,45.0,571.5,356.8,57.6,174.6,-1,-1,-1,-1
895,37.0,931.5,351.2,55.8,168.5,-1,-1,-1,-1
895,35.0,430.4,421.9,94.7,186.5,-1,-1,-1,-1
895,33.0,831.6,468.9,97.2,168.3,-1,-1,-1,-1
895,13.0,501.3,329.2,78.3,188.3,-1,-1,-1,-1
895,10.0,603.0,182.5,60.3,157.9,-1,-1,-1,-1
895,2.0,399.1,361.6,66.6,155.9,-1,-1,-1,-1
896,64.0,527.4,325.8,54.9,157.0,-1,-1,-1,-1
896,63.0,634.0,339.7,62.1,190.8,-1,-1,-1,-1
896,62.0,764.5,362.7,49.5,141.8,-1,-1,-1,-1
896,60.0,650.2,224.5,113.4,112.9,-1,-1,-1,-1
896,58.0,474.7,355.3,74.7,156.8,-1,-1,-1,-1
896,54.0,598.9,342.0,63.0,187.2,-1,-1,-1,-1
896,52.0,675.0,343.1,55.8,144.2,-1,-1,-1,-1
896,50.0,704.2,332.8,78.3,193.7,-1,-1,-1,-1
896,46.0,584.1,243.0,98.1,156.2,-1,-1,-1,-1
896,45.0,571.9,352.6,55.8,178.4,-1,-1,-1,-1
896,37.0,932.4,352.6,59.4,167.6,-1,-1,-1,-1
896,35.0,466.2,453.6,124.2,159.3,-1,-1,-1,-1
896,33.0,766.3,488.7,117.9,155.7,-1,-1,-1,-1
896,13.0,497.7,340.0,75.6,168.5,-1,-1,-1,-1
896,10.0,601.2,182.7,63.9,155.2,-1,-1,-1,-1
896,2.0,397.1,361.8,70.9,155.2,-1,-1,-1,-1
897,64.0,526.9,325.6,55.8,157.7,-1,-1,-1,-1
897,63.0,634.9,338.4,61.2,192.1,-1,-1,-1,-1
897,62.0,765.4,362.7,48.6,141.8,-1,-1,-1,-1
897,60.0,651.6,224.3,112.5,114.8,-1,-1,-1,-1
897,58.0,474.3,355.3,75.6,157.7,-1,-1,-1,-1
897,54.0,599.4,340.2,64.8,188.1,-1,-1,-1,-1
897,52.0,675.0,343.3,55.8,144.0,-1,-1,-1,-1
897,50.0,705.6,332.5,76.5,194.4,-1,-1,-1,-1
897,46.0,584.1,242.8,99.0,151.6,-1,-1,-1,-1
897,45.0,571.5,351.4,54.9,180.4,-1,-1,-1,-1
897,37.0,932.4,352.8,59.4,167.0,-1,-1,-1,-1
897,35.0,466.6,453.6,123.3,159.3,-1,-1,-1,-1
897,33.0,767.2,488.2,117.0,156.6,-1,-1,-1,-1
897,13.0,497.2,336.6,75.6,171.5,-1,-1,-1,-1
897,10.0,601.2,182.5,63.9,157.9,-1,-1,-1,-1
897,2.0,397.1,362.0,70.9,155.0,-1,-1,-1,-1
898,64.0,522.9,326.7,57.6,156.1,-1,-1,-1,-1
898,63.0,632.7,342.0,60.3,189.9,-1,-1,-1,-1
898,62.0,767.2,361.6,47.7,141.1,-1,-1,-1,-1
898,60.0,675.9,262.6,99.9,75.1,-1,-1,-1,-1
898,58.0,453.6,350.1,67.5,167.0,-1,-1,-1,-1
898,54.0,598.5,344.2,54.9,182.3,-1,-1,-1,-1
898,52.0,676.8,342.4,54.0,143.5,-1,-1,-1,-1
898,50.0,717.7,334.1,69.3,188.3,-1,-1,-1,-1
898,46.0,583.2,241.0,105.3,152.1,-1,-1,-1,-1
898,45.0,571.0,351.9,56.7,180.4,-1,-1,-1,-1
898,37.0,933.3,352.8,59.4,164.2,-1,-1,-1,-1
898,35.0,486.9,477.0,138.6,137.7,-1,-1,-1,-1
898,33.0,721.8,513.4,145.8,130.5,-1,-1,-1,-1
898,13.0,480.1,346.3,69.3,171.2,-1,-1,-1,-1
898,10.0,600.8,189.3,63.0,150.0,-1,-1,-1,-1
898,2.0,393.3,365.8,66.6,151.2,-1,-1,-1,-1
899,64.0,517.0,326.7,63.9,156.6,-1,-1,-1,-1
899,63.0,632.7,342.4,60.3,189.9,-1,-1,-1,-1
899,62.0,768.1,361.8,46.8,140.4,-1,-1,-1,-1
899,60.0,675.9,262.3,99.9,75.6,-1,-1,-1,-1
899,58.0,453.4,350.3,68.2,165.8,-1,-1,-1,-1
899,54.0,598.9,345.1,54.0,181.4,-1,-1,-1,-1
899,52.0,676.3,342.4,55.8,143.5,-1,-1,-1,-1
899,50.0,717.7,334.1,69.3,188.8,-1,-1,-1,-1
899,46.0,582.8,241.4,105.3,152.5,-1,-1,-1,-1
899,45.0,571.0,351.4,56.7,180.9,-1,-1,-1,-1
899,37.0,933.3,352.8,59.4,164.7,-1,-1,-1,-1
899,35.0,487.8,474.7,140.4,139.5,-1,-1,-1,-1
899,33.0,721.8,514.3,145.8,129.6,-1,-1,-1,-1
899,13.0,480.1,346.3,69.3,171.2,-1,-1,-1,-1
899,10.0,600.3,189.7,63.9,152.5,-1,-1,-1,-1
899,2.0,393.3,365.8,68.4,151.2,-1,-1,-1,-1
900,64.0,527.8,328.0,50.4,152.5,-1,-1,-1,-1
900,63.0,628.2,331.2,54.9,199.8,-1,-1,-1,-1
900,62.0,769.5,360.2,45.9,141.1,-1,-1,-1,-1
900,58.0,432.0,369.4,77.4,152.1,-1,-1,-1,-1
900,54.0,596.2,345.1,58.5,186.7,-1,-1,-1,-1
900,52.0,677.2,338.8,56.7,146.7,-1,-1,-1,-1
900,50.0,704.7,349.6,104.4,171.9,-1,-1,-1,-1
900,46.0,603.4,251.5,57.6,150.8,-1,-1,-1,-1
900,45.0,570.1,360.0,68.4,179.1,-1,-1,-1,-1
900,37.0,932.4,350.8,63.0,164.9,-1,-1,-1,-1
900,35.0,494.1,508.0,186.3,106.2,-1,-1,-1,-1
900,33.0,664.2,531.0,200.7,112.5,-1,-1,-1,-1
900,13.0,467.1,364.0,72.0,152.5,-1,-1,-1,-1
900,10.0,599.4,193.7,63.9,148.9,-1,-1,-1,-1
900,2.0,390.6,369.4,61.6,148.1,-1,-1,-1,-1
901,64.0,527.8,328.0,50.4,152.5,-1,-1,-1,-1
901,63.0,627.8,331.2,54.9,199.8,-1,-1,-1,-1
901,62.0,769.5,360.2,45.9,140.6,-1,-1,-1,-1
901,58.0,432.0,369.4,77.4,152.1,-1,-1,-1,-1
901,54.0,595.8,344.9,59.4,187.0,-1,-1,-1,-1
901,52.0,677.2,338.8,56.7,146.7,-1,-1,-1,-1
901,50.0,704.7,349.6,104.4,171.9,-1,-1,-1,-1
901,46.0,603.4,251.5,57.6,150.8,-1,-1,-1,-1
901,45.0,569.7,360.4,68.4,178.6,-1,-1,-1,-1
901,37.0,932.4,350.8,63.0,164.9,-1,-1,-1,-1
901,35.0,494.1,508.0,186.3,106.2,-1,-1,-1,-1
901,33.0,664.2,531.0,200.7,112.5,-1,-1,-1,-1
901,13.0,467.1,364.0,72.0,152.5,-1,-1,-1,-1
901,10.0,599.4,193.7,63.9,148.9,-1,-1,-1,-1
901,2.0,390.6,369.4,61.6,148.1,-1,-1,-1,-1
902,64.0,522.4,326.2,54.9,147.6,-1,-1,-1,-1
902,63.0,629.5,330.7,50.4,207.4,-1,-1,-1,-1
902,62.0,766.3,357.1,49.5,148.7,-1,-1,-1,-1
902,58.0,429.3,373.3,72.0,146.5,-1,-1,-1,-1
902,54.0,589.9,342.9,63.9,198.9,-1,-1,-1,-1
902,52.0,679.0,339.3,54.0,146.2,-1,-1,-1,-1
902,46.0,603.4,234.4,54.0,174.6,-1,-1,-1,-1
902,45.0,571.5,367.4,59.4,181.6,-1,-1,-1,-1
902,37.0,935.1,346.3,63.0,164.9,-1,-1,-1,-1
902,35.0,511.2,494.1,184.5,120.6,-1,-1,-1,-1
902,33.0,626.4,509.4,221.4,135.0,-1,-1,-1,-1
902,13.0,466.6,371.2,61.2,147.6,-1,-1,-1,-1
902,10.0,599.4,199.1,62.1,146.2,-1,-1,-1,-1
902,2.0,388.3,366.7,59.4,151.2,-1,-1,-1,-1
903,64.0,522.9,326.2,54.0,147.6,-1,-1,-1,-1
903,63.0,629.1,332.8,51.3,212.6,-1,-1,-1,-1
903,62.0,764.5,357.1,51.3,149.6,-1,-1,-1,-1
903,58.0,429.5,373.0,71.8,146.7,-1,-1,-1,-1
903,54.0,591.8,342.4,62.1,199.8,-1,-1,-1,-1
903,52.0,679.9,339.7,53.1,145.8,-1,-1,-1,-1
903,46.0,602.5,233.5,54.9,175.5,-1,-1,-1,-1
903,45.0,571.9,367.4,59.4,181.6,-1,-1,-1,-1
903,37.0,935.1,346.3,63.0,165.4,-1,-1,-1,-1
903,35.0,510.7,493.2,183.6,121.5,-1,-1,-1,-1
903,33.0,627.3,510.3,220.5,134.1,-1,-1,-1,-1
903,13.0,465.7,371.2,62.1,147.6,-1,-1,-1,-1
903,10.0,598.9,198.9,63.0,146.2,-1,-1,-1,-1
903,2.0,388.6,366.7,59.9,150.8,-1,-1,-1,-1
904,64.0,522.0,323.8,54.9,152.3,-1,-1,-1,-1
904,63.0,628.2,331.2,53.1,210.6,-1,-1,-1,-1
904,58.0,429.7,367.0,70.2,152.3,-1,-1,-1,-1
904,54.0,596.7,342.4,59.4,185.9,-1,-1,-1,-1
904,52.0,682.2,338.8,54.0,145.8,-1,-1,-1,-1
904,46.0,602.5,234.9,55.8,170.5,-1,-1,-1,-1
904,45.0,571.0,359.5,59.4,169.2,-1,-1,-1,-1
904,37.0,939.6,345.1,59.4,161.5,-1,-1,-1,-1
904,35.0,573.8,437.6,110.7,170.8,-1,-1,-1,-1
904,33.0,628.6,452.7,165.6,190.8,-1,-1,-1,-1
904,30.0,739.3,367.2,86.4,158.4,-1,-1,-1,-1
904,13.0,467.5,364.5,58.5,151.6,-1,-1,-1,-1
904,10.0,600.3,200.9,61.2,147.1,-1,-1,-1,-1
904,2.0,383.8,361.1,55.8,152.8,-1,-1,-1,-1
905,64.0,520.6,322.4,55.8,153.2,-1,-1,-1,-1
905,63.0,625.9,336.6,54.9,198.0,-1,-1,-1,-1
905,58.0,428.8,363.6,71.1,154.3,-1,-1,-1,-1
905,54.0,595.8,342.7,58.5,181.6,-1,-1,-1,-1
905,52.0,682.2,338.4,54.9,146.7,-1,-1,-1,-1
905,46.0,603.0,235.6,55.8,171.5,-1,-1,-1,-1
905,45.0,571.5,361.3,61.2,168.8,-1,-1,-1,-1
905,37.0,939.6,345.1,59.4,161.1,-1,-1,-1,-1
905,35.0,569.7,421.4,149.4,187.0,-1,-1,-1,-1
905,33.0,625.9,436.5,151.2,209.7,-1,-1,-1,-1
905,30.0,720.9,371.2,105.3,153.4,-1,-1,-1,-1
905,13.0,465.7,361.1,59.4,152.3,-1,-1,-1,-1
905,10.0,600.8,201.6,60.3,147.1,-1,-1,-1,-1
905,2.0,382.7,358.2,51.3,154.8,-1,-1,-1,-1
906,64.0,518.4,320.8,56.7,155.2,-1,-1,-1,-1
906,63.0,623.2,331.9,55.8,183.4,-1,-1,-1,-1
906,58.0,426.6,357.5,79.2,157.7,-1,-1,-1,-1
906,54.0,592.6,345.4,63.0,179.3,-1,-1,-1,-1
906,52.0,684.9,337.0,54.0,142.2,-1,-1,-1,-1
906,46.0,603.4,233.1,50.4,170.1,-1,-1,-1,-1
906,45.0,571.0,370.1,55.8,160.0,-1,-1,-1,-1
906,37.0,943.2,346.7,57.6,160.0,-1,-1,-1,-1
906,35.0,582.8,421.2,139.5,189.0,-1,-1,-1,-1
906,33.0,573.8,480.6,207.0,167.4,-1,-1,-1,-1
906,30.0,724.9,376.6,105.3,147.6,-1,-1,-1,-1
906,13.0,463.0,356.4,58.5,153.0,-1,-1,-1,-1
906,10.0,601.6,200.7,58.5,147.6,-1,-1,-1,-1
906,2.0,377.5,351.0,47.7,158.4,-1,-1,-1,-1
907,64.0,517.5,320.4,56.7,154.3,-1,-1,-1,-1
907,63.0,626.8,338.4,54.9,194.9,-1,-1,-1,-1
907,58.0,424.3,354.6,56.7,161.1,-1,-1,-1,-1
907,54.0,595.3,344.5,58.5,178.4,-1,-1,-1,-1
907,52.0,684.9,336.4,54.0,170.8,-1,-1,-1,-1
907,46.0,603.0,232.6,50.4,171.4,-1,-1,-1,-1
907,45.0,571.9,369.9,55.8,160.6,-1,-1,-1,-1
907,37.0,943.2,346.3,57.6,160.4,-1,-1,-1,-1
907,35.0,617.4,420.3,105.3,189.0,-1,-1,-1,-1
907,33.0,594.9,446.8,171.0,204.3,-1,-1,-1,-1
907,30.0,729.4,377.1,99.0,146.7,-1,-1,-1,-1
907,13.0,459.0,355.9,63.0,154.4,-1,-1,-1,-1
907,10.0,600.8,198.9,59.4,146.2,-1,-1,-1,-1
907,2.0,375.3,347.8,49.9,159.3,-1,-1,-1,-1
908,64.0,517.0,320.2,54.0,154.1,-1,-1,-1,-1
908,63.0,626.8,346.0,54.0,185.4,-1,-1,-1,-1
908,58.0,420.1,352.1,89.3,162.7,-1,-1,-1,-1
908,54.0,595.8,347.4,57.6,181.8,-1,-1,-1,-1
908,52.0,686.2,335.7,55.8,144.4,-1,-1,-1,-1
908,46.0,604.8,234.7,47.7,169.6,-1,-1,-1,-1
908,45.0,569.2,350.1,57.6,181.3,-1,-1,-1,-1
908,37.0,944.1,346.9,59.4,159.3,-1,-1,-1,-1
908,35.0,665.1,427.5,84.6,183.6,-1,-1,-1,-1
908,33.0,605.7,452.0,70.2,197.8,-1,-1,-1,-1
908,30.0,728.5,372.1,107.1,151.2,-1,-1,-1,-1
908,13.0,456.1,355.7,59.2,152.8,-1,-1,-1,-1
908,10.0,601.2,195.3,54.9,151.6,-1,-1,-1,-1
908,2.0,363.8,342.2,57.1,160.9,-1,-1,-1,-1
909,64.0,515.2,319.7,54.9,154.1,-1,-1,-1,-1
909,63.0,630.9,344.2,50.4,189.9,-1,-1,-1,-1
909,58.0,412.2,350.8,82.8,163.1,-1,-1,-1,-1
909,54.0,598.0,342.7,57.6,217.1,-1,-1,-1,-1
909,52.0,686.7,335.5,56.7,146.0,-1,-1,-1,-1
909,46.0,604.8,236.2,47.7,167.8,-1,-1,-1,-1
909,45.0,571.9,364.7,52.2,165.4,-1,-1,-1,-1
909,37.0,945.0,348.5,59.4,156.4,-1,-1,-1,-1
909,35.0,668.2,433.8,109.8,176.4,-1,-1,-1,-1
909,33.0,576.9,459.2,91.8,189.2,-1,-1,-1,-1
909,30.0,746.1,368.1,90.0,154.8,-1,-1,-1,-1
909,13.0,453.8,355.9,57.8,153.0,-1,-1,-1,-1
909,10.0,603.0,192.6,52.2,150.7,-1,-1,-1,-1
909,2.0,358.2,341.5,58.5,159.3,-1,-1,-1,-1
910,64.0,513.4,320.2,54.9,153.7,-1,-1,-1,-1
910,63.0,630.0,346.9,51.3,185.4,-1,-1,-1,-1
910,58.0,394.6,352.8,82.8,161.1,-1,-1,-1,-1
910,54.0,602.5,346.0,49.5,181.8,-1,-1,-1,-1
910,52.0,687.6,334.6,57.6,143.3,-1,-1,-1,-1
910,46.0,605.2,234.4,46.8,171.5,-1,-1,-1,-1
910,45.0,568.8,354.6,57.6,181.3,-1,-1,-1,-1
910,37.0,946.8,346.9,59.4,157.0,-1,-1,-1,-1
910,35.0,672.7,450.0,157.5,157.5,-1,-1,-1,-1
910,33.0,520.2,479.7,150.3,163.8,-1,-1,-1,-1
910,30.0,718.2,363.1,125.1,160.2,-1,-1,-1,-1
910,13.0,446.6,357.5,61.0,151.0,-1,-1,-1,-1
910,10.0,606.1,189.4,46.8,153.4,-1,-1,-1,-1
910,2.0,351.4,343.8,50.0,157.5,-1,-1,-1,-1
911,64.0,510.7,320.6,56.7,153.7,-1,-1,-1,-1
911,63.0,630.0,346.0,51.3,185.8,-1,-1,-1,-1
911,58.0,389.0,354.6,87.1,158.4,-1,-1,-1,-1
911,54.0,602.5,343.3,49.5,182.7,-1,-1,-1,-1
911,52.0,688.0,334.6,58.5,144.2,-1,-1,-1,-1
911,46.0,604.8,234.9,46.8,170.5,-1,-1,-1,-1
911,45.0,571.9,354.6,52.2,179.1,-1,-1,-1,-1
911,37.0,946.8,346.0,59.4,157.0,-1,-1,-1,-1
911,35.0,679.9,480.1,162.9,126.9,-1,-1,-1,-1
911,33.0,511.6,501.3,153.9,134.1,-1,-1,-1,-1
911,30.0,722.7,359.1,126.0,175.0,-1,-1,-1,-1
911,13.0,450.4,358.0,56.7,150.5,-1,-1,-1,-1
911,10.0,607.9,184.8,44.1,148.2,-1,-1,-1,-1
911,2.0,346.7,346.7,52.6,154.6,-1,-1,-1,-1
912,64.0,511.2,320.6,54.9,153.7,-1,-1,-1,-1
912,63.0,630.4,340.4,50.4,191.5,-1,-1,-1,-1
912,62.0,761.4,360.7,46.8,142.0,-1,-1,-1,-1
912,58.0,383.8,361.6,78.3,151.4,-1,-1,-1,-1
912,54.0,603.0,339.5,49.5,186.5,-1,-1,-1,-1
912,52.0,689.8,334.8,57.6,143.5,-1,-1,-1,-1
912,46.0,603.4,232.2,47.7,171.9,-1,-1,-1,-1
912,45.0,568.8,362.9,51.3,170.8,-1,-1,-1,-1
912,37.0,949.5,344.5,57.6,155.9,-1,-1,-1,-1
912,35.0,699.3,498.1,144.9,94.5,-1,-1,-1,-1
912,33.0,505.3,461.7,148.5,154.8,-1,-1,-1,-1
912,30.0,790.6,355.9,63.0,165.6,-1,-1,-1,-1
912,13.0,458.5,359.5,49.5,149.8,-1,-1,-1,-1
912,10.0,609.3,173.5,42.3,146.2,-1,-1,-1,-1
912,2.0,346.3,351.7,47.2,149.6,-1,-1,-1,-1
913,64.0,510.3,320.2,54.9,153.7,-1,-1,-1,-1
913,63.0,631.3,339.3,49.5,192.6,-1,-1,-1,-1
913,62.0,763.2,360.9,45.9,141.3,-1,-1,-1,-1
913,58.0,383.2,362.7,73.3,150.3,-1,-1,-1,-1
913,54.0,601.6,343.1,47.7,183.4,-1,-1,-1,-1
913,52.0,695.2,334.8,52.2,143.1,-1,-1,-1,-1
913,46.0,603.9,232.6,46.8,170.1,-1,-1,-1,-1
913,45.0,569.7,364.5,50.4,172.4,-1,-1,-1,-1
913,37.0,952.2,342.9,55.8,156.1,-1,-1,-1,-1
913,35.0,715.0,494.5,115.2,112.5,-1,-1,-1,-1
913,33.0,513.9,519.3,144.0,112.5,-1,-1,-1,-1
913,30.0,797.4,353.7,57.6,167.9,-1,-1,-1,-1
913,13.0,459.2,360.2,50.2,148.7,-1,-1,-1,-1
913,12.0,557.5,342.4,61.2,162.0,-1,-1,-1,-1
913,10.0,611.5,166.9,40.5,139.9,-1,-1,-1,-1
913,2.0,345.1,351.4,45.4,149.4,-1,-1,-1,-1
914,64.0,508.0,319.7,53.1,154.6,-1,-1,-1,-1
914,63.0,630.0,342.2,50.4,189.2,-1,-1,-1,-1
914,62.0,758.7,360.4,51.3,135.0,-1,-1,-1,-1
914,61.0,416.0,373.3,50.2,135.7,-1,-1,-1,-1
914,58.0,380.5,363.4,70.6,149.6,-1,-1,-1,-1
914,54.0,603.4,343.3,45.9,184.0,-1,-1,-1,-1
914,52.0,698.8,334.8,51.3,143.5,-1,-1,-1,-1
914,46.0,603.4,244.8,46.8,153.4,-1,-1,-1,-1
914,45.0,567.0,366.1,50.4,168.5,-1,-1,-1,-1
914,37.0,954.0,341.1,54.0,155.7,-1,-1,-1,-1
914,35.0,719.1,477.9,109.8,130.5,-1,-1,-1,-1
914,33.0,520.2,524.2,126.0,122.4,-1,-1,-1,-1
914,30.0,804.1,353.7,63.9,168.3,-1,-1,-1,-1
914,13.0,459.4,361.6,52.2,144.2,-1,-1,-1,-1
914,12.0,556.6,340.2,57.6,163.8,-1,-1,-1,-1
914,10.0,611.1,157.7,43.2,139.9,-1,-1,-1,-1
914,2.0,340.9,350.1,40.5,150.8,-1,-1,-1,-1
915,64.0,505.8,318.4,51.3,155.0,-1,-1,-1,-1
915,63.0,630.9,341.3,49.5,190.6,-1,-1,-1,-1
915,62.0,762.7,361.6,44.1,128.5,-1,-1,-1,-1
915,61.0,417.8,379.3,48.4,129.6,-1,-1,-1,-1
915,58.0,372.8,363.6,65.2,149.0,-1,-1,-1,-1
915,54.0,599.4,346.5,50.4,180.0,-1,-1,-1,-1
915,52.0,702.0,334.3,51.3,141.8,-1,-1,-1,-1
915,46.0,603.0,227.1,46.8,174.3,-1,-1,-1,-1
915,45.0,548.1,363.4,70.2,172.1,-1,-1,-1,-1
915,37.0,954.0,340.2,57.6,157.0,-1,-1,-1,-1
915,35.0,753.3,466.2,85.5,142.2,-1,-1,-1,-1
915,33.0,504.0,502.2,103.5,144.0,-1,-1,-1,-1
915,30.0,813.1,359.1,69.3,162.9,-1,-1,-1,-1
915,13.0,455.2,362.5,58.3,143.3,-1,-1,-1,-1
915,12.0,551.7,338.8,62.1,165.1,-1,-1,-1,-1
915,10.0,599.8,150.6,63.0,145.9,-1,-1,-1,-1
915,2.0,334.3,347.8,44.6,152.1,-1,-1,-1,-1
916,64.0,505.8,317.9,51.3,154.6,-1,-1,-1,-1
916,63.0,630.4,341.8,49.5,190.1,-1,-1,-1,-1
916,62.0,762.7,361.8,45.0,139.0,-1,-1,-1,-1
916,61.0,416.0,378.0,45.7,131.4,-1,-1,-1,-1
916,58.0,367.9,363.8,65.7,148.7,-1,-1,-1,-1
916,54.0,599.4,346.0,51.3,180.5,-1,-1,-1,-1
916,52.0,702.0,333.9,52.2,142.6,-1,-1,-1,-1
916,46.0,602.5,230.4,46.8,170.5,-1,-1,-1,-1
916,45.0,544.5,365.8,72.9,164.2,-1,-1,-1,-1
916,37.0,953.1,340.0,59.4,156.8,-1,-1,-1,-1
916,35.0,779.8,467.5,72.9,140.4,-1,-1,-1,-1
916,33.0,494.5,474.3,85.5,171.9,-1,-1,-1,-1
916,30.0,814.9,362.2,81.0,159.3,-1,-1,-1,-1
916,13.0,453.6,362.2,59.4,140.9,-1,-1,-1,-1
916,12.0,541.3,339.1,71.1,158.6,-1,-1,-1,-1
916,10.0,595.3,148.3,72.9,148.0,-1,-1,-1,-1
916,2.0,331.6,346.0,44.1,152.1,-1,-1,-1,-1
917,64.0,504.4,317.5,52.2,153.7,-1,-1,-1,-1
917,63.0,629.1,338.2,51.3,193.3,-1,-1,-1,-1
917,62.0,762.7,361.8,45.9,139.0,-1,-1,-1,-1
917,61.0,408.8,377.1,54.7,131.9,-1,-1,-1,-1
917,60.0,788.4,371.5,54.0,144.2,-1,-1,-1,-1
917,58.0,358.0,364.0,66.6,149.0,-1,-1,-1,-1
917,54.0,596.2,343.8,54.0,183.6,-1,-1,-1,-1
917,52.0,702.0,332.5,54.9,144.9,-1,-1,-1,-1
917,46.0,602.1,224.5,46.8,178.2,-1,-1,-1,-1
917,45.0,567.4,348.5,49.5,181.1,-1,-1,-1,-1
917,37.0,954.0,340.6,59.4,155.7,-1,-1,-1,-1
917,35.0,780.3,441.4,137.7,166.5,-1,-1,-1,-1
917,33.0,455.8,496.3,104.4,150.3,-1,-1,-1,-1
917,30.0,823.0,370.1,93.6,153.7,-1,-1,-1,-1
917,13.0,452.2,359.5,61.2,143.1,-1,-1,-1,-1
917,12.0,523.3,338.2,65.7,163.1,-1,-1,-1,-1
917,10.0,602.5,145.0,51.3,151.1,-1,-1,-1,-1
917,2.0,328.0,343.8,45.0,150.8,-1,-1,-1,-1
918,64.0,504.4,317.2,51.3,153.4,-1,-1,-1,-1
918,63.0,629.1,342.0,51.3,189.9,-1,-1,-1,-1
918,62.0,762.7,361.8,47.7,138.6,-1,-1,-1,-1
918,61.0,405.9,376.9,62.1,131.6,-1,-1,-1,-1
918,60.0,787.9,377.5,52.2,139.0,-1,-1,-1,-1
918,58.0,356.4,364.0,63.9,149.0,-1,-1,-1,-1
918,54.0,596.7,343.6,53.1,182.9,-1,-1,-1,-1
918,52.0,705.6,331.6,52.2,144.9,-1,-1,-1,-1
918,46.0,602.1,228.6,46.8,173.2,-1,-1,-1,-1
918,45.0,569.7,349.9,46.8,179.3,-1,-1,-1,-1
918,37.0,952.2,340.9,61.2,155.0,-1,-1,-1,-1
918,35.0,783.9,479.2,157.5,127.8,-1,-1,-1,-1
918,33.0,418.0,477.9,137.7,168.3,-1,-1,-1,-1
918,30.0,826.6,371.9,84.6,152.8,-1,-1,-1,-1
918,13.0,454.5,358.2,58.5,141.8,-1,-1,-1,-1
918,12.0,520.6,339.1,67.5,161.8,-1,-1,-1,-1
918,10.0,585.0,142.4,90.9,152.8,-1,-1,-1,-1
918,2.0,327.4,341.1,42.8,152.1,-1,-1,-1,-1
919,64.0,504.0,317.0,51.3,155.5,-1,-1,-1,-1
919,63.0,629.5,339.7,51.3,191.7,-1,-1,-1,-1
919,62.0,763.6,361.8,47.7,138.6,-1,-1,-1,-1
919,61.0,414.0,375.3,41.9,132.3,-1,-1,-1,-1
919,60.0,786.6,388.6,57.6,127.1,-1,-1,-1,-1
919,58.0,352.1,363.1,62.1,148.9,-1,-1,-1,-1
919,54.0,597.6,342.4,51.3,183.6,-1,-1,-1,-1
919,52.0,706.5,330.5,54.0,145.6,-1,-1,-1,-1
919,46.0,603.0,224.4,45.9,178.8,-1,-1,-1,-1
919,45.0,570.6,347.4,45.9,182.7,-1,-1,-1,-1
919,37.0,950.4,341.3,63.0,152.8,-1,-1,-1,-1
919,35.0,775.8,474.7,148.5,113.4,-1,-1,-1,-1
919,33.0,381.1,521.1,177.3,108.0,-1,-1,-1,-1
919,30.0,832.0,371.2,75.6,159.8,-1,-1,-1,-1
919,13.0,459.2,356.4,53.8,141.7,-1,-1,-1,-1
919,12.0,519.8,338.8,65.7,162.5,-1,-1,-1,-1
919,10.0,589.9,138.4,81.9,158.2,-1,-1,-1,-1
919,2.0,324.0,336.8,44.1,151.4,-1,-1,-1,-1
920,64.0,503.1,317.2,49.5,154.8,-1,-1,-1,-1
920,63.0,630.0,339.7,50.4,192.1,-1,-1,-1,-1
920,62.0,763.6,362.0,45.9,138.4,-1,-1,-1,-1
920,61.0,414.7,374.8,40.0,131.9,-1,-1,-1,-1
920,60.0,786.1,394.0,55.8,122.6,-1,-1,-1,-1
920,58.0,350.5,360.9,64.4,150.3,-1,-1,-1,-1
920,54.0,597.6,342.7,51.3,182.9,-1,-1,-1,-1
920,52.0,706.0,330.3,55.8,145.3,-1,-1,-1,-1
920,46.0,603.4,223.4,45.9,180.4,-1,-1,-1,-1
920,45.0,569.7,346.7,46.8,183.4,-1,-1,-1,-1
920,37.0,949.5,341.3,64.8,152.8,-1,-1,-1,-1
920,35.0,769.5,480.1,136.8,119.7,-1,-1,-1,-1
920,33.0,385.2,519.3,169.2,99.0,-1,-1,-1,-1
920,30.0,841.0,369.2,85.9,154.6,-1,-1,-1,-1
920,13.0,458.1,355.3,54.0,142.4,-1,-1,-1,-1
920,12.0,519.3,339.7,64.8,161.1,-1,-1,-1,-1
920,10.0,587.7,130.9,86.4,165.6,-1,-1,-1,-1
920,2.0,318.8,335.7,47.7,150.8,-1,-1,-1,-1
921,64.0,502.6,317.2,46.8,153.0,-1,-1,-1,-1
921,63.0,629.5,342.0,51.3,189.9,-1,-1,-1,-1
921,62.0,761.4,362.0,47.7,139.3,-1,-1,-1,-1
921,61.0,414.7,372.4,37.8,132.1,-1,-1,-1,-1
921,60.0,784.8,398.2,53.1,117.4,-1,-1,-1,-1
921,58.0,349.0,358.0,67.5,151.4,-1,-1,-1,-1
921,54.0,597.1,345.6,50.4,180.0,-1,-1,-1,-1
921,52.0,707.4,330.1,57.6,144.2,-1,-1,-1,-1
921,46.0,603.9,221.7,45.9,180.6,-1,-1,-1,-1
921,45.0,566.1,345.6,52.2,185.4,-1,-1,-1,-1
921,37.0,948.6,340.2,63.0,152.5,-1,-1,-1,-1
921,35.0,789.3,478.3,112.5,129.6,-1,-1,-1,-1
921,33.0,396.0,510.3,148.5,129.6,-1,-1,-1,-1
921,30.0,866.7,366.7,60.3,157.1,-1,-1,-1,-1
921,13.0,457.4,353.9,54.2,143.3,-1,-1,-1,-1
921,12.0,520.2,338.6,59.4,161.8,-1,-1,-1,-1
921,10.0,581.8,127.5,90.0,170.9,-1,-1,-1,-1
921,2.0,317.5,332.8,47.7,153.7,-1,-1,-1,-1
922,64.0,502.2,317.2,47.7,153.0,-1,-1,-1,-1
922,63.0,630.0,341.8,50.4,190.1,-1,-1,-1,-1
922,62.0,763.6,362.7,46.8,138.6,-1,-1,-1,-1
922,61.0,414.7,371.2,37.3,133.2,-1,-1,-1,-1
922,60.0,781.6,398.9,56.7,119.0,-1,-1,-1,-1
922,58.0,348.3,357.7,67.5,149.4,-1,-1,-1,-1
922,54.0,598.0,342.9,48.6,182.7,-1,-1,-1,-1
922,52.0,706.5,329.6,59.4,144.2,-1,-1,-1,-1
922,50.0,835.2,359.5,54.9,149.8,-1,-1,-1,-1
922,46.0,603.9,224.5,45.9,179.1,-1,-1,-1,-1
922,45.0,570.1,346.7,49.5,184.3,-1,-1,-1,-1
922,37.0,947.7,337.7,63.0,153.7,-1,-1,-1,-1
922,35.0,805.0,463.5,99.9,144.0,-1,-1,-1,-1
922,33.0,399.6,509.4,139.5,141.3,-1,-1,-1,-1
922,30.0,870.3,364.7,56.7,158.6,-1,-1,-1,-1
922,13.0,456.5,353.2,54.7,144.0,-1,-1,-1,-1
922,12.0,520.2,337.7,56.7,162.7,-1,-1,-1,-1
922,10.0,581.4,127.1,90.9,171.0,-1,-1,-1,-1
922,2.0,315.9,333.0,46.8,153.5,-1,-1,-1,-1
923,64.0,498.1,317.5,48.6,152.8,-1,-1,-1,-1
923,63.0,630.9,341.3,49.5,190.6,-1,-1,-1,-1
923,62.0,766.3,362.2,44.1,138.6,-1,-1,-1,-1
923,61.0,382.9,369.9,69.3,134.1,-1,-1,-1,-1
923,60.0,783.0,418.7,54.9,100.6,-1,-1,-1,-1
923,58.0,343.3,353.7,46.4,149.4,-1,-1,-1,-1
923,54.0,597.6,343.6,49.5,181.6,-1,-1,-1,-1
923,52.0,706.5,329.6,60.3,144.2,-1,-1,-1,-1
923,50.0,837.0,357.5,45.9,149.6,-1,-1,-1,-1
923,46.0,603.9,224.2,46.8,180.8,-1,-1,-1,-1
923,45.0,569.2,350.8,51.3,180.2,-1,-1,-1,-1
923,37.0,947.7,335.7,55.8,152.5,-1,-1,-1,-1
923,35.0,846.0,435.1,81.9,172.8,-1,-1,-1,-1
923,33.0,387.9,486.0,114.7,165.6,-1,-1,-1,-1
923,30.0,879.7,362.7,47.2,161.6,-1,-1,-1,-1
923,13.0,456.7,351.7,54.9,145.6,-1,-1,-1,-1
923,12.0,520.6,337.3,54.0,160.4,-1,-1,-1,-1
923,10.0,581.4,129.3,90.9,169.5,-1,-1,-1,-1
923,2.0,313.6,333.4,45.9,152.5,-1,-1,-1,-1
924,64.0,497.2,317.2,50.4,152.5,-1,-1,-1,-1
924,63.0,631.3,339.7,48.6,192.1,-1,-1,-1,-1
924,62.0,767.7,362.2,43.2,139.1,-1,-1,-1,-1
924,61.0,383.4,369.9,68.4,134.5,-1,-1,-1,-1
924,60.0,770.8,413.8,67.5,106.0,-1,-1,-1,-1
924,58.0,338.2,352.6,49.0,149.6,-1,-1,-1,-1
924,54.0,597.6,346.5,49.5,179.1,-1,-1,-1,-1
924,52.0,706.5,329.6,59.4,144.7,-1,-1,-1,-1
924,50.0,837.9,355.9,54.9,150.3,-1,-1,-1,-1
924,46.0,604.8,227.0,46.8,180.0,-1,-1,-1,-1
924,45.0,567.0,354.4,51.3,176.6,-1,-1,-1,-1
924,37.0,946.8,332.5,54.0,154.8,-1,-1,-1,-1
924,35.0,848.7,482.8,73.8,125.1,-1,-1,-1,-1
924,33.0,374.4,468.9,96.7,182.7,-1,-1,-1,-1
924,30.0,881.5,361.8,49.9,161.5,-1,-1,-1,-1
924,13.0,456.1,350.5,54.2,146.7,-1,-1,-1,-1
924,12.0,520.2,337.3,53.1,160.4,-1,-1,-1,-1
924,10.0,581.8,129.4,89.1,169.9,-1,-1,-1,-1
924,2.0,312.3,335.2,52.2,146.7,-1,-1,-1,-1
925,64.0,500.4,317.7,46.8,151.6,-1,-1,-1,-1
925,63.0,630.4,339.7,49.5,191.7,-1,-1,-1,-1
925,62.0,766.8,362.0,46.8,143.3,-1,-1,-1,-1
925,61.0,394.2,369.9,56.2,134.1,-1,-1,-1,-1
925,60.0,758.7,405.4,80.1,114.3,-1,-1,-1,-1
925,58.0,323.3,351.4,56.7,148.9,-1,-1,-1,-1
925,54.0,598.5,344.2,49.5,181.4,-1,-1,-1,-1
925,52.0,705.6,329.4,59.4,144.9,-1,-1,-1,-1
925,50.0,837.9,353.0,54.0,152.8,-1,-1,-1,-1
925,46.0,605.2,224.8,46.8,178.2,-1,-1,-1,-1
925,45.0,570.1,352.6,50.4,178.4,-1,-1,-1,-1
925,37.0,945.9,331.4,54.0,153.7,-1,-1,-1,-1
925,35.0,850.5,452.2,128.7,155.7,-1,-1,-1,-1
925,33.0,358.2,449.3,86.9,201.8,-1,-1,-1,-1
925,30.0,896.4,362.0,45.0,160.0,-1,-1,-1,-1
925,13.0,457.0,347.8,52.4,149.4,-1,-1,-1,-1
925,12.0,519.8,337.3,53.1,159.5,-1,-1,-1,-1
925,10.0,584.5,125.3,83.7,173.2,-1,-1,-1,-1
925,2.0,310.7,340.4,45.0,142.0,-1,-1,-1,-1
926,64.0,501.3,317.5,45.0,151.4,-1,-1,-1,-1
926,63.0,627.3,339.7,52.2,191.7,-1,-1,-1,-1
926,62.0,770.4,362.5,45.0,142.4,-1,-1,-1,-1
926,61.0,403.9,368.3,46.8,134.8,-1,-1,-1,-1
926,60.0,754.2,404.5,83.7,115.2,-1,-1,-1,-1
926,58.0,331.0,350.8,48.1,150.5,-1,-1,-1,-1
926,54.0,598.0,344.7,50.4,180.9,-1,-1,-1,-1
926,52.0,705.6,329.4,56.7,144.9,-1,-1,-1,-1
926,50.0,837.4,353.9,54.9,151.9,-1,-1,-1,-1
926,46.0,604.8,225.0,47.7,179.6,-1,-1,-1,-1
926,45.0,570.1,358.9,51.3,171.2,-1,-1,-1,-1
926,37.0,945.0,331.2,54.0,155.2,-1,-1,-1,-1
926,35.0,852.7,480.6,146.2,126.9,-1,-1,-1,-1
926,33.0,318.6,449.8,125.1,200.9,-1,-1,-1,-1
926,30.0,898.2,362.2,46.8,149.0,-1,-1,-1,-1
926,13.0,457.0,346.9,50.6,150.3,-1,-1,-1,-1
926,12.0,520.2,336.8,54.0,160.0,-1,-1,-1,-1
926,10.0,585.0,124.9,81.9,171.9,-1,-1,-1,-1
926,2.0,309.1,342.7,46.8,139.7,-1,-1,-1,-1
927,64.0,499.9,317.5,46.8,151.4,-1,-1,-1,-1
927,63.0,627.3,344.7,52.2,187.2,-1,-1,-1,-1
927,62.0,771.3,362.7,45.9,145.8,-1,-1,-1,-1
927,61.0,409.9,367.6,40.5,135.4,-1,-1,-1,-1
927,60.0,746.1,405.2,86.4,112.7,-1,-1,-1,-1
927,58.0,326.0,351.9,49.9,148.0,-1,-1,-1,-1
927,54.0,598.5,341.5,50.4,183.6,-1,-1,-1,-1
927,52.0,705.6,328.9,54.9,145.8,-1,-1,-1,-1
927,50.0,837.0,352.6,55.8,153.7,-1,-1,-1,-1
927,46.0,604.8,227.0,48.6,172.8,-1,-1,-1,-1
927,45.0,571.0,345.6,51.3,185.4,-1,-1,-1,-1
927,37.0,945.0,329.8,54.0,155.7,-1,-1,-1,-1
927,35.0,861.3,499.5,144.0,107.1,-1,-1,-1,-1
927,33.0,265.7,470.2,171.9,179.1,-1,-1,-1,-1
927,30.0,900.9,363.6,64.8,152.1,-1,-1,-1,-1
927,13.0,457.4,345.6,50.2,152.1,-1,-1,-1,-1
927,12.0,519.8,337.5,54.9,159.3,-1,-1,-1,-1
927,10.0,591.3,122.3,72.0,172.9,-1,-1,-1,-1
927,2.0,305.3,342.9,47.7,146.7,-1,-1,-1,-1
928,64.0,500.4,317.9,46.8,151.0,-1,-1,-1,-1
928,63.0,617.8,343.8,61.2,187.6,-1,-1,-1,-1
928,62.0,773.1,363.1,45.0,132.7,-1,-1,-1,-1
928,61.0,407.9,367.6,40.5,135.4,-1,-1,-1,-1
928,60.0,743.4,405.7,82.8,110.5,-1,-1,-1,-1
928,58.0,313.6,352.1,61.6,148.3,-1,-1,-1,-1
928,54.0,598.5,341.3,51.3,184.7,-1,-1,-1,-1
928,52.0,706.0,328.7,54.0,145.6,-1,-1,-1,-1
928,50.0,836.5,353.0,55.8,152.8,-1,-1,-1,-1
928,46.0,604.8,224.5,48.6,180.4,-1,-1,-1,-1
928,45.0,570.1,344.5,51.3,186.5,-1,-1,-1,-1
928,37.0,944.1,328.9,54.0,156.6,-1,-1,-1,-1
928,35.0,868.9,502.2,123.8,105.3,-1,-1,-1,-1
928,33.0,262.6,486.4,169.6,162.9,-1,-1,-1,-1
928,30.0,902.7,364.9,63.0,153.0,-1,-1,-1,-1
928,13.0,457.2,345.6,51.3,151.6,-1,-1,-1,-1
928,12.0,519.8,337.9,54.9,158.9,-1,-1,-1,-1
928,10.0,593.1,123.5,67.5,172.1,-1,-1,-1,-1
928,2.0,304.2,342.9,52.2,149.4,-1,-1,-1,-1
929,64.0,499.9,317.7,46.8,151.6,-1,-1,-1,-1
929,63.0,613.8,345.6,64.8,186.8,-1,-1,-1,-1
929,62.0,774.9,363.1,44.1,140.8,-1,-1,-1,-1
929,61.0,401.4,367.2,45.0,135.4,-1,-1,-1,-1
929,60.0,734.4,406.6,71.1,103.3,-1,-1,-1,-1
929,58.0,310.7,351.9,64.4,148.5,-1,-1,-1,-1
929,54.0,600.3,345.8,50.4,179.8,-1,-1,-1,-1
929,52.0,705.6,328.9,52.2,145.4,-1,-1,-1,-1
929,50.0,837.4,352.8,54.9,153.4,-1,-1,-1,-1
929,46.0,605.7,225.2,46.8,181.3,-1,-1,-1,-1
929,45.0,571.0,349.4,50.4,181.6,-1,-1,-1,-1
929,37.0,945.9,328.7,52.2,157.7,-1,-1,-1,-1
929,35.0,877.5,508.9,111.6,94.5,-1,-1,-1,-1
929,33.0,232.4,521.1,189.0,129.6,-1,-1,-1,-1
929,30.0,908.1,360.0,59.4,157.5,-1,-1,-1,-1
929,13.0,456.7,344.9,51.3,152.3,-1,-1,-1,-1
929,12.0,520.2,338.4,53.1,158.4,-1,-1,-1,-1
929,10.0,596.2,130.9,63.9,167.2,-1,-1,-1,-1
929,2.0,302.8,339.7,51.3,149.9,-1,-1,-1,-1
930,64.0,500.8,317.5,45.0,151.4,-1,-1,-1,-1
930,63.0,623.2,349.0,54.0,183.4,-1,-1,-1,-1
930,62.0,775.8,362.9,45.0,142.0,-1,-1,-1,-1
930,61.0,397.8,366.7,48.1,135.9,-1,-1,-1,-1
930,60.0,730.8,410.4,65.7,99.4,-1,-1,-1,-1
930,58.0,310.0,351.4,63.4,148.9,-1,-1,-1,-1
930,54.0,599.8,346.0,50.4,180.0,-1,-1,-1,-1
930,52.0,705.6,328.7,51.3,145.6,-1,-1,-1,-1
930,50.0,837.4,351.9,54.9,154.8,-1,-1,-1,-1
930,46.0,605.7,227.9,47.7,177.8,-1,-1,-1,-1
930,45.0,570.6,361.8,49.5,169.2,-1,-1,-1,-1
930,37.0,946.8,329.4,50.4,157.0,-1,-1,-1,-1
930,35.0,879.3,503.5,109.8,99.9,-1,-1,-1,-1
930,33.0,223.5,544.5,191.8,106.2,-1,-1,-1,-1
930,30.0,905.8,359.1,59.8,157.0,-1,-1,-1,-1
930,13.0,456.7,344.7,51.3,153.0,-1,-1,-1,-1
930,12.0,519.8,338.6,52.2,158.6,-1,-1,-1,-1
930,10.0,596.2,142.4,65.7,158.0,-1,-1,-1,-1
930,2.0,301.5,336.4,50.4,146.9,-1,-1,-1,-1
931,64.0,500.8,317.9,45.0,151.0,-1,-1,-1,-1
931,63.0,631.8,354.6,45.9,178.2,-1,-1,-1,-1
931,62.0,777.1,363.1,45.0,141.3,-1,-1,-1,-1
931,61.0,391.9,366.7,51.3,136.4,-1,-1,-1,-1
931,60.0,723.6,413.1,69.3,95.4,-1,-1,-1,-1
931,58.0,305.5,351.2,62.1,146.9,-1,-1,-1,-1
931,54.0,601.2,353.7,49.5,171.4,-1,-1,-1,-1
931,52.0,706.0,328.5,50.4,141.8,-1,-1,-1,-1
931,50.0,834.7,351.7,56.7,154.6,-1,-1,-1,-1
931,46.0,606.6,239.2,46.8,165.1,-1,-1,-1,-1
931,45.0,573.8,351.0,47.7,180.9,-1,-1,-1,-1
931,37.0,943.2,329.4,54.0,157.0,-1,-1,-1,-1
931,35.0,898.6,487.8,103.0,115.2,-1,-1,-1,-1
931,33.0,218.0,544.5,188.1,106.2,-1,-1,-1,-1
931,30.0,912.6,355.7,50.4,161.8,-1,-1,-1,-1
931,13.0,457.0,344.0,49.7,153.7,-1,-1,-1,-1
931,12.0,519.3,338.8,52.2,158.4,-1,-1,-1,-1
931,10.0,594.0,152.1,63.0,153.4,-1,-1,-1,-1
932,64.0,499.9,317.9,46.8,151.0,-1,-1,-1,-1
932,63.0,622.3,357.5,54.9,173.9,-1,-1,-1,-1
932,62.0,777.6,362.7,45.0,141.8,-1,-1,-1,-1
932,61.0,388.6,367.0,52.6,136.1,-1,-1,-1,-1
932,60.0,711.9,405.2,79.2,103.3,-1,-1,-1,-1
932,58.0,299.2,349.4,65.7,147.8,-1,-1,-1,-1
932,54.0,600.8,354.6,49.5,170.5,-1,-1,-1,-1
932,52.0,706.9,328.5,49.5,142.2,-1,-1,-1,-1
932,50.0,832.9,352.1,58.5,153.7,-1,-1,-1,-1
932,46.0,606.6,254.0,47.7,148.5,-1,-1,-1,-1
932,45.0,573.8,359.5,49.5,174.6,-1,-1,-1,-1
932,37.0,940.5,330.3,55.8,155.2,-1,-1,-1,-1
932,35.0,912.6,477.9,95.4,126.0,-1,-1,-1,-1
932,33.0,219.4,537.3,180.4,112.5,-1,-1,-1,-1
932,30.0,913.0,354.8,52.7,152.8,-1,-1,-1,-1
932,13.0,456.7,343.6,50.4,154.1,-1,-1,-1,-1
932,12.0,519.8,339.3,51.3,157.9,-1,-1,-1,-1
932,10.0,595.3,155.9,63.0,152.5,-1,-1,-1,-1
933,64.0,498.6,318.1,47.7,151.2,-1,-1,-1,-1
933,63.0,610.2,359.5,66.6,173.2,-1,-1,-1,-1
933,62.0,778.0,363.1,45.0,140.8,-1,-1,-1,-1
933,61.0,387.2,368.1,53.6,135.9,-1,-1,-1,-1
933,60.0,694.8,396.0,91.8,112.5,-1,-1,-1,-1
933,58.0,295.0,348.1,65.7,147.4,-1,-1,-1,-1
933,54.0,602.5,355.7,49.5,169.9,-1,-1,-1,-1
933,52.0,707.4,328.3,48.6,143.3,-1,-1,-1,-1
933,50.0,829.3,349.9,59.4,154.1,-1,-1,-1,-1
933,46.0,607.0,258.3,47.7,146.2,-1,-1,-1,-1
933,45.0,574.2,354.1,49.5,181.4,-1,-1,-1,-1
933,37.0,942.3,331.6,54.0,162.0,-1,-1,-1,-1
933,35.0,937.8,469.3,82.8,133.2,-1,-1,-1,-1
933,33.0,225.7,517.5,152.5,132.3,-1,-1,-1,-1
933,30.0,914.4,355.0,55.8,153.4,-1,-1,-1,-1
933,13.0,456.7,343.6,49.5,154.6,-1,-1,-1,-1
933,12.0,519.3,339.7,52.2,157.5,-1,-1,-1,-1
933,10.0,593.1,162.0,65.7,154.8,-1,-1,-1,-1
934,64.0,499.0,318.4,45.9,150.5,-1,-1,-1,-1
934,63.0,607.5,360.9,69.3,171.4,-1,-1,-1,-1
934,62.0,778.9,363.4,44.1,140.6,-1,-1,-1,-1
934,61.0,387.0,368.1,53.6,135.9,-1,-1,-1,-1
934,60.0,688.9,391.7,94.5,115.4,-1,-1,-1,-1
934,58.0,295.0,347.4,64.4,148.5,-1,-1,-1,-1
934,54.0,602.5,355.9,47.7,169.2,-1,-1,-1,-1
934,52.0,706.9,328.0,49.5,144.9,-1,-1,-1,-1
934,50.0,828.0,349.0,59.4,154.1,-1,-1,-1,-1
934,46.0,607.0,255.6,47.7,152.1,-1,-1,-1,-1
934,45.0,574.2,359.8,48.6,175.3,-1,-1,-1,-1
934,37.0,941.4,331.2,54.0,163.4,-1,-1,-1,-1
934,35.0,953.1,462.6,72.0,139.5,-1,-1,-1,-1
934,33.0,226.2,510.3,140.1,139.5,-1,-1,-1,-1
934,30.0,915.7,355.7,55.4,155.9,-1,-1,-1,-1
934,13.0,456.3,343.3,49.5,154.4,-1,-1,-1,-1
934,12.0,518.8,339.7,52.2,157.1,-1,-1,-1,-1
934,10.0,594.0,165.6,65.7,151.7,-1,-1,-1,-1
935,64.0,497.7,318.6,46.8,150.8,-1,-1,-1,-1
935,63.0,605.2,363.6,72.0,168.3,-1,-1,-1,-1
935,62.0,778.5,363.4,44.1,141.1,-1,-1,-1,-1
935,61.0,386.8,368.5,53.5,135.4,-1,-1,-1,-1
935,60.0,677.7,391.5,87.3,112.1,-1,-1,-1,-1
935,58.0,291.8,347.2,66.6,148.7,-1,-1,-1,-1
935,54.0,601.6,356.8,49.5,168.3,-1,-1,-1,-1
935,52.0,706.0,328.3,50.4,146.0,-1,-1,-1,-1
935,50.0,824.4,348.1,54.9,150.5,-1,-1,-1,-1
935,46.0,607.0,256.7,48.6,150.3,-1,-1,-1,-1
935,45.0,574.2,355.9,50.4,179.1,-1,-1,-1,-1
935,37.0,940.5,330.7,54.0,162.5,-1,-1,-1,-1
935,35.0,967.5,448.6,82.8,152.1,-1,-1,-1,-1
935,33.0,223.6,497.7,111.6,152.1,-1,-1,-1,-1
935,30.0,917.1,358.0,57.6,152.8,-1,-1,-1,-1
935,13.0,456.5,343.3,48.8,153.9,-1,-1,-1,-1
935,12.0,518.4,339.3,52.2,157.5,-1,-1,-1,-1
935,10.0,597.6,171.9,62.1,144.0,-1,-1,-1,-1
936,64.0,497.2,318.4,46.8,151.4,-1,-1,-1,-1
936,63.0,607.5,361.3,71.1,169.7,-1,-1,-1,-1
936,62.0,778.9,363.1,43.2,141.3,-1,-1,-1,-1
936,61.0,386.5,368.5,54.0,135.4,-1,-1,-1,-1
936,60.0,673.2,390.6,78.3,112.5,-1,-1,-1,-1
936,58.0,292.3,348.5,66.1,151.0,-1,-1,-1,-1
936,54.0,603.0,356.2,47.7,169.0,-1,-1,-1,-1
936,52.0,706.5,328.0,49.5,144.4,-1,-1,-1,-1
936,50.0,823.0,347.8,51.3,149.4,-1,-1,-1,-1
936,46.0,607.5,270.0,48.6,134.1,-1,-1,-1,-1
936,45.0,574.6,354.4,49.5,181.1,-1,-1,-1,-1
936,37.0,940.5,329.6,54.0,160.9,-1,-1,-1,-1
936,35.0,977.4,447.1,86.4,155.0,-1,-1,-1,-1
936,33.0,221.8,492.7,101.2,156.6,-1,-1,-1,-1
936,30.0,917.1,358.4,59.4,151.9,-1,-1,-1,-1
936,13.0,456.1,343.3,48.8,153.9,-1,-1,-1,-1
936,12.0,518.4,339.3,52.2,157.5,-1,-1,-1,-1
936,10.0,600.8,170.8,58.5,145.4,-1,-1,-1,-1
937,64.0,496.8,317.9,47.7,151.0,-1,-1,-1,-1
937,63.0,628.6,357.1,51.3,176.2,-1,-1,-1,-1
937,62.0,779.8,362.9,41.4,142.0,-1,-1,-1,-1
937,61.0,385.4,368.5,52.2,135.0,-1,-1,-1,-1
937,60.0,665.5,402.7,54.9,100.8,-1,-1,-1,-1
937,58.0,291.6,348.1,55.4,147.8,-1,-1,-1,-1
937,54.0,600.8,356.8,52.2,170.5,-1,-1,-1,-1
937,52.0,706.5,328.0,49.5,146.2,-1,-1,-1,-1
937,50.0,820.3,346.7,43.2,150.1,-1,-1,-1,-1
937,46.0,607.0,258.5,48.6,141.8,-1,-1,-1,-1
937,45.0,574.2,358.6,52.2,175.9,-1,-1,-1,-1
937,37.0,936.9,328.0,57.6,167.4,-1,-1,-1,-1
937,35.0,988.2,443.0,99.0,163.1,-1,-1,-1,-1
937,33.0,221.4,483.3,79.6,165.6,-1,-1,-1,-1
937,30.0,917.5,358.4,60.8,148.7,-1,-1,-1,-1
937,13.0,456.1,343.3,48.8,153.9,-1,-1,-1,-1
937,12.0,517.9,338.4,52.2,158.4,-1,-1,-1,-1
937,10.0,606.1,173.8,53.1,136.7,-1,-1,-1,-1
938,64.0,495.9,318.1,48.6,151.2,-1,-1,-1,-1
938,63.0,630.4,353.0,50.4,181.6,-1,-1,-1,-1
938,62.0,779.4,362.9,44.1,142.0,-1,-1,-1,-1
938,61.0,384.7,368.8,47.7,135.2,-1,-1,-1,-1
938,60.0,648.9,400.5,63.0,103.5,-1,-1,-1,-1
938,58.0,291.6,347.6,57.1,147.4,-1,-1,-1,-1
938,54.0,603.0,353.7,51.3,171.9,-1,-1,-1,-1
938,52.0,706.0,328.0,50.4,145.8,-1,-1,-1,-1
938,50.0,818.1,346.5,45.0,149.4,-1,-1,-1,-1
938,46.0,607.0,258.1,48.6,147.6,-1,-1,-1,-1
938,45.0,575.1,349.0,49.5,184.7,-1,-1,-1,-1
938,37.0,937.8,327.8,57.6,164.9,-1,-1,-1,-1
938,35.0,991.8,440.8,102.6,164.9,-1,-1,-1,-1
938,33.0,221.3,477.4,71.2,171.9,-1,-1,-1,-1
938,30.0,918.0,357.7,59.4,148.1,-1,-1,-1,-1
938,13.0,456.3,343.1,48.6,154.1,-1,-1,-1,-1
938,12.0,516.6,338.6,52.2,158.6,-1,-1,-1,-1
938,10.0,605.7,177.9,57.6,129.9,-1,-1,-1,-1
939,64.0,497.2,318.1,45.9,151.2,-1,-1,-1,-1
939,63.0,631.3,348.5,52.2,188.3,-1,-1,-1,-1
939,62.0,779.4,363.4,46.8,141.5,-1,-1,-1,-1
939,61.0,383.8,368.5,38.2,135.0,-1,-1,-1,-1
939,60.0,643.5,380.2,59.4,123.3,-1,-1,-1,-1
939,58.0,291.1,346.0,54.0,149.4,-1,-1,-1,-1
939,54.0,603.9,347.8,52.2,171.9,-1,-1,-1,-1
939,52.0,706.5,328.0,49.5,146.2,-1,-1,-1,-1
939,50.0,809.1,346.7,54.0,149.6,-1,-1,-1,-1
939,46.0,609.8,228.7,45.9,173.1,-1,-1,-1,-1
939,45.0,575.1,348.7,52.2,186.3,-1,-1,-1,-1
939,37.0,937.8,328.0,57.6,160.6,-1,-1,-1,-1
939,35.0,999.9,440.5,104.4,165.6,-1,-1,-1,-1
939,33.0,220.0,472.0,57.6,176.4,-1,-1,-1,-1
939,30.0,918.4,353.9,56.2,149.6,-1,-1,-1,-1
939,13.0,456.5,343.3,48.4,153.9,-1,-1,-1,-1
939,12.0,516.1,337.7,52.2,159.1,-1,-1,-1,-1
939,10.0,611.5,189.0,49.5,107.6,-1,-1,-1,-1
940,64.0,496.3,317.7,47.7,152.1,-1,-1,-1,-1
940,63.0,632.2,349.9,66.6,187.9,-1,-1,-1,-1
940,62.0,778.9,363.1,45.9,141.3,-1,-1,-1,-1
940,61.0,383.8,369.0,36.9,134.6,-1,-1,-1,-1
940,58.0,291.1,345.6,53.1,149.9,-1,-1,-1,-1
940,54.0,604.3,346.5,50.4,174.1,-1,-1,-1,-1
940,52.0,707.8,328.0,48.6,145.8,-1,-1,-1,-1
940,50.0,804.1,346.9,58.5,148.9,-1,-1,-1,-1
940,46.0,609.8,195.5,47.7,199.8,-1,-1,-1,-1
940,45.0,573.8,349.6,54.9,185.4,-1,-1,-1,-1
940,37.0,935.1,327.6,59.4,164.2,-1,-1,-1,-1
940,35.0,1009.8,437.6,95.4,167.6,-1,-1,-1,-1
940,33.0,212.2,469.8,63.5,178.2,-1,-1,-1,-1
940,30.0,919.8,352.8,55.8,149.4,-1,-1,-1,-1
940,13.0,457.0,343.1,48.4,153.7,-1,-1,-1,-1
940,12.0,514.8,337.7,53.1,160.0,-1,-1,-1,-1
940,2.0,299.9,328.0,47.2,152.1,-1,-1,-1,-1
941,64.0,497.7,317.5,46.8,152.3,-1,-1,-1,-1
941,63.0,628.6,348.1,55.8,188.8,-1,-1,-1,-1
941,62.0,778.0,363.8,44.1,140.6,-1,-1,-1,-1
941,61.0,383.4,369.4,36.0,134.5,-1,-1,-1,-1
941,58.0,291.1,344.9,54.0,150.5,-1,-1,-1,-1
941,54.0,605.7,346.5,53.1,175.9,-1,-1,-1,-1
941,52.0,707.4,328.3,48.6,145.6,-1,-1,-1,-1
941,50.0,786.6,348.1,75.6,147.8,-1,-1,-1,-1
941,46.0,605.7,203.1,51.3,171.8,-1,-1,-1,-1
941,45.0,573.3,349.6,63.0,187.6,-1,-1,-1,-1
941,37.0,934.2,325.8,61.2,164.2,-1,-1,-1,-1
941,35.0,1031.4,439.4,75.6,164.0,-1,-1,-1,-1
941,33.0,184.9,469.3,83.2,178.2,-1,-1,-1,-1
941,30.0,919.8,351.4,55.8,149.9,-1,-1,-1,-1
941,13.0,457.6,343.3,47.7,153.5,-1,-1,-1,-1
941,12.0,513.4,337.7,53.1,160.0,-1,-1,-1,-1
941,2.0,301.7,329.4,46.4,149.8,-1,-1,-1,-1
942,64.0,497.2,317.5,46.8,152.3,-1,-1,-1,-1
942,63.0,620.5,347.8,63.0,191.7,-1,-1,-1,-1
942,62.0,776.7,364.0,45.0,140.8,-1,-1,-1,-1
942,61.0,382.9,369.0,36.5,135.0,-1,-1,-1,-1
942,58.0,291.6,344.7,54.0,151.2,-1,-1,-1,-1
942,52.0,707.4,328.3,48.6,146.5,-1,-1,-1,-1
942,50.0,783.0,348.3,79.2,147.6,-1,-1,-1,-1
942,46.0,605.7,199.1,56.7,183.2,-1,-1,-1,-1
942,45.0,573.8,351.2,67.5,187.0,-1,-1,-1,-1
942,37.0,934.2,326.0,61.2,164.9,-1,-1,-1,-1
942,35.0,1040.4,441.0,70.2,162.0,-1,-1,-1,-1
942,33.0,172.1,468.0,88.7,179.1,-1,-1,-1,-1
942,30.0,919.8,351.4,55.8,149.9,-1,-1,-1,-1
942,13.0,457.6,343.3,47.7,153.9,-1,-1,-1,-1
942,12.0,513.0,338.4,52.2,159.3,-1,-1,-1,-1
942,2.0,303.1,329.4,45.0,146.2,-1,-1,-1,-1
943,64.0,499.0,317.2,45.0,153.0,-1,-1,-1,-1
943,63.0,625.5,353.5,53.1,189.2,-1,-1,-1,-1
943,62.0,770.8,365.4,52.2,139.5,-1,-1,-1,-1
943,61.0,383.2,369.7,35.5,134.3,-1,-1,-1,-1
943,58.0,291.8,342.7,54.0,153.2,-1,-1,-1,-1
943,52.0,707.8,328.3,48.6,147.4,-1,-1,-1,-1
943,50.0,776.7,350.5,86.4,145.8,-1,-1,-1,-1
943,46.0,591.8,190.6,70.2,188.1,-1,-1,-1,-1
943,45.0,573.3,356.2,64.8,182.9,-1,-1,-1,-1
943,37.0,933.3,326.0,59.4,162.7,-1,-1,-1,-1
943,35.0,1060.2,444.8,61.2,160.0,-1,-1,-1,-1
943,33.0,150.3,468.0,95.4,179.1,-1,-1,-1,-1
943,30.0,919.8,351.0,55.8,150.3,-1,-1,-1,-1
943,13.0,457.6,342.9,47.7,154.3,-1,-1,-1,-1
943,12.0,511.6,338.2,51.3,159.5,-1,-1,-1,-1
943,2.0,301.7,329.8,46.4,146.7,-1,-1,-1,-1
944,64.0,496.3,317.7,46.8,152.5,-1,-1,-1,-1
944,63.0,611.1,355.3,66.6,188.8,-1,-1,-1,-1
944,62.0,772.2,358.6,50.4,146.2,-1,-1,-1,-1
944,61.0,383.2,368.8,35.1,135.2,-1,-1,-1,-1
944,58.0,292.5,343.3,53.1,152.1,-1,-1,-1,-1
944,52.0,708.3,328.7,48.6,146.9,-1,-1,-1,-1
944,50.0,781.2,350.5,78.3,147.1,-1,-1,-1,-1
944,46.0,597.1,210.6,89.1,185.8,-1,-1,-1,-1
944,45.0,575.1,366.7,69.3,175.1,-1,-1,-1,-1
944,37.0,935.1,326.2,55.8,162.0,-1,-1,-1,-1
944,35.0,1071.9,444.6,66.6,156.6,-1,-1,-1,-1
944,33.0,141.4,470.7,104.1,176.4,-1,-1,-1,-1
944,30.0,921.1,350.8,55.3,151.4,-1,-1,-1,-1
944,13.0,457.6,342.9,48.6,154.3,-1,-1,-1,-1
944,12.0,511.2,338.4,50.4,158.4,-1,-1,-1,-1
944,2.0,302.8,329.4,44.1,144.0,-1,-1,-1,-1
945,64.0,495.0,317.7,48.6,153.4,-1,-1,-1,-1
945,63.0,625.5,370.3,53.1,179.1,-1,-1,-1,-1
945,62.0,776.2,363.4,45.9,141.1,-1,-1,-1,-1
945,61.0,382.0,369.7,35.5,134.3,-1,-1,-1,-1
945,58.0,294.3,342.2,51.8,152.8,-1,-1,-1,-1
945,52.0,709.2,328.9,47.7,146.7,-1,-1,-1,-1
945,50.0,773.5,356.8,77.4,144.9,-1,-1,-1,-1
945,46.0,594.4,223.0,85.5,168.7,-1,-1,-1,-1
945,45.0,580.0,379.1,59.4,163.1,-1,-1,-1,-1
945,37.0,929.7,326.2,55.8,170.6,-1,-1,-1,-1
945,35.0,1085.4,445.9,93.6,153.9,-1,-1,-1,-1
945,33.0,129.1,472.0,115.0,177.3,-1,-1,-1,-1
945,30.0,926.1,350.1,50.4,152.1,-1,-1,-1,-1
945,13.0,457.6,343.1,50.4,154.1,-1,-1,-1,-1
945,12.0,510.3,338.6,50.4,158.6,-1,-1,-1,-1
946,64.0,494.5,317.9,48.6,153.7,-1,-1,-1,-1
946,63.0,622.3,368.1,54.9,181.8,-1,-1,-1,-1
946,62.0,778.9,360.9,41.4,143.1,-1,-1,-1,-1
946,61.0,382.0,369.4,35.5,135.0,-1,-1,-1,-1
946,58.0,294.8,342.4,51.3,152.5,-1,-1,-1,-1
946,52.0,709.6,328.9,47.7,146.7,-1,-1,-1,-1
946,50.0,778.9,363.4,66.6,141.1,-1,-1,-1,-1
946,46.0,591.8,230.1,82.8,161.4,-1,-1,-1,-1
946,45.0,584.5,373.0,56.7,169.6,-1,-1,-1,-1
946,37.0,928.8,326.2,55.8,166.5,-1,-1,-1,-1
946,35.0,1092.6,444.6,102.6,158.4,-1,-1,-1,-1
946,33.0,128.0,472.5,115.0,178.2,-1,-1,-1,-1
946,30.0,926.1,349.4,50.4,152.3,-1,-1,-1,-1
946,13.0,457.6,343.6,50.4,154.1,-1,-1,-1,-1
946,12.0,509.8,338.8,50.4,158.0,-1,-1,-1,-1
947,64.0,496.8,317.9,45.9,154.1,-1,-1,-1,-1
947,63.0,619.2,369.4,59.4,180.9,-1,-1,-1,-1
947,62.0,778.5,364.3,45.0,139.7,-1,-1,-1,-1
947,61.0,380.7,370.6,36.5,133.9,-1,-1,-1,-1
947,60.0,575.5,362.5,70.2,153.7,-1,-1,-1,-1
947,58.0,297.4,343.1,48.6,151.4,-1,-1,-1,-1
947,52.0,710.1,328.5,47.7,147.1,-1,-1,-1,-1
947,50.0,770.4,345.6,44.1,150.3,-1,-1,-1,-1
947,45.0,593.5,374.8,54.9,169.7,-1,-1,-1,-1
947,35.0,1094.4,448.2,111.6,160.2,-1,-1,-1,-1
947,33.0,127.6,475.6,107.3,174.6,-1,-1,-1,-1
947,30.0,927.9,349.2,50.4,152.1,-1,-1,-1,-1
947,13.0,457.6,344.0,51.3,153.7,-1,-1,-1,-1
947,12.0,509.4,338.8,50.4,158.0,-1,-1,-1,-1
947,10.0,583.2,206.8,81.9,127.8,-1,-1,-1,-1
948,64.0,497.7,317.5,46.8,155.0,-1,-1,-1,-1
948,63.0,619.6,368.8,61.2,181.6,-1,-1,-1,-1
948,62.0,779.4,364.5,40.5,140.0,-1,-1,-1,-1
948,61.0,380.0,370.8,36.9,133.6,-1,-1,-1,-1
948,58.0,296.5,345.1,49.9,150.3,-1,-1,-1,-1
948,52.0,710.5,328.5,47.7,147.1,-1,-1,-1,-1
948,50.0,767.7,344.9,43.2,149.6,-1,-1,-1,-1
948,45.0,597.1,372.4,52.2,172.1,-1,-1,-1,-1
948,35.0,1095.3,450.4,111.6,157.5,-1,-1,-1,-1
948,33.0,127.5,473.4,103.2,176.4,-1,-1,-1,-1
948,30.0,927.9,349.6,50.4,151.6,-1,-1,-1,-1
948,13.0,457.4,344.7,52.0,153.0,-1,-1,-1,-1
948,12.0,508.9,338.6,51.3,158.6,-1,-1,-1,-1
948,10.0,583.2,224.8,76.5,156.1,-1,-1,-1,-1
949,64.0,497.7,317.5,47.7,155.0,-1,-1,-1,-1
949,63.0,626.8,366.3,56.7,184.5,-1,-1,-1,-1
949,62.0,779.8,364.9,37.8,139.5,-1,-1,-1,-1
949,61.0,379.3,371.0,37.4,133.9,-1,-1,-1,-1
949,58.0,298.3,345.1,49.5,150.3,-1,-1,-1,-1
949,52.0,711.4,328.9,47.7,146.7,-1,-1,-1,-1
949,50.0,762.7,342.9,39.6,151.2,-1,-1,-1,-1
949,45.0,596.7,365.2,55.8,178.4,-1,-1,-1,-1
949,35.0,1101.6,448.2,106.2,160.2,-1,-1,-1,-1
949,33.0,127.3,471.6,91.8,178.2,-1,-1,-1,-1
949,30.0,929.7,349.4,48.6,151.4,-1,-1,-1,-1
949,13.0,457.2,344.7,52.2,153.4,-1,-1,-1,-1
949,12.0,508.5,338.6,51.3,158.6,-1,-1,-1,-1
949,2.0,279.9,326.5,64.3,149.6,-1,-1,-1,-1
950,64.0,497.7,317.5,47.7,154.1,-1,-1,-1,-1
950,63.0,625.5,369.2,59.4,181.6,-1,-1,-1,-1
950,62.0,778.0,365.2,39.6,139.7,-1,-1,-1,-1
950,61.0,378.9,371.2,37.8,133.2,-1,-1,-1,-1
950,58.0,298.3,346.0,49.5,149.8,-1,-1,-1,-1
950,52.0,711.9,328.7,46.8,147.4,-1,-1,-1,-1
950,50.0,758.7,343.1,41.4,151.4,-1,-1,-1,-1
950,37.0,918.9,325.8,54.0,152.5,-1,-1,-1,-1
950,35.0,1107.0,445.0,100.8,162.9,-1,-1,-1,-1
950,33.0,127.1,470.7,88.0,178.2,-1,-1,-1,-1
950,30.0,931.5,349.2,46.8,152.1,-1,-1,-1,-1
950,13.0,457.0,344.7,52.4,153.4,-1,-1,-1,-1
950,12.0,508.5,338.2,51.3,158.6,-1,-1,-1,-1
950,2.0,279.0,326.7,64.3,148.9,-1,-1,-1,-1
951,64.0,496.8,317.5,48.6,153.2,-1,-1,-1,-1
951,62.0,776.2,365.4,41.4,139.0,-1,-1,-1,-1
951,61.0,378.9,371.2,37.3,133.2,-1,-1,-1,-1
951,60.0,568.3,380.2,73.8,122.0,-1,-1,-1,-1
951,58.0,298.1,346.3,49.0,149.6,-1,-1,-1,-1
951,52.0,713.7,328.5,46.8,145.8,-1,-1,-1,-1
951,50.0,736.2,343.8,58.5,150.3,-1,-1,-1,-1
951,46.0,598.9,249.5,64.8,158.8,-1,-1,-1,-1
951,37.0,917.1,324.9,48.6,148.5,-1,-1,-1,-1
951,35.0,1110.6,441.9,100.8,161.1,-1,-1,-1,-1
951,33.0,126.8,472.5,81.4,176.4,-1,-1,-1,-1
951,30.0,934.2,349.6,45.0,151.6,-1,-1,-1,-1
951,13.0,456.7,344.7,53.1,153.4,-1,-1,-1,-1
951,12.0,508.0,337.9,56.7,158.4,-1,-1,-1,-1
951,2.0,280.3,328.9,60.8,146.2,-1,-1,-1,-1
952,64.0,495.4,317.7,50.4,153.4,-1,-1,-1,-1
952,62.0,774.4,366.3,43.2,138.1,-1,-1,-1,-1
952,61.0,378.7,370.8,37.8,133.6,-1,-1,-1,-1
952,60.0,565.6,370.6,77.4,132.1,-1,-1,-1,-1
952,58.0,298.1,346.0,48.6,149.8,-1,-1,-1,-1
952,52.0,713.7,328.0,45.0,146.2,-1,-1,-1,-1
952,50.0,726.3,343.3,67.5,149.9,-1,-1,-1,-1
952,46.0,599.4,246.6,65.7,153.4,-1,-1,-1,-1
952,37.0,916.6,324.2,51.8,148.7,-1,-1,-1,-1
952,35.0,1109.7,442.1,104.4,160.9,-1,-1,-1,-1
952,33.0,125.8,472.5,80.8,176.4,-1,-1,-1,-1
952,30.0,936.0,350.1,43.2,151.2,-1,-1,-1,-1
952,13.0,456.1,344.7,53.3,153.0,-1,-1,-1,-1
952,12.0,508.0,337.7,61.2,159.1,-1,-1,-1,-1
952,2.0,279.0,327.4,60.3,147.8,-1,-1,-1,-1
953,64.0,495.0,317.5,52.2,152.3,-1,-1,-1,-1
953,62.0,776.7,368.5,41.4,135.4,-1,-1,-1,-1
953,61.0,378.4,371.2,37.8,133.2,-1,-1,-1,-1
953,60.0,559.8,375.5,83.7,126.2,-1,-1,-1,-1
953,58.0,298.3,347.2,46.8,147.8,-1,-1,-1,-1
953,52.0,713.2,327.6,44.1,145.4,-1,-1,-1,-1
953,50.0,712.8,346.7,78.3,146.9,-1,-1,-1,-1
953,46.0,598.0,241.6,67.5,158.8,-1,-1,-1,-1
953,45.0,616.9,370.3,75.6,181.8,-1,-1,-1,-1
953,37.0,915.7,324.2,51.8,148.7,-1,-1,-1,-1
953,35.0,1109.7,442.8,104.4,161.1,-1,-1,-1,-1
953,33.0,121.4,477.0,84.6,171.0,-1,-1,-1,-1
953,30.0,936.9,351.4,43.2,149.9,-1,-1,-1,-1
953,13.0,455.8,348.5,52.2,149.6,-1,-1,-1,-1
953,12.0,508.5,336.6,56.7,159.8,-1,-1,-1,-1
953,2.0,278.8,326.2,58.5,149.4,-1,-1,-1,-1
954,64.0,495.0,318.1,52.2,153.4,-1,-1,-1,-1
954,62.0,779.4,369.2,37.8,134.8,-1,-1,-1,-1
954,61.0,378.4,370.8,37.8,133.6,-1,-1,-1,-1
954,60.0,567.0,351.4,72.9,149.4,-1,-1,-1,-1
954,58.0,298.3,347.4,46.8,147.6,-1,-1,-1,-1
954,52.0,712.8,327.8,41.4,145.6,-1,-1,-1,-1
954,50.0,707.8,349.2,83.7,144.9,-1,-1,-1,-1
954,46.0,595.3,240.1,71.1,155.2,-1,-1,-1,-1
954,45.0,590.8,360.9,85.5,193.0,-1,-1,-1,-1
954,37.0,915.3,324.4,52.2,149.4,-1,-1,-1,-1
954,35.0,1109.7,446.4,106.2,157.5,-1,-1,-1,-1
954,33.0,120.3,478.8,85.9,169.2,-1,-1,-1,-1
954,30.0,936.9,352.8,45.0,148.9,-1,-1,-1,-1
954,13.0,455.2,352.3,51.1,145.8,-1,-1,-1,-1
954,12.0,508.9,336.1,55.8,160.2,-1,-1,-1,-1
954,2.0,279.0,326.7,58.0,148.9,-1,-1,-1,-1
955,64.0,492.7,317.7,55.8,155.2,-1,-1,-1,-1
955,62.0,781.2,370.1,39.6,134.3,-1,-1,-1,-1
955,61.0,378.2,370.6,37.8,133.9,-1,-1,-1,-1
955,60.0,565.2,392.8,86.4,109.8,-1,-1,-1,-1
955,58.0,299.0,349.2,44.5,146.2,-1,-1,-1,-1
955,52.0,710.5,327.6,47.7,157.5,-1,-1,-1,-1
955,50.0,704.2,348.7,84.6,146.7,-1,-1,-1,-1
955,46.0,593.1,240.3,75.6,153.4,-1,-1,-1,-1
955,37.0,913.9,324.0,53.5,149.9,-1,-1,-1,-1
955,35.0,1109.7,446.2,106.2,157.7,-1,-1,-1,-1
955,33.0,119.2,482.8,86.6,164.7,-1,-1,-1,-1
955,30.0,936.0,355.7,45.0,146.5,-1,-1,-1,-1
955,13.0,454.7,358.6,51.1,139.5,-1,-1,-1,-1
955,12.0,509.4,335.7,70.2,160.6,-1,-1,-1,-1
955,2.0,278.5,326.7,56.2,148.9,-1,-1,-1,-1
956,64.0,493.2,317.0,54.0,155.9,-1,-1,-1,-1
956,63.0,615.6,393.7,71.1,169.2,-1,-1,-1,-1
956,62.0,780.3,371.2,40.5,133.2,-1,-1,-1,-1
956,61.0,378.0,370.3,38.2,134.1,-1,-1,-1,-1
956,60.0,551.7,394.2,99.9,107.5,-1,-1,-1,-1
956,58.0,298.8,350.5,44.1,144.9,-1,-1,-1,-1
956,52.0,709.2,328.5,53.1,158.4,-1,-1,-1,-1
956,50.0,704.2,341.3,81.0,152.8,-1,-1,-1,-1
956,46.0,592.6,242.1,76.5,152.6,-1,-1,-1,-1
956,37.0,913.9,324.4,52.7,149.4,-1,-1,-1,-1
956,35.0,1109.7,444.6,106.2,159.3,-1,-1,-1,-1
956,33.0,118.1,485.5,87.7,162.0,-1,-1,-1,-1
956,30.0,936.0,358.0,45.0,144.7,-1,-1,-1,-1
956,13.0,454.5,360.9,50.4,137.2,-1,-1,-1,-1
956,12.0,510.3,335.5,72.0,160.9,-1,-1,-1,-1
956,2.0,279.0,327.1,54.0,148.0,-1,-1,-1,-1
957,64.0,493.6,317.2,54.0,155.7,-1,-1,-1,-1
957,63.0,617.4,400.3,71.1,163.6,-1,-1,-1,-1
957,62.0,774.9,373.3,48.6,131.6,-1,-1,-1,-1
957,61.0,378.0,370.3,38.2,134.1,-1,-1,-1,-1
957,60.0,546.3,396.7,96.3,103.7,-1,-1,-1,-1
957,58.0,298.1,353.0,44.5,143.3,-1,-1,-1,-1
957,54.0,634.0,330.7,63.0,171.9,-1,-1,-1,-1
957,50.0,704.7,344.2,68.4,149.0,-1,-1,-1,-1
957,46.0,594.4,248.8,72.9,158.4,-1,-1,-1,-1
957,37.0,914.4,324.7,52.2,149.6,-1,-1,-1,-1
957,35.0,1112.4,441.9,102.6,161.1,-1,-1,-1,-1
957,33.0,117.3,488.7,88.6,159.3,-1,-1,-1,-1
957,30.0,935.1,362.7,48.6,139.9,-1,-1,-1,-1
957,13.0,453.6,361.3,51.3,136.8,-1,-1,-1,-1
957,12.0,510.3,334.8,68.4,161.5,-1,-1,-1,-1
957,2.0,278.8,326.9,53.5,148.7,-1,-1,-1,-1
958,64.0,494.1,317.2,54.0,154.8,-1,-1,-1,-1
958,63.0,616.5,404.3,77.4,160.0,-1,-1,-1,-1
958,62.0,768.1,373.5,55.8,131.0,-1,-1,-1,-1
958,61.0,378.2,370.1,37.8,134.3,-1,-1,-1,-1
958,60.0,542.7,394.9,95.4,105.1,-1,-1,-1,-1
958,58.0,296.3,355.7,46.4,140.6,-1,-1,-1,-1
958,54.0,633.1,354.1,57.6,145.3,-1,-1,-1,-1
958,50.0,701.1,343.8,63.0,151.2,-1,-1,-1,-1
958,46.0,594.9,253.8,71.1,163.8,-1,-1,-1,-1
958,37.0,914.8,324.4,51.8,148.9,-1,-1,-1,-1
958,35.0,1113.3,441.7,102.6,161.8,-1,-1,-1,-1
958,33.0,117.9,488.2,88.2,159.3,-1,-1,-1,-1
958,30.0,931.5,365.8,55.8,136.8,-1,-1,-1,-1
958,13.0,449.5,360.2,53.1,138.4,-1,-1,-1,-1
958,12.0,511.6,334.8,65.7,161.5,-1,-1,-1,-1
958,2.0,277.9,326.7,54.9,148.9,-1,-1,-1,-1
959,64.0,495.0,317.2,53.1,155.7,-1,-1,-1,-1
959,63.0,617.8,407.7,110.7,156.6,-1,-1,-1,-1
959,62.0,768.6,374.8,63.9,131.0,-1,-1,-1,-1
959,61.0,378.2,371.7,37.8,132.8,-1,-1,-1,-1
959,60.0,539.1,403.6,69.3,95.8,-1,-1,-1,-1
959,58.0,292.5,362.2,58.5,134.6,-1,-1,-1,-1
959,54.0,644.4,361.6,53.1,144.7,-1,-1,-1,-1
959,50.0,706.5,342.9,41.4,151.2,-1,-1,-1,-1
959,46.0,594.4,266.6,72.0,160.2,-1,-1,-1,-1
959,45.0,600.3,414.9,61.2,137.7,-1,-1,-1,-1
959,37.0,914.4,324.2,54.0,171.2,-1,-1,-1,-1
959,35.0,1112.4,444.6,104.4,158.4,-1,-1,-1,-1
959,33.0,119.1,487.8,87.1,160.2,-1,-1,-1,-1
959,30.0,919.8,370.8,75.6,132.3,-1,-1,-1,-1
959,13.0,448.6,360.9,51.3,139.0,-1,-1,-1,-1
959,12.0,512.5,334.6,62.1,161.8,-1,-1,-1,-1
959,2.0,277.6,327.8,53.5,147.4,-1,-1,-1,-1
960,64.0,495.0,317.2,52.2,155.2,-1,-1,-1,-1
960,63.0,627.3,402.7,62.1,161.1,-1,-1,-1,-1
960,62.0,766.8,376.4,65.7,131.2,-1,-1,-1,-1
960,61.0,378.2,371.7,37.8,132.8,-1,-1,-1,-1
960,60.0,537.3,398.5,76.5,101.0,-1,-1,-1,-1
960,58.0,289.8,364.3,63.0,132.5,-1,-1,-1,-1
960,54.0,646.2,364.3,80.1,133.4,-1,-1,-1,-1
960,50.0,703.3,343.1,39.6,151.9,-1,-1,-1,-1
960,46.0,593.5,275.4,73.8,158.8,-1,-1,-1,-1
960,45.0,600.8,403.0,58.5,153.7,-1,-1,-1,-1
960,37.0,914.4,324.7,55.8,164.9,-1,-1,-1,-1
960,35.0,1112.4,445.5,104.4,157.5,-1,-1,-1,-1
960,33.0,119.8,493.2,86.4,153.9,-1,-1,-1,-1
960,30.0,914.8,372.6,85.9,130.5,-1,-1,-1,-1
960,13.0,448.9,362.0,48.8,137.5,-1,-1,-1,-1
960,12.0,514.3,335.2,60.3,161.1,-1,-1,-1,-1
960,2.0,277.0,328.0,55.4,147.6,-1,-1,-1,-1
961,64.0,497.7,317.5,49.5,153.2,-1,-1,-1,-1
961,63.0,642.6,398.9,45.9,165.4,-1,-1,-1,-1
961,62.0,767.2,379.3,65.7,126.5,-1,-1,-1,-1
961,61.0,378.7,371.9,37.4,132.5,-1,-1,-1,-1
961,60.0,529.6,402.7,87.3,96.8,-1,-1,-1,-1
961,58.0,286.9,367.6,54.9,129.1,-1,-1,-1,-1
961,54.0,679.0,358.9,56.7,140.6,-1,-1,-1,-1
961,52.0,706.9,328.5,49.5,147.6,-1,-1,-1,-1
961,50.0,691.2,343.6,45.0,149.6,-1,-1,-1,-1
961,46.0,593.5,293.4,70.2,157.9,-1,-1,-1,-1
961,45.0,598.5,408.6,45.9,151.2,-1,-1,-1,-1
961,37.0,914.8,325.3,58.0,167.9,-1,-1,-1,-1
961,35.0,1112.4,446.4,109.8,155.7,-1,-1,-1,-1
961,33.0,121.7,490.5,84.6,156.6,-1,-1,-1,-1
961,30.0,907.2,373.5,90.0,129.1,-1,-1,-1,-1
961,13.0,446.4,368.1,63.9,132.3,-1,-1,-1,-1
961,12.0,517.0,334.8,55.8,161.1,-1,-1,-1,-1
961,2.0,275.8,327.6,55.4,149.4,-1,-1,-1,-1
962,64.0,496.8,317.5,49.5,152.8,-1,-1,-1,-1
962,63.0,643.5,395.8,45.0,167.6,-1,-1,-1,-1
962,62.0,767.2,383.4,65.7,121.9,-1,-1,-1,-1
962,61.0,378.7,371.0,37.4,133.0,-1,-1,-1,-1
962,60.0,528.3,403.2,64.8,95.4,-1,-1,-1,-1
962,58.0,286.4,367.9,63.9,128.9,-1,-1,-1,-1
962,54.0,677.2,359.5,60.3,140.8,-1,-1,-1,-1
962,52.0,708.3,328.9,47.7,146.7,-1,-1,-1,-1
962,46.0,592.6,304.4,76.5,152.5,-1,-1,-1,-1
962,45.0,593.5,403.4,47.7,155.9,-1,-1,-1,-1
962,37.0,914.4,324.7,54.0,158.6,-1,-1,-1,-1
962,35.0,1113.3,444.1,111.6,157.5,-1,-1,-1,-1
962,33.0,122.7,486.9,83.7,160.2,-1,-1,-1,-1
962,30.0,905.4,367.0,91.8,135.2,-1,-1,-1,-1
962,13.0,445.7,372.8,66.4,127.6,-1,-1,-1,-1
962,12.0,516.6,334.6,55.8,160.4,-1,-1,-1,-1
962,2.0,275.8,327.4,55.8,152.3,-1,-1,-1,-1
963,64.0,495.4,317.7,53.1,151.6,-1,-1,-1,-1
963,63.0,644.4,388.1,48.6,171.2,-1,-1,-1,-1
963,62.0,766.3,391.5,79.2,121.1,-1,-1,-1,-1
963,61.0,378.7,369.4,37.4,135.0,-1,-1,-1,-1
963,60.0,525.6,406.3,63.9,92.2,-1,-1,-1,-1
963,58.0,285.5,367.0,68.8,131.6,-1,-1,-1,-1
963,52.0,707.8,328.0,47.7,148.5,-1,-1,-1,-1
963,46.0,593.1,326.0,68.4,160.4,-1,-1,-1,-1
963,45.0,589.5,393.5,50.4,165.4,-1,-1,-1,-1
963,37.0,911.7,324.9,57.6,150.7,-1,-1,-1,-1
963,35.0,1114.2,443.7,111.6,157.5,-1,-1,-1,-1
963,33.0,122.1,486.4,84.8,161.1,-1,-1,-1,-1
963,30.0,909.9,355.9,88.2,146.2,-1,-1,-1,-1
963,13.0,444.4,382.5,67.3,118.4,-1,-1,-1,-1
963,12.0,516.6,333.9,54.0,162.0,-1,-1,-1,-1
963,2.0,275.2,328.0,56.2,151.6,-1,-1,-1,-1
964,67.0,616.5,374.2,44.1,161.8,-1,-1,-1,-1
964,64.0,497.2,317.0,46.8,153.2,-1,-1,-1,-1
964,63.0,645.7,385.2,56.7,172.8,-1,-1,-1,-1
964,62.0,767.7,397.6,86.4,117.2,-1,-1,-1,-1
964,61.0,378.7,369.0,37.4,135.5,-1,-1,-1,-1
964,60.0,523.3,407.9,64.8,90.7,-1,-1,-1,-1
964,58.0,282.6,367.6,69.8,134.1,-1,-1,-1,-1
964,52.0,708.7,328.0,45.9,147.6,-1,-1,-1,-1
964,46.0,592.6,339.3,65.7,161.5,-1,-1,-1,-1
964,45.0,589.5,392.8,45.9,164.7,-1,-1,-1,-1
964,37.0,912.1,325.1,58.0,149.6,-1,-1,-1,-1
964,35.0,1114.2,443.9,108.0,159.1,-1,-1,-1,-1
964,33.0,121.3,486.9,85.5,160.2,-1,-1,-1,-1
964,30.0,909.9,365.4,88.2,138.6,-1,-1,-1,-1
964,13.0,443.7,383.6,67.5,117.2,-1,-1,-1,-1
964,12.0,516.6,333.4,53.1,164.2,-1,-1,-1,-1
964,2.0,274.9,328.5,55.8,150.3,-1,-1,-1,-1
965,67.0,617.8,379.8,42.3,166.5,-1,-1,-1,-1
965,64.0,495.9,317.0,51.3,154.6,-1,-1,-1,-1
965,63.0,648.9,384.3,70.2,171.9,-1,-1,-1,-1
965,62.0,779.4,404.3,81.9,111.8,-1,-1,-1,-1
965,61.0,378.4,369.0,37.4,135.5,-1,-1,-1,-1
965,60.0,513.4,406.3,73.8,96.3,-1,-1,-1,-1
965,58.0,283.0,367.2,68.4,138.1,-1,-1,-1,-1
965,52.0,709.2,327.1,43.2,150.7,-1,-1,-1,-1
965,50.0,673.2,347.4,52.2,144.9,-1,-1,-1,-1
965,45.0,586.8,391.5,61.2,167.4,-1,-1,-1,-1
965,37.0,912.6,324.9,57.6,149.4,-1,-1,-1,-1
965,35.0,1113.3,451.8,111.6,151.2,-1,-1,-1,-1
965,33.0,119.7,485.1,87.5,162.9,-1,-1,-1,-1
965,30.0,911.7,370.8,88.2,137.7,-1,-1,-1,-1
965,13.0,442.3,385.0,63.9,120.8,-1,-1,-1,-1
965,12.0,515.2,333.0,54.9,166.5,-1,-1,-1,-1
965,2.0,274.9,328.0,54.5,148.9,-1,-1,-1,-1
966,67.0,617.4,381.4,43.2,168.5,-1,-1,-1,-1
966,64.0,496.3,317.0,50.4,154.1,-1,-1,-1,-1
966,63.0,648.4,386.5,76.5,169.2,-1,-1,-1,-1
966,62.0,770.4,404.3,92.7,111.4,-1,-1,-1,-1
966,61.0,378.4,368.8,37.4,135.7,-1,-1,-1,-1
966,60.0,512.1,408.8,72.9,93.4,-1,-1,-1,-1
966,58.0,285.8,368.8,64.8,137.0,-1,-1,-1,-1
966,54.0,704.7,352.1,52.2,148.3,-1,-1,-1,-1
966,52.0,707.8,326.9,44.1,164.0,-1,-1,-1,-1
966,50.0,662.4,347.4,62.1,148.9,-1,-1,-1,-1
966,45.0,582.8,391.0,53.1,169.2,-1,-1,-1,-1
966,37.0,913.9,325.3,57.2,150.3,-1,-1,-1,-1
966,35.0,1114.2,454.9,109.8,148.5,-1,-1,-1,-1
966,33.0,117.8,484.2,89.6,163.8,-1,-1,-1,-1
966,30.0,910.8,373.0,90.0,137.7,-1,-1,-1,-1
966,13.0,441.9,387.4,65.7,122.4,-1,-1,-1,-1
966,12.0,515.2,333.0,54.9,166.5,-1,-1,-1,-1
966,2.0,274.5,328.0,54.9,149.4,-1,-1,-1,-1
967,67.0,618.8,391.5,45.9,167.4,-1,-1,-1,-1
967,64.0,496.3,317.0,49.5,153.2,-1,-1,-1,-1
967,63.0,642.6,394.0,87.3,163.1,-1,-1,-1,-1
967,62.0,777.6,407.0,83.7,110.9,-1,-1,-1,-1
967,61.0,378.7,368.8,36.9,135.7,-1,-1,-1,-1
967,60.0,499.9,403.9,72.9,98.3,-1,-1,-1,-1
967,58.0,288.4,376.2,56.7,130.0,-1,-1,-1,-1
967,54.0,714.6,352.3,52.2,149.0,-1,-1,-1,-1
967,52.0,709.2,327.6,51.3,168.3,-1,-1,-1,-1
967,50.0,664.6,349.2,49.5,135.9,-1,-1,-1,-1
967,45.0,580.9,392.4,49.5,168.3,-1,-1,-1,-1
967,37.0,915.3,324.2,50.4,154.1,-1,-1,-1,-1
967,35.0,1114.2,458.8,109.8,144.2,-1,-1,-1,-1
967,33.0,115.6,481.0,92.0,167.4,-1,-1,-1,-1
967,30.0,924.3,381.6,66.6,130.5,-1,-1,-1,-1
967,13.0,441.2,391.3,67.7,118.1,-1,-1,-1,-1
967,12.0,514.3,333.0,54.9,169.2,-1,-1,-1,-1
967,2.0,274.5,327.4,54.0,148.7,-1,-1,-1,-1
968,67.0,621.9,399.4,40.5,159.5,-1,-1,-1,-1
968,64.0,495.9,317.0,50.4,153.7,-1,-1,-1,-1
968,63.0,644.8,397.3,86.4,159.3,-1,-1,-1,-1
968,62.0,777.1,408.1,78.3,110.7,-1,-1,-1,-1
968,61.0,378.7,368.1,36.9,136.4,-1,-1,-1,-1
968,58.0,287.3,380.2,56.7,125.6,-1,-1,-1,-1
968,54.0,713.7,345.1,66.6,155.2,-1,-1,-1,-1
968,52.0,708.7,327.1,52.2,159.7,-1,-1,-1,-1
968,50.0,663.3,347.2,45.9,135.2,-1,-1,-1,-1
968,45.0,580.0,393.7,49.5,166.5,-1,-1,-1,-1
968,37.0,915.3,324.4,50.4,149.4,-1,-1,-1,-1
968,35.0,1113.3,458.8,111.6,144.2,-1,-1,-1,-1
968,33.0,115.5,480.6,92.2,168.3,-1,-1,-1,-1
968,30.0,926.1,386.5,82.8,126.0,-1,-1,-1,-1
968,13.0,439.6,393.1,72.9,116.3,-1,-1,-1,-1
968,12.0,513.9,332.8,54.0,168.5,-1,-1,-1,-1
968,2.0,274.0,327.6,54.0,148.0,-1,-1,-1,-1
969,67.0,621.4,407.7,43.2,152.1,-1,-1,-1,-1
969,64.0,495.0,316.8,50.4,154.3,-1,-1,-1,-1
969,63.0,628.6,400.3,101.7,155.9,-1,-1,-1,-1
969,62.0,767.2,408.1,74.7,111.6,-1,-1,-1,-1
969,61.0,379.1,368.8,36.5,135.7,-1,-1,-1,-1
969,58.0,281.9,380.7,58.5,125.5,-1,-1,-1,-1
969,54.0,715.9,357.3,83.7,144.0,-1,-1,-1,-1
969,52.0,707.8,326.7,49.5,168.3,-1,-1,-1,-1
969,50.0,657.9,346.9,48.6,141.8,-1,-1,-1,-1
969,45.0,580.9,393.3,45.9,166.5,-1,-1,-1,-1
969,37.0,915.3,324.4,50.4,148.0,-1,-1,-1,-1
969,35.0,1113.3,459.4,111.6,144.0,-1,-1,-1,-1
969,33.0,120.6,472.5,87.1,177.3,-1,-1,-1,-1
969,30.0,926.1,389.0,75.6,125.8,-1,-1,-1,-1
969,13.0,432.4,395.3,71.1,114.5,-1,-1,-1,-1
969,12.0,513.4,333.0,51.3,166.5,-1,-1,-1,-1
969,2.0,274.0,327.6,53.5,147.6,-1,-1,-1,-1
970,67.0,622.8,408.1,44.1,151.2,-1,-1,-1,-1
970,64.0,495.9,317.0,51.3,170.8,-1,-1,-1,-1
970,63.0,623.2,403.0,106.2,153.7,-1,-1,-1,-1
970,62.0,769.5,408.1,64.8,111.6,-1,-1,-1,-1
970,61.0,379.1,368.8,36.9,135.7,-1,-1,-1,-1
970,58.0,281.9,378.0,51.3,127.8,-1,-1,-1,-1
970,54.0,717.3,358.4,82.8,142.0,-1,-1,-1,-1
970,52.0,706.9,326.9,47.7,161.8,-1,-1,-1,-1
970,50.0,654.3,346.3,51.3,142.4,-1,-1,-1,-1
970,45.0,580.0,393.3,44.1,166.5,-1,-1,-1,-1
970,37.0,914.4,324.0,50.4,150.3,-1,-1,-1,-1
970,35.0,1113.3,461.2,111.6,142.2,-1,-1,-1,-1
970,33.0,124.6,469.3,82.6,180.0,-1,-1,-1,-1
970,30.0,926.1,387.0,68.4,130.5,-1,-1,-1,-1
970,13.0,424.3,395.8,77.4,115.4,-1,-1,-1,-1
970,12.0,513.0,333.0,50.4,164.2,-1,-1,-1,-1
970,2.0,273.8,328.0,54.9,146.7,-1,-1,-1,-1
971,67.0,623.2,405.9,48.6,153.0,-1,-1,-1,-1
971,64.0,496.8,317.2,47.7,160.2,-1,-1,-1,-1
971,63.0,621.0,375.7,103.5,181.8,-1,-1,-1,-1
971,62.0,779.8,407.5,51.3,115.9,-1,-1,-1,-1
971,61.0,380.2,368.1,35.6,136.8,-1,-1,-1,-1
971,60.0,474.7,402.3,83.7,100.8,-1,-1,-1,-1
971,58.0,272.7,371.7,55.4,138.1,-1,-1,-1,-1
971,54.0,725.4,359.5,91.8,141.3,-1,-1,-1,-1
971,52.0,708.7,327.1,45.9,144.0,-1,-1,-1,-1
971,50.0,649.8,345.6,54.9,146.2,-1,-1,-1,-1
971,45.0,576.9,391.9,47.7,168.3,-1,-1,-1,-1
971,37.0,914.4,324.2,50.4,148.7,-1,-1,-1,-1
971,35.0,1112.4,463.0,111.6,140.4,-1,-1,-1,-1
971,33.0,126.6,450.7,80.1,198.2,-1,-1,-1,-1
971,30.0,926.1,382.7,66.6,140.2,-1,-1,-1,-1
971,13.0,393.1,394.4,98.3,119.5,-1,-1,-1,-1
971,12.0,512.5,332.8,49.5,164.9,-1,-1,-1,-1
971,2.0,274.0,328.0,53.1,148.0,-1,-1,-1,-1
972,67.0,621.0,372.4,59.4,155.9,-1,-1,-1,-1
972,64.0,498.1,317.2,46.8,159.7,-1,-1,-1,-1
972,63.0,622.8,405.7,95.4,153.7,-1,-1,-1,-1
972,62.0,782.1,405.2,50.4,120.4,-1,-1,-1,-1
972,61.0,381.4,368.8,35.1,135.7,-1,-1,-1,-1
972,60.0,467.5,402.1,90.0,101.0,-1,-1,-1,-1
972,58.0,263.5,370.8,64.4,142.2,-1,-1,-1,-1
972,54.0,731.7,359.1,85.5,142.2,-1,-1,-1,-1
972,52.0,706.9,327.6,46.8,146.2,-1,-1,-1,-1
972,50.0,648.0,345.8,55.8,147.4,-1,-1,-1,-1
972,45.0,576.0,392.4,45.0,167.4,-1,-1,-1,-1
972,37.0,914.4,323.5,50.4,151.2,-1,-1,-1,-1
972,35.0,1112.4,462.1,111.6,141.3,-1,-1,-1,-1
972,33.0,126.2,444.4,80.6,204.5,-1,-1,-1,-1
972,30.0,927.0,382.5,66.6,142.6,-1,-1,-1,-1
972,13.0,398.7,394.9,82.8,123.1,-1,-1,-1,-1
972,12.0,512.1,333.2,49.5,164.0,-1,-1,-1,-1
972,2.0,274.0,328.0,53.1,148.9,-1,-1,-1,-1
973,67.0,607.5,394.6,57.6,140.4,-1,-1,-1,-1
973,64.0,498.1,317.2,47.7,157.9,-1,-1,-1,-1
973,63.0,623.2,400.9,54.9,158.4,-1,-1,-1,-1
973,62.0,776.2,403.9,76.5,128.0,-1,-1,-1,-1
973,61.0,382.3,368.3,38.7,136.6,-1,-1,-1,-1
973,60.0,445.9,400.5,108.9,102.1,-1,-1,-1,-1
973,58.0,239.6,372.1,90.9,148.9,-1,-1,-1,-1
973,54.0,765.9,357.3,59.4,151.2,-1,-1,-1,-1
973,52.0,706.9,327.6,46.8,147.1,-1,-1,-1,-1
973,50.0,647.1,344.0,53.1,141.1,-1,-1,-1,-1
973,45.0,568.8,391.3,50.4,167.2,-1,-1,-1,-1
973,37.0,913.5,323.8,52.2,151.4,-1,-1,-1,-1
973,35.0,1113.3,453.8,109.8,149.6,-1,-1,-1,-1
973,33.0,124.0,436.3,82.6,212.6,-1,-1,-1,-1
973,30.0,939.6,380.9,55.8,144.7,-1,-1,-1,-1
973,13.0,389.9,395.1,102.8,129.2,-1,-1,-1,-1
973,12.0,511.6,333.4,50.4,164.7,-1,-1,-1,-1
973,2.0,273.6,327.8,56.7,153.7,-1,-1,-1,-1
974,67.0,602.1,397.1,45.9,134.8,-1,-1,-1,-1
974,64.0,498.1,317.2,47.7,157.0,-1,-1,-1,-1
974,63.0,623.2,400.9,65.7,158.4,-1,-1,-1,-1
974,62.0,773.5,402.5,85.5,132.1,-1,-1,-1,-1
974,61.0,383.6,368.3,44.6,136.6,-1,-1,-1,-1
974,60.0,439.2,387.7,110.7,110.0,-1,-1,-1,-1
974,58.0,237.4,376.4,90.9,145.6,-1,-1,-1,-1
974,54.0,770.4,356.4,55.8,147.1,-1,-1,-1,-1
974,52.0,709.2,327.4,44.1,147.4,-1,-1,-1,-1
974,50.0,643.9,345.6,53.1,138.6,-1,-1,-1,-1
974,45.0,565.6,387.4,52.2,169.2,-1,-1,-1,-1
974,37.0,913.9,324.0,51.8,152.1,-1,-1,-1,-1
974,35.0,1112.4,448.4,109.8,155.0,-1,-1,-1,-1
974,33.0,121.6,434.9,85.3,214.4,-1,-1,-1,-1
974,30.0,942.3,368.5,57.6,157.5,-1,-1,-1,-1
974,13.0,418.0,389.7,63.0,135.0,-1,-1,-1,-1
974,12.0,512.1,333.0,49.5,166.5,-1,-1,-1,-1
974,2.0,273.8,327.6,55.4,153.9,-1,-1,-1,-1
975,67.0,592.6,393.3,77.4,143.1,-1,-1,-1,-1
975,64.0,497.7,316.6,47.7,155.9,-1,-1,-1,-1
975,63.0,621.9,400.5,73.8,158.4,-1,-1,-1,-1
975,62.0,758.2,404.1,102.6,131.4,-1,-1,-1,-1
975,61.0,384.7,358.2,41.9,146.2,-1,-1,-1,-1
975,60.0,455.4,406.3,79.2,90.5,-1,-1,-1,-1
975,58.0,249.1,374.6,79.2,148.7,-1,-1,-1,-1
975,54.0,785.7,354.6,49.5,153.5,-1,-1,-1,-1
975,52.0,709.6,327.4,44.1,147.8,-1,-1,-1,-1
975,50.0,633.6,311.4,51.3,193.5,-1,-1,-1,-1
975,45.0,559.8,382.9,54.9,168.3,-1,-1,-1,-1
975,37.0,913.9,323.8,53.5,154.1,-1,-1,-1,-1
975,35.0,1113.3,448.2,108.0,154.8,-1,-1,-1,-1
975,33.0,116.8,436.3,90.2,212.6,-1,-1,-1,-1
975,30.0,954.9,353.5,50.4,172.1,-1,-1,-1,-1
975,13.0,403.9,362.0,66.4,163.1,-1,-1,-1,-1
975,12.0,512.5,332.5,49.5,161.5,-1,-1,-1,-1
975,2.0,273.8,327.4,55.4,154.6,-1,-1,-1,-1
976,68.0,637.2,369.4,61.2,148.9,-1,-1,-1,-1
976,67.0,597.6,397.6,70.2,150.5,-1,-1,-1,-1
976,64.0,497.7,316.6,47.7,155.0,-1,-1,-1,-1
976,63.0,619.6,401.4,78.3,158.4,-1,-1,-1,-1
976,62.0,765.9,404.1,92.7,131.4,-1,-1,-1,-1
976,61.0,385.6,355.5,43.2,149.4,-1,-1,-1,-1
976,60.0,447.3,404.8,70.2,91.6,-1,-1,-1,-1
976,58.0,254.9,367.9,73.4,155.0,-1,-1,-1,-1
976,54.0,802.8,353.7,47.7,147.6,-1,-1,-1,-1
976,52.0,709.6,327.4,44.1,147.8,-1,-1,-1,-1
976,50.0,634.0,311.8,50.4,195.8,-1,-1,-1,-1
976,45.0,556.2,381.1,57.6,166.5,-1,-1,-1,-1
976,37.0,913.9,323.8,53.5,154.1,-1,-1,-1,-1
976,35.0,1112.4,449.8,109.8,153.2,-1,-1,-1,-1
976,33.0,115.2,437.4,91.3,211.5,-1,-1,-1,-1
976,30.0,954.0,350.5,54.0,174.6,-1,-1,-1,-1
976,13.0,403.2,354.6,68.9,170.5,-1,-1,-1,-1
976,12.0,512.5,332.1,49.5,162.0,-1,-1,-1,-1
976,2.0,274.0,327.6,55.8,158.9,-1,-1,-1,-1
977,68.0,635.4,368.1,67.5,153.5,-1,-1,-1,-1
977,67.0,594.0,392.4,72.0,147.6,-1,-1,-1,-1
977,64.0,496.8,315.9,49.5,155.2,-1,-1,-1,-1
977,63.0,617.8,411.7,91.8,148.5,-1,-1,-1,-1
977,62.0,759.6,398.2,80.1,136.8,-1,-1,-1,-1
977,61.0,386.8,366.3,48.1,138.6,-1,-1,-1,-1
977,58.0,244.3,358.4,84.1,164.0,-1,-1,-1,-1
977,54.0,802.8,354.8,67.5,143.3,-1,-1,-1,-1
977,52.0,709.2,327.4,44.1,147.8,-1,-1,-1,-1
977,50.0,629.5,311.6,55.8,195.1,-1,-1,-1,-1
977,45.0,549.9,376.6,60.3,167.9,-1,-1,-1,-1
977,37.0,913.0,323.1,55.4,154.8,-1,-1,-1,-1
977,35.0,1112.4,454.9,109.8,148.5,-1,-1,-1,-1
977,33.0,114.3,440.8,91.8,208.1,-1,-1,-1,-1
977,30.0,954.0,351.7,61.2,164.0,-1,-1,-1,-1
977,13.0,396.7,352.3,79.4,172.8,-1,-1,-1,-1
977,12.0,512.5,331.6,48.6,162.4,-1,-1,-1,-1
977,2.0,273.4,327.6,57.1,153.9,-1,-1,-1,-1
978,68.0,635.4,366.3,70.2,156.6,-1,-1,-1,-1
978,67.0,585.9,401.4,68.4,137.7,-1,-1,-1,-1
978,64.0,497.7,316.1,49.5,154.6,-1,-1,-1,-1
978,63.0,619.6,427.9,89.1,132.3,-1,-1,-1,-1
978,62.0,760.0,397.8,75.6,136.8,-1,-1,-1,-1
978,61.0,387.4,356.4,50.4,148.9,-1,-1,-1,-1
978,58.0,231.3,362.7,105.3,159.3,-1,-1,-1,-1
978,54.0,805.0,356.2,79.2,144.2,-1,-1,-1,-1
978,52.0,709.2,327.4,44.1,147.8,-1,-1,-1,-1
978,50.0,625.0,312.8,62.1,192.6,-1,-1,-1,-1
978,45.0,549.4,374.4,55.8,169.6,-1,-1,-1,-1
978,37.0,913.0,322.9,55.4,155.0,-1,-1,-1,-1
978,35.0,1112.4,453.6,109.8,150.3,-1,-1,-1,-1
978,33.0,114.4,441.9,91.6,207.9,-1,-1,-1,-1
978,30.0,954.9,356.2,64.8,159.5,-1,-1,-1,-1
978,13.0,393.7,356.4,88.6,174.6,-1,-1,-1,-1
978,12.0,512.1,332.1,49.5,162.5,-1,-1,-1,-1
978,2.0,273.1,327.1,59.4,154.8,-1,-1,-1,-1
979,68.0,642.1,361.3,69.3,155.7,-1,-1,-1,-1
979,67.0,568.8,410.4,81.9,129.6,-1,-1,-1,-1
979,64.0,497.7,316.8,47.7,155.7,-1,-1,-1,-1
979,63.0,629.5,416.0,89.1,142.9,-1,-1,-1,-1
979,62.0,756.0,399.1,81.0,139.5,-1,-1,-1,-1
979,61.0,381.8,367.9,56.7,137.0,-1,-1,-1,-1
979,58.0,222.1,371.0,114.7,149.6,-1,-1,-1,-1
979,54.0,808.6,358.6,90.9,142.6,-1,-1,-1,-1
979,52.0,708.7,327.1,45.0,148.5,-1,-1,-1,-1
979,50.0,625.5,344.5,56.7,147.8,-1,-1,-1,-1
979,45.0,541.8,380.9,70.2,163.1,-1,-1,-1,-1
979,37.0,913.9,322.6,53.5,155.7,-1,-1,-1,-1
979,35.0,1113.3,446.4,109.8,157.5,-1,-1,-1,-1
979,33.0,114.7,443.7,90.2,206.1,-1,-1,-1,-1
979,30.0,954.0,361.1,72.0,167.2,-1,-1,-1,-1
979,13.0,415.6,393.1,67.7,147.8,-1,-1,-1,-1
979,12.0,513.0,333.0,53.1,162.0,-1,-1,-1,-1
979,2.0,274.0,327.1,56.2,153.0,-1,-1,-1,-1
980,68.0,647.5,359.1,64.8,157.0,-1,-1,-1,-1
980,67.0,557.5,411.1,90.9,131.6,-1,-1,-1,-1
980,64.0,498.1,316.8,47.7,156.1,-1,-1,-1,-1
980,63.0,638.5,411.7,81.9,145.8,-1,-1,-1,-1
980,62.0,753.7,402.5,85.5,142.9,-1,-1,-1,-1
980,61.0,376.6,369.0,58.5,135.9,-1,-1,-1,-1
980,58.0,222.3,372.6,115.2,151.2,-1,-1,-1,-1
980,54.0,810.9,359.3,92.7,142.4,-1,-1,-1,-1
980,52.0,707.4,327.4,45.9,147.8,-1,-1,-1,-1
980,50.0,621.9,344.9,57.6,152.8,-1,-1,-1,-1
980,45.0,537.3,384.3,82.8,159.3,-1,-1,-1,-1
980,37.0,913.0,322.9,61.7,155.9,-1,-1,-1,-1
980,35.0,1115.1,442.8,108.0,161.1,-1,-1,-1,-1
980,33.0,114.9,450.2,88.2,198.7,-1,-1,-1,-1
980,30.0,956.7,373.3,73.8,160.4,-1,-1,-1,-1
980,13.0,394.2,391.7,85.9,151.4,-1,-1,-1,-1
980,12.0,513.0,332.8,51.3,163.1,-1,-1,-1,-1
980,2.0,274.0,327.4,56.2,154.6,-1,-1,-1,-1
981,68.0,656.5,357.7,63.0,157.9,-1,-1,-1,-1
981,64.0,498.6,315.7,51.3,155.0,-1,-1,-1,-1
981,63.0,661.0,410.8,63.9,144.0,-1,-1,-1,-1
981,62.0,756.9,410.4,81.0,139.5,-1,-1,-1,-1
981,61.0,386.5,367.6,60.3,138.1,-1,-1,-1,-1
981,58.0,213.5,379.1,115.6,152.8,-1,-1,-1,-1
981,54.0,819.9,358.6,85.5,141.3,-1,-1,-1,-1
981,52.0,700.6,327.4,52.2,147.8,-1,-1,-1,-1
981,50.0,624.1,345.4,53.1,150.5,-1,-1,-1,-1
981,46.0,603.9,383.4,45.0,149.4,-1,-1,-1,-1
981,45.0,525.6,389.2,95.4,155.7,-1,-1,-1,-1
981,37.0,913.5,323.1,52.2,155.7,-1,-1,-1,-1
981,35.0,1123.2,429.7,99.0,172.8,-1,-1,-1,-1
981,33.0,111.4,467.1,79.2,180.9,-1,-1,-1,-1
981,30.0,965.7,387.7,73.8,155.9,-1,-1,-1,-1
981,13.0,374.4,384.3,96.7,161.1,-1,-1,-1,-1
981,12.0,513.0,331.9,54.9,164.0,-1,-1,-1,-1
981,2.0,274.3,326.7,55.3,154.8,-1,-1,-1,-1
982,68.0,661.5,359.1,62.1,157.0,-1,-1,-1,-1
982,64.0,498.6,316.6,51.3,153.2,-1,-1,-1,-1
982,63.0,673.2,406.3,57.6,148.5,-1,-1,-1,-1
982,62.0,755.1,414.9,83.7,137.7,-1,-1,-1,-1
982,61.0,388.8,367.9,44.1,137.0,-1,-1,-1,-1
982,58.0,216.4,383.4,111.1,150.7,-1,-1,-1,-1
982,54.0,831.1,358.2,74.7,140.4,-1,-1,-1,-1
982,52.0,705.6,327.4,47.7,148.7,-1,-1,-1,-1
982,50.0,624.6,345.1,52.2,150.7,-1,-1,-1,-1
982,46.0,603.0,383.4,46.8,147.6,-1,-1,-1,-1
982,45.0,520.6,388.3,91.8,154.8,-1,-1,-1,-1
982,37.0,912.6,323.1,52.2,155.7,-1,-1,-1,-1
982,35.0,1127.7,410.4,91.8,191.7,-1,-1,-1,-1
982,33.0,109.6,467.5,70.2,180.9,-1,-1,-1,-1
982,30.0,967.5,398.7,72.0,148.5,-1,-1,-1,-1
982,13.0,371.7,396.2,88.2,152.3,-1,-1,-1,-1
982,12.0,513.0,332.5,54.0,162.4,-1,-1,-1,-1
982,2.0,274.3,326.2,55.8,155.7,-1,-1,-1,-1
983,68.0,677.2,362.5,72.0,152.3,-1,-1,-1,-1
983,64.0,503.5,313.6,57.6,155.2,-1,-1,-1,-1
983,62.0,760.0,451.1,54.9,116.8,-1,-1,-1,-1
983,61.0,405.2,368.8,35.1,146.9,-1,-1,-1,-1
983,58.0,206.0,438.7,99.1,117.9,-1,-1,-1,-1
983,54.0,882.0,351.9,61.2,146.7,-1,-1,-1,-1
983,52.0,702.9,327.6,51.3,159.3,-1,-1,-1,-1
983,50.0,626.8,345.1,48.6,150.3,-1,-1,-1,-1
983,46.0,606.1,371.2,46.8,148.5,-1,-1,-1,-1
983,45.0,493.2,381.6,99.0,152.1,-1,-1,-1,-1
983,37.0,912.6,322.9,52.2,155.9,-1,-1,-1,-1
983,35.0,1128.6,409.5,90.0,193.5,-1,-1,-1,-1
983,33.0,75.8,462.6,67.1,184.5,-1,-1,-1,-1
983,30.0,980.1,464.4,72.0,98.1,-1,-1,-1,-1
983,13.0,381.1,464.8,69.7,103.5,-1,-1,-1,-1
983,12.0,510.3,331.9,54.0,166.3,-1,-1,-1,-1
983,2.0,274.9,326.7,56.7,152.5,-1,-1,-1,-1
984,68.0,677.2,362.5,72.0,152.3,-1,-1,-1,-1
984,64.0,503.5,313.6,57.6,155.2,-1,-1,-1,-1
984,62.0,760.0,451.1,54.9,116.8,-1,-1,-1,-1
984,61.0,405.2,368.8,35.1,146.9,-1,-1,-1,-1
984,58.0,206.0,438.7,99.1,117.9,-1,-1,-1,-1
984,54.0,882.0,351.9,61.2,146.7,-1,-1,-1,-1
984,52.0,702.9,327.6,51.3,159.3,-1,-1,-1,-1
984,50.0,626.8,345.1,48.6,150.3,-1,-1,-1,-1
984,46.0,606.1,371.2,46.8,148.5,-1,-1,-1,-1
984,45.0,493.2,381.6,99.0,152.1,-1,-1,-1,-1
984,37.0,912.6,322.9,52.2,155.9,-1,-1,-1,-1
984,35.0,1128.6,409.5,90.0,193.5,-1,-1,-1,-1
984,33.0,75.8,462.6,67.1,184.5,-1,-1,-1,-1
984,30.0,980.1,464.4,72.0,98.1,-1,-1,-1,-1
984,13.0,381.1,464.8,69.7,103.5,-1,-1,-1,-1
984,12.0,510.3,331.9,54.0,166.3,-1,-1,-1,-1
984,2.0,274.9,326.7,56.7,152.5,-1,-1,-1,-1
